Time,Sx,Sy,Sz,Hx,Hy,Hz
0.0,0.0,0.0,1.0,0.0,0.0,0.0
0.1,0.0,-0.12517584753031816,0.9921213038720159,1.2566370614359172,0.0,0.0
0.2,0.0,-0.24806588930671572,0.9686356838924436,1.2566370614359172,0.0,0.0
0.30000000000000004,0.0,-0.36674022728755656,0.9299522324998379,1.2566370614359172,0.0,0.0
0.4,0.0,-0.47934022809519994,0.8767183932052217,1.2566370614359172,0.0,0.0
0.5,0.0,-0.5841075993879633,0.8098091645519533,1.2566370614359172,0.0,0.0
0.6000000000000001,0.0,-0.6794118324963,0.7303127470020369,1.2566370614359172,0.0,0.0
0.7000000000000001,0.0,-0.7637755634801466,0.639512867750503,1.2566370614359172,0.0,0.0
0.8,0.0,-0.8358974583756177,0.5388680702049096,1.2566370614359172,0.0,0.0
0.9,0.0,-0.8946722683847599,0.42998830195619836,1.2566370614359172,0.0,0.0
1.0,0.0,-0.9392077462269527,0.31460917678009515,1.2566370614359172,0.0,0.0
1.1,0.0,-0.9688381650848016,0.19456432190149808,1.2566370614359172,0.0,0.0
1.2000000000000002,0.0,-0.9831342357382563,0.07175625088065873,1.2566370614359172,0.0,0.0
1.3,0.0,-0.9832276479371506,0.009921981747455177,0.0,0.0,0.0
1.4000000000000001,0.0,-0.9807596300345749,0.009921981747455177,0.0,0.0,0.0
1.5,0.0,-0.9782978071493793,0.009921981747455177,0.0,0.0,0.0
1.6,0.0,-0.9758421637313357,0.009921981747455177,0.0,0.0,0.0
1.7000000000000002,0.0,-0.97339268426925,0.009921981747455177,0.0,0.0,0.0
1.8,0.0,-0.9709493532908622,0.009921981747455177,0.0,0.0,0.0
1.9000000000000001,0.0,-0.9685121553627485,0.009921981747455177,0.0,0.0,0.0
2.0,0.0,-0.9660810750902276,0.009921981747455177,0.0,0.0,0.0
2.1,0.0,-0.9636560971172581,0.009921981747455177,0.0,0.0,0.0
2.2,0.0,-0.9612372061263451,0.009921981747455177,0.0,0.0,0.0
2.3000000000000003,0.0,-0.958824386838443,0.009921981747455177,0.0,0.0,0.0
2.4000000000000004,0.0,-0.9564176240128569,0.009921981747455177,0.0,0.0,0.0
2.5,0.0,-0.9540169024471495,0.009921981747455177,0.0,0.0,0.0
2.6,0.0,-0.9516222069770426,0.009921981747455177,0.0,0.0,0.0
2.7,0.0,-0.9492335224763219,0.009921981747455177,0.0,0.0,0.0
2.8000000000000003,0.0,-0.9468508338567413,0.009921981747455177,0.0,0.0,0.0
2.9000000000000004,0.0,-0.9444741260679301,0.009921981747455177,0.0,0.0,0.0
3.0,0.0,-0.9421033840972932,0.009921981747455177,0.0,0.0,0.0
3.1,0.0,-0.9397385929699205,0.009921981747455177,0.0,0.0,0.0
3.2,0.0,-0.9373797377484909,0.009921981747455177,0.0,0.0,0.0
3.3000000000000003,0.0,-0.9350268035331765,0.009921981747455177,0.0,0.0,0.0
3.4000000000000004,0.0,-0.9326797754615501,0.009921981747455177,0.0,0.0,0.0
3.5,0.0,-0.9303386387084912,0.009921981747455177,0.0,0.0,0.0
3.6,0.0,-0.9280033784860924,0.009921981747455177,0.0,0.0,0.0
3.7,0.0,-0.9256739800435659,0.009921981747455177,0.0,0.0,0.0
3.8000000000000003,0.0,-0.9233504286671489,0.009921981747455177,0.0,0.0,0.0
3.9000000000000004,0.0,-0.9210327096800133,0.009921981747455177,0.0,0.0,0.0
4.0,0.0,-0.9187208084421691,0.009921981747455177,0.0,0.0,0.0
4.1000000000000005,0.0,-0.9164147103503785,0.009921981747455177,0.0,0.0,0.0
4.2,0.0,-0.9141144008380561,0.009921981747455177,0.0,0.0,0.0
4.3,0.0,-0.9118198653751822,0.009921981747455177,0.0,0.0,0.0
4.4,0.0,-0.9095310894682082,0.009921981747455177,0.0,0.0,0.0
4.5,0.0,-0.9072480586599648,0.009921981747455177,0.0,0.0,0.0
4.6000000000000005,0.0,-0.9049707585295755,0.009921981747455177,0.0,0.0,0.0
4.7,0.0,-0.902699174692359,0.009921981747455177,0.0,0.0,0.0
4.800000000000001,0.0,-0.900433292799742,0.009921981747455177,0.0,0.0,0.0
4.9,0.0,-0.8981730985391683,0.009921981747455177,0.0,0.0,0.0
5.0,0.0,-0.8959185776340073,0.009921981747455177,0.0,0.0,0.0
5.1000000000000005,0.0,-0.8936697158434647,0.009921981747455177,0.0,0.0,0.0
5.2,0.0,-0.8914264989624928,0.009921981747455177,0.0,0.0,0.0
5.300000000000001,0.0,-0.8891889128216985,0.009921981747455177,0.0,0.0,0.0
5.4,0.0,-0.8869569432872569,0.009921981747455177,0.0,0.0,0.0
5.5,0.0,-0.8847305762608217,0.009921981747455177,0.0,0.0,0.0
5.6000000000000005,0.0,-0.8825097976794332,0.009921981747455177,0.0,0.0,0.0
5.7,0.0,-0.880294593515433,0.009921981747455177,0.0,0.0,0.0
5.800000000000001,0.0,-0.8780849497763712,0.009921981747455177,0.0,0.0,0.0
5.9,0.0,-0.8758808525049233,0.009921981747455177,0.0,0.0,0.0
6.0,0.0,-0.8736822877787985,0.009921981747455177,0.0,0.0,0.0
6.1000000000000005,0.0,-0.8714892417106523,0.009921981747455177,0.0,0.0,0.0
6.2,0.0,-0.8693017004479987,0.009921981747455177,0.0,0.0,0.0
6.300000000000001,0.0,-0.8671196501731244,0.009921981747455177,0.0,0.0,0.0
6.4,0.0,-0.8649430771029997,0.009921981747455177,0.0,0.0,0.0
6.5,0.0,-0.862771967489191,0.009921981747455177,0.0,0.0,0.0
6.6000000000000005,0.0,-0.8606063076177759,0.009921981747455177,0.0,0.0,0.0
6.7,0.0,-0.8584460838092547,0.009921981747455177,0.0,0.0,0.0
6.800000000000001,0.0,-0.8562912824184655,0.009921981747455177,0.0,0.0,0.0
6.9,0.0,-0.8541418898344977,0.009921981747455177,0.0,0.0,0.0
7.0,0.0,-0.8519978924806049,0.009921981747455177,0.0,0.0,0.0
7.1000000000000005,0.0,-0.8498592768141204,0.009921981747455177,0.0,0.0,0.0
7.2,0.0,-0.8477260293263718,0.009921981747455177,0.0,0.0,0.0
7.300000000000001,0.0,-0.8455981365425939,0.009921981747455177,0.0,0.0,0.0
7.4,0.0,-0.8434755850218452,0.009921981747455177,0.0,0.0,0.0
7.5,0.0,-0.8413583613569224,0.009921981747455177,0.0,0.0,0.0
7.6000000000000005,0.0,-0.8392464521742756,0.009921981747455177,0.0,0.0,0.0
7.7,0.0,-0.837139844133926,0.009921981747455177,0.0,0.0,0.0
7.800000000000001,0.0,-0.8350385239293763,0.009921981747455177,0.0,0.0,0.0
7.9,0.0,-0.8329424782875335,0.009921981747455177,0.0,0.0,0.0
8.0,0.0,-0.8308516939686195,0.009921981747455177,0.0,0.0,0.0
8.1,0.0,-0.8287661577660911,0.009921981747455177,0.0,0.0,0.0
8.200000000000001,0.0,-0.826685856506554,0.009921981747455177,0.0,0.0,0.0
8.3,0.0,-0.8246107770496804,0.009921981747455177,0.0,0.0,0.0
8.4,0.0,-0.8225409062881278,0.009921981747455177,0.0,0.0,0.0
8.5,0.0,-0.8204762311474533,0.009921981747455177,0.0,0.0,0.0
8.6,0.0,-0.8184167385860329,0.009921981747455177,0.0,0.0,0.0
8.700000000000001,0.0,-0.8163624155949794,0.009921981747455177,0.0,0.0,0.0
8.8,0.0,-0.8143132491980564,0.009921981747455177,0.0,0.0,0.0
8.9,0.0,-0.8122692264516032,0.009921981747455177,0.0,0.0,0.0
9.0,0.0,-0.8102303344444473,0.009921981747455177,0.0,0.0,0.0
9.1,0.0,-0.8081965602978252,0.009921981747455177,0.0,0.0,0.0
9.200000000000001,0.0,-0.8061678911653006,0.009921981747455177,0.0,0.0,0.0
9.3,0.0,-0.8041443142326827,0.009921981747455177,0.0,0.0,0.0
9.4,0.0,-0.8021258167179468,0.009921981747455177,0.0,0.0,0.0
9.5,0.0,-0.8001123858711521,0.009921981747455177,0.0,0.0,0.0
9.600000000000001,0.0,-0.7981040089743617,0.009921981747455177,0.0,0.0,0.0
9.700000000000001,0.0,-0.796100673341562,0.009921981747455177,0.0,0.0,0.0
9.8,0.0,-0.7941023663185836,0.009921981747455177,0.0,0.0,0.0
9.9,0.0,-0.7921090752830191,0.009921981747455177,0.0,0.0,0.0
10.0,0.0,-0.7901207876441466,0.009921981747455177,0.0,0.0,0.0
10.100000000000001,0.0,-0.788137490842847,0.009921981747455177,0.0,0.0,0.0
10.200000000000001,0.0,-0.7861591723515273,0.009921981747455177,0.0,0.0,0.0
10.3,0.0,-0.7841858196740386,0.009921981747455177,0.0,0.0,0.0
10.4,0.0,-0.7822174203456008,0.009921981747455177,0.0,0.0,0.0
10.5,0.0,-0.7802539619327199,0.009921981747455177,0.0,0.0,0.0
10.600000000000001,0.0,-0.7782954320331129,0.009921981747455177,0.0,0.0,0.0
10.700000000000001,0.0,-0.776341818275627,0.009921981747455177,0.0,0.0,0.0
10.8,0.0,-0.7743931083201632,0.009921981747455177,0.0,0.0,0.0
10.9,0.0,-0.7724492898575975,0.009921981747455177,0.0,0.0,0.0
11.0,0.0,-0.7705103506097031,0.009921981747455177,0.0,0.0,0.0
11.100000000000001,0.0,-0.7685762783290728,0.009921981747455177,0.0,0.0,0.0
11.200000000000001,0.0,-0.7666470607990424,0.009921981747455177,0.0,0.0,0.0
11.3,0.0,-0.7647226858336122,0.009921981747455177,0.0,0.0,0.0
11.4,0.0,-0.7628031412773718,0.009921981747455177,0.0,0.0,0.0
11.5,0.0,-0.7608884150054217,0.009921981747455177,0.0,0.0,0.0
11.600000000000001,0.0,-0.7589784949232967,0.009921981747455177,0.0,0.0,0.0
11.700000000000001,0.0,-0.7570733689668915,0.009921981747455177,0.0,0.0,0.0
11.8,0.0,-0.7551730251023823,0.009921981747455177,0.0,0.0,0.0
11.9,0.0,-0.7532774513261521,0.009921981747455177,0.0,0.0,0.0
12.0,0.0,-0.7513866356647131,0.009921981747455177,0.0,0.0,0.0
12.100000000000001,0.0,-0.7495005661746343,0.009921981747455177,0.0,0.0,0.0
12.200000000000001,0.0,-0.7476192309424626,0.009921981747455177,0.0,0.0,0.0
12.3,0.0,-0.74574261808465,0.009921981747455177,0.0,0.0,0.0
12.4,0.0,-0.7438707157474772,0.009921981747455177,0.0,0.0,0.0
12.5,0.0,-0.7420035121069783,0.009921981747455177,0.0,0.0,0.0
12.600000000000001,0.0,-0.7401409953688699,0.009921981747455177,0.0,0.0,0.0
12.700000000000001,0.0,-0.7382831537684705,0.009921981747455177,0.0,0.0,0.0
12.8,0.0,-0.7364299755706313,0.009921981747455177,0.0,0.0,0.0
12.9,0.0,-0.734581449069658,0.009921981747455177,0.0,0.0,0.0
13.0,0.0,-0.7327375625892409,0.009921981747455177,0.0,0.0,0.0
13.100000000000001,0.0,-0.730898304482378,0.009921981747455177,0.0,0.0,0.0
13.200000000000001,0.0,-0.7290636631313041,0.009921981747455177,0.0,0.0,0.0
13.3,0.0,-0.7272336269474149,0.009921981747455177,0.0,0.0,0.0
13.4,0.0,-0.7254081843711947,0.009921981747455177,0.0,0.0,0.0
13.5,0.0,-0.7235873238721441,0.009921981747455177,0.0,0.0,0.0
13.600000000000001,0.0,-0.7217710339487067,0.009921981747455177,0.0,0.0,0.0
13.700000000000001,0.0,-0.7199593031281963,0.009921981747455177,0.0,0.0,0.0
13.8,0.0,-0.7181521199667241,0.009921981747455177,0.0,0.0,0.0
13.9,0.0,-0.7163494730491264,0.009921981747455177,0.0,0.0,0.0
14.0,0.0,-0.7145513509888942,0.009921981747455177,0.0,0.0,0.0
14.100000000000001,0.0,-0.7127577424281001,0.009921981747455177,0.0,0.0,0.0
14.200000000000001,0.0,-0.7109686360373234,0.009921981747455177,0.0,0.0,0.0
14.3,0.0,-0.7091840205155862,0.009921981747455177,0.0,0.0,0.0
14.4,0.0,-0.7074038845902737,0.009921981747455177,0.0,0.0,0.0
14.5,0.0,-0.7056282170170688,0.009921981747455177,0.0,0.0,0.0
14.600000000000001,0.0,-0.7038570065798778,0.009921981747455177,0.0,0.0,0.0
14.700000000000001,0.0,-0.702090242090762,0.009921981747455177,0.0,0.0,0.0
14.8,0.0,-0.7003279123898639,0.009921981747455177,0.0,0.0,0.0
14.9,0.0,-0.6985700063453403,0.009921981747455177,0.0,0.0,0.0
15.0,0.0,-0.696816512853289,0.009921981747455177,0.0,0.0,0.0
15.100000000000001,0.0,-0.6950674208376808,0.009921981747455177,0.0,0.0,0.0
15.200000000000001,0.0,-0.693322719250288,0.009921981747455177,0.0,0.0,0.0
15.3,0.0,-0.6915823970706161,0.009921981747455177,0.0,0.0,0.0
15.4,0.0,-0.689846443305832,0.009921981747455177,0.0,0.0,0.0
15.5,0.0,-0.6881148469906965,0.009921981747455177,0.0,0.0,0.0
15.600000000000001,0.0,-0.6863875971874958,0.009921981747455177,0.0,0.0,0.0
15.700000000000001,0.0,-0.6846646829859692,0.009921981747455177,0.0,0.0,0.0
15.8,0.0,-0.6829460935032432,0.009921981747455177,0.0,0.0,0.0
15.9,0.0,-0.6812318178837611,0.009921981747455177,0.0,0.0,0.0
16.0,0.0,-0.6795218452992139,0.009921981747455177,0.0,0.0,0.0
16.1,0.0,-0.6778161649484746,0.009921981747455177,0.0,0.0,0.0
16.2,0.0,-0.6761147660575288,0.009921981747455177,0.0,0.0,0.0
16.3,0.0,-0.6744176378794038,0.009921981747455177,0.0,0.0,0.0
16.400000000000002,0.0,-0.6727247696941051,0.009921981747455177,0.0,0.0,0.0
16.5,0.0,-0.6710361508085454,0.009921981747455177,0.0,0.0,0.0
16.6,0.0,-0.6693517705564791,0.009921981747455177,0.0,0.0,0.0
16.7,0.0,-0.6676716182984339,0.009921981747455177,0.0,0.0,0.0
16.8,0.0,-0.6659956834216441,0.009921981747455177,0.0,0.0,0.0
16.900000000000002,0.0,-0.6643239553399828,0.009921981747455177,0.0,0.0,0.0
17.0,0.0,-0.6626564234938953,0.009921981747455177,0.0,0.0,0.0
17.1,0.0,-0.6609930773503334,0.009921981747455177,0.0,0.0,0.0
17.2,0.0,-0.6593339064026883,0.009921981747455177,0.0,0.0,0.0
17.3,0.0,-0.6576789001707228,0.009921981747455177,0.0,0.0,0.0
17.400000000000002,0.0,-0.6560280482005072,0.009921981747455177,0.0,0.0,0.0
17.5,0.0,-0.6543813400643519,0.009921981747455177,0.0,0.0,0.0
17.6,0.0,-0.6527387653607429,0.009921981747455177,0.0,0.0,0.0
17.7,0.0,-0.6511003137142752,0.009921981747455177,0.0,0.0,0.0
17.8,0.0,-0.6494659747755864,0.009921981747455177,0.0,0.0,0.0
17.900000000000002,0.0,-0.6478357382212919,0.009921981747455177,0.0,0.0,0.0
18.0,0.0,-0.6462095937539221,0.009921981747455177,0.0,0.0,0.0
18.1,0.0,-0.6445875311018527,0.009921981747455177,0.0,0.0,0.0
18.2,0.0,-0.6429695400192446,0.009921981747455177,0.0,0.0,0.0
18.3,0.0,-0.6413556102859755,0.009921981747455177,0.0,0.0,0.0
18.400000000000002,0.0,-0.6397457317075769,0.009921981747455177,0.0,0.0,0.0
18.5,0.0,-0.6381398941151711,0.009921981747455177,0.0,0.0,0.0
18.6,0.0,-0.6365380873654043,0.009921981747455177,0.0,0.0,0.0
18.7,0.0,-0.6349403013403826,0.009921981747455177,0.0,0.0,0.0
18.8,0.0,-0.633346525947611,0.009921981747455177,0.0,0.0,0.0
18.900000000000002,0.0,-0.6317567511199271,0.009921981747455177,0.0,0.0,0.0
19.0,0.0,-0.6301709668154397,0.009921981747455177,0.0,0.0,0.0
19.1,0.0,-0.628589163017462,0.009921981747455177,0.0,0.0,0.0
19.200000000000003,0.0,-0.6270113297344502,0.009921981747455177,0.0,0.0,0.0
19.3,0.0,-0.625437456999943,0.009921981747455177,0.0,0.0,0.0
19.400000000000002,0.0,-0.6238675348724931,0.009921981747455177,0.0,0.0,0.0
19.5,0.0,-0.6223015534356083,0.009921981747455177,0.0,0.0,0.0
19.6,0.0,-0.6207395027976891,0.009921981747455177,0.0,0.0,0.0
19.700000000000003,0.0,-0.6191813730919645,0.009921981747455177,0.0,0.0,0.0
19.8,0.0,-0.6176271544764298,0.009921981747455177,0.0,0.0,0.0
19.900000000000002,0.0,-0.6160768371337854,0.009921981747455177,0.0,0.0,0.0
20.0,0.0,-0.6145304112713738,0.009921981747455177,0.0,0.0,0.0
20.1,0.0,-0.6129878671211186,0.009921981747455177,0.0,0.0,0.0
20.200000000000003,0.0,-0.611449194939462,0.009921981747455177,0.0,0.0,0.0
20.3,0.0,-0.6099143850073042,0.009921981747455177,0.0,0.0,0.0
20.400000000000002,0.0,-0.6083834276299419,0.009921981747455177,0.0,0.0,0.0
20.5,0.0,-0.6068563131370055,0.009921981747455177,0.0,0.0,0.0
20.6,0.0,-0.6053330318823993,0.009921981747455177,0.0,0.0,0.0
20.700000000000003,0.0,-0.6038135742442409,0.009921981747455177,0.0,0.0,0.0
20.8,0.0,-0.6022979306248012,0.009921981747455177,0.0,0.0,0.0
20.900000000000002,0.0,-0.6007860914504397,0.009921981747455177,0.0,0.0,0.0
21.0,0.0,-0.5992780471715495,0.009921981747455177,0.0,0.0,0.0
21.1,0.0,-0.597773788262493,0.009921981747455177,0.0,0.0,0.0
21.200000000000003,0.0,-0.5962733052215435,0.009921981747455177,0.0,0.0,0.0
21.3,0.0,-0.5947765885708244,0.009921981747455177,0.0,0.0,0.0
21.400000000000002,0.0,-0.5932836288562505,0.009921981747455177,0.0,0.0,0.0
21.5,0.0,-0.5917944166474665,0.009921981747455177,0.0,0.0,0.0
21.6,0.0,-0.5903089425377887,0.009921981747455177,0.0,0.0,0.0
21.700000000000003,0.0,-0.5888271971441451,0.009921981747455177,0.0,0.0,0.0
21.8,0.0,-0.5873491711070169,0.009921981747455177,0.0,0.0,0.0
21.900000000000002,0.0,-0.5858748550903792,0.009921981747455177,0.0,0.0,0.0
22.0,0.0,-0.5844042397816408,0.009921981747455177,0.0,0.0,0.0
22.1,0.0,-0.5829373158915855,0.009921981747455177,0.0,0.0,0.0
22.200000000000003,0.0,-0.5814740741543151,0.009921981747455177,0.0,0.0,0.0
22.3,0.0,-0.5800145053271903,0.009921981747455177,0.0,0.0,0.0
22.400000000000002,0.0,-0.5785586001907718,0.009921981747455177,0.0,0.0,0.0
22.5,0.0,-0.5771063495487603,0.009921981747455177,0.0,0.0,0.0
22.6,0.0,-0.5756577442279432,0.009921981747455177,0.0,0.0,0.0
22.700000000000003,0.0,-0.5742127750781317,0.009921981747455177,0.0,0.0,0.0
22.8,0.0,-0.5727714329721065,0.009921981747455177,0.0,0.0,0.0
22.900000000000002,0.0,-0.5713337088055566,0.009921981747455177,0.0,0.0,0.0
23.0,0.0,-0.5698995934970265,0.009921981747455177,0.0,0.0,0.0
23.1,0.0,-0.568469077987854,0.009921981747455177,0.0,0.0,0.0
23.200000000000003,0.0,-0.5670421532421169,0.009921981747455177,0.0,0.0,0.0
23.3,0.0,-0.5656188102465726,0.009921981747455177,0.0,0.0,0.0
23.400000000000002,0.0,-0.5641990400106042,0.009921981747455177,0.0,0.0,0.0
23.5,0.0,-0.5627828335661625,0.009921981747455177,0.0,0.0,0.0
23.6,0.0,-0.5613701819677078,0.009921981747455177,0.0,0.0,0.0
23.700000000000003,0.0,-0.5599610762921553,0.009921981747455177,0.0,0.0,0.0
23.8,0.0,-0.5585555076388186,0.009921981747455177,0.0,0.0,0.0
23.900000000000002,0.0,-0.5571534671293529,0.009921981747455177,0.0,0.0,0.0
24.0,0.0,-0.5557549459076989,0.009921981747455177,0.0,0.0,0.0
24.1,0.0,-0.5543599351400271,0.009921981747455177,0.0,0.0,0.0
24.200000000000003,0.0,-0.5529684260146814,0.009921981747455177,0.0,0.0,0.0
24.3,0.0,-0.5515804097421257,0.009921981747455177,0.0,0.0,0.0
24.400000000000002,0.0,-0.5501958775548853,0.009921981747455177,0.0,0.0,0.0
24.5,0.0,-0.5488148207074932,0.009921981747455177,0.0,0.0,0.0
24.6,0.0,-0.5474372304764353,0.009921981747455177,0.0,0.0,0.0
24.700000000000003,0.0,-0.5460630981600921,0.009921981747455177,0.0,0.0,0.0
24.8,0.0,-0.5446924150786897,0.009921981747455177,0.0,0.0,0.0
24.900000000000002,0.0,-0.5433251725742386,0.009921981747455177,0.0,0.0,0.0
25.0,0.0,-0.5419613620104831,0.009921981747455177,0.0,0.0,0.0
25.1,0.0,-0.5406009747728456,0.009921981747455177,0.0,0.0,0.0
25.200000000000003,0.0,-0.539244002268372,0.009921981747455177,0.0,0.0,0.0
25.3,0.0,-0.5378904359256774,0.009921981747455177,0.0,0.0,0.0
25.400000000000002,0.0,-0.5365402671948915,0.009921981747455177,0.0,0.0,0.0
25.5,0.0,-0.5351934875476068,0.009921981747455177,0.0,0.0,0.0
25.6,0.0,-0.5338500884768214,0.009921981747455177,0.0,0.0,0.0
25.700000000000003,0.0,-0.5325100614968877,0.009921981747455177,0.0,0.0,0.0
25.8,0.0,-0.5311733981434588,0.009921981747455177,0.0,0.0,0.0
25.900000000000002,0.0,-0.5298400899734328,0.009921981747455177,0.0,0.0,0.0
26.0,0.0,-0.5285101285649025,0.009921981747455177,0.0,0.0,0.0
26.1,0.0,-0.5271835055170997,0.009921981747455177,0.0,0.0,0.0
26.200000000000003,0.0,-0.5258602124503433,0.009921981747455177,0.0,0.0,0.0
26.3,0.0,-0.5245402410059862,0.009921981747455177,0.0,0.0,0.0
26.400000000000002,0.0,-0.5232235828463624,0.009921981747455177,0.0,0.0,0.0
26.5,0.0,-0.5219102296547355,0.009921981747455177,0.0,0.0,0.0
26.6,0.0,-0.520600173135243,0.009921981747455177,0.0,0.0,0.0
26.700000000000003,0.0,-0.5192934050128484,0.009921981747455177,0.0,0.0,0.0
26.8,0.0,-0.5179899170332849,0.009921981747455177,0.0,0.0,0.0
26.900000000000002,0.0,-0.516689700963004,0.009921981747455177,0.0,0.0,0.0
27.0,0.0,-0.5153927485891274,0.009921981747455177,0.0,0.0,0.0
27.1,0.0,-0.5140990517193893,0.009921981747455177,0.0,0.0,0.0
27.200000000000003,0.0,-0.5128086021820897,0.009921981747455177,0.0,0.0,0.0
27.3,0.0,-0.5115213918260387,0.009921981747455177,0.0,0.0,0.0
27.400000000000002,0.0,-0.5102374125205072,0.009921981747455177,0.0,0.0,0.0
27.5,0.0,-0.5089566561551768,0.009921981747455177,0.0,0.0,0.0
27.6,0.0,-0.507679114640085,0.009921981747455177,0.0,0.0,0.0
27.700000000000003,0.0,-0.5064047799055761,0.009921981747455177,0.0,0.0,0.0
27.8,0.0,-0.5051336439022518,0.009921981747455177,0.0,0.0,0.0
27.900000000000002,0.0,-0.5038656986009175,0.009921981747455177,0.0,0.0,0.0
28.0,0.0,-0.5026009359925333,0.009921981747455177,0.0,0.0,0.0
28.1,0.0,-0.5013393480881622,0.009921981747455177,0.0,0.0,0.0
28.200000000000003,0.0,-0.5000809269189214,0.009921981747455177,0.0,0.0,0.0
28.3,0.0,-0.49882566453593014,0.009921981747455177,0.0,0.0,0.0
28.400000000000002,0.0,-0.49757355301026074,0.009921981747455177,0.0,0.0,0.0
28.5,0.0,-0.4963245844328882,0.009921981747455177,0.0,0.0,0.0
28.6,0.0,-0.49507875091463965,0.009921981747455177,0.0,0.0,0.0
28.700000000000003,0.0,-0.49383604458614516,0.009921981747455177,0.0,0.0,0.0
28.8,0.0,-0.49259645759778836,0.009921981747455177,0.0,0.0,0.0
28.900000000000002,0.0,-0.4913599821196553,0.009921981747455177,0.0,0.0,0.0
29.0,0.0,-0.490126610341487,0.009921981747455177,0.0,0.0,0.0
29.1,0.0,-0.4888963344726286,0.009921981747455177,0.0,0.0,0.0
29.200000000000003,0.0,-0.4876691467419809,0.009921981747455177,0.0,0.0,0.0
29.3,0.0,-0.4864450393979512,0.009921981747455177,0.0,0.0,0.0
29.400000000000002,0.0,-0.485224004708404,0.009921981747455177,0.0,0.0,0.0
29.5,0.0,-0.4840060349606124,0.009921981747455177,0.0,0.0,0.0
29.6,0.0,-0.48279112246120937,0.009921981747455177,0.0,0.0,0.0
29.700000000000003,0.0,-0.4815792595361394,0.009921981747455177,0.0,0.0,0.0
29.8,0.0,-0.4803704385306095,0.009921981747455177,0.0,0.0,0.0
29.900000000000002,0.0,-0.47916465180904105,0.009921981747455177,0.0,0.0,0.0
30.0,0.0,-0.4779618917550218,0.009921981747455177,0.0,0.0,0.0
30.1,0.0,-0.4767621507712573,0.009921981747455177,0.0,0.0,0.0
30.200000000000003,0.0,-0.475565421279524,0.009921981747455177,0.0,0.0,0.0
30.3,0.0,-0.47437169572061993,0.009921981747455177,0.0,0.0,0.0
30.400000000000002,0.0,-0.47318096655431746,0.009921981747455177,0.0,0.0,0.0
30.5,0.0,-0.47199322625931656,0.009921981747455177,0.0,0.0,0.0
30.6,0.0,-0.4708084673331954,0.009921981747455177,0.0,0.0,0.0
30.700000000000003,0.0,-0.4696266822923658,0.009921981747455177,0.0,0.0,0.0
30.8,0.0,-0.4684478636720225,0.009921981747455177,0.0,0.0,0.0
30.900000000000002,0.0,-0.46727200402609875,0.009921981747455177,0.0,0.0,0.0
31.0,0.0,-0.46609909592721827,0.009921981747455177,0.0,0.0,0.0
31.1,0.0,-0.4649291319666479,0.009921981747455177,0.0,0.0,0.0
31.200000000000003,0.0,-0.463762104754252,0.009921981747455177,0.0,0.0,0.0
31.3,0.0,-0.4625980069184449,0.009921981747455177,0.0,0.0,0.0
31.400000000000002,0.0,-0.46143683110614375,0.009921981747455177,0.0,0.0,0.0
31.5,0.0,-0.4602785699827231,0.009921981747455177,0.0,0.0,0.0
31.6,0.0,-0.45912321623196917,0.009921981747455177,0.0,0.0,0.0
31.700000000000003,0.0,-0.4579707625560316,0.009921981747455177,0.0,0.0,0.0
31.8,0.0,-0.456821201675379,0.009921981747455177,0.0,0.0,0.0
31.900000000000002,0.0,-0.4556745263287525,0.009921981747455177,0.0,0.0,0.0
32.0,0.0,-0.45453072927312005,0.009921981747455177,0.0,0.0,0.0
32.1,0.0,-0.4533898032836297,0.009921981747455177,0.0,0.0,0.0
32.2,0.0,-0.4522517411535656,0.009921981747455177,0.0,0.0,0.0
32.300000000000004,0.0,-0.45111653569430116,0.009921981747455177,0.0,0.0,0.0
32.4,0.0,-0.4499841797352545,0.009921981747455177,0.0,0.0,0.0
32.5,0.0,-0.4488546661238419,0.009921981747455177,0.0,0.0,0.0
32.6,0.0,-0.4477279877254341,0.009921981747455177,0.0,0.0,0.0
32.7,0.0,-0.44660413742331034,0.009921981747455177,0.0,0.0,0.0
32.800000000000004,0.0,-0.445483108118614,0.009921981747455177,0.0,0.0,0.0
32.9,0.0,-0.44436489273030755,0.009921981747455177,0.0,0.0,0.0
33.0,0.0,-0.44324948419512683,0.009921981747455177,0.0,0.0,0.0
33.1,0.0,-0.44213687546753866,0.009921981747455177,0.0,0.0,0.0
33.2,0.0,-0.4410270595196936,0.009921981747455177,0.0,0.0,0.0
33.300000000000004,0.0,-0.4399200293413838,0.009921981747455177,0.0,0.0,0.0
33.4,0.0,-0.4388157779399979,0.009921981747455177,0.0,0.0,0.0
33.5,0.0,-0.4377142983404761,0.009921981747455177,0.0,0.0,0.0
33.6,0.0,-0.43661558358526764,0.009921981747455177,0.0,0.0,0.0
33.7,0.0,-0.43551962673428535,0.009921981747455177,0.0,0.0,0.0
33.800000000000004,0.0,-0.43442642086486283,0.009921981747455177,0.0,0.0,0.0
33.9,0.0,-0.43333595907171074,0.009921981747455177,0.0,0.0,0.0
34.0,0.0,-0.43224823446687205,0.009921981747455177,0.0,0.0,0.0
34.1,0.0,-0.43116324017968033,0.009921981747455177,0.0,0.0,0.0
34.2,0.0,-0.43008096935671464,0.009921981747455177,0.0,0.0,0.0
34.300000000000004,0.0,-0.4290014151617565,0.009921981747455177,0.0,0.0,0.0
34.4,0.0,-0.427924570775748,0.009921981747455177,0.0,0.0,0.0
34.5,0.0,-0.42685042939674733,0.009921981747455177,0.0,0.0,0.0
34.6,0.0,-0.42577898423988736,0.009921981747455177,0.0,0.0,0.0
34.7,0.0,-0.42471022853733087,0.009921981747455177,0.0,0.0,0.0
34.800000000000004,0.0,-0.42364415553822804,0.009921981747455177,0.0,0.0,0.0
34.9,0.0,-0.4225807585086759,0.009921981747455177,0.0,0.0,0.0
35.0,0.0,-0.4215200307316737,0.009921981747455177,0.0,0.0,0.0
35.1,0.0,-0.4204619655070814,0.009921981747455177,0.0,0.0,0.0
35.2,0.0,-0.41940655615157685,0.009921981747455177,0.0,0.0,0.0
35.300000000000004,0.0,-0.41835379599861416,0.009921981747455177,0.0,0.0,0.0
35.4,0.0,-0.41730367839838073,0.009921981747455177,0.0,0.0,0.0
35.5,0.0,-0.4162561967177558,0.009921981747455177,0.0,0.0,0.0
35.6,0.0,-0.4152113443402696,0.009921981747455177,0.0,0.0,0.0
35.7,0.0,-0.4141691146660594,0.009921981747455177,0.0,0.0,0.0
35.800000000000004,0.0,-0.41312950111182895,0.009921981747455177,0.0,0.0,0.0
35.9,0.0,-0.4120924971108072,0.009921981747455177,0.0,0.0,0.0
36.0,0.0,-0.41105809611270633,0.009921981747455177,0.0,0.0,0.0
36.1,0.0,-0.4100262915836805,0.009921981747455177,0.0,0.0,0.0
36.2,0.0,-0.4089970770062849,0.009921981747455177,0.0,0.0,0.0
36.300000000000004,0.0,-0.407970445879434,0.009921981747455177,0.0,0.0,0.0
36.4,0.0,-0.4069463917183612,0.009921981747455177,0.0,0.0,0.0
36.5,0.0,-0.40592490805457654,0.009921981747455177,0.0,0.0,0.0
36.6,0.0,-0.40490598843582704,0.009921981747455177,0.0,0.0,0.0
36.7,0.0,-0.40388962642605614,0.009921981747455177,0.0,0.0,0.0
36.800000000000004,0.0,-0.402875815605362,0.009921981747455177,0.0,0.0,0.0
36.9,0.0,-0.4018645495699584,0.009921981747455177,0.0,0.0,0.0
37.0,0.0,-0.400855821932132,0.009921981747455177,0.0,0.0,0.0
37.1,0.0,-0.3998496263202045,0.009921981747455177,0.0,0.0,0.0
37.2,0.0,-0.3988459563784906,0.009921981747455177,0.0,0.0,0.0
37.300000000000004,0.0,-0.39784480576725917,0.009921981747455177,0.0,0.0,0.0
37.4,0.0,-0.3968461681626918,0.009921981747455177,0.0,0.0,0.0
37.5,0.0,-0.3958500372568439,0.009921981747455177,0.0,0.0,0.0
37.6,0.0,-0.3948564067576053,0.009921981747455177,0.0,0.0,0.0
37.7,0.0,-0.3938652703886587,0.009921981747455177,0.0,0.0,0.0
37.800000000000004,0.0,-0.3928766218894417,0.009921981747455177,0.0,0.0,0.0
37.9,0.0,-0.3918904550151064,0.009921981747455177,0.0,0.0,0.0
38.0,0.0,-0.3909067635364796,0.009921981747455177,0.0,0.0,0.0
38.1,0.0,-0.3899255412400259,0.009921981747455177,0.0,0.0,0.0
38.2,0.0,-0.38894678192780474,0.009921981747455177,0.0,0.0,0.0
38.300000000000004,0.0,-0.3879704794174341,0.009921981747455177,0.0,0.0,0.0
38.400000000000006,0.0,-0.38699662754205,0.009921981747455177,0.0,0.0,0.0
38.5,0.0,-0.3860252201502681,0.009921981747455177,0.0,0.0,0.0
38.6,0.0,-0.38505625110614566,0.009921981747455177,0.0,0.0,0.0
38.7,0.0,-0.3840897142891404,0.009921981747455177,0.0,0.0,0.0
38.800000000000004,0.0,-0.3831256035940744,0.009921981747455177,0.0,0.0,0.0
38.900000000000006,0.0,-0.3821639129310938,0.009921981747455177,0.0,0.0,0.0
39.0,0.0,-0.38120463622563183,0.009921981747455177,0.0,0.0,0.0
39.1,0.0,-0.3802477674183689,0.009921981747455177,0.0,0.0,0.0
39.2,0.0,-0.3792933004651951,0.009921981747455177,0.0,0.0,0.0
39.300000000000004,0.0,-0.378341229337172,0.009921981747455177,0.0,0.0,0.0
39.400000000000006,0.0,-0.37739154802049457,0.009921981747455177,0.0,0.0,0.0
39.5,0.0,-0.3764442505164534,0.009921981747455177,0.0,0.0,0.0
39.6,0.0,-0.37549933084139603,0.009921981747455177,0.0,0.0,0.0
39.7,0.0,-0.3745567830266901,0.009921981747455177,0.0,0.0,0.0
39.800000000000004,0.0,-0.37361660111868505,0.009921981747455177,0.0,0.0,0.0
39.900000000000006,0.0,-0.3726787791786744,0.009921981747455177,0.0,0.0,0.0
40.0,0.0,-0.3717433112828595,0.009921981747455177,0.0,0.0,0.0
40.1,0.0,-0.3708101915223101,0.009921981747455177,0.0,0.0,0.0
40.2,0.0,-0.3698794140029283,0.009921981747455177,0.0,0.0,0.0
40.300000000000004,0.0,-0.3689509728454116,0.009921981747455177,0.0,0.0,0.0
40.400000000000006,0.0,-0.3680248621852145,0.009921981747455177,0.0,0.0,0.0
40.5,0.0,-0.36710107617251253,0.009921981747455177,0.0,0.0,0.0
40.6,0.0,-0.3661796089721658,0.009921981747455177,0.0,0.0,0.0
40.7,0.0,-0.36526045476367974,0.009921981747455177,0.0,0.0,0.0
40.800000000000004,0.0,-0.36434360774117075,0.009921981747455177,0.0,0.0,0.0
40.900000000000006,0.0,-0.36342906211332887,0.009921981747455177,0.0,0.0,0.0
41.0,0.0,-0.36251681210338066,0.009921981747455177,0.0,0.0,0.0
41.1,0.0,-0.3616068519490535,0.009921981747455177,0.0,0.0,0.0
41.2,0.0,-0.360699175902538,0.009921981747455177,0.0,0.0,0.0
41.300000000000004,0.0,-0.359793778230453,0.009921981747455177,0.0,0.0,0.0
41.400000000000006,0.0,-0.3588906532138089,0.009921981747455177,0.0,0.0,0.0
41.5,0.0,-0.3579897951479713,0.009921981747455177,0.0,0.0,0.0
41.6,0.0,-0.3570911983426248,0.009921981747455177,0.0,0.0,0.0
41.7,0.0,-0.35619485712173804,0.009921981747455177,0.0,0.0,0.0
41.800000000000004,0.0,-0.3553007658235264,0.009921981747455177,0.0,0.0,0.0
41.900000000000006,0.0,-0.3544089188004173,0.009921981747455177,0.0,0.0,0.0
42.0,0.0,-0.3535193104190146,0.009921981747455177,0.0,0.0,0.0
42.1,0.0,-0.352631935060062,0.009921981747455177,0.0,0.0,0.0
42.2,0.0,-0.3517467871184089,0.009921981747455177,0.0,0.0,0.0
42.300000000000004,0.0,-0.35086386100297334,0.009921981747455177,0.0,0.0,0.0
42.400000000000006,0.0,-0.3499831511367092,0.009921981747455177,0.0,0.0,0.0
42.5,0.0,-0.34910465195656776,0.009921981747455177,0.0,0.0,0.0
42.6,0.0,-0.3482283579134647,0.009921981747455177,0.0,0.0,0.0
42.7,0.0,-0.3473542634722456,0.009921981747455177,0.0,0.0,0.0
42.800000000000004,0.0,-0.3464823631116483,0.009921981747455177,0.0,0.0,0.0
42.900000000000006,0.0,-0.34561265132427094,0.009921981747455177,0.0,0.0,0.0
43.0,0.0,-0.3447451226165353,0.009921981747455177,0.0,0.0,0.0
43.1,0.0,-0.34387977150865273,0.009921981747455177,0.0,0.0,0.0
43.2,0.0,-0.3430165925345895,0.009921981747455177,0.0,0.0,0.0
43.300000000000004,0.0,-0.3421555802420325,0.009921981747455177,0.0,0.0,0.0
43.400000000000006,0.0,-0.3412967291923541,0.009921981747455177,0.0,0.0,0.0
43.5,0.0,-0.3404400339605791,0.009921981747455177,0.0,0.0,0.0
43.6,0.0,-0.33958548913534853,0.009921981747455177,0.0,0.0,0.0
43.7,0.0,-0.3387330893188875,0.009921981747455177,0.0,0.0,0.0
43.800000000000004,0.0,-0.33788282912696993,0.009921981747455177,0.0,0.0,0.0
43.900000000000006,0.0,-0.3370347031888845,0.009921981747455177,0.0,0.0,0.0
44.0,0.0,-0.3361887061474012,0.009921981747455177,0.0,0.0,0.0
44.1,0.0,-0.3353448326587375,0.009921981747455177,0.0,0.0,0.0
44.2,0.0,-0.3345030773925242,0.009921981747455177,0.0,0.0,0.0
44.300000000000004,0.0,-0.33366343503177165,0.009921981747455177,0.0,0.0,0.0
44.400000000000006,0.0,-0.3328259002728365,0.009921981747455177,0.0,0.0,0.0
44.5,0.0,-0.3319904678253891,0.009921981747455177,0.0,0.0,0.0
44.6,0.0,-0.33115713241237793,0.009921981747455177,0.0,0.0,0.0
44.7,0.0,-0.33032588876999835,0.009921981747455177,0.0,0.0,0.0
44.800000000000004,0.0,-0.32949673164765847,0.009921981747455177,0.0,0.0,0.0
44.900000000000006,0.0,-0.3286696558079455,0.009921981747455177,0.0,0.0,0.0
45.0,0.0,-0.3278446560265935,0.009921981747455177,0.0,0.0,0.0
45.1,0.0,-0.3270217270924499,0.009921981747455177,0.0,0.0,0.0
45.2,0.0,-0.32620086380744323,0.009921981747455177,0.0,0.0,0.0
45.300000000000004,0.0,-0.3253820609865485,0.009921981747455177,0.0,0.0,0.0
45.400000000000006,0.0,-0.32456531345775724,0.009921981747455177,0.0,0.0,0.0
45.5,0.0,-0.323750616062043,0.009921981747455177,0.0,0.0,0.0
45.6,0.0,-0.32293796365332833,0.009921981747455177,0.0,0.0,0.0
45.7,0.0,-0.3221273510984535,0.009921981747455177,0.0,0.0,0.0
45.800000000000004,0.0,-0.32131877327714403,0.009921981747455177,0.0,0.0,0.0
45.900000000000006,0.0,-0.3205122250819778,0.009921981747455177,0.0,0.0,0.0
46.0,0.0,-0.31970770141835186,0.009921981747455177,0.0,0.0,0.0
46.1,0.0,-0.3189051972044526,0.009921981747455177,0.0,0.0,0.0
46.2,0.0,-0.31810470737122176,0.009921981747455177,0.0,0.0,0.0
46.300000000000004,0.0,-0.3173062268623255,0.009921981747455177,0.0,0.0,0.0
46.400000000000006,0.0,-0.31650975063412123,0.009921981747455177,0.0,0.0,0.0
46.5,0.0,-0.3157152736556273,0.009921981747455177,0.0,0.0,0.0
46.6,0.0,-0.3149227909084899,0.009921981747455177,0.0,0.0,0.0
46.7,0.0,-0.3141322973869522,0.009921981747455177,0.0,0.0,0.0
46.800000000000004,0.0,-0.31334378809782204,0.009921981747455177,0.0,0.0,0.0
46.900000000000006,0.0,-0.3125572580604406,0.009921981747455177,0.0,0.0,0.0
47.0,0.0,-0.3117727023066519,0.009921981747455177,0.0,0.0,0.0
47.1,0.0,-0.31099011588077025,0.009921981747455177,0.0,0.0,0.0
47.2,0.0,-0.310209493839549,0.009921981747455177,0.0,0.0,0.0
47.300000000000004,0.0,-0.30943083125214976,0.009921981747455177,0.0,0.0,0.0
47.400000000000006,0.0,-0.30865412320011154,0.009921981747455177,0.0,0.0,0.0
47.5,0.0,-0.30787936477731925,0.009921981747455177,0.0,0.0,0.0
47.6,0.0,-0.30710655108997187,0.009921981747455177,0.0,0.0,0.0
47.7,0.0,-0.30633567725655314,0.009921981747455177,0.0,0.0,0.0
47.800000000000004,0.0,-0.3055667384078006,0.009921981747455177,0.0,0.0,0.0
47.900000000000006,0.0,-0.3047997296866724,0.009921981747455177,0.0,0.0,0.0
48.0,0.0,-0.30403464624832033,0.009921981747455177,0.0,0.0,0.0
48.1,0.0,-0.3032714832600559,0.009921981747455177,0.0,0.0,0.0
48.2,0.0,-0.3025102359013218,0.009921981747455177,0.0,0.0,0.0
48.300000000000004,0.0,-0.3017508993636612,0.009921981747455177,0.0,0.0,0.0
48.400000000000006,0.0,-0.3009934688506866,0.009921981747455177,0.0,0.0,0.0
48.5,0.0,-0.30023793957805056,0.009921981747455177,0.0,0.0,0.0
48.6,0.0,-0.29948430677341403,0.009921981747455177,0.0,0.0,0.0
48.7,0.0,-0.29873256567641804,0.009921981747455177,0.0,0.0,0.0
48.800000000000004,0.0,-0.2979827115386515,0.009921981747455177,0.0,0.0,0.0
48.900000000000006,0.0,-0.2972347396236241,0.009921981747455177,0.0,0.0,0.0
49.0,0.0,-0.2964886452067335,0.009921981747455177,0.0,0.0,0.0
49.1,0.0,-0.29574442357523645,0.009921981747455177,0.0,0.0,0.0
49.2,0.0,-0.29500207002822043,0.009921981747455177,0.0,0.0,0.0
49.300000000000004,0.0,-0.2942615798765715,0.009921981747455177,0.0,0.0,0.0
49.400000000000006,0.0,-0.2935229484429468,0.009921981747455177,0.0,0.0,0.0
49.5,0.0,-0.29278617106174326,0.009921981747455177,0.0,0.0,0.0
49.6,0.0,-0.29205124307907043,0.009921981747455177,0.0,0.0,0.0
49.7,0.0,-0.29131815985271825,0.009921981747455177,0.0,0.0,0.0
49.800000000000004,0.0,-0.2905869167521298,0.009921981747455177,0.0,0.0,0.0
49.900000000000006,0.0,-0.28985750915837133,0.009921981747455177,0.0,0.0,0.0
50.0,0.0,-0.2891299324641036,0.009921981747455177,0.0,0.0,0.0
50.1,0.0,-0.2884041820735516,0.009921981747455177,0.0,0.0,0.0
50.2,0.0,-0.28768025340247655,0.009921981747455177,0.0,0.0,0.0
50.300000000000004,0.0,-0.2869581418781471,0.009921981747455177,0.0,0.0,0.0
50.400000000000006,0.0,-0.28623784293930915,0.009921981747455177,0.0,0.0,0.0
50.5,0.0,-0.285519352036159,0.009921981747455177,0.0,0.0,0.0
50.6,0.0,-0.2848026646303122,0.009921981747455177,0.0,0.0,0.0
50.7,0.0,-0.2840877761947767,0.009921981747455177,0.0,0.0,0.0
50.800000000000004,0.0,-0.2833746822139246,0.009921981747455177,0.0,0.0,0.0
50.900000000000006,0.0,-0.28266337818346143,0.009921981747455177,0.0,0.0,0.0
51.0,0.0,-0.2819538596103995,0.009921981747455177,0.0,0.0,0.0
51.1,0.0,-0.2812461220130299,0.009921981747455177,0.0,0.0,0.0
51.2,0.0,-0.2805401609208918,0.009921981747455177,0.0,0.0,0.0
51.300000000000004,0.0,-0.2798359718747466,0.009921981747455177,0.0,0.0,0.0
51.400000000000006,0.0,-0.2791335504265495,0.009921981747455177,0.0,0.0,0.0
51.5,0.0,-0.2784328921394204,0.009921981747455177,0.0,0.0,0.0
51.6,0.0,-0.2777339925876151,0.009921981747455177,0.0,0.0,0.0
51.7,0.0,-0.27703684735649975,0.009921981747455177,0.0,0.0,0.0
51.800000000000004,0.0,-0.2763414520425218,0.009921981747455177,0.0,0.0,0.0
51.900000000000006,0.0,-0.2756478022531822,0.009921981747455177,0.0,0.0,0.0
52.0,0.0,-0.274955893607007,0.009921981747455177,0.0,0.0,0.0
52.1,0.0,-0.27426572173352026,0.009921981747455177,0.0,0.0,0.0
52.2,0.0,-0.2735772822732167,0.009921981747455177,0.0,0.0,0.0
52.300000000000004,0.0,-0.27289057087753427,0.009921981747455177,0.0,0.0,0.0
52.400000000000006,0.0,-0.2722055832088261,0.009921981747455177,0.0,0.0,0.0
52.5,0.0,-0.27152231494033285,0.009921981747455177,0.0,0.0,0.0
52.6,0.0,-0.2708407617561569,0.009921981747455177,0.0,0.0,0.0
52.7,0.0,-0.27016091935123276,0.009921981747455177,0.0,0.0,0.0
52.800000000000004,0.0,-0.2694827834313022,0.009921981747455177,0.0,0.0,0.0
52.900000000000006,0.0,-0.26880634971288564,0.009921981747455177,0.0,0.0,0.0
53.0,0.0,-0.2681316139232552,0.009921981747455177,0.0,0.0,0.0
53.1,0.0,-0.2674585718004086,0.009921981747455177,0.0,0.0,0.0
53.2,0.0,-0.26678721909304154,0.009921981747455177,0.0,0.0,0.0
53.300000000000004,0.0,-0.2661175515605212,0.009921981747455177,0.0,0.0,0.0
53.400000000000006,0.0,-0.2654495649728585,0.009921981747455177,0.0,0.0,0.0
53.5,0.0,-0.26478325511068335,0.009921981747455177,0.0,0.0,0.0
53.6,0.0,-0.26411861776521556,0.009921981747455177,0.0,0.0,0.0
53.7,0.0,-0.26345564873824034,0.009921981747455177,0.0,0.0,0.0
53.800000000000004,0.0,-0.2627943438420804,0.009921981747455177,0.0,0.0,0.0
53.900000000000006,0.0,-0.2621346988995702,0.009921981747455177,0.0,0.0,0.0
54.0,0.0,-0.2614767097440293,0.009921981747455177,0.0,0.0,0.0
54.1,0.0,-0.26082037221923665,0.009921981747455177,0.0,0.0,0.0
54.2,0.0,-0.26016568217940295,0.009921981747455177,0.0,0.0,0.0
54.300000000000004,0.0,-0.2595126354891462,0.009921981747455177,0.0,0.0,0.0
54.400000000000006,0.0,-0.25886122802346384,0.009921981747455177,0.0,0.0,0.0
54.5,0.0,-0.2582114556677077,0.009921981747455177,0.0,0.0,0.0
54.6,0.0,-0.2575633143175584,0.009921981747455177,0.0,0.0,0.0
54.7,0.0,-0.25691679987899885,0.009921981747455177,0.0,0.0,0.0
54.800000000000004,0.0,-0.25627190826828783,0.009921981747455177,0.0,0.0,0.0
54.900000000000006,0.0,-0.2556286354119355,0.009921981747455177,0.0,0.0,0.0
55.0,0.0,-0.254986977246676,0.009921981747455177,0.0,0.0,0.0
55.1,0.0,-0.2543469297194441,0.009921981747455177,0.0,0.0,0.0
55.2,0.0,-0.2537084887873469,0.009921981747455177,0.0,0.0,0.0
55.300000000000004,0.0,-0.2530716504176404,0.009921981747455177,0.0,0.0,0.0
55.400000000000006,0.0,-0.2524364105877032,0.009921981747455177,0.0,0.0,0.0
55.5,0.0,-0.2518027652850113,0.009921981747455177,0.0,0.0,0.0
55.6,0.0,-0.25117071050711204,0.009921981747455177,0.0,0.0,0.0
55.7,0.0,-0.2505402422615997,0.009921981747455177,0.0,0.0,0.0
55.800000000000004,0.0,-0.24991135656609037,0.009921981747455177,0.0,0.0,0.0
55.900000000000006,0.0,-0.2492840494481954,0.009921981747455177,0.0,0.0,0.0
56.0,0.0,-0.2486583169454984,0.009921981747455177,0.0,0.0,0.0
56.1,0.0,-0.2480341551055284,0.009921981747455177,0.0,0.0,0.0
56.2,0.0,-0.24741155998573608,0.009921981747455177,0.0,0.0,0.0
56.300000000000004,0.0,-0.24679052765346793,0.009921981747455177,0.0,0.0,0.0
56.400000000000006,0.0,-0.24617105418594207,0.009921981747455177,0.0,0.0,0.0
56.5,0.0,-0.24555313567022352,0.009921981747455177,0.0,0.0,0.0
56.6,0.0,-0.24493676820319865,0.009921981747455177,0.0,0.0,0.0
56.7,0.0,-0.24432194789155193,0.009921981747455177,0.0,0.0,0.0
56.800000000000004,0.0,-0.2437086708517397,0.009921981747455177,0.0,0.0,0.0
56.900000000000006,0.0,-0.24309693320996675,0.009921981747455177,0.0,0.0,0.0
57.0,0.0,-0.24248673110216176,0.009921981747455177,0.0,0.0,0.0
57.1,0.0,-0.24187806067395248,0.009921981747455177,0.0,0.0,0.0
57.2,0.0,-0.24127091808064163,0.009921981747455177,0.0,0.0,0.0
57.300000000000004,0.0,-0.24066529948718227,0.009921981747455177,0.0,0.0,0.0
57.400000000000006,0.0,-0.24006120106815468,0.009921981747455177,0.0,0.0,0.0
57.5,0.0,-0.2394586190077407,0.009921981747455177,0.0,0.0,0.0
57.6,0.0,-0.23885754949970062,0.009921981747455177,0.0,0.0,0.0
57.7,0.0,-0.23825798874734852,0.009921981747455177,0.0,0.0,0.0
57.800000000000004,0.0,-0.23765993296352897,0.009921981747455177,0.0,0.0,0.0
57.900000000000006,0.0,-0.2370633783705926,0.009921981747455177,0.0,0.0,0.0
58.0,0.0,-0.2364683212003725,0.009921981747455177,0.0,0.0,0.0
58.1,0.0,-0.2358747576941602,0.009921981747455177,0.0,0.0,0.0
58.2,0.0,-0.235282684102682,0.009921981747455177,0.0,0.0,0.0
58.300000000000004,0.0,-0.23469209668607524,0.009921981747455177,0.0,0.0,0.0
58.400000000000006,0.0,-0.23410299171386514,0.009921981747455177,0.0,0.0,0.0
58.5,0.0,-0.23351536546494064,0.009921981747455177,0.0,0.0,0.0
58.6,0.0,-0.23292921422753088,0.009921981747455177,0.0,0.0,0.0
58.7,0.0,-0.23234453429918211,0.009921981747455177,0.0,0.0,0.0
58.800000000000004,0.0,-0.2317613219867343,0.009921981747455177,0.0,0.0,0.0
58.900000000000006,0.0,-0.23117957360629784,0.009921981747455177,0.0,0.0,0.0
59.0,0.0,-0.23059928548322972,0.009921981747455177,0.0,0.0,0.0
59.1,0.0,-0.23002045395211101,0.009921981747455177,0.0,0.0,0.0
59.2,0.0,-0.2294430753567233,0.009921981747455177,0.0,0.0,0.0
59.300000000000004,0.0,-0.22886714605002562,0.009921981747455177,0.0,0.0,0.0
59.400000000000006,0.0,-0.2282926623941317,0.009921981747455177,0.0,0.0,0.0
59.5,0.0,-0.2277196207602869,0.009921981747455177,0.0,0.0,0.0
59.6,0.0,-0.2271480175288449,0.009921981747455177,0.0,0.0,0.0
59.7,0.0,-0.22657784908924514,0.009921981747455177,0.0,0.0,0.0
59.800000000000004,0.0,-0.22600911183999003,0.009921981747455177,0.0,0.0,0.0
59.900000000000006,0.0,-0.22544180218862236,0.009921981747455177,0.0,0.0,0.0
60.0,0.0,-0.2248759165517022,0.009921981747455177,0.0,0.0,0.0
60.1,0.0,-0.2243114513547846,0.009921981747455177,0.0,0.0,0.0
60.2,0.0,-0.22374840303239685,0.009921981747455177,0.0,0.0,0.0
60.300000000000004,0.0,-0.2231867680280159,0.009921981747455177,0.0,0.0,0.0
60.400000000000006,0.0,-0.22262654279404592,0.009921981747455177,0.0,0.0,0.0
60.5,0.0,-0.22206772379179668,0.009921981747455177,0.0,0.0,0.0
60.6,0.0,-0.22151030749145953,0.009921981747455177,0.0,0.0,0.0
60.7,0.0,-0.22095429037208647,0.009921981747455177,0.0,0.0,0.0
60.800000000000004,0.0,-0.22039966892156773,0.009921981747455177,0.0,0.0,0.0
60.900000000000006,0.0,-0.21984643963660877,0.009921981747455177,0.0,0.0,0.0
61.0,0.0,-0.21929459902270923,0.009921981747455177,0.0,0.0,0.0
61.1,0.0,-0.2187441435941402,0.009921981747455177,0.0,0.0,0.0
61.2,0.0,-0.2181950698739223,0.009921981747455177,0.0,0.0,0.0
61.300000000000004,0.0,-0.21764737439380402,0.009921981747455177,0.0,0.0,0.0
61.400000000000006,0.0,-0.21710105369423935,0.009921981747455177,0.0,0.0,0.0
61.5,0.0,-0.216556104324366,0.009921981747455177,0.0,0.0,0.0
61.6,0.0,-0.21601252284198405,0.009921981747455177,0.0,0.0,0.0
61.7,0.0,-0.21547030581353394,0.009921981747455177,0.0,0.0,0.0
61.800000000000004,0.0,-0.21492944981407447,0.009921981747455177,0.0,0.0,0.0
61.900000000000006,0.0,-0.21438995142726164,0.009921981747455177,0.0,0.0,0.0
62.0,0.0,-0.21385180724532696,0.009921981747455177,0.0,0.0,0.0
62.1,0.0,-0.2133150138690556,0.009921981747455177,0.0,0.0,0.0
62.2,0.0,-0.2127795679077652,0.009921981747455177,0.0,0.0,0.0
62.300000000000004,0.0,-0.21224546597928476,0.009921981747455177,0.0,0.0,0.0
62.400000000000006,0.0,-0.21171270470993236,0.009921981747455177,0.0,0.0,0.0
62.5,0.0,-0.21118128073449471,0.009921981747455177,0.0,0.0,0.0
62.6,0.0,-0.21065119069620586,0.009921981747455177,0.0,0.0,0.0
62.7,0.0,-0.2101224312467256,0.009921981747455177,0.0,0.0,0.0
62.800000000000004,0.0,-0.20959499904611797,0.009921981747455177,0.0,0.0,0.0
62.900000000000006,0.0,-0.20906889076283133,0.009921981747455177,0.0,0.0,0.0
63.0,0.0,-0.20854410307367627,0.009921981747455177,0.0,0.0,0.0
63.1,0.0,-0.2080206326638049,0.009921981747455177,0.0,0.0,0.0
63.2,0.0,-0.20749847622669043,0.009921981747455177,0.0,0.0,0.0
63.300000000000004,0.0,-0.2069776304641053,0.009921981747455177,0.0,0.0,0.0
63.400000000000006,0.0,-0.20645809208610122,0.009921981747455177,0.0,0.0,0.0
63.5,0.0,-0.20593985781098803,0.009921981747455177,0.0,0.0,0.0
63.6,0.0,-0.20542292436531276,0.009921981747455177,0.0,0.0,0.0
63.7,0.0,-0.20490728848383932,0.009921981747455177,0.0,0.0,0.0
63.800000000000004,0.0,-0.20439294690952806,0.009921981747455177,0.0,0.0,0.0
63.900000000000006,0.0,-0.20387989639351456,0.009921981747455177,0.0,0.0,0.0
64.0,0.0,-0.2033681336950894,0.009921981747455177,0.0,0.0,0.0
64.10000000000001,0.0,-0.20285765558167806,0.009921981747455177,0.0,0.0,0.0
64.2,0.0,-0.2023484588288198,0.009921981747455177,0.0,0.0,0.0
64.3,0.0,-0.20184054022014788,0.009921981747455177,0.0,0.0,0.0
64.4,0.0,-0.20133389654736872,0.009921981747455177,0.0,0.0,0.0
64.5,0.0,-0.20082852461024245,0.009921981747455177,0.0,0.0,0.0
64.60000000000001,0.0,-0.20032442121656158,0.009921981747455177,0.0,0.0,0.0
64.7,0.0,-0.19982158318213217,0.009921981747455177,0.0,0.0,0.0
64.8,0.0,-0.19932000733075214,0.009921981747455177,0.0,0.0,0.0
64.9,0.0,-0.19881969049419246,0.009921981747455177,0.0,0.0,0.0
65.0,0.0,-0.19832062951217722,0.009921981747455177,0.0,0.0,0.0
65.10000000000001,0.0,-0.19782282123236203,0.009921981747455177,0.0,0.0,0.0
65.2,0.0,-0.19732626251031654,0.009921981747455177,0.0,0.0,0.0
65.3,0.0,-0.19683095020950248,0.009921981747455177,0.0,0.0,0.0
65.4,0.0,-0.1963368812012548,0.009921981747455177,0.0,0.0,0.0
65.5,0.0,-0.19584405236476193,0.009921981747455177,0.0,0.0,0.0
65.60000000000001,0.0,-0.19535246058704564,0.009921981747455177,0.0,0.0,0.0
65.7,0.0,-0.1948621027629419,0.009921981747455177,0.0,0.0,0.0
65.8,0.0,-0.19437297579508117,0.009921981747455177,0.0,0.0,0.0
65.9,0.0,-0.19388507659386792,0.009921981747455177,0.0,0.0,0.0
66.0,0.0,-0.19339840207746303,0.009921981747455177,0.0,0.0,0.0
66.10000000000001,0.0,-0.19291294917176194,0.009921981747455177,0.0,0.0,0.0
66.2,0.0,-0.19242871481037738,0.009921981747455177,0.0,0.0,0.0
66.3,0.0,-0.19194569593461866,0.009921981747455177,0.0,0.0,0.0
66.4,0.0,-0.19146388949347268,0.009921981747455177,0.0,0.0,0.0
66.5,0.0,-0.19098329244358492,0.009921981747455177,0.0,0.0,0.0
66.60000000000001,0.0,-0.19050390174924012,0.009921981747455177,0.0,0.0,0.0
66.7,0.0,-0.19002571438234284,0.009921981747455177,0.0,0.0,0.0
66.8,0.0,-0.1895487273223988,0.009921981747455177,0.0,0.0,0.0
66.9,0.0,-0.18907293755649526,0.009921981747455177,0.0,0.0,0.0
67.0,0.0,-0.1885983420792819,0.009921981747455177,0.0,0.0,0.0
67.10000000000001,0.0,-0.18812493789295284,0.009921981747455177,0.0,0.0,0.0
67.2,0.0,-0.18765272200722694,0.009921981747455177,0.0,0.0,0.0
67.3,0.0,-0.187181691439329,0.009921981747455177,0.0,0.0,0.0
67.4,0.0,-0.18671184321397058,0.009921981747455177,0.0,0.0,0.0
67.5,0.0,-0.18624317436333201,0.009921981747455177,0.0,0.0,0.0
67.60000000000001,0.0,-0.18577568192704277,0.009921981747455177,0.0,0.0,0.0
67.7,0.0,-0.18530936295216352,0.009921981747455177,0.0,0.0,0.0
67.8,0.0,-0.1848442144931671,0.009921981747455177,0.0,0.0,0.0
67.9,0.0,-0.18438023361191966,0.009921981747455177,0.0,0.0,0.0
68.0,0.0,-0.1839174173776631,0.009921981747455177,0.0,0.0,0.0
68.10000000000001,0.0,-0.18345576286699522,0.009921981747455177,0.0,0.0,0.0
68.2,0.0,-0.18299526716385223,0.009921981747455177,0.0,0.0,0.0
68.3,0.0,-0.18253592735949004,0.009921981747455177,0.0,0.0,0.0
68.4,0.0,-0.18207774055246562,0.009921981747455177,0.0,0.0,0.0
68.5,0.0,-0.18162070384861906,0.009921981747455177,0.0,0.0,0.0
68.60000000000001,0.0,-0.18116481436105514,0.009921981747455177,0.0,0.0,0.0
68.7,0.0,-0.18071006921012508,0.009921981747455177,0.0,0.0,0.0
68.8,0.0,-0.1802564655234083,0.009921981747455177,0.0,0.0,0.0
68.9,0.0,-0.1798040004356943,0.009921981747455177,0.0,0.0,0.0
69.0,0.0,-0.17935267108896477,0.009921981747455177,0.0,0.0,0.0
69.10000000000001,0.0,-0.1789024746323751,0.009921981747455177,0.0,0.0,0.0
69.2,0.0,-0.1784534082222368,0.009921981747455177,0.0,0.0,0.0
69.3,0.0,-0.1780054690219995,0.009921981747455177,0.0,0.0,0.0
69.4,0.0,-0.17755865420223252,0.009921981747455177,0.0,0.0,0.0
69.5,0.0,-0.1771129609406082,0.009921981747455177,0.0,0.0,0.0
69.60000000000001,0.0,-0.17666838642188232,0.009921981747455177,0.0,0.0,0.0
69.7,0.0,-0.17622492783787785,0.009921981747455177,0.0,0.0,0.0
69.8,0.0,-0.17578258238746633,0.009921981747455177,0.0,0.0,0.0
69.9,0.0,-0.17534134727655032,0.009921981747455177,0.0,0.0,0.0
70.0,0.0,-0.17490121971804617,0.009921981747455177,0.0,0.0,0.0
70.10000000000001,0.0,-0.1744621969318663,0.009921981747455177,0.0,0.0,0.0
70.2,0.0,-0.17402427614490115,0.009921981747455177,0.0,0.0,0.0
70.3,0.0,-0.17358745459100214,0.009921981747455177,0.0,0.0,0.0
70.4,0.0,-0.17315172951096405,0.009921981747455177,0.0,0.0,0.0
70.5,0.0,-0.1727170981525075,0.009921981747455177,0.0,0.0,0.0
70.60000000000001,0.0,-0.17228355777026164,0.009921981747455177,0.0,0.0,0.0
70.7,0.0,-0.17185110562574707,0.009921981747455177,0.0,0.0,0.0
70.8,0.0,-0.17141973898735802,0.009921981747455177,0.0,0.0,0.0
70.9,0.0,-0.1709894551303455,0.009921981747455177,0.0,0.0,0.0
71.0,0.0,-0.17056025133680014,0.009921981747455177,0.0,0.0,0.0
71.10000000000001,0.0,-0.17013212489563437,0.009921981747455177,0.0,0.0,0.0
71.2,0.0,-0.1697050731025663,0.009921981747455177,0.0,0.0,0.0
71.3,0.0,-0.16927909326010165,0.009921981747455177,0.0,0.0,0.0
71.4,0.0,-0.16885418267751764,0.009921981747455177,0.0,0.0,0.0
71.5,0.0,-0.16843033867084525,0.009921981747455177,0.0,0.0,0.0
71.60000000000001,0.0,-0.16800755856285232,0.009921981747455177,0.0,0.0,0.0
71.7,0.0,-0.1675858396830273,0.009921981747455177,0.0,0.0,0.0
71.8,0.0,-0.1671651793675617,0.009921981747455177,0.0,0.0,0.0
71.9,0.0,-0.16674557495933326,0.009921981747455177,0.0,0.0,0.0
72.0,0.0,-0.16632702380789013,0.009921981747455177,0.0,0.0,0.0
72.10000000000001,0.0,-0.16590952326943267,0.009921981747455177,0.0,0.0,0.0
72.2,0.0,-0.1654930707067981,0.009921981747455177,0.0,0.0,0.0
72.3,0.0,-0.16507766348944278,0.009921981747455177,0.0,0.0,0.0
72.4,0.0,-0.16466329899342597,0.009921981747455177,0.0,0.0,0.0
72.5,0.0,-0.16424997460139365,0.009921981747455177,0.0,0.0,0.0
72.60000000000001,0.0,-0.16383768770256163,0.009921981747455177,0.0,0.0,0.0
72.7,0.0,-0.16342643569269913,0.009921981747455177,0.0,0.0,0.0
72.8,0.0,-0.16301621597411223,0.009921981747455177,0.0,0.0,0.0
72.9,0.0,-0.16260702595562726,0.009921981747455177,0.0,0.0,0.0
73.0,0.0,-0.16219886305257528,0.009921981747455177,0.0,0.0,0.0
73.10000000000001,0.0,-0.16179172468677464,0.009921981747455177,0.0,0.0,0.0
73.2,0.0,-0.16138560828651538,0.009921981747455177,0.0,0.0,0.0
73.3,0.0,-0.16098051128654312,0.009921981747455177,0.0,0.0,0.0
73.4,0.0,-0.1605764311280422,0.009921981747455177,0.0,0.0,0.0
73.5,0.0,-0.16017336525862005,0.009921981747455177,0.0,0.0,0.0
73.60000000000001,0.0,-0.15977131113229087,0.009921981747455177,0.0,0.0,0.0
73.7,0.0,-0.15937026620945974,0.009921981747455177,0.0,0.0,0.0
73.8,0.0,-0.1589702279569062,0.009921981747455177,0.0,0.0,0.0
73.9,0.0,-0.15857119384776866,0.009921981747455177,0.0,0.0,0.0
74.0,0.0,-0.15817316136152793,0.009921981747455177,0.0,0.0,0.0
74.10000000000001,0.0,-0.15777612798399188,0.009921981747455177,0.0,0.0,0.0
74.2,0.0,-0.15738009120727947,0.009921981747455177,0.0,0.0,0.0
74.3,0.0,-0.15698504852980447,0.009921981747455177,0.0,0.0,0.0
74.4,0.0,-0.1565909974562599,0.009921981747455177,0.0,0.0,0.0
74.5,0.0,-0.15619793549760252,0.009921981747455177,0.0,0.0,0.0
74.60000000000001,0.0,-0.1558058601710368,0.009921981747455177,0.0,0.0,0.0
74.7,0.0,-0.1554147689999991,0.009921981747455177,0.0,0.0,0.0
74.8,0.0,-0.15502465951414268,0.009921981747455177,0.0,0.0,0.0
74.9,0.0,-0.15463552924932114,0.009921981747455177,0.0,0.0,0.0
75.0,0.0,-0.15424737574757388,0.009921981747455177,0.0,0.0,0.0
75.10000000000001,0.0,-0.15386019655710975,0.009921981747455177,0.0,0.0,0.0
75.2,0.0,-0.15347398923229205,0.009921981747455177,0.0,0.0,0.0
75.3,0.0,-0.1530887513336228,0.009921981747455177,0.0,0.0,0.0
75.4,0.0,-0.15270448042772722,0.009921981747455177,0.0,0.0,0.0
75.5,0.0,-0.15232117408733925,0.009921981747455177,0.0,0.0,0.0
75.60000000000001,0.0,-0.15193882989128496,0.009921981747455177,0.0,0.0,0.0
75.7,0.0,-0.1515574454244681,0.009921981747455177,0.0,0.0,0.0
75.8,0.0,-0.15117701827785468,0.009921981747455177,0.0,0.0,0.0
75.9,0.0,-0.15079754604845746,0.009921981747455177,0.0,0.0,0.0
76.0,0.0,-0.15041902633932114,0.009921981747455177,0.0,0.0,0.0
76.10000000000001,0.0,-0.15004145675950684,0.009921981747455177,0.0,0.0,0.0
76.2,0.0,-0.1496648349240776,0.009921981747455177,0.0,0.0,0.0
76.3,0.0,-0.14928915845408244,0.009921981747455177,0.0,0.0,0.0
76.4,0.0,-0.14891442497654225,0.009921981747455177,0.0,0.0,0.0
76.5,0.0,-0.1485406321244343,0.009921981747455177,0.0,0.0,0.0
76.60000000000001,0.0,-0.14816777753667734,0.009921981747455177,0.0,0.0,0.0
76.7,0.0,-0.14779585885811647,0.009921981747455177,0.0,0.0,0.0
76.80000000000001,0.0,-0.1474248737395086,0.009921981747455177,0.0,0.0,0.0
76.9,0.0,-0.14705481983750793,0.009921981747455177,0.0,0.0,0.0
77.0,0.0,-0.14668569481465024,0.009921981747455177,0.0,0.0,0.0
77.10000000000001,0.0,-0.14631749633933896,0.009921981747455177,0.0,0.0,0.0
77.2,0.0,-0.14595022208583006,0.009921981747455177,0.0,0.0,0.0
77.30000000000001,0.0,-0.14558386973421694,0.009921981747455177,0.0,0.0,0.0
77.4,0.0,-0.14521843697041695,0.009921981747455177,0.0,0.0,0.0
77.5,0.0,-0.14485392148615558,0.009921981747455177,0.0,0.0,0.0
77.60000000000001,0.0,-0.14449032097895242,0.009921981747455177,0.0,0.0,0.0
77.7,0.0,-0.14412763315210675,0.009921981747455177,0.0,0.0,0.0
77.80000000000001,0.0,-0.14376585571468262,0.009921981747455177,0.0,0.0,0.0
77.9,0.0,-0.1434049863814947,0.009921981747455177,0.0,0.0,0.0
78.0,0.0,-0.14304502287309392,0.009921981747455177,0.0,0.0,0.0
78.10000000000001,0.0,-0.14268596291575267,0.009921981747455177,0.0,0.0,0.0
78.2,0.0,-0.14232780424145064,0.009921981747455177,0.0,0.0,0.0
78.30000000000001,0.0,-0.14197054458786054,0.009921981747455177,0.0,0.0,0.0
78.4,0.0,-0.14161418169833417,0.009921981747455177,0.0,0.0,0.0
78.5,0.0,-0.14125871332188703,0.009921981747455177,0.0,0.0,0.0
78.60000000000001,0.0,-0.1409041372131855,0.009921981747455177,0.0,0.0,0.0
78.7,0.0,-0.14055045113253214,0.009921981747455177,0.0,0.0,0.0
78.80000000000001,0.0,-0.14019765284585056,0.009921981747455177,0.0,0.0,0.0
78.9,0.0,-0.13984574012467293,0.009921981747455177,0.0,0.0,0.0
79.0,0.0,-0.13949471074612477,0.009921981747455177,0.0,0.0,0.0
79.10000000000001,0.0,-0.13914456249291157,0.009921981747455177,0.0,0.0,0.0
79.2,0.0,-0.1387952931533044,0.009921981747455177,0.0,0.0,0.0
79.30000000000001,0.0,-0.13844690052112568,0.009921981747455177,0.0,0.0,0.0
79.4,0.0,-0.1380993823957362,0.009921981747455177,0.0,0.0,0.0
79.5,0.0,-0.1377527365820201,0.009921981747455177,0.0,0.0,0.0
79.60000000000001,0.0,-0.13740696089037177,0.009921981747455177,0.0,0.0,0.0
79.7,0.0,-0.13706205313668163,0.009921981747455177,0.0,0.0,0.0
79.80000000000001,0.0,-0.13671801114232274,0.009921981747455177,0.0,0.0,0.0
79.9,0.0,-0.1363748327341364,0.009921981747455177,0.0,0.0,0.0
80.0,0.0,-0.13603251574441919,0.009921981747455177,0.0,0.0,0.0
80.10000000000001,0.0,-0.13569105801090847,0.009921981747455177,0.0,0.0,0.0
80.2,0.0,-0.13535045737676957,0.009921981747455177,0.0,0.0,0.0
80.30000000000001,0.0,-0.13501071169058132,0.009921981747455177,0.0,0.0,0.0
80.4,0.0,-0.1346718188063232,0.009921981747455177,0.0,0.0,0.0
80.5,0.0,-0.13433377658336132,0.009921981747455177,0.0,0.0,0.0
80.60000000000001,0.0,-0.1339965828864348,0.009921981747455177,0.0,0.0,0.0
80.7,0.0,-0.13366023558564283,0.009921981747455177,0.0,0.0,0.0
80.80000000000001,0.0,-0.1333247325564308,0.009921981747455177,0.0,0.0,0.0
80.9,0.0,-0.13299007167957716,0.009921981747455177,0.0,0.0,0.0
81.0,0.0,-0.13265625084117974,0.009921981747455177,0.0,0.0,0.0
81.10000000000001,0.0,-0.13232326793264226,0.009921981747455177,0.0,0.0,0.0
81.2,0.0,-0.1319911208506616,0.009921981747455177,0.0,0.0,0.0
81.30000000000001,0.0,-0.13165980749721382,0.009921981747455177,0.0,0.0,0.0
81.4,0.0,-0.13132932577954187,0.009921981747455177,0.0,0.0,0.0
81.5,0.0,-0.13099967361014137,0.009921981747455177,0.0,0.0,0.0
81.60000000000001,0.0,-0.13067084890674752,0.009921981747455177,0.0,0.0,0.0
81.7,0.0,-0.13034284959232295,0.009921981747455177,0.0,0.0,0.0
81.80000000000001,0.0,-0.13001567359504348,0.009921981747455177,0.0,0.0,0.0
81.9,0.0,-0.12968931884828544,0.009921981747455177,0.0,0.0,0.0
82.0,0.0,-0.12936378329061285,0.009921981747455177,0.0,0.0,0.0
82.10000000000001,0.0,-0.12903906486576383,0.009921981747455177,0.0,0.0,0.0
82.2,0.0,-0.1287151615226384,0.009921981747455177,0.0,0.0,0.0
82.30000000000001,0.0,-0.12839207121528454,0.009921981747455177,0.0,0.0,0.0
82.4,0.0,-0.12806979190288623,0.009921981747455177,0.0,0.0,0.0
82.5,0.0,-0.12774832154975035,0.009921981747455177,0.0,0.0,0.0
82.60000000000001,0.0,-0.12742765812529294,0.009921981747455177,0.0,0.0,0.0
82.7,0.0,-0.12710779960402754,0.009921981747455177,0.0,0.0,0.0
82.80000000000001,0.0,-0.12678874396555143,0.009921981747455177,0.0,0.0,0.0
82.9,0.0,-0.12647048919453427,0.009921981747455177,0.0,0.0,0.0
83.0,0.0,-0.12615303328070365,0.009921981747455177,0.0,0.0,0.0
83.10000000000001,0.0,-0.12583637421883312,0.009921981747455177,0.0,0.0,0.0
83.2,0.0,-0.1255205100087301,0.009921981747455177,0.0,0.0,0.0
83.30000000000001,0.0,-0.12520543865522213,0.009921981747455177,0.0,0.0,0.0
83.4,0.0,-0.12489115816814549,0.009921981747455177,0.0,0.0,0.0
83.5,0.0,-0.1245776665623317,0.009921981747455177,0.0,0.0,0.0
83.60000000000001,0.0,-0.12426496185759521,0.009921981747455177,0.0,0.0,0.0
83.7,0.0,-0.12395304207872124,0.009921981747455177,0.0,0.0,0.0
83.80000000000001,0.0,-0.1236419052554527,0.009921981747455177,0.0,0.0,0.0
83.9,0.0,-0.12333154942247825,0.009921981747455177,0.0,0.0,0.0
84.0,0.0,-0.12302197261941987,0.009921981747455177,0.0,0.0,0.0
84.10000000000001,0.0,-0.12271317289082001,0.009921981747455177,0.0,0.0,0.0
84.2,0.0,-0.12240514828612976,0.009921981747455177,0.0,0.0,0.0
84.30000000000001,0.0,-0.12209789685969627,0.009921981747455177,0.0,0.0,0.0
84.4,0.0,-0.12179141667075036,0.009921981747455177,0.0,0.0,0.0
84.5,0.0,-0.12148570578339477,0.009921981747455177,0.0,0.0,0.0
84.60000000000001,0.0,-0.1211807622665912,0.009921981747455177,0.0,0.0,0.0
84.7,0.0,-0.1208765841941487,0.009921981747455177,0.0,0.0,0.0
84.80000000000001,0.0,-0.12057316964471114,0.009921981747455177,0.0,0.0,0.0
84.9,0.0,-0.12027051670174546,0.009921981747455177,0.0,0.0,0.0
85.0,0.0,-0.11996862345352906,0.009921981747455177,0.0,0.0,0.0
85.10000000000001,0.0,-0.11966748799313816,0.009921981747455177,0.0,0.0,0.0
85.2,0.0,-0.11936710841843548,0.009921981747455177,0.0,0.0,0.0
85.30000000000001,0.0,-0.1190674828320582,0.009921981747455177,0.0,0.0,0.0
85.4,0.0,-0.11876860934140661,0.009921981747455177,0.0,0.0,0.0
85.5,0.0,-0.11847048605863125,0.009921981747455177,0.0,0.0,0.0
85.60000000000001,0.0,-0.1181731111006213,0.009921981747455177,0.0,0.0,0.0
85.7,0.0,-0.11787648258899305,0.009921981747455177,0.0,0.0,0.0
85.80000000000001,0.0,-0.11758059865007754,0.009921981747455177,0.0,0.0,0.0
85.9,0.0,-0.1172854574149091,0.009921981747455177,0.0,0.0,0.0
86.0,0.0,-0.11699105701921332,0.009921981747455177,0.0,0.0,0.0
86.10000000000001,0.0,-0.11669739560339529,0.009921981747455177,0.0,0.0,0.0
86.2,0.0,-0.11640447131252797,0.009921981747455177,0.0,0.0,0.0
86.30000000000001,0.0,-0.11611228229634032,0.009921981747455177,0.0,0.0,0.0
86.4,0.0,-0.11582082670920599,0.009921981747455177,0.0,0.0,0.0
86.5,0.0,-0.11553010271013105,0.009921981747455177,0.0,0.0,0.0
86.60000000000001,0.0,-0.11524010846274262,0.009921981747455177,0.0,0.0,0.0
86.7,0.0,-0.11495084213527768,0.009921981747455177,0.0,0.0,0.0
86.80000000000001,0.0,-0.11466230190057086,0.009921981747455177,0.0,0.0,0.0
86.9,0.0,-0.11437448593604342,0.009921981747455177,0.0,0.0,0.0
87.0,0.0,-0.1140873924236913,0.009921981747455177,0.0,0.0,0.0
87.10000000000001,0.0,-0.11380101955007388,0.009921981747455177,0.0,0.0,0.0
87.2,0.0,-0.11351536550630266,0.009921981747455177,0.0,0.0,0.0
87.30000000000001,0.0,-0.11323042848802949,0.009921981747455177,0.0,0.0,0.0
87.4,0.0,-0.11294620669543538,0.009921981747455177,0.0,0.0,0.0
87.5,0.0,-0.11266269833321924,0.009921981747455177,0.0,0.0,0.0
87.60000000000001,0.0,-0.11237990161058613,0.009921981747455177,0.0,0.0,0.0
87.7,0.0,-0.11209781474123656,0.009921981747455177,0.0,0.0,0.0
87.80000000000001,0.0,-0.11181643594335446,0.009921981747455177,0.0,0.0,0.0
87.9,0.0,-0.11153576343959676,0.009921981747455177,0.0,0.0,0.0
88.0,0.0,-0.11125579545708136,0.009921981747455177,0.0,0.0,0.0
88.10000000000001,0.0,-0.11097653022737643,0.009921981747455177,0.0,0.0,0.0
88.2,0.0,-0.11069796598648939,0.009921981747455177,0.0,0.0,0.0
88.30000000000001,0.0,-0.1104201009748549,0.009921981747455177,0.0,0.0,0.0
88.4,0.0,-0.11014293343732494,0.009921981747455177,0.0,0.0,0.0
88.5,0.0,-0.10986646162315679,0.009921981747455177,0.0,0.0,0.0
88.60000000000001,0.0,-0.10959068378600222,0.009921981747455177,0.0,0.0,0.0
88.7,0.0,-0.10931559818389701,0.009921981747455177,0.0,0.0,0.0
88.80000000000001,0.0,-0.10904120307924887,0.009921981747455177,0.0,0.0,0.0
88.9,0.0,-0.10876749673882764,0.009921981747455177,0.0,0.0,0.0
89.0,0.0,-0.10849447743375329,0.009921981747455177,0.0,0.0,0.0
89.10000000000001,0.0,-0.10822214343948564,0.009921981747455177,0.0,0.0,0.0
89.2,0.0,-0.10795049303581353,0.009921981747455177,0.0,0.0,0.0
89.30000000000001,0.0,-0.10767952450684337,0.009921981747455177,0.0,0.0,0.0
89.4,0.0,-0.10740923614098911,0.009921981747455177,0.0,0.0,0.0
89.5,0.0,-0.10713962623096056,0.009921981747455177,0.0,0.0,0.0
89.60000000000001,0.0,-0.10687069307375324,0.009921981747455177,0.0,0.0,0.0
89.7,0.0,-0.10660243497063751,0.009921981747455177,0.0,0.0,0.0
89.80000000000001,0.0,-0.10633485022714737,0.009921981747455177,0.0,0.0,0.0
89.9,0.0,-0.10606793715307053,0.009921981747455177,0.0,0.0,0.0
90.0,0.0,-0.10580169406243715,0.009921981747455177,0.0,0.0,0.0
90.10000000000001,0.0,-0.10553611927350935,0.009921981747455177,0.0,0.0,0.0
90.2,0.0,-0.10527121110877073,0.009921981747455177,0.0,0.0,0.0
90.30000000000001,0.0,-0.1050069678949155,0.009921981747455177,0.0,0.0,0.0
90.4,0.0,-0.10474338796283814,0.009921981747455177,0.0,0.0,0.0
90.5,0.0,-0.10448046964762293,0.009921981747455177,0.0,0.0,0.0
90.60000000000001,0.0,-0.10421821128853297,0.009921981747455177,0.0,0.0,0.0
90.7,0.0,-0.10395661122900045,0.009921981747455177,0.0,0.0,0.0
90.80000000000001,0.0,-0.1036956678166151,0.009921981747455177,0.0,0.0,0.0
90.9,0.0,-0.1034353794031151,0.009921981747455177,0.0,0.0,0.0
91.0,0.0,-0.10317574434437547,0.009921981747455177,0.0,0.0,0.0
91.10000000000001,0.0,-0.1029167610003983,0.009921981747455177,0.0,0.0,0.0
91.2,0.0,-0.10265842773530247,0.009921981747455177,0.0,0.0,0.0
91.30000000000001,0.0,-0.10240074291731287,0.009921981747455177,0.0,0.0,0.0
91.4,0.0,-0.10214370491875051,0.009921981747455177,0.0,0.0,0.0
91.5,0.0,-0.1018873121160219,0.009921981747455177,0.0,0.0,0.0
91.60000000000001,0.0,-0.1016315628896091,0.009921981747455177,0.0,0.0,0.0
91.7,0.0,-0.10137645562405927,0.009921981747455177,0.0,0.0,0.0
91.80000000000001,0.0,-0.10112198870797454,0.009921981747455177,0.0,0.0,0.0
91.9,0.0,-0.10086816053400185,0.009921981747455177,0.0,0.0,0.0
92.0,0.0,-0.10061496949882287,0.009921981747455177,0.0,0.0,0.0
92.10000000000001,0.0,-0.10036241400314376,0.009921981747455177,0.0,0.0,0.0
92.2,0.0,-0.10011049245168506,0.009921981747455177,0.0,0.0,0.0
92.30000000000001,0.0,-0.09985920325317153,0.009921981747455177,0.0,0.0,0.0
92.4,0.0,-0.09960854482032251,0.009921981747455177,0.0,0.0,0.0
92.5,0.0,-0.09935851556984138,0.009921981747455177,0.0,0.0,0.0
92.60000000000001,0.0,-0.09910911392240579,0.009921981747455177,0.0,0.0,0.0
92.7,0.0,-0.09886033830265789,0.009921981747455177,0.0,0.0,0.0
92.80000000000001,0.0,-0.09861218713919383,0.009921981747455177,0.0,0.0,0.0
92.9,0.0,-0.09836465886455445,0.009921981747455177,0.0,0.0,0.0
93.0,0.0,-0.09811775191521496,0.009921981747455177,0.0,0.0,0.0
93.10000000000001,0.0,-0.09787146473157515,0.009921981747455177,0.0,0.0,0.0
93.2,0.0,-0.09762579575794976,0.009921981747455177,0.0,0.0,0.0
93.30000000000001,0.0,-0.09738074344255836,0.009921981747455177,0.0,0.0,0.0
93.4,0.0,-0.09713630623751572,0.009921981747455177,0.0,0.0,0.0
93.5,0.0,-0.09689248259882204,0.009921981747455177,0.0,0.0,0.0
93.60000000000001,0.0,-0.09664927098635308,0.009921981747455177,0.0,0.0,0.0
93.7,0.0,-0.09640666986385044,0.009921981747455177,0.0,0.0,0.0
93.80000000000001,0.0,-0.09616467769891202,0.009921981747455177,0.0,0.0,0.0
93.9,0.0,-0.09592329296298206,0.009921981747455177,0.0,0.0,0.0
94.0,0.0,-0.09568251413134193,0.009921981747455177,0.0,0.0,0.0
94.10000000000001,0.0,-0.0954423396830999,0.009921981747455177,0.0,0.0,0.0
94.2,0.0,-0.09520276810118213,0.009921981747455177,0.0,0.0,0.0
94.30000000000001,0.0,-0.09496379787232265,0.009921981747455177,0.0,0.0,0.0
94.4,0.0,-0.09472542748705415,0.009921981747455177,0.0,0.0,0.0
94.5,0.0,-0.09448765543969802,0.009921981747455177,0.0,0.0,0.0
94.60000000000001,0.0,-0.09425048022835521,0.009921981747455177,0.0,0.0,0.0
94.7,0.0,-0.09401390035489673,0.009921981747455177,0.0,0.0,0.0
94.80000000000001,0.0,-0.09377791432495376,0.009921981747455177,0.0,0.0,0.0
94.9,0.0,-0.09354252064790874,0.009921981747455177,0.0,0.0,0.0
95.0,0.0,-0.0933077178368858,0.009921981747455177,0.0,0.0,0.0
95.10000000000001,0.0,-0.09307350440874122,0.009921981747455177,0.0,0.0,0.0
95.2,0.0,-0.09283987888405415,0.009921981747455177,0.0,0.0,0.0
95.30000000000001,0.0,-0.092606839787117,0.009921981747455177,0.0,0.0,0.0
95.4,0.0,-0.09237438564592694,0.009921981747455177,0.0,0.0,0.0
95.5,0.0,-0.09214251499217556,0.009921981747455177,0.0,0.0,0.0
95.60000000000001,0.0,-0.09191122636124037,0.009921981747455177,0.0,0.0,0.0
95.7,0.0,-0.09168051829217504,0.009921981747455177,0.0,0.0,0.0
95.80000000000001,0.0,-0.09145038932770047,0.009921981747455177,0.0,0.0,0.0
95.9,0.0,-0.09122083801419564,0.009921981747455177,0.0,0.0,0.0
96.0,0.0,-0.09099186290168809,0.009921981747455177,0.0,0.0,0.0
96.10000000000001,0.0,-0.09076346254384499,0.009921981747455177,0.0,0.0,0.0
96.2,0.0,-0.0905356354979641,0.009921981747455177,0.0,0.0,0.0
96.30000000000001,0.0,-0.09030838032496445,0.009921981747455177,0.0,0.0,0.0
96.4,0.0,-0.09008169558937734,0.009921981747455177,0.0,0.0,0.0
96.5,0.0,-0.08985557985933723,0.009921981747455177,0.0,0.0,0.0
96.60000000000001,0.0,-0.08963003170657274,0.009921981747455177,0.0,0.0,0.0
96.7,0.0,-0.08940504970639783,0.009921981747455177,0.0,0.0,0.0
96.80000000000001,0.0,-0.08918063243770222,0.009921981747455177,0.0,0.0,0.0
96.9,0.0,-0.08895677848294299,0.009921981747455177,0.0,0.0,0.0
97.0,0.0,-0.08873348642813558,0.009921981747455177,0.0,0.0,0.0
97.10000000000001,0.0,-0.0885107548628444,0.009921981747455177,0.0,0.0,0.0
97.2,0.0,-0.08828858238017442,0.009921981747455177,0.0,0.0,0.0
97.30000000000001,0.0,-0.08806696757676198,0.009921981747455177,0.0,0.0,0.0
97.4,0.0,-0.08784590905276604,0.009921981747455177,0.0,0.0,0.0
97.5,0.0,-0.0876254054118594,0.009921981747455177,0.0,0.0,0.0
97.60000000000001,0.0,-0.0874054552612196,0.009921981747455177,0.0,0.0,0.0
97.7,0.0,-0.08718605721152076,0.009921981747455177,0.0,0.0,0.0
97.80000000000001,0.0,-0.0869672098769239,0.009921981747455177,0.0,0.0,0.0
97.9,0.0,-0.08674891187506889,0.009921981747455177,0.0,0.0,0.0
98.0,0.0,-0.08653116182706548,0.009921981747455177,0.0,0.0,0.0
98.10000000000001,0.0,-0.08631395835748454,0.009921981747455177,0.0,0.0,0.0
98.2,0.0,-0.08609730009434943,0.009921981747455177,0.0,0.0,0.0
98.30000000000001,0.0,-0.08588118566912747,0.009921981747455177,0.0,0.0,0.0
98.4,0.0,-0.08566561371672103,0.009921981747455177,0.0,0.0,0.0
98.5,0.0,-0.08545058287545905,0.009921981747455177,0.0,0.0,0.0
98.60000000000001,0.0,-0.08523609178708842,0.009921981747455177,0.0,0.0,0.0
98.7,0.0,-0.08502213909676543,0.009921981747455177,0.0,0.0,0.0
98.80000000000001,0.0,-0.08480872345304713,0.009921981747455177,0.0,0.0,0.0
98.9,0.0,-0.08459584350788298,0.009921981747455177,0.0,0.0,0.0
99.0,0.0,-0.08438349791660624,0.009921981747455177,0.0,0.0,0.0
99.10000000000001,0.0,-0.08417168533792511,0.009921981747455177,0.0,0.0,0.0
99.2,0.0,-0.08396040443391496,0.009921981747455177,0.0,0.0,0.0
99.30000000000001,0.0,-0.08374965387000922,0.009921981747455177,0.0,0.0,0.0
99.4,0.0,-0.08353943231499163,0.009921981747455177,0.0,0.0,0.0
99.5,0.0,-0.083329738440987,0.009921981747455177,0.0,0.0,0.0
99.60000000000001,0.0,-0.08312057092345349,0.009921981747455177,0.0,0.0,0.0
99.7,0.0,-0.08291192844117411,0.009921981747455177,0.0,0.0,0.0
99.80000000000001,0.0,-0.08270380967624803,0.009921981747455177,0.0,0.0,0.0
99.9,0.0,-0.08249621331408272,0.009921981747455177,0.0,0.0,0.0
100.0,0.0,-0.08228913804338527,0.009921981747455177,0.0,0.0,0.0
100.10000000000001,0.0,-0.08208258255615426,0.009921981747455177,0.0,0.0,0.0
100.2,0.0,-0.08187654554767186,0.009921981747455177,0.0,0.0,0.0
100.30000000000001,0.0,-0.08167102571649477,0.009921981747455177,0.0,0.0,0.0
100.4,0.0,-0.08146602176444673,0.009921981747455177,0.0,0.0,0.0
100.5,0.0,-0.08126153239660999,0.009921981747455177,0.0,0.0,0.0
100.60000000000001,0.0,-0.08105755632131725,0.009921981747455177,0.0,0.0,0.0
100.7,0.0,-0.08085409225014334,0.009921981747455177,0.0,0.0,0.0
100.80000000000001,0.0,-0.08065113889789728,0.009921981747455177,0.0,0.0,0.0
100.9,0.0,-0.08044869498261403,0.009921981747455177,0.0,0.0,0.0
101.0,0.0,-0.08024675922554657,0.009921981747455177,0.0,0.0,0.0
101.10000000000001,0.0,-0.08004533035115734,0.009921981747455177,0.0,0.0,0.0
101.2,0.0,-0.07984440708711095,0.009921981747455177,0.0,0.0,0.0
101.30000000000001,0.0,-0.07964398816426539,0.009921981747455177,0.0,0.0,0.0
101.4,0.0,-0.07944407231666469,0.009921981747455177,0.0,0.0,0.0
101.5,0.0,-0.07924465828153017,0.009921981747455177,0.0,0.0,0.0
101.60000000000001,0.0,-0.07904574479925304,0.009921981747455177,0.0,0.0,0.0
101.7,0.0,-0.07884733061338653,0.009921981747455177,0.0,0.0,0.0
101.80000000000001,0.0,-0.07864941447063725,0.009921981747455177,0.0,0.0,0.0
101.9,0.0,-0.07845199512085817,0.009921981747455177,0.0,0.0,0.0
102.0,0.0,-0.07825507131703996,0.009921981747455177,0.0,0.0,0.0
102.10000000000001,0.0,-0.07805864181530357,0.009921981747455177,0.0,0.0,0.0
102.2,0.0,-0.07786270537489215,0.009921981747455177,0.0,0.0,0.0
102.30000000000001,0.0,-0.07766726075816337,0.009921981747455177,0.0,0.0,0.0
102.4,0.0,-0.07747230673058149,0.009921981747455177,0.0,0.0,0.0
102.5,0.0,-0.07727784206070971,0.009921981747455177,0.0,0.0,0.0
102.60000000000001,0.0,-0.07708386552020217,0.009921981747455177,0.0,0.0,0.0
102.7,0.0,-0.07689037588379627,0.009921981747455177,0.0,0.0,0.0
102.80000000000001,0.0,-0.076697371929305,0.009921981747455177,0.0,0.0,0.0
102.9,0.0,-0.07650485243760936,0.009921981747455177,0.0,0.0,0.0
103.0,0.0,-0.07631281619265015,0.009921981747455177,0.0,0.0,0.0
103.10000000000001,0.0,-0.0761212619814209,0.009921981747455177,0.0,0.0,0.0
103.2,0.0,-0.0759301885939598,0.009921981747455177,0.0,0.0,0.0
103.30000000000001,0.0,-0.07573959482334221,0.009921981747455177,0.0,0.0,0.0
103.4,0.0,-0.07554947946567302,0.009921981747455177,0.0,0.0,0.0
103.5,0.0,-0.07535984132007903,0.009921981747455177,0.0,0.0,0.0
103.60000000000001,0.0,-0.07517067918870136,0.009921981747455177,0.0,0.0,0.0
103.7,0.0,-0.07498199187668801,0.009921981747455177,0.0,0.0,0.0
103.80000000000001,0.0,-0.07479377819218604,0.009921981747455177,0.0,0.0,0.0
103.9,0.0,-0.07460603694633433,0.009921981747455177,0.0,0.0,0.0
104.0,0.0,-0.07441876695325583,0.009921981747455177,0.0,0.0,0.0
104.10000000000001,0.0,-0.07423196703005024,0.009921981747455177,0.0,0.0,0.0
104.2,0.0,-0.07404563599678654,0.009921981747455177,0.0,0.0,0.0
104.30000000000001,0.0,-0.07385977267649538,0.009921981747455177,0.0,0.0,0.0
104.4,0.0,-0.07367437589516185,0.009921981747455177,0.0,0.0,0.0
104.5,0.0,-0.07348944448171775,0.009921981747455177,0.0,0.0,0.0
104.60000000000001,0.0,-0.07330497726803452,0.009921981747455177,0.0,0.0,0.0
104.7,0.0,-0.07312097308891598,0.009921981747455177,0.0,0.0,0.0
104.80000000000001,0.0,-0.07293743078209027,0.009921981747455177,0.0,0.0,0.0
104.9,0.0,-0.07275434918820328,0.009921981747455177,0.0,0.0,0.0
105.0,0.0,-0.07257172715081103,0.009921981747455177,0.0,0.0,0.0
105.10000000000001,0.0,-0.07238956351637213,0.009921981747455177,0.0,0.0,0.0
105.2,0.0,-0.07220785713424097,0.009921981747455177,0.0,0.0,0.0
105.30000000000001,0.0,-0.07202660685665989,0.009921981747455177,0.0,0.0,0.0
105.4,0.0,-0.07184581153875262,0.009921981747455177,0.0,0.0,0.0
105.5,0.0,-0.07166547003851642,0.009921981747455177,0.0,0.0,0.0
105.60000000000001,0.0,-0.07148558121681514,0.009921981747455177,0.0,0.0,0.0
105.7,0.0,-0.07130614393737206,0.009921981747455177,0.0,0.0,0.0
105.80000000000001,0.0,-0.07112715706676245,0.009921981747455177,0.0,0.0,0.0
105.9,0.0,-0.07094861947440687,0.009921981747455177,0.0,0.0,0.0
106.0,0.0,-0.07077053003256369,0.009921981747455177,0.0,0.0,0.0
106.10000000000001,0.0,-0.07059288761632204,0.009921981747455177,0.0,0.0,0.0
106.2,0.0,-0.07041569110359472,0.009921981747455177,0.0,0.0,0.0
106.30000000000001,0.0,-0.07023893937511094,0.009921981747455177,0.0,0.0,0.0
106.4,0.0,-0.07006263131440964,0.009921981747455177,0.0,0.0,0.0
106.5,0.0,-0.06988676580783212,0.009921981747455177,0.0,0.0,0.0
106.60000000000001,0.0,-0.06971134174451497,0.009921981747455177,0.0,0.0,0.0
106.7,0.0,-0.0695363580163835,0.009921981747455177,0.0,0.0,0.0
106.80000000000001,0.0,-0.06936181351814416,0.009921981747455177,0.0,0.0,0.0
106.9,0.0,-0.06918770714727775,0.009921981747455177,0.0,0.0,0.0
107.0,0.0,-0.06901403780403265,0.009921981747455177,0.0,0.0,0.0
107.10000000000001,0.0,-0.06884080439141785,0.009921981747455177,0.0,0.0,0.0
107.2,0.0,-0.06866800581519578,0.009921981747455177,0.0,0.0,0.0
107.30000000000001,0.0,-0.06849564098387555,0.009921981747455177,0.0,0.0,0.0
107.4,0.0,-0.06832370880870611,0.009921981747455177,0.0,0.0,0.0
107.5,0.0,-0.0681522082036692,0.009921981747455177,0.0,0.0,0.0
107.60000000000001,0.0,-0.06798113808547265,0.009921981747455177,0.0,0.0,0.0
107.7,0.0,-0.06781049737354355,0.009921981747455177,0.0,0.0,0.0
107.80000000000001,0.0,-0.06764028499002123,0.009921981747455177,0.0,0.0,0.0
107.9,0.0,-0.06747049985975064,0.009921981747455177,0.0,0.0,0.0
108.0,0.0,-0.06730114091027548,0.009921981747455177,0.0,0.0,0.0
108.10000000000001,0.0,-0.06713220707183137,0.009921981747455177,0.0,0.0,0.0
108.2,0.0,-0.06696369727733946,0.009921981747455177,0.0,0.0,0.0
108.30000000000001,0.0,-0.06679561046239907,0.009921981747455177,0.0,0.0,0.0
108.4,0.0,-0.06662794556528134,0.009921981747455177,0.0,0.0,0.0
108.5,0.0,-0.0664607015269226,0.009921981747455177,0.0,0.0,0.0
108.60000000000001,0.0,-0.06629387729091746,0.009921981747455177,0.0,0.0,0.0
108.7,0.0,-0.0661274718035124,0.009921981747455177,0.0,0.0,0.0
108.80000000000001,0.0,-0.06596148401359879,0.009921981747455177,0.0,0.0,0.0
108.9,0.0,-0.06579591287270631,0.009921981747455177,0.0,0.0,0.0
109.0,0.0,-0.0656307573349966,0.009921981747455177,0.0,0.0,0.0
109.10000000000001,0.0,-0.06546601635725642,0.009921981747455177,0.0,0.0,0.0
109.2,0.0,-0.0653016888988911,0.009921981747455177,0.0,0.0,0.0
109.30000000000001,0.0,-0.06513777392191805,0.009921981747455177,0.0,0.0,0.0
109.4,0.0,-0.0649742703909601,0.009921981747455177,0.0,0.0,0.0
109.5,0.0,-0.06481117727323903,0.009921981747455177,0.0,0.0,0.0
109.60000000000001,0.0,-0.0646484935385688,0.009921981747455177,0.0,0.0,0.0
109.7,0.0,-0.06448621815934973,0.009921981747455177,0.0,0.0,0.0
109.80000000000001,0.0,-0.064324350110561,0.009921981747455177,0.0,0.0,0.0
109.9,0.0,-0.06416288836975514,0.009921981747455177,0.0,0.0,0.0
110.0,0.0,-0.0640018319170509,0.009921981747455177,0.0,0.0,0.0
110.10000000000001,0.0,-0.06384117973512711,0.009921981747455177,0.0,0.0,0.0
110.2,0.0,-0.06368093080921619,0.009921981747455177,0.0,0.0,0.0
110.30000000000001,0.0,-0.06352108412709782,0.009921981747455177,0.0,0.0,0.0
110.4,0.0,-0.06336163867909246,0.009921981747455177,0.0,0.0,0.0
110.5,0.0,-0.06320259345805482,0.009921981747455177,0.0,0.0,0.0
110.60000000000001,0.0,-0.06304394745936781,0.009921981747455177,0.0,0.0,0.0
110.7,0.0,-0.06288569968093605,0.009921981747455177,0.0,0.0,0.0
110.80000000000001,0.0,-0.06272784912317957,0.009921981747455177,0.0,0.0,0.0
110.9,0.0,-0.06257039478902736,0.009921981747455177,0.0,0.0,0.0
111.0,0.0,-0.06241333568391114,0.009921981747455177,0.0,0.0,0.0
111.10000000000001,0.0,-0.062256670815759266,0.009921981747455177,0.0,0.0,0.0
111.2,0.0,-0.06210039919499024,0.009921981747455177,0.0,0.0,0.0
111.30000000000001,0.0,-0.06194451983450654,0.009921981747455177,0.0,0.0,0.0
111.4,0.0,-0.0617890317496884,0.009921981747455177,0.0,0.0,0.0
111.5,0.0,-0.061633933958387475,0.009921981747455177,0.0,0.0,0.0
111.60000000000001,0.0,-0.06147922548092084,0.009921981747455177,0.0,0.0,0.0
111.7,0.0,-0.06132490534006459,0.009921981747455177,0.0,0.0,0.0
111.80000000000001,0.0,-0.06117097256104787,0.009921981747455177,0.0,0.0,0.0
111.9,0.0,-0.061017426171546596,0.009921981747455177,0.0,0.0,0.0
112.0,0.0,-0.060864265201677224,0.009921981747455177,0.0,0.0,0.0
112.10000000000001,0.0,-0.060711488683990796,0.009921981747455177,0.0,0.0,0.0
112.2,0.0,-0.06055909565346685,0.009921981747455177,0.0,0.0,0.0
112.30000000000001,0.0,-0.06040708514750708,0.009921981747455177,0.0,0.0,0.0
112.4,0.0,-0.0602554562059296,0.009921981747455177,0.0,0.0,0.0
112.5,0.0,-0.060104207870962524,0.009921981747455177,0.0,0.0,0.0
112.60000000000001,0.0,-0.059953339187238164,0.009921981747455177,0.0,0.0,0.0
112.7,0.0,-0.059802849201786946,0.009921981747455177,0.0,0.0,0.0
112.80000000000001,0.0,-0.05965273696403131,0.009921981747455177,0.0,0.0,0.0
112.9,0.0,-0.059503001525779795,0.009921981747455177,0.0,0.0,0.0
113.0,0.0,-0.059353641941221016,0.009921981747455177,0.0,0.0,0.0
113.10000000000001,0.0,-0.059204657266917635,0.009921981747455177,0.0,0.0,0.0
113.2,0.0,-0.0590560465618005,0.009921981747455177,0.0,0.0,0.0
113.30000000000001,0.0,-0.05890780888716264,0.009921981747455177,0.0,0.0,0.0
113.4,0.0,-0.05875994330665333,0.009921981747455177,0.0,0.0,0.0
113.5,0.0,-0.05861244888627226,0.009921981747455177,0.0,0.0,0.0
113.60000000000001,0.0,-0.058465324694363476,0.009921981747455177,0.0,0.0,0.0
113.7,0.0,-0.05831856980160969,0.009921981747455177,0.0,0.0,0.0
113.80000000000001,0.0,-0.05817218328102621,0.009921981747455177,0.0,0.0,0.0
113.9,0.0,-0.058026164207955325,0.009921981747455177,0.0,0.0,0.0
114.0,0.0,-0.057880511660060155,0.009921981747455177,0.0,0.0,0.0
114.10000000000001,0.0,-0.05773522471731909,0.009921981747455177,0.0,0.0,0.0
114.2,0.0,-0.057590302462019946,0.009921981747455177,0.0,0.0,0.0
114.30000000000001,0.0,-0.05744574397875391,0.009921981747455177,0.0,0.0,0.0
114.4,0.0,-0.05730154835441017,0.009921981747455177,0.0,0.0,0.0
114.5,0.0,-0.057157714678169796,0.009921981747455177,0.0,0.0,0.0
114.60000000000001,0.0,-0.05701424204150016,0.009921981747455177,0.0,0.0,0.0
114.7,0.0,-0.05687112953814912,0.009921981747455177,0.0,0.0,0.0
114.80000000000001,0.0,-0.05672837626413942,0.009921981747455177,0.0,0.0,0.0
114.9,0.0,-0.056585981317762886,0.009921981747455177,0.0,0.0,0.0
115.0,0.0,-0.056443943799574695,0.009921981747455177,0.0,0.0,0.0
115.10000000000001,0.0,-0.056302262812387656,0.009921981747455177,0.0,0.0,0.0
115.2,0.0,-0.056160937461266755,0.009921981747455177,0.0,0.0,0.0
115.30000000000001,0.0,-0.05601996685352331,0.009921981747455177,0.0,0.0,0.0
115.4,0.0,-0.055879350098709465,0.009921981747455177,0.0,0.0,0.0
115.5,0.0,-0.05573908630861241,0.009921981747455177,0.0,0.0,0.0
115.60000000000001,0.0,-0.055599174597248814,0.009921981747455177,0.0,0.0,0.0
115.7,0.0,-0.05545961408085942,0.009921981747455177,0.0,0.0,0.0
115.80000000000001,0.0,-0.05532040387790321,0.009921981747455177,0.0,0.0,0.0
115.9,0.0,-0.05518154310905196,0.009921981747455177,0.0,0.0,0.0
116.0,0.0,-0.055043030897184646,0.009921981747455177,0.0,0.0,0.0
116.10000000000001,0.0,-0.05490486636738193,0.009921981747455177,0.0,0.0,0.0
116.2,0.0,-0.05476704864692066,0.009921981747455177,0.0,0.0,0.0
116.30000000000001,0.0,-0.05462957686526828,0.009921981747455177,0.0,0.0,0.0
116.4,0.0,-0.05449245015407736,0.009921981747455177,0.0,0.0,0.0
116.5,0.0,-0.05435566764718017,0.009921981747455177,0.0,0.0,0.0
116.60000000000001,0.0,-0.05421922848058312,0.009921981747455177,0.0,0.0,0.0
116.7,0.0,-0.05408313179246148,0.009921981747455177,0.0,0.0,0.0
116.80000000000001,0.0,-0.05394737672315356,0.009921981747455177,0.0,0.0,0.0
116.9,0.0,-0.05381196241515573,0.009921981747455177,0.0,0.0,0.0
117.0,0.0,-0.05367688801311676,0.009921981747455177,0.0,0.0,0.0
117.10000000000001,0.0,-0.05354215266383233,0.009921981747455177,0.0,0.0,0.0
117.2,0.0,-0.05340775551623994,0.009921981747455177,0.0,0.0,0.0
117.30000000000001,0.0,-0.053273695721413196,0.009921981747455177,0.0,0.0,0.0
117.4,0.0,-0.05313997243255671,0.009921981747455177,0.0,0.0,0.0
117.5,0.0,-0.053006584805000596,0.009921981747455177,0.0,0.0,0.0
117.60000000000001,0.0,-0.05287353199619525,0.009921981747455177,0.0,0.0,0.0
117.7,0.0,-0.0527408131657059,0.009921981747455177,0.0,0.0,0.0
117.80000000000001,0.0,-0.052608427475207435,0.009921981747455177,0.0,0.0,0.0
117.9,0.0,-0.052476374088478994,0.009921981747455177,0.0,0.0,0.0
118.0,0.0,-0.05234465217139876,0.009921981747455177,0.0,0.0,0.0
118.10000000000001,0.0,-0.052213260891938555,0.009921981747455177,0.0,0.0,0.0
118.2,0.0,-0.05208219942015885,0.009921981747455177,0.0,0.0,0.0
118.30000000000001,0.0,-0.051951466928203245,0.009921981747455177,0.0,0.0,0.0
118.4,0.0,-0.05182106259029343,0.009921981747455177,0.0,0.0,0.0
118.5,0.0,-0.05169098558272388,0.009921981747455177,0.0,0.0,0.0
118.60000000000001,0.0,-0.0515612350838566,0.009921981747455177,0.0,0.0,0.0
118.7,0.0,-0.05143181027411611,0.009921981747455177,0.0,0.0,0.0
118.80000000000001,0.0,-0.05130271033598411,0.009921981747455177,0.0,0.0,0.0
118.9,0.0,-0.05117393445399433,0.009921981747455177,0.0,0.0,0.0
119.0,0.0,-0.05104548181472744,0.009921981747455177,0.0,0.0,0.0
119.10000000000001,0.0,-0.050917351606805966,0.009921981747455177,0.0,0.0,0.0
119.2,0.0,-0.05078954302088898,0.009921981747455177,0.0,0.0,0.0
119.30000000000001,0.0,-0.05066205524966715,0.009921981747455177,0.0,0.0,0.0
119.4,0.0,-0.050534887487857616,0.009921981747455177,0.0,0.0,0.0
119.5,0.0,-0.050408038932198786,0.009921981747455177,0.0,0.0,0.0
119.60000000000001,0.0,-0.050281508781445376,0.009921981747455177,0.0,0.0,0.0
119.7,0.0,-0.05015529623636341,0.009921981747455177,0.0,0.0,0.0
119.80000000000001,0.0,-0.05002940049972495,0.009921981747455177,0.0,0.0,0.0
119.9,0.0,-0.04990382077630329,0.009921981747455177,0.0,0.0,0.0
120.0,0.0,-0.0497785562728679,0.009921981747455177,0.0,0.0,0.0
120.10000000000001,0.0,-0.04965360619817916,0.009921981747455177,0.0,0.0,0.0
120.2,0.0,-0.04952896976298366,0.009921981747455177,0.0,0.0,0.0
120.30000000000001,0.0,-0.04940464618000914,0.009921981747455177,0.0,0.0,0.0
120.4,0.0,-0.04928063466395943,0.009921981747455177,0.0,0.0,0.0
120.5,0.0,-0.049156934431509564,0.009921981747455177,0.0,0.0,0.0
120.60000000000001,0.0,-0.04903354470130087,0.009921981747455177,0.0,0.0,0.0
120.7,0.0,-0.048910464693935916,0.009921981747455177,0.0,0.0,0.0
120.80000000000001,0.0,-0.04878769363197362,0.009921981747455177,0.0,0.0,0.0
120.9,0.0,-0.04866523073992449,0.009921981747455177,0.0,0.0,0.0
121.0,0.0,-0.04854307524424543,0.009921981747455177,0.0,0.0,0.0
121.10000000000001,0.0,-0.04842122637333517,0.009921981747455177,0.0,0.0,0.0
121.2,0.0,-0.04829968335752923,0.009921981747455177,0.0,0.0,0.0
121.30000000000001,0.0,-0.04817844542909506,0.009921981747455177,0.0,0.0,0.0
121.4,0.0,-0.048057511822227214,0.009921981747455177,0.0,0.0,0.0
121.5,0.0,-0.04793688177304243,0.009921981747455177,0.0,0.0,0.0
121.60000000000001,0.0,-0.047816554519575,0.009921981747455177,0.0,0.0,0.0
121.7,0.0,-0.04769652930177179,0.009921981747455177,0.0,0.0,0.0
121.80000000000001,0.0,-0.04757680536148751,0.009921981747455177,0.0,0.0,0.0
121.9,0.0,-0.04745738194247986,0.009921981747455177,0.0,0.0,0.0
122.0,0.0,-0.04733825829040483,0.009921981747455177,0.0,0.0,0.0
122.10000000000001,0.0,-0.04721943365281191,0.009921981747455177,0.0,0.0,0.0
122.2,0.0,-0.047100907279139306,0.009921981747455177,0.0,0.0,0.0
122.30000000000001,0.0,-0.04698267842070924,0.009921981747455177,0.0,0.0,0.0
122.4,0.0,-0.046864746330723225,0.009921981747455177,0.0,0.0,0.0
122.5,0.0,-0.046747110264257305,0.009921981747455177,0.0,0.0,0.0
122.60000000000001,0.0,-0.04662976947825728,0.009921981747455177,0.0,0.0,0.0
122.7,0.0,-0.046512723231534304,0.009921981747455177,0.0,0.0,0.0
122.80000000000001,0.0,-0.04639597078475983,0.009921981747455177,0.0,0.0,0.0
122.9,0.0,-0.04627951140046117,0.009921981747455177,0.0,0.0,0.0
123.0,0.0,-0.04616334434301683,0.009921981747455177,0.0,0.0,0.0
123.10000000000001,0.0,-0.046047468878651736,0.009921981747455177,0.0,0.0,0.0
123.2,0.0,-0.04593188427543271,0.009921981747455177,0.0,0.0,0.0
123.30000000000001,0.0,-0.04581658980326381,0.009921981747455177,0.0,0.0,0.0
123.4,0.0,-0.04570158473388178,0.009921981747455177,0.0,0.0,0.0
123.5,0.0,-0.04558686834085117,0.009921981747455177,0.0,0.0,0.0
123.60000000000001,0.0,-0.04547243989956027,0.009921981747455177,0.0,0.0,0.0
123.7,0.0,-0.045358298687216095,0.009921981747455177,0.0,0.0,0.0
123.80000000000001,0.0,-0.04524444398283986,0.009921981747455177,0.0,0.0,0.0
123.9,0.0,-0.04513087506726267,0.009921981747455177,0.0,0.0,0.0
124.0,0.0,-0.04501759122312079,0.009921981747455177,0.0,0.0,0.0
124.10000000000001,0.0,-0.04490459173485111,0.009921981747455177,0.0,0.0,0.0
124.2,0.0,-0.044791875888686744,0.009921981747455177,0.0,0.0,0.0
124.30000000000001,0.0,-0.04467944297265234,0.009921981747455177,0.0,0.0,0.0
124.4,0.0,-0.0445672922765598,0.009921981747455177,0.0,0.0,0.0
124.5,0.0,-0.04445542309200357,0.009921981747455177,0.0,0.0,0.0
124.60000000000001,0.0,-0.04434383471235637,0.009921981747455177,0.0,0.0,0.0
124.7,0.0,-0.04423252643276461,0.009921981747455177,0.0,0.0,0.0
124.80000000000001,0.0,-0.04412149755014393,0.009921981747455177,0.0,0.0,0.0
124.9,0.0,-0.04401074736317484,0.009921981747455177,0.0,0.0,0.0
125.0,0.0,-0.04390027517229828,0.009921981747455177,0.0,0.0,0.0
125.10000000000001,0.0,-0.04379008027971105,0.009921981747455177,0.0,0.0,0.0
125.2,0.0,-0.0436801619893616,0.009921981747455177,0.0,0.0,0.0
125.30000000000001,0.0,-0.043570519606945586,0.009921981747455177,0.0,0.0,0.0
125.4,0.0,-0.04346115243990134,0.009921981747455177,0.0,0.0,0.0
125.5,0.0,-0.04335205979740567,0.009921981747455177,0.0,0.0,0.0
125.60000000000001,0.0,-0.043243240990369455,0.009921981747455177,0.0,0.0,0.0
125.7,0.0,-0.04313469533143326,0.009921981747455177,0.0,0.0,0.0
125.80000000000001,0.0,-0.04302642213496295,0.009921981747455177,0.0,0.0,0.0
125.9,0.0,-0.04291842071704551,0.009921981747455177,0.0,0.0,0.0
126.0,0.0,-0.04281069039548451,0.009921981747455177,0.0,0.0,0.0
126.10000000000001,0.0,-0.042703230489796,0.009921981747455177,0.0,0.0,0.0
126.2,0.0,-0.04259604032120404,0.009921981747455177,0.0,0.0,0.0
126.30000000000001,0.0,-0.04248911921263661,0.009921981747455177,0.0,0.0,0.0
126.4,0.0,-0.04238246648872117,0.009921981747455177,0.0,0.0,0.0
126.5,0.0,-0.042276081475780436,0.009921981747455177,0.0,0.0,0.0
126.60000000000001,0.0,-0.042169963501828125,0.009921981747455177,0.0,0.0,0.0
126.7,0.0,-0.042064111896564796,0.009921981747455177,0.0,0.0,0.0
126.80000000000001,0.0,-0.041958525991373403,0.009921981747455177,0.0,0.0,0.0
126.9,0.0,-0.04185320511931531,0.009921981747455177,0.0,0.0,0.0
127.0,0.0,-0.04174814861512594,0.009921981747455177,0.0,0.0,0.0
127.10000000000001,0.0,-0.041643355815210566,0.009921981747455177,0.0,0.0,0.0
127.2,0.0,-0.041538826057640296,0.009921981747455177,0.0,0.0,0.0
127.30000000000001,0.0,-0.04143455868214762,0.009921981747455177,0.0,0.0,0.0
127.4,0.0,-0.041330553030122494,0.009921981747455177,0.0,0.0,0.0
127.5,0.0,-0.04122680844460795,0.009921981747455177,0.0,0.0,0.0
127.60000000000001,0.0,-0.04112332427029612,0.009921981747455177,0.0,0.0,0.0
127.7,0.0,-0.041020099853524034,0.009921981747455177,0.0,0.0,0.0
127.80000000000001,0.0,-0.04091713454226943,0.009921981747455177,0.0,0.0,0.0
127.9,0.0,-0.04081442768614687,0.009921981747455177,0.0,0.0,0.0
128.0,0.0,-0.04071197863640326,0.009921981747455177,0.0,0.0,0.0
128.1,0.0,-0.04060978674591409,0.009921981747455177,0.0,0.0,0.0
128.20000000000002,0.0,-0.040507851369179115,0.009921981747455177,0.0,0.0,0.0
128.3,0.0,-0.04040617186231848,0.009921981747455177,0.0,0.0,0.0
128.4,0.0,-0.04030474758306847,0.009921981747455177,0.0,0.0,0.0
128.5,0.0,-0.04020357789077749,0.009921981747455177,0.0,0.0,0.0
128.6,0.0,-0.0401026621464021,0.009921981747455177,0.0,0.0,0.0
128.70000000000002,0.0,-0.04000199971250294,0.009921981747455177,0.0,0.0,0.0
128.8,0.0,-0.03990158995324075,0.009921981747455177,0.0,0.0,0.0
128.9,0.0,-0.03980143223437226,0.009921981747455177,0.0,0.0,0.0
129.0,0.0,-0.03970152592324613,0.009921981747455177,0.0,0.0,0.0
129.1,0.0,-0.03960187038879922,0.009921981747455177,0.0,0.0,0.0
129.20000000000002,0.0,-0.03950246500155229,0.009921981747455177,0.0,0.0,0.0
129.3,0.0,-0.03940330913360631,0.009921981747455177,0.0,0.0,0.0
129.4,0.0,-0.03930440215863823,0.009921981747455177,0.0,0.0,0.0
129.5,0.0,-0.03920574345189716,0.009921981747455177,0.0,0.0,0.0
129.6,0.0,-0.03910733239020043,0.009921981747455177,0.0,0.0,0.0
129.70000000000002,0.0,-0.03900916835192963,0.009921981747455177,0.0,0.0,0.0
129.8,0.0,-0.03891125071702673,0.009921981747455177,0.0,0.0,0.0
129.9,0.0,-0.038813578866990064,0.009921981747455177,0.0,0.0,0.0
130.0,0.0,-0.03871615218487046,0.009921981747455177,0.0,0.0,0.0
130.1,0.0,-0.03861897005526747,0.009921981747455177,0.0,0.0,0.0
130.20000000000002,0.0,-0.0385220318643252,0.009921981747455177,0.0,0.0,0.0
130.3,0.0,-0.03842533699972879,0.009921981747455177,0.0,0.0,0.0
130.4,0.0,-0.038328884850700254,0.009921981747455177,0.0,0.0,0.0
130.5,0.0,-0.03823267480799476,0.009921981747455177,0.0,0.0,0.0
130.6,0.0,-0.038136706263896696,0.009921981747455177,0.0,0.0,0.0
130.70000000000002,0.0,-0.038040978612215975,0.009921981747455177,0.0,0.0,0.0
130.8,0.0,-0.03794549124828416,0.009921981747455177,0.0,0.0,0.0
130.9,0.0,-0.03785024356895045,0.009921981747455177,0.0,0.0,0.0
131.0,0.0,-0.03775523497257807,0.009921981747455177,0.0,0.0,0.0
131.1,0.0,-0.03766046485904048,0.009921981747455177,0.0,0.0,0.0
131.20000000000002,0.0,-0.037565932629717545,0.009921981747455177,0.0,0.0,0.0
131.3,0.0,-0.03747163768749174,0.009921981747455177,0.0,0.0,0.0
131.4,0.0,-0.037377579436744225,0.009921981747455177,0.0,0.0,0.0
131.5,0.0,-0.03728375728335135,0.009921981747455177,0.0,0.0,0.0
131.6,0.0,-0.037190170634680886,0.009921981747455177,0.0,0.0,0.0
131.70000000000002,0.0,-0.037096818899588005,0.009921981747455177,0.0,0.0,0.0
131.8,0.0,-0.03700370148841174,0.009921981747455177,0.0,0.0,0.0
131.9,0.0,-0.036910817812971404,0.009921981747455177,0.0,0.0,0.0
132.0,0.0,-0.036818167286562585,0.009921981747455177,0.0,0.0,0.0
132.1,0.0,-0.03672574932395351,0.009921981747455177,0.0,0.0,0.0
132.20000000000002,0.0,-0.03663356334138149,0.009921981747455177,0.0,0.0,0.0
132.3,0.0,-0.03654160875654923,0.009921981747455177,0.0,0.0,0.0
132.4,0.0,-0.03644988498862091,0.009921981747455177,0.0,0.0,0.0
132.5,0.0,-0.03635839145821878,0.009921981747455177,0.0,0.0,0.0
132.6,0.0,-0.036267127587419366,0.009921981747455177,0.0,0.0,0.0
132.70000000000002,0.0,-0.036176092799749815,0.009921981747455177,0.0,0.0,0.0
132.8,0.0,-0.03608528652018441,0.009921981747455177,0.0,0.0,0.0
132.9,0.0,-0.03599470817514071,0.009921981747455177,0.0,0.0,0.0
133.0,0.0,-0.03590435719247601,0.009921981747455177,0.0,0.0,0.0
133.1,0.0,-0.03581423300148382,0.009921981747455177,0.0,0.0,0.0
133.20000000000002,0.0,-0.03572433503289013,0.009921981747455177,0.0,0.0,0.0
133.3,0.0,-0.035634662718850005,0.009921981747455177,0.0,0.0,0.0
133.4,0.0,-0.0355452154929437,0.009921981747455177,0.0,0.0,0.0
133.5,0.0,-0.03545599279017337,0.009921981747455177,0.0,0.0,0.0
133.6,0.0,-0.035366994046959296,0.009921981747455177,0.0,0.0,0.0
133.70000000000002,0.0,-0.03527821870113647,0.009921981747455177,0.0,0.0,0.0
133.8,0.0,-0.03518966619195097,0.009921981747455177,0.0,0.0,0.0
133.9,0.0,-0.03510133596005644,0.009921981747455177,0.0,0.0,0.0
134.0,0.0,-0.035013227447510564,0.009921981747455177,0.0,0.0,0.0
134.1,0.0,-0.03492534009777145,0.009921981747455177,0.0,0.0,0.0
134.20000000000002,0.0,-0.03483767335569429,0.009921981747455177,0.0,0.0,0.0
134.3,0.0,-0.03475022666752774,0.009921981747455177,0.0,0.0,0.0
134.4,0.0,-0.03466299948091032,0.009921981747455177,0.0,0.0,0.0
134.5,0.0,-0.03457599124486718,0.009921981747455177,0.0,0.0,0.0
134.6,0.0,-0.034489201409806436,0.009921981747455177,0.0,0.0,0.0
134.70000000000002,0.0,-0.03440262942751572,0.009921981747455177,0.0,0.0,0.0
134.8,0.0,-0.034316274751158796,0.009921981747455177,0.0,0.0,0.0
134.9,0.0,-0.034230136835272054,0.009921981747455177,0.0,0.0,0.0
135.0,0.0,-0.03414421513576097,0.009921981747455177,0.0,0.0,0.0
135.1,0.0,-0.03405850910989681,0.009921981747455177,0.0,0.0,0.0
135.20000000000002,0.0,-0.03397301821631323,0.009921981747455177,0.0,0.0,0.0
135.3,0.0,-0.03388774191500267,0.009921981747455177,0.0,0.0,0.0
135.4,0.0,-0.03380267966731307,0.009921981747455177,0.0,0.0,0.0
135.5,0.0,-0.033717830935944534,0.009921981747455177,0.0,0.0,0.0
135.6,0.0,-0.03363319518494578,0.009921981747455177,0.0,0.0,0.0
135.70000000000002,0.0,-0.03354877187971079,0.009921981747455177,0.0,0.0,0.0
135.8,0.0,-0.033464560486975596,0.009921981747455177,0.0,0.0,0.0
135.9,0.0,-0.03338056047481469,0.009921981747455177,0.0,0.0,0.0
136.0,0.0,-0.033296771312637766,0.009921981747455177,0.0,0.0,0.0
136.1,0.0,-0.03321319247118638,0.009921981747455177,0.0,0.0,0.0
136.20000000000002,0.0,-0.03312982342253057,0.009921981747455177,0.0,0.0,0.0
136.3,0.0,-0.03304666364006562,0.009921981747455177,0.0,0.0,0.0
136.4,0.0,-0.03296371259850859,0.009921981747455177,0.0,0.0,0.0
136.5,0.0,-0.032880969773895055,0.009921981747455177,0.0,0.0,0.0
136.6,0.0,-0.03279843464357579,0.009921981747455177,0.0,0.0,0.0
136.70000000000002,0.0,-0.03271610668621349,0.009921981747455177,0.0,0.0,0.0
136.8,0.0,-0.0326339853817795,0.009921981747455177,0.0,0.0,0.0
136.9,0.0,-0.03255207021155051,0.009921981747455177,0.0,0.0,0.0
137.0,0.0,-0.03247036065810522,0.009921981747455177,0.0,0.0,0.0
137.1,0.0,-0.03238885620532117,0.009921981747455177,0.0,0.0,0.0
137.20000000000002,0.0,-0.03230755633837136,0.009921981747455177,0.0,0.0,0.0
137.3,0.0,-0.03222646054372115,0.009921981747455177,0.0,0.0,0.0
137.4,0.0,-0.032145568309124795,0.009921981747455177,0.0,0.0,0.0
137.5,0.0,-0.0320648791236225,0.009921981747455177,0.0,0.0,0.0
137.6,0.0,-0.031984392477537,0.009921981747455177,0.0,0.0,0.0
137.70000000000002,0.0,-0.03190410786247029,0.009921981747455177,0.0,0.0,0.0
137.8,0.0,-0.03182402477130065,0.009921981747455177,0.0,0.0,0.0
137.9,0.0,-0.03174414269817917,0.009921981747455177,0.0,0.0,0.0
138.0,0.0,-0.03166446113852671,0.009921981747455177,0.0,0.0,0.0
138.1,0.0,-0.031584979589030754,0.009921981747455177,0.0,0.0,0.0
138.20000000000002,0.0,-0.03150569754764212,0.009921981747455177,0.0,0.0,0.0
138.3,0.0,-0.03142661451357174,0.009921981747455177,0.0,0.0,0.0
138.4,0.0,-0.031347729987287735,0.009921981747455177,0.0,0.0,0.0
138.5,0.0,-0.03126904347051204,0.009921981747455177,0.0,0.0,0.0
138.6,0.0,-0.031190554466217327,0.009921981747455177,0.0,0.0,0.0
138.70000000000002,0.0,-0.031112262478623823,0.009921981747455177,0.0,0.0,0.0
138.8,0.0,-0.031034167013196307,0.009921981747455177,0.0,0.0,0.0
138.9,0.0,-0.030956267576640814,0.009921981747455177,0.0,0.0,0.0
139.0,0.0,-0.03087856367690168,0.009921981747455177,0.0,0.0,0.0
139.1,0.0,-0.03080105482315831,0.009921981747455177,0.0,0.0,0.0
139.20000000000002,0.0,-0.0307237405258221,0.009921981747455177,0.0,0.0,0.0
139.3,0.0,-0.03064662029653349,0.009921981747455177,0.0,0.0,0.0
139.4,0.0,-0.030569693648158654,0.009921981747455177,0.0,0.0,0.0
139.5,0.0,-0.03049296009478657,0.009921981747455177,0.0,0.0,0.0
139.6,0.0,-0.030416419151725868,0.009921981747455177,0.0,0.0,0.0
139.70000000000002,0.0,-0.03034007033550187,0.009921981747455177,0.0,0.0,0.0
139.8,0.0,-0.03026391316385345,0.009921981747455177,0.0,0.0,0.0
139.9,0.0,-0.030187947155730026,0.009921981747455177,0.0,0.0,0.0
140.0,0.0,-0.03011217183128848,0.009921981747455177,0.0,0.0,0.0
140.1,0.0,-0.030036586711890172,0.009921981747455177,0.0,0.0,0.0
140.20000000000002,0.0,-0.029961191320097887,0.009921981747455177,0.0,0.0,0.0
140.3,0.0,-0.0298859851796729,0.009921981747455177,0.0,0.0,0.0
140.4,0.0,-0.029810967815571833,0.009921981747455177,0.0,0.0,0.0
140.5,0.0,-0.02973613875394373,0.009921981747455177,0.0,0.0,0.0
140.6,0.0,-0.029661497522127104,0.009921981747455177,0.0,0.0,0.0
140.70000000000002,0.0,-0.029587043648646828,0.009921981747455177,0.0,0.0,0.0
140.8,0.0,-0.029512776663211313,0.009921981747455177,0.0,0.0,0.0
140.9,0.0,-0.029438696096709394,0.009921981747455177,0.0,0.0,0.0
141.0,0.0,-0.02936480148120749,0.009921981747455177,0.0,0.0,0.0
141.1,0.0,-0.02929109234994653,0.009921981747455177,0.0,0.0,0.0
141.20000000000002,0.0,-0.02921756823733908,0.009921981747455177,0.0,0.0,0.0
141.3,0.0,-0.029144228678966454,0.009921981747455177,0.0,0.0,0.0
141.4,0.0,-0.029071073211575597,0.009921981747455177,0.0,0.0,0.0
141.5,0.0,-0.028998101373076363,0.009921981747455177,0.0,0.0,0.0
141.6,0.0,-0.028925312702538467,0.009921981747455177,0.0,0.0,0.0
141.70000000000002,0.0,-0.02885270674018859,0.009921981747455177,0.0,0.0,0.0
141.8,0.0,-0.028780283027407573,0.009921981747455177,0.0,0.0,0.0
141.9,0.0,-0.028708041106727412,0.009921981747455177,0.0,0.0,0.0
142.0,0.0,-0.02863598052182836,0.009921981747455177,0.0,0.0,0.0
142.1,0.0,-0.028564100817536117,0.009921981747455177,0.0,0.0,0.0
142.20000000000002,0.0,-0.028492401539818947,0.009921981747455177,0.0,0.0,0.0
142.3,0.0,-0.02842088223578476,0.009921981747455177,0.0,0.0,0.0
142.4,0.0,-0.028349542453678284,0.009921981747455177,0.0,0.0,0.0
142.5,0.0,-0.028278381742878195,0.009921981747455177,0.0,0.0,0.0
142.6,0.0,-0.028207399653894318,0.009921981747455177,0.0,0.0,0.0
142.70000000000002,0.0,-0.028136595738364696,0.009921981747455177,0.0,0.0,0.0
142.8,0.0,-0.028065969549052872,0.009921981747455177,0.0,0.0,0.0
142.9,0.0,-0.027995520639845003,0.009921981747455177,0.0,0.0,0.0
143.0,0.0,-0.02792524856574699,0.009921981747455177,0.0,0.0,0.0
143.1,0.0,-0.02785515288288175,0.009921981747455177,0.0,0.0,0.0
143.20000000000002,0.0,-0.027785233148486396,0.009921981747455177,0.0,0.0,0.0
143.3,0.0,-0.027715488920909418,0.009921981747455177,0.0,0.0,0.0
143.4,0.0,-0.027645919759607913,0.009921981747455177,0.0,0.0,0.0
143.5,0.0,-0.0275765252251448,0.009921981747455177,0.0,0.0,0.0
143.6,0.0,-0.027507304879185984,0.009921981747455177,0.0,0.0,0.0
143.70000000000002,0.0,-0.027438258284497682,0.009921981747455177,0.0,0.0,0.0
143.8,0.0,-0.02736938500494367,0.009921981747455177,0.0,0.0,0.0
143.9,0.0,-0.02730068460548237,0.009921981747455177,0.0,0.0,0.0
144.0,0.0,-0.02723215665216429,0.009921981747455177,0.0,0.0,0.0
144.1,0.0,-0.027163800712129153,0.009921981747455177,0.0,0.0,0.0
144.20000000000002,0.0,-0.027095616353603243,0.009921981747455177,0.0,0.0,0.0
144.3,0.0,-0.027027603145896643,0.009921981747455177,0.0,0.0,0.0
144.4,0.0,-0.026959760659400537,0.009921981747455177,0.0,0.0,0.0
144.5,0.0,-0.026892088465584413,0.009921981747455177,0.0,0.0,0.0
144.6,0.0,-0.02682458613699352,0.009921981747455177,0.0,0.0,0.0
144.70000000000002,0.0,-0.026757253247245982,0.009921981747455177,0.0,0.0,0.0
144.8,0.0,-0.026690089371030234,0.009921981747455177,0.0,0.0,0.0
144.9,0.0,-0.02662309408410227,0.009921981747455177,0.0,0.0,0.0
145.0,0.0,-0.026556266963283035,0.009921981747455177,0.0,0.0,0.0
145.1,0.0,-0.026489607586455643,0.009921981747455177,0.0,0.0,0.0
145.20000000000002,0.0,-0.026423115532562793,0.009921981747455177,0.0,0.0,0.0
145.3,0.0,-0.026356790381604107,0.009921981747455177,0.0,0.0,0.0
145.4,0.0,-0.026290631714633438,0.009921981747455177,0.0,0.0,0.0
145.5,0.0,-0.02622463911375626,0.009921981747455177,0.0,0.0,0.0
145.6,0.0,-0.026158812162126985,0.009921981747455177,0.0,0.0,0.0
145.70000000000002,0.0,-0.02609315044394635,0.009921981747455177,0.0,0.0,0.0
145.8,0.0,-0.026027653544458865,0.009921981747455177,0.0,0.0,0.0
145.9,0.0,-0.02596232104995006,0.009921981747455177,0.0,0.0,0.0
146.0,0.0,-0.02589715254774398,0.009921981747455177,0.0,0.0,0.0
146.1,0.0,-0.02583214762620047,0.009921981747455177,0.0,0.0,0.0
146.20000000000002,0.0,-0.025767305874712695,0.009921981747455177,0.0,0.0,0.0
146.3,0.0,-0.025702626883704508,0.009921981747455177,0.0,0.0,0.0
146.4,0.0,-0.025638110244627803,0.009921981747455177,0.0,0.0,0.0
146.5,0.0,-0.02557375554995999,0.009921981747455177,0.0,0.0,0.0
146.6,0.0,-0.025509562393201415,0.009921981747455177,0.0,0.0,0.0
146.70000000000002,0.0,-0.02544553036887278,0.009921981747455177,0.0,0.0,0.0
146.8,0.0,-0.02538165907251263,0.009921981747455177,0.0,0.0,0.0
146.9,0.0,-0.02531794810067467,0.009921981747455177,0.0,0.0,0.0
147.0,0.0,-0.02525439705092538,0.009921981747455177,0.0,0.0,0.0
147.1,0.0,-0.02519100552184135,0.009921981747455177,0.0,0.0,0.0
147.20000000000002,0.0,-0.025127773113006808,0.009921981747455177,0.0,0.0,0.0
147.3,0.0,-0.025064699425011095,0.009921981747455177,0.0,0.0,0.0
147.4,0.0,-0.02500178405944607,0.009921981747455177,0.0,0.0,0.0
147.5,0.0,-0.02493902661890369,0.009921981747455177,0.0,0.0,0.0
147.6,0.0,-0.02487642670697344,0.009921981747455177,0.0,0.0,0.0
147.70000000000002,0.0,-0.024813983928239816,0.009921981747455177,0.0,0.0,0.0
147.8,0.0,-0.024751697888279883,0.009921981747455177,0.0,0.0,0.0
147.9,0.0,-0.024689568193660763,0.009921981747455177,0.0,0.0,0.0
148.0,0.0,-0.02462759445193711,0.009921981747455177,0.0,0.0,0.0
148.1,0.0,-0.024565776271648698,0.009921981747455177,0.0,0.0,0.0
148.20000000000002,0.0,-0.024504113262317842,0.009921981747455177,0.0,0.0,0.0
148.3,0.0,-0.024442605034447087,0.009921981747455177,0.0,0.0,0.0
148.4,0.0,-0.024381251199516635,0.009921981747455177,0.0,0.0,0.0
148.5,0.0,-0.024320051369981888,0.009921981747455177,0.0,0.0,0.0
148.6,0.0,-0.024259005159271065,0.009921981747455177,0.0,0.0,0.0
148.70000000000002,0.0,-0.0241981121817827,0.009921981747455177,0.0,0.0,0.0
148.8,0.0,-0.024137372052883285,0.009921981747455177,0.0,0.0,0.0
148.9,0.0,-0.024076784388904735,0.009921981747455177,0.0,0.0,0.0
149.0,0.0,-0.024016348807142034,0.009921981747455177,0.0,0.0,0.0
149.1,0.0,-0.023956064925850777,0.009921981747455177,0.0,0.0,0.0
149.20000000000002,0.0,-0.023895932364244817,0.009921981747455177,0.0,0.0,0.0
149.3,0.0,-0.023835950742493815,0.009921981747455177,0.0,0.0,0.0
149.4,0.0,-0.023776119681720848,0.009921981747455177,0.0,0.0,0.0
149.5,0.0,-0.02371643880400003,0.009921981747455177,0.0,0.0,0.0
149.6,0.0,-0.023656907732354095,0.009921981747455177,0.0,0.0,0.0
149.70000000000002,0.0,-0.023597526090752042,0.009921981747455177,0.0,0.0,0.0
149.8,0.0,-0.02353829350410675,0.009921981747455177,0.0,0.0,0.0
149.9,0.0,-0.023479209598272637,0.009921981747455177,0.0,0.0,0.0
150.0,0.0,-0.023420274000043227,0.009921981747455177,0.0,0.0,0.0
150.1,0.0,-0.02336148633714888,0.009921981747455177,0.0,0.0,0.0
150.20000000000002,0.0,-0.023302846238254342,0.009921981747455177,0.0,0.0,0.0
150.3,0.0,-0.023244353332956533,0.009921981747455177,0.0,0.0,0.0
150.4,0.0,-0.02318600725178205,0.009921981747455177,0.0,0.0,0.0
150.5,0.0,-0.023127807626184983,0.009921981747455177,0.0,0.0,0.0
150.6,0.0,-0.02306975408854443,0.009921981747455177,0.0,0.0,0.0
150.70000000000002,0.0,-0.023011846272162347,0.009921981747455177,0.0,0.0,0.0
150.8,0.0,-0.022954083811261076,0.009921981747455177,0.0,0.0,0.0
150.9,0.0,-0.022896466340981164,0.009921981747455177,0.0,0.0,0.0
151.0,0.0,-0.022838993497378952,0.009921981747455177,0.0,0.0,0.0
151.1,0.0,-0.02278166491742436,0.009921981747455177,0.0,0.0,0.0
151.20000000000002,0.0,-0.022724480238998514,0.009921981747455177,0.0,0.0,0.0
151.3,0.0,-0.02266743910089156,0.009921981747455177,0.0,0.0,0.0
151.4,0.0,-0.022610541142800263,0.009921981747455177,0.0,0.0,0.0
151.5,0.0,-0.02255378600532579,0.009921981747455177,0.0,0.0,0.0
151.6,0.0,-0.022497173329971545,0.009921981747455177,0.0,0.0,0.0
151.70000000000002,0.0,-0.022440702759140653,0.009921981747455177,0.0,0.0,0.0
151.8,0.0,-0.022384373936133982,0.009921981747455177,0.0,0.0,0.0
151.9,0.0,-0.022328186505147667,0.009921981747455177,0.0,0.0,0.0
152.0,0.0,-0.022272140111270957,0.009921981747455177,0.0,0.0,0.0
152.1,0.0,-0.022216234400484043,0.009921981747455177,0.0,0.0,0.0
152.20000000000002,0.0,-0.022160469019655644,0.009921981747455177,0.0,0.0,0.0
152.3,0.0,-0.022104843616541,0.009921981747455177,0.0,0.0,0.0
152.4,0.0,-0.022049357839779418,0.009921981747455177,0.0,0.0,0.0
152.5,0.0,-0.021994011338892228,0.009921981747455177,0.0,0.0,0.0
152.6,0.0,-0.021938803764280475,0.009921981747455177,0.0,0.0,0.0
152.70000000000002,0.0,-0.021883734767222725,0.009921981747455177,0.0,0.0,0.0
152.8,0.0,-0.021828803999872925,0.009921981747455177,0.0,0.0,0.0
152.9,0.0,-0.021774011115258122,0.009921981747455177,0.0,0.0,0.0
153.0,0.0,-0.021719355767276318,0.009921981747455177,0.0,0.0,0.0
153.1,0.0,-0.021664837610694255,0.009921981747455177,0.0,0.0,0.0
153.20000000000002,0.0,-0.02161045630114527,0.009921981747455177,0.0,0.0,0.0
153.3,0.0,-0.021556211495127108,0.009921981747455177,0.0,0.0,0.0
153.4,0.0,-0.0215021028499997,0.009921981747455177,0.0,0.0,0.0
153.5,0.0,-0.0214481300239831,0.009921981747455177,0.0,0.0,0.0
153.60000000000002,0.0,-0.02139429267615522,0.009921981747455177,0.0,0.0,0.0
153.70000000000002,0.0,-0.021340590466449802,0.009921981747455177,0.0,0.0,0.0
153.8,0.0,-0.021287023055654115,0.009921981747455177,0.0,0.0,0.0
153.9,0.0,-0.02123359010540694,0.009921981747455177,0.0,0.0,0.0
154.0,0.0,-0.021180291278196327,0.009921981747455177,0.0,0.0,0.0
154.10000000000002,0.0,-0.02112712623735758,0.009921981747455177,0.0,0.0,0.0
154.20000000000002,0.0,-0.021074094647071082,0.009921981747455177,0.0,0.0,0.0
154.3,0.0,-0.02102119617236011,0.009921981747455177,0.0,0.0,0.0
154.4,0.0,-0.020968430479088796,0.009921981747455177,0.0,0.0,0.0
154.5,0.0,-0.020915797233959994,0.009921981747455177,0.0,0.0,0.0
154.60000000000002,0.0,-0.020863296104513134,0.009921981747455177,0.0,0.0,0.0
154.70000000000002,0.0,-0.020810926759122276,0.009921981747455177,0.0,0.0,0.0
154.8,0.0,-0.02075868886699379,0.009921981747455177,0.0,0.0,0.0
154.9,0.0,-0.020706582098164387,0.009921981747455177,0.0,0.0,0.0
155.0,0.0,-0.020654606123499068,0.009921981747455177,0.0,0.0,0.0
155.10000000000002,0.0,-0.020602760614688964,0.009921981747455177,0.0,0.0,0.0
155.20000000000002,0.0,-0.020551045244249357,0.009921981747455177,0.0,0.0,0.0
155.3,0.0,-0.02049945968551751,0.009921981747455177,0.0,0.0,0.0
155.4,0.0,-0.020448003612650638,0.009921981747455177,0.0,0.0,0.0
155.5,0.0,-0.020396676700623884,0.009921981747455177,0.0,0.0,0.0
155.60000000000002,0.0,-0.020345478625228203,0.009921981747455177,0.0,0.0,0.0
155.70000000000002,0.0,-0.02029440906306844,0.009921981747455177,0.0,0.0,0.0
155.8,0.0,-0.020243467691561115,0.009921981747455177,0.0,0.0,0.0
155.9,0.0,-0.020192654188932492,0.009921981747455177,0.0,0.0,0.0
156.0,0.0,-0.020141968234216538,0.009921981747455177,0.0,0.0,0.0
156.10000000000002,0.0,-0.020091409507252876,0.009921981747455177,0.0,0.0,0.0
156.20000000000002,0.0,-0.020040977688684788,0.009921981747455177,0.0,0.0,0.0
156.3,0.0,-0.019990672459957188,0.009921981747455177,0.0,0.0,0.0
156.4,0.0,-0.019940493503314522,0.009921981747455177,0.0,0.0,0.0
156.5,0.0,-0.019890440501798945,0.009921981747455177,0.0,0.0,0.0
156.60000000000002,0.0,-0.0198405131392481,0.009921981747455177,0.0,0.0,0.0
156.70000000000002,0.0,-0.019790711100293356,0.009921981747455177,0.0,0.0,0.0
156.8,0.0,-0.019741034070357634,0.009921981747455177,0.0,0.0,0.0
156.9,0.0,-0.019691481735653438,0.009921981747455177,0.0,0.0,0.0
157.0,0.0,-0.019642053783181006,0.009921981747455177,0.0,0.0,0.0
157.10000000000002,0.0,-0.01959274990072614,0.009921981747455177,0.0,0.0,0.0
157.20000000000002,0.0,-0.01954356977685846,0.009921981747455177,0.0,0.0,0.0
157.3,0.0,-0.01949451310092922,0.009921981747455177,0.0,0.0,0.0
157.4,0.0,-0.019445579563069453,0.009921981747455177,0.0,0.0,0.0
157.5,0.0,-0.019396768854188045,0.009921981747455177,0.0,0.0,0.0
157.60000000000002,0.0,-0.019348080665969675,0.009921981747455177,0.0,0.0,0.0
157.70000000000002,0.0,-0.019299514690872998,0.009921981747455177,0.0,0.0,0.0
157.8,0.0,-0.019251070622128576,0.009921981747455177,0.0,0.0,0.0
157.9,0.0,-0.01920274815373702,0.009921981747455177,0.0,0.0,0.0
158.0,0.0,-0.019154546980467018,0.009921981747455177,0.0,0.0,0.0
158.10000000000002,0.0,-0.01910646679785346,0.009921981747455177,0.0,0.0,0.0
158.20000000000002,0.0,-0.01905850730219547,0.009921981747455177,0.0,0.0,0.0
158.3,0.0,-0.019010668190554435,0.009921981747455177,0.0,0.0,0.0
158.4,0.0,-0.01896294916075227,0.009921981747455177,0.0,0.0,0.0
158.5,0.0,-0.018915349911369332,0.009921981747455177,0.0,0.0,0.0
158.60000000000002,0.0,-0.01886787014174255,0.009921981747455177,0.0,0.0,0.0
158.70000000000002,0.0,-0.018820509551963592,0.009921981747455177,0.0,0.0,0.0
158.8,0.0,-0.0187732678428769,0.009921981747455177,0.0,0.0,0.0
158.9,0.0,-0.018726144716077878,0.009921981747455177,0.0,0.0,0.0
159.0,0.0,-0.018679139873910892,0.009921981747455177,0.0,0.0,0.0
159.10000000000002,0.0,-0.018632253019467516,0.009921981747455177,0.0,0.0,0.0
159.20000000000002,0.0,-0.01858548385658461,0.009921981747455177,0.0,0.0,0.0
159.3,0.0,-0.01853883208984239,0.009921981747455177,0.0,0.0,0.0
159.4,0.0,-0.018492297424562612,0.009921981747455177,0.0,0.0,0.0
159.5,0.0,-0.01844587956680676,0.009921981747455177,0.0,0.0,0.0
159.60000000000002,0.0,-0.018399578223374093,0.009921981747455177,0.0,0.0,0.0
159.70000000000002,0.0,-0.018353393101799845,0.009921981747455177,0.0,0.0,0.0
159.8,0.0,-0.018307323910353408,0.009921981747455177,0.0,0.0,0.0
159.9,0.0,-0.0182613703580364,0.009921981747455177,0.0,0.0,0.0
160.0,0.0,-0.018215532154580914,0.009921981747455177,0.0,0.0,0.0
160.10000000000002,0.0,-0.018169809010447627,0.009921981747455177,0.0,0.0,0.0
160.20000000000002,0.0,-0.018124200636824045,0.009921981747455177,0.0,0.0,0.0
160.3,0.0,-0.018078706745622543,0.009921981747455177,0.0,0.0,0.0
160.4,0.0,-0.01803332704947871,0.009921981747455177,0.0,0.0,0.0
160.5,0.0,-0.017988061261749396,0.009921981747455177,0.0,0.0,0.0
160.60000000000002,0.0,-0.017942909096510983,0.009921981747455177,0.0,0.0,0.0
160.70000000000002,0.0,-0.017897870268557582,0.009921981747455177,0.0,0.0,0.0
160.8,0.0,-0.017852944493399164,0.009921981747455177,0.0,0.0,0.0
160.9,0.0,-0.017808131487259817,0.009921981747455177,0.0,0.0,0.0
161.0,0.0,-0.01776343096707593,0.009921981747455177,0.0,0.0,0.0
161.10000000000002,0.0,-0.017718842650494424,0.009921981747455177,0.0,0.0,0.0
161.20000000000002,0.0,-0.01767436625587098,0.009921981747455177,0.0,0.0,0.0
161.3,0.0,-0.017630001502268206,0.009921981747455177,0.0,0.0,0.0
161.4,0.0,-0.017585748109453913,0.009921981747455177,0.0,0.0,0.0
161.5,0.0,-0.017541605797899335,0.009921981747455177,0.0,0.0,0.0
161.60000000000002,0.0,-0.01749757428877733,0.009921981747455177,0.0,0.0,0.0
161.70000000000002,0.0,-0.017453653303960693,0.009921981747455177,0.0,0.0,0.0
161.8,0.0,-0.017409842566020305,0.009921981747455177,0.0,0.0,0.0
161.9,0.0,-0.017366141798223437,0.009921981747455177,0.0,0.0,0.0
162.0,0.0,-0.01732255072453201,0.009921981747455177,0.0,0.0,0.0
162.10000000000002,0.0,-0.0172790690696008,0.009921981747455177,0.0,0.0,0.0
162.20000000000002,0.0,-0.017235696558775764,0.009921981747455177,0.0,0.0,0.0
162.3,0.0,-0.017192432918092283,0.009921981747455177,0.0,0.0,0.0
162.4,0.0,-0.017149277874273373,0.009921981747455177,0.0,0.0,0.0
162.5,0.0,-0.017106231154728088,0.009921981747455177,0.0,0.0,0.0
162.60000000000002,0.0,-0.01706329248754959,0.009921981747455177,0.0,0.0,0.0
162.70000000000002,0.0,-0.01702046160151368,0.009921981747455177,0.0,0.0,0.0
162.8,0.0,-0.01697773822607691,0.009921981747455177,0.0,0.0,0.0
162.9,0.0,-0.016935122091374936,0.009921981747455177,0.0,0.0,0.0
163.0,0.0,-0.016892612928220817,0.009921981747455177,0.0,0.0,0.0
163.10000000000002,0.0,-0.01685021046810324,0.009921981747455177,0.0,0.0,0.0
163.20000000000002,0.0,-0.01680791444318502,0.009921981747455177,0.0,0.0,0.0
163.3,0.0,-0.016765724586301156,0.009921981747455177,0.0,0.0,0.0
163.4,0.0,-0.016723640630957295,0.009921981747455177,0.0,0.0,0.0
163.5,0.0,-0.016681662311328015,0.009921981747455177,0.0,0.0,0.0
163.60000000000002,0.0,-0.016639789362255165,0.009921981747455177,0.0,0.0,0.0
163.70000000000002,0.0,-0.016598021519246175,0.009921981747455177,0.0,0.0,0.0
163.8,0.0,-0.016556358518472373,0.009921981747455177,0.0,0.0,0.0
163.9,0.0,-0.01651480009676732,0.009921981747455177,0.0,0.0,0.0
164.0,0.0,-0.016473345991625143,0.009921981747455177,0.0,0.0,0.0
164.10000000000002,0.0,-0.016431995941198915,0.009921981747455177,0.0,0.0,0.0
164.20000000000002,0.0,-0.016390749684299002,0.009921981747455177,0.0,0.0,0.0
164.3,0.0,-0.016349606960391318,0.009921981747455177,0.0,0.0,0.0
164.4,0.0,-0.016308567509595792,0.009921981747455177,0.0,0.0,0.0
164.5,0.0,-0.01626763107268468,0.009921981747455177,0.0,0.0,0.0
164.60000000000002,0.0,-0.016226797391080915,0.009921981747455177,0.0,0.0,0.0
164.70000000000002,0.0,-0.016186066206856517,0.009921981747455177,0.0,0.0,0.0
164.8,0.0,-0.01614543726273092,0.009921981747455177,0.0,0.0,0.0
164.9,0.0,-0.016104910302069342,0.009921981747455177,0.0,0.0,0.0
165.0,0.0,-0.01606448506888121,0.009921981747455177,0.0,0.0,0.0
165.10000000000002,0.0,-0.016024161307818505,0.009921981747455177,0.0,0.0,0.0
165.20000000000002,0.0,-0.015983938764174168,0.009921981747455177,0.0,0.0,0.0
165.3,0.0,-0.01594381718388051,0.009921981747455177,0.0,0.0,0.0
165.4,0.0,-0.01590379631350755,0.009921981747455177,0.0,0.0,0.0
165.5,0.0,-0.015863875900261448,0.009921981747455177,0.0,0.0,0.0
165.60000000000002,0.0,-0.015824055691982895,0.009921981747455177,0.0,0.0,0.0
165.70000000000002,0.0,-0.015784335437145587,0.009921981747455177,0.0,0.0,0.0
165.8,0.0,-0.01574471488485453,0.009921981747455177,0.0,0.0,0.0
165.9,0.0,-0.01570519378484448,0.009921981747455177,0.0,0.0,0.0
166.0,0.0,-0.01566577188747847,0.009921981747455177,0.0,0.0,0.0
166.10000000000002,0.0,-0.015626448943746082,0.009921981747455177,0.0,0.0,0.0
166.20000000000002,0.0,-0.01558722470526199,0.009921981747455177,0.0,0.0,0.0
166.3,0.0,-0.015548098924264304,0.009921981747455177,0.0,0.0,0.0
166.4,0.0,-0.015509071353613086,0.009921981747455177,0.0,0.0,0.0
166.5,0.0,-0.015470141746788726,0.009921981747455177,0.0,0.0,0.0
166.60000000000002,0.0,-0.015431309857890391,0.009921981747455177,0.0,0.0,0.0
166.70000000000002,0.0,-0.015392575441634544,0.009921981747455177,0.0,0.0,0.0
166.8,0.0,-0.015353938253353265,0.009921981747455177,0.0,0.0,0.0
166.9,0.0,-0.01531539804899285,0.009921981747455177,0.0,0.0,0.0
167.0,0.0,-0.015276954585112142,0.009921981747455177,0.0,0.0,0.0
167.10000000000002,0.0,-0.01523860761888108,0.009921981747455177,0.0,0.0,0.0
167.20000000000002,0.0,-0.01520035690807913,0.009921981747455177,0.0,0.0,0.0
167.3,0.0,-0.015162202211093772,0.009921981747455177,0.0,0.0,0.0
167.4,0.0,-0.01512414328691893,0.009921981747455177,0.0,0.0,0.0
167.5,0.0,-0.0150861798951535,0.009921981747455177,0.0,0.0,0.0
167.60000000000002,0.0,-0.015048311795999822,0.009921981747455177,0.0,0.0,0.0
167.70000000000002,0.0,-0.015010538750262164,0.009921981747455177,0.0,0.0,0.0
167.8,0.0,-0.014972860519345162,0.009921981747455177,0.0,0.0,0.0
167.9,0.0,-0.0149352768652524,0.009921981747455177,0.0,0.0,0.0
168.0,0.0,-0.014897787550584848,0.009921981747455177,0.0,0.0,0.0
168.10000000000002,0.0,-0.014860392338539332,0.009921981747455177,0.0,0.0,0.0
168.20000000000002,0.0,-0.014823090992907162,0.009921981747455177,0.0,0.0,0.0
168.3,0.0,-0.014785883278072492,0.009921981747455177,0.0,0.0,0.0
168.4,0.0,-0.01474876895901094,0.009921981747455177,0.0,0.0,0.0
168.5,0.0,-0.01471174780128806,0.009921981747455177,0.0,0.0,0.0
168.60000000000002,0.0,-0.014674819571057825,0.009921981747455177,0.0,0.0,0.0
168.70000000000002,0.0,-0.014637984035061237,0.009921981747455177,0.0,0.0,0.0
168.8,0.0,-0.014601240960624765,0.009921981747455177,0.0,0.0,0.0
168.9,0.0,-0.01456459011565896,0.009921981747455177,0.0,0.0,0.0
169.0,0.0,-0.014528031268656908,0.009921981747455177,0.0,0.0,0.0
169.10000000000002,0.0,-0.014491564188692817,0.009921981747455177,0.0,0.0,0.0
169.20000000000002,0.0,-0.01445518864542056,0.009921981747455177,0.0,0.0,0.0
169.3,0.0,-0.01441890440907219,0.009921981747455177,0.0,0.0,0.0
169.4,0.0,-0.014382711250456509,0.009921981747455177,0.0,0.0,0.0
169.5,0.0,-0.014346608940957616,0.009921981747455177,0.0,0.0,0.0
169.60000000000002,0.0,-0.014310597252533449,0.009921981747455177,0.0,0.0,0.0
169.70000000000002,0.0,-0.01427467595771439,0.009921981747455177,0.0,0.0,0.0
169.8,0.0,-0.014238844829601778,0.009921981747455177,0.0,0.0,0.0
169.9,0.0,-0.014203103641866483,0.009921981747455177,0.0,0.0,0.0
170.0,0.0,-0.014167452168747511,0.009921981747455177,0.0,0.0,0.0
170.10000000000002,0.0,-0.014131890185050528,0.009921981747455177,0.0,0.0,0.0
170.20000000000002,0.0,-0.014096417466146507,0.009921981747455177,0.0,0.0,0.0
170.3,0.0,-0.014061033787970223,0.009921981747455177,0.0,0.0,0.0
170.4,0.0,-0.014025738927018912,0.009921981747455177,0.0,0.0,0.0
170.5,0.0,-0.013990532660350805,0.009921981747455177,0.0,0.0,0.0
170.60000000000002,0.0,-0.013955414765583748,0.009921981747455177,0.0,0.0,0.0
170.70000000000002,0.0,-0.013920385020893806,0.009921981747455177,0.0,0.0,0.0
170.8,0.0,-0.013885443205013835,0.009921981747455177,0.0,0.0,0.0
170.9,0.0,-0.013850589097232116,0.009921981747455177,0.0,0.0,0.0
171.0,0.0,-0.013815822477390927,0.009921981747455177,0.0,0.0,0.0
171.10000000000002,0.0,-0.013781143125885154,0.009921981747455177,0.0,0.0,0.0
171.20000000000002,0.0,-0.013746550823660946,0.009921981747455177,0.0,0.0,0.0
171.3,0.0,-0.01371204535221429,0.009921981747455177,0.0,0.0,0.0
171.4,0.0,-0.013677626493589647,0.009921981747455177,0.0,0.0,0.0
171.5,0.0,-0.013643294030378566,0.009921981747455177,0.0,0.0,0.0
171.60000000000002,0.0,-0.013609047745718325,0.009921981747455177,0.0,0.0,0.0
171.70000000000002,0.0,-0.013574887423290558,0.009921981747455177,0.0,0.0,0.0
171.8,0.0,-0.013540812847319863,0.009921981747455177,0.0,0.0,0.0
171.9,0.0,-0.01350682380257247,0.009921981747455177,0.0,0.0,0.0
172.0,0.0,-0.013472920074354886,0.009921981747455177,0.0,0.0,0.0
172.10000000000002,0.0,-0.0134391014485125,0.009921981747455177,0.0,0.0,0.0
172.20000000000002,0.0,-0.013405367711428272,0.009921981747455177,0.0,0.0,0.0
172.3,0.0,-0.013371718650021368,0.009921981747455177,0.0,0.0,0.0
172.4,0.0,-0.013338154051745788,0.009921981747455177,0.0,0.0,0.0
172.5,0.0,-0.013304673704589064,0.009921981747455177,0.0,0.0,0.0
172.60000000000002,0.0,-0.013271277397070909,0.009921981747455177,0.0,0.0,0.0
172.70000000000002,0.0,-0.013237964918241888,0.009921981747455177,0.0,0.0,0.0
172.8,0.0,-0.013204736057682055,0.009921981747455177,0.0,0.0,0.0
172.9,0.0,-0.013171590605499621,0.009921981747455177,0.0,0.0,0.0
173.0,0.0,-0.013138528352329695,0.009921981747455177,0.0,0.0,0.0
173.10000000000002,0.0,-0.01310554908933289,0.009921981747455177,0.0,0.0,0.0
173.20000000000002,0.0,-0.013072652608194043,0.009921981747455177,0.0,0.0,0.0
173.3,0.0,-0.013039838701120876,0.009921981747455177,0.0,0.0,0.0
173.4,0.0,-0.013007107160842699,0.009921981747455177,0.0,0.0,0.0
173.5,0.0,-0.012974457780609124,0.009921981747455177,0.0,0.0,0.0
173.60000000000002,0.0,-0.012941890354188662,0.009921981747455177,0.0,0.0,0.0
173.70000000000002,0.0,-0.012909404675867556,0.009921981747455177,0.0,0.0,0.0
173.8,0.0,-0.012877000540448385,0.009921981747455177,0.0,0.0,0.0
173.9,0.0,-0.012844677743248802,0.009921981747455177,0.0,0.0,0.0
174.0,0.0,-0.012812436080100225,0.009921981747455177,0.0,0.0,0.0
174.10000000000002,0.0,-0.012780275347346583,0.009921981747455177,0.0,0.0,0.0
174.20000000000002,0.0,-0.012748195341843004,0.009921981747455177,0.0,0.0,0.0
174.3,0.0,-0.012716195860954516,0.009921981747455177,0.0,0.0,0.0
174.4,0.0,-0.0126842767025548,0.009921981747455177,0.0,0.0,0.0
174.5,0.0,-0.012652437665024878,0.009921981747455177,0.0,0.0,0.0
174.60000000000002,0.0,-0.012620678547251872,0.009921981747455177,0.0,0.0,0.0
174.70000000000002,0.0,-0.012588999148627746,0.009921981747455177,0.0,0.0,0.0
174.8,0.0,-0.012557399269047977,0.009921981747455177,0.0,0.0,0.0
174.9,0.0,-0.012525878708910336,0.009921981747455177,0.0,0.0,0.0
175.0,0.0,-0.012494437269113623,0.009921981747455177,0.0,0.0,0.0
175.10000000000002,0.0,-0.012463074751056406,0.009921981747455177,0.0,0.0,0.0
175.20000000000002,0.0,-0.012431790956635796,0.009921981747455177,0.0,0.0,0.0
175.3,0.0,-0.012400585688246098,0.009921981747455177,0.0,0.0,0.0
175.4,0.0,-0.012369458748777679,0.009921981747455177,0.0,0.0,0.0
175.5,0.0,-0.012338409941615676,0.009921981747455177,0.0,0.0,0.0
175.60000000000002,0.0,-0.012307439070638734,0.009921981747455177,0.0,0.0,0.0
175.70000000000002,0.0,-0.012276545940217785,0.009921981747455177,0.0,0.0,0.0
175.8,0.0,-0.01224573035521485,0.009921981747455177,0.0,0.0,0.0
175.9,0.0,-0.01221499212098172,0.009921981747455177,0.0,0.0,0.0
176.0,0.0,-0.012184331043358799,0.009921981747455177,0.0,0.0,0.0
176.10000000000002,0.0,-0.01215374692867385,0.009921981747455177,0.0,0.0,0.0
176.20000000000002,0.0,-0.01212323958374079,0.009921981747455177,0.0,0.0,0.0
176.3,0.0,-0.012092808815858438,0.009921981747455177,0.0,0.0,0.0
176.4,0.0,-0.012062454432809313,0.009921981747455177,0.0,0.0,0.0
176.5,0.0,-0.012032176242858461,0.009921981747455177,0.0,0.0,0.0
176.60000000000002,0.0,-0.012001974054752155,0.009921981747455177,0.0,0.0,0.0
176.70000000000002,0.0,-0.01197184767771676,0.009921981747455177,0.0,0.0,0.0
176.8,0.0,-0.011941796921457509,0.009921981747455177,0.0,0.0,0.0
176.9,0.0,-0.011911821596157298,0.009921981747455177,0.0,0.0,0.0
177.0,0.0,-0.011881921512475475,0.009921981747455177,0.0,0.0,0.0
177.10000000000002,0.0,-0.011852096481546665,0.009921981747455177,0.0,0.0,0.0
177.20000000000002,0.0,-0.011822346314979556,0.009921981747455177,0.0,0.0,0.0
177.3,0.0,-0.011792670824855737,0.009921981747455177,0.0,0.0,0.0
177.4,0.0,-0.011763069823728487,0.009921981747455177,0.0,0.0,0.0
177.5,0.0,-0.011733543124621609,0.009921981747455177,0.0,0.0,0.0
177.60000000000002,0.0,-0.011704090541028207,0.009921981747455177,0.0,0.0,0.0
177.70000000000002,0.0,-0.011674711886909571,0.009921981747455177,0.0,0.0,0.0
177.8,0.0,-0.011645406976693964,0.009921981747455177,0.0,0.0,0.0
177.9,0.0,-0.011616175625275444,0.009921981747455177,0.0,0.0,0.0
178.0,0.0,-0.011587017648012713,0.009921981747455177,0.0,0.0,0.0
178.10000000000002,0.0,-0.011557932860727935,0.009921981747455177,0.0,0.0,0.0
178.20000000000002,0.0,-0.01152892107970562,0.009921981747455177,0.0,0.0,0.0
178.3,0.0,-0.011499982121691387,0.009921981747455177,0.0,0.0,0.0
178.4,0.0,-0.01147111580389085,0.009921981747455177,0.0,0.0,0.0
178.5,0.0,-0.01144232194396846,0.009921981747455177,0.0,0.0,0.0
178.60000000000002,0.0,-0.011413600360046358,0.009921981747455177,0.0,0.0,0.0
178.70000000000002,0.0,-0.011384950870703233,0.009921981747455177,0.0,0.0,0.0
178.8,0.0,-0.01135637329497315,0.009921981747455177,0.0,0.0,0.0
178.9,0.0,-0.011327867452344412,0.009921981747455177,0.0,0.0,0.0
179.0,0.0,-0.011299433162758431,0.009921981747455177,0.0,0.0,0.0
179.10000000000002,0.0,-0.011271070246608582,0.009921981747455177,0.0,0.0,0.0
179.20000000000002,0.0,-0.011242778524739106,0.009921981747455177,0.0,0.0,0.0
179.3,0.0,-0.011214557818443917,0.009921981747455177,0.0,0.0,0.0
179.4,0.0,-0.011186407949465495,0.009921981747455177,0.0,0.0,0.0
179.5,0.0,-0.011158328739993796,0.009921981747455177,0.0,0.0,0.0
179.60000000000002,0.0,-0.011130320012665064,0.009921981747455177,0.0,0.0,0.0
179.70000000000002,0.0,-0.0111023815905608,0.009921981747455177,0.0,0.0,0.0
179.8,0.0,-0.011074513297206549,0.009921981747455177,0.0,0.0,0.0
179.9,0.0,-0.011046714956570823,0.009921981747455177,0.0,0.0,0.0
180.0,0.0,-0.011018986393064024,0.009921981747455177,0.0,0.0,0.0
180.10000000000002,0.0,-0.010991327431537279,0.009921981747455177,0.0,0.0,0.0
180.20000000000002,0.0,-0.010963737897281386,0.009921981747455177,0.0,0.0,0.0
180.3,0.0,-0.010936217616025666,0.009921981747455177,0.0,0.0,0.0
180.4,0.0,-0.010908766413936875,0.009921981747455177,0.0,0.0,0.0
180.5,0.0,-0.010881384117618112,0.009921981747455177,0.0,0.0,0.0
180.60000000000002,0.0,-0.01085407055410775,0.009921981747455177,0.0,0.0,0.0
180.70000000000002,0.0,-0.010826825550878277,0.009921981747455177,0.0,0.0,0.0
180.8,0.0,-0.01079964893583527,0.009921981747455177,0.0,0.0,0.0
180.9,0.0,-0.010772540537316274,0.009921981747455177,0.0,0.0,0.0
181.0,0.0,-0.010745500184089745,0.009921981747455177,0.0,0.0,0.0
181.10000000000002,0.0,-0.010718527705353914,0.009921981747455177,0.0,0.0,0.0
181.20000000000002,0.0,-0.010691622930735787,0.009921981747455177,0.0,0.0,0.0
181.3,0.0,-0.010664785690290002,0.009921981747455177,0.0,0.0,0.0
181.4,0.0,-0.010638015814497765,0.009921981747455177,0.0,0.0,0.0
181.5,0.0,-0.010611313134265828,0.009921981747455177,0.0,0.0,0.0
181.60000000000002,0.0,-0.010584677480925368,0.009921981747455177,0.0,0.0,0.0
181.70000000000002,0.0,-0.010558108686230958,0.009921981747455177,0.0,0.0,0.0
181.8,0.0,-0.010531606582359458,0.009921981747455177,0.0,0.0,0.0
181.9,0.0,-0.010505171001909012,0.009921981747455177,0.0,0.0,0.0
182.0,0.0,-0.01047880177789794,0.009921981747455177,0.0,0.0,0.0
182.10000000000002,0.0,-0.010452498743763722,0.009921981747455177,0.0,0.0,0.0
182.20000000000002,0.0,-0.01042626173336193,0.009921981747455177,0.0,0.0,0.0
182.3,0.0,-0.010400090580965164,0.009921981747455177,0.0,0.0,0.0
182.4,0.0,-0.010373985121262032,0.009921981747455177,0.0,0.0,0.0
182.5,0.0,-0.010347945189356087,0.009921981747455177,0.0,0.0,0.0
182.60000000000002,0.0,-0.010321970620764783,0.009921981747455177,0.0,0.0,0.0
182.70000000000002,0.0,-0.010296061251418475,0.009921981747455177,0.0,0.0,0.0
182.8,0.0,-0.010270216917659322,0.009921981747455177,0.0,0.0,0.0
182.9,0.0,-0.010244437456240303,0.009921981747455177,0.0,0.0,0.0
183.0,0.0,-0.010218722704324142,0.009921981747455177,0.0,0.0,0.0
183.10000000000002,0.0,-0.010193072499482318,0.009921981747455177,0.0,0.0,0.0
183.20000000000002,0.0,-0.010167486679694047,0.009921981747455177,0.0,0.0,0.0
183.3,0.0,-0.010141965083345195,0.009921981747455177,0.0,0.0,0.0
183.4,0.0,-0.010116507549227329,0.009921981747455177,0.0,0.0,0.0
183.5,0.0,-0.01009111391653664,0.009921981747455177,0.0,0.0,0.0
183.60000000000002,0.0,-0.010065784024873,0.009921981747455177,0.0,0.0,0.0
183.70000000000002,0.0,-0.010040517714238877,0.009921981747455177,0.0,0.0,0.0
183.8,0.0,-0.010015314825038335,0.009921981747455177,0.0,0.0,0.0
183.9,0.0,-0.009990175198076079,0.009921981747455177,0.0,0.0,0.0
184.0,0.0,-0.009965098674556382,0.009921981747455177,0.0,0.0,0.0
184.10000000000002,0.0,-0.009940085096082105,0.009921981747455177,0.0,0.0,0.0
184.20000000000002,0.0,-0.009915134304653773,0.009921981747455177,0.0,0.0,0.0
184.3,0.0,-0.00989024614266843,0.009921981747455177,0.0,0.0,0.0
184.4,0.0,-0.009865420452918766,0.009921981747455177,0.0,0.0,0.0
184.5,0.0,-0.009840657078592059,0.009921981747455177,0.0,0.0,0.0
184.60000000000002,0.0,-0.009815955863269209,0.009921981747455177,0.0,0.0,0.0
184.70000000000002,0.0,-0.009791316650923762,0.009921981747455177,0.0,0.0,0.0
184.8,0.0,-0.009766739285920893,0.009921981747455177,0.0,0.0,0.0
184.9,0.0,-0.009742223613016443,0.009921981747455177,0.0,0.0,0.0
185.0,0.0,-0.009717769477355937,0.009921981747455177,0.0,0.0,0.0
185.10000000000002,0.0,-0.009693376724473585,0.009921981747455177,0.0,0.0,0.0
185.20000000000002,0.0,-0.00966904520029137,0.009921981747455177,0.0,0.0,0.0
185.3,0.0,-0.009644774751117984,0.009921981747455177,0.0,0.0,0.0
185.4,0.0,-0.009620565223647917,0.009921981747455177,0.0,0.0,0.0
185.5,0.0,-0.009596416464960478,0.009921981747455177,0.0,0.0,0.0
185.60000000000002,0.0,-0.009572328322518808,0.009921981747455177,0.0,0.0,0.0
185.70000000000002,0.0,-0.009548300644168959,0.009921981747455177,0.0,0.0,0.0
185.8,0.0,-0.009524333278138897,0.009921981747455177,0.0,0.0,0.0
185.9,0.0,-0.009500426073037553,0.009921981747455177,0.0,0.0,0.0
186.0,0.0,-0.009476578877853886,0.009921981747455177,0.0,0.0,0.0
186.10000000000002,0.0,-0.00945279154195584,0.009921981747455177,0.0,0.0,0.0
186.20000000000002,0.0,-0.009429063915089566,0.009921981747455177,0.0,0.0,0.0
186.3,0.0,-0.009405395847378298,0.009921981747455177,0.0,0.0,0.0
186.4,0.0,-0.009381787189321499,0.009921981747455177,0.0,0.0,0.0
186.5,0.0,-0.009358237791793896,0.009921981747455177,0.0,0.0,0.0
186.60000000000002,0.0,-0.00933474750604453,0.009921981747455177,0.0,0.0,0.0
186.70000000000002,0.0,-0.00931131618369586,0.009921981747455177,0.0,0.0,0.0
186.8,0.0,-0.009287943676742752,0.009921981747455177,0.0,0.0,0.0
186.9,0.0,-0.009264629837551584,0.009921981747455177,0.0,0.0,0.0
187.0,0.0,-0.00924137451885933,0.009921981747455177,0.0,0.0,0.0
187.10000000000002,0.0,-0.009218177573772588,0.009921981747455177,0.0,0.0,0.0
187.20000000000002,0.0,-0.009195038855766719,0.009921981747455177,0.0,0.0,0.0
187.3,0.0,-0.009171958218684837,0.009921981747455177,0.0,0.0,0.0
187.4,0.0,-0.009148935516736945,0.009921981747455177,0.0,0.0,0.0
187.5,0.0,-0.009125970604498984,0.009921981747455177,0.0,0.0,0.0
187.60000000000002,0.0,-0.009103063336911932,0.009921981747455177,0.0,0.0,0.0
187.70000000000002,0.0,-0.009080213569280895,0.009921981747455177,0.0,0.0,0.0
187.8,0.0,-0.00905742115727416,0.009921981747455177,0.0,0.0,0.0
187.9,0.0,-0.009034685956922318,0.009921981747455177,0.0,0.0,0.0
188.0,0.0,-0.00901200782461734,0.009921981747455177,0.0,0.0,0.0
188.10000000000002,0.0,-0.008989386617111657,0.009921981747455177,0.0,0.0,0.0
188.20000000000002,0.0,-0.008966822191517291,0.009921981747455177,0.0,0.0,0.0
188.3,0.0,-0.00894431440530491,0.009921981747455177,0.0,0.0,0.0
188.4,0.0,-0.008921863116302947,0.009921981747455177,0.0,0.0,0.0
188.5,0.0,-0.008899468182696716,0.009921981747455177,0.0,0.0,0.0
188.60000000000002,0.0,-0.008877129463027489,0.009921981747455177,0.0,0.0,0.0
188.70000000000002,0.0,-0.008854846816191631,0.009921981747455177,0.0,0.0,0.0
188.8,0.0,-0.008832620101439684,0.009921981747455177,0.0,0.0,0.0
188.9,0.0,-0.008810449178375482,0.009921981747455177,0.0,0.0,0.0
189.0,0.0,-0.008788333906955307,0.009921981747455177,0.0,0.0,0.0
189.10000000000002,0.0,-0.0087662741474869,0.009921981747455177,0.0,0.0,0.0
189.20000000000002,0.0,-0.008744269760628708,0.009921981747455177,0.0,0.0,0.0
189.3,0.0,-0.008722320607388914,0.009921981747455177,0.0,0.0,0.0
189.4,0.0,-0.008700426549124582,0.009921981747455177,0.0,0.0,0.0
189.5,0.0,-0.0086785874475408,0.009921981747455177,0.0,0.0,0.0
189.60000000000002,0.0,-0.008656803164689787,0.009921981747455177,0.0,0.0,0.0
189.70000000000002,0.0,-0.008635073562970021,0.009921981747455177,0.0,0.0,0.0
189.8,0.0,-0.008613398505125403,0.009921981747455177,0.0,0.0,0.0
189.9,0.0,-0.008591777854244335,0.009921981747455177,0.0,0.0,0.0
190.0,0.0,-0.008570211473758884,0.009921981747455177,0.0,0.0,0.0
190.10000000000002,0.0,-0.008548699227443925,0.009921981747455177,0.0,0.0,0.0
190.20000000000002,0.0,-0.008527240979416286,0.009921981747455177,0.0,0.0,0.0
190.3,0.0,-0.00850583659413388,0.009921981747455177,0.0,0.0,0.0
190.4,0.0,-0.008484485936394809,0.009921981747455177,0.0,0.0,0.0
190.5,0.0,-0.008463188871336576,0.009921981747455177,0.0,0.0,0.0
190.60000000000002,0.0,-0.008441945264435202,0.009921981747455177,0.0,0.0,0.0
190.70000000000002,0.0,-0.008420754981504392,0.009921981747455177,0.0,0.0,0.0
190.8,0.0,-0.008399617888694649,0.009921981747455177,0.0,0.0,0.0
190.9,0.0,-0.008378533852492463,0.009921981747455177,0.0,0.0,0.0
191.0,0.0,-0.008357502739719481,0.009921981747455177,0.0,0.0,0.0
191.10000000000002,0.0,-0.008336524417531598,0.009921981747455177,0.0,0.0,0.0
191.20000000000002,0.0,-0.008315598753418214,0.009921981747455177,0.0,0.0,0.0
191.3,0.0,-0.008294725615201313,0.009921981747455177,0.0,0.0,0.0
191.4,0.0,-0.008273904871034677,0.009921981747455177,0.0,0.0,0.0
191.5,0.0,-0.008253136389403021,0.009921981747455177,0.0,0.0,0.0
191.60000000000002,0.0,-0.008232420039121188,0.009921981747455177,0.0,0.0,0.0
191.70000000000002,0.0,-0.008211755689333312,0.009921981747455177,0.0,0.0,0.0
191.8,0.0,-0.008191143209512013,0.009921981747455177,0.0,0.0,0.0
191.9,0.0,-0.008170582469457515,0.009921981747455177,0.0,0.0,0.0
192.0,0.0,-0.00815007333929687,0.009921981747455177,0.0,0.0,0.0
192.10000000000002,0.0,-0.008129615689483132,0.009921981747455177,0.0,0.0,0.0
192.20000000000002,0.0,-0.008109209390794521,0.009921981747455177,0.0,0.0,0.0
192.3,0.0,-0.008088854314333645,0.009921981747455177,0.0,0.0,0.0
192.4,0.0,-0.008068550331526628,0.009921981747455177,0.0,0.0,0.0
192.5,0.0,-0.00804829731412235,0.009921981747455177,0.0,0.0,0.0
192.60000000000002,0.0,-0.00802809513419161,0.009921981747455177,0.0,0.0,0.0
192.70000000000002,0.0,-0.00800794366412632,0.009921981747455177,0.0,0.0,0.0
192.8,0.0,-0.00798784277663872,0.009921981747455177,0.0,0.0,0.0
192.9,0.0,-0.007967792344760544,0.009921981747455177,0.0,0.0,0.0
193.0,0.0,-0.007947792241842222,0.009921981747455177,0.0,0.0,0.0
193.10000000000002,0.0,-0.007927842341552117,0.009921981747455177,0.0,0.0,0.0
193.20000000000002,0.0,-0.007907942517875678,0.009921981747455177,0.0,0.0,0.0
193.3,0.0,-0.007888092645114673,0.009921981747455177,0.0,0.0,0.0
193.4,0.0,-0.007868292597886389,0.009921981747455177,0.0,0.0,0.0
193.5,0.0,-0.007848542251122827,0.009921981747455177,0.0,0.0,0.0
193.60000000000002,0.0,-0.007828841480069921,0.009921981747455177,0.0,0.0,0.0
193.70000000000002,0.0,-0.007809190160286777,0.009921981747455177,0.0,0.0,0.0
193.8,0.0,-0.007789588167644852,0.009921981747455177,0.0,0.0,0.0
193.9,0.0,-0.007770035378327167,0.009921981747455177,0.0,0.0,0.0
194.0,0.0,-0.00775053166882755,0.009921981747455177,0.0,0.0,0.0
194.10000000000002,0.0,-0.007731076915949835,0.009921981747455177,0.0,0.0,0.0
194.20000000000002,0.0,-0.007711670996807118,0.009921981747455177,0.0,0.0,0.0
194.3,0.0,-0.007692313788820928,0.009921981747455177,0.0,0.0,0.0
194.4,0.0,-0.0076730051697204895,0.009921981747455177,0.0,0.0,0.0
194.5,0.0,-0.0076537450175419375,0.009921981747455177,0.0,0.0,0.0
194.60000000000002,0.0,-0.0076345332106275594,0.009921981747455177,0.0,0.0,0.0
194.70000000000002,0.0,-0.00761536962762502,0.009921981747455177,0.0,0.0,0.0
194.8,0.0,-0.007596254147486585,0.009921981747455177,0.0,0.0,0.0
194.9,0.0,-0.007577186649468355,0.009921981747455177,0.0,0.0,0.0
195.0,0.0,-0.007558167013129531,0.009921981747455177,0.0,0.0,0.0
195.10000000000002,0.0,-0.007539195118331617,0.009921981747455177,0.0,0.0,0.0
195.20000000000002,0.0,-0.007520270845237705,0.009921981747455177,0.0,0.0,0.0
195.3,0.0,-0.007501394074311659,0.009921981747455177,0.0,0.0,0.0
195.4,0.0,-0.007482564686317412,0.009921981747455177,0.0,0.0,0.0
195.5,0.0,-0.007463782562318202,0.009921981747455177,0.0,0.0,0.0
195.60000000000002,0.0,-0.007445047583675783,0.009921981747455177,0.0,0.0,0.0
195.70000000000002,0.0,-0.007426359632049735,0.009921981747455177,0.0,0.0,0.0
195.8,0.0,-0.007407718589396673,0.009921981747455177,0.0,0.0,0.0
195.9,0.0,-0.007389124337969519,0.009921981747455177,0.0,0.0,0.0
196.0,0.0,-0.0073705767603167455,0.009921981747455177,0.0,0.0,0.0
196.10000000000002,0.0,-0.007352075739281648,0.009921981747455177,0.0,0.0,0.0
196.20000000000002,0.0,-0.007333621158001609,0.009921981747455177,0.0,0.0,0.0
196.3,0.0,-0.0073152128999073324,0.009921981747455177,0.0,0.0,0.0
196.4,0.0,-0.007296850848722131,0.009921981747455177,0.0,0.0,0.0
196.5,0.0,-0.007278534888461198,0.009921981747455177,0.0,0.0,0.0
196.60000000000002,0.0,-0.00726026490343084,0.009921981747455177,0.0,0.0,0.0
196.70000000000002,0.0,-0.00724204077822779,0.009921981747455177,0.0,0.0,0.0
196.8,0.0,-0.00722386239773844,0.009921981747455177,0.0,0.0,0.0
196.9,0.0,-0.007205729647138143,0.009921981747455177,0.0,0.0,0.0
197.0,0.0,-0.007187642411890469,0.009921981747455177,0.0,0.0,0.0
197.10000000000002,0.0,-0.007169600577746487,0.009921981747455177,0.0,0.0,0.0
197.20000000000002,0.0,-0.007151604030744056,0.009921981747455177,0.0,0.0,0.0
197.3,0.0,-0.007133652657207081,0.009921981747455177,0.0,0.0,0.0
197.4,0.0,-0.007115746343744802,0.009921981747455177,0.0,0.0,0.0
197.5,0.0,-0.007097884977251097,0.009921981747455177,0.0,0.0,0.0
197.60000000000002,0.0,-0.007080068444903754,0.009921981747455177,0.0,0.0,0.0
197.70000000000002,0.0,-0.007062296634163747,0.009921981747455177,0.0,0.0,0.0
197.8,0.0,-0.007044569432774543,0.009921981747455177,0.0,0.0,0.0
197.9,0.0,-0.007026886728761386,0.009921981747455177,0.0,0.0,0.0
198.0,0.0,-0.007009248410430595,0.009921981747455177,0.0,0.0,0.0
198.10000000000002,0.0,-0.006991654366368833,0.009921981747455177,0.0,0.0,0.0
198.20000000000002,0.0,-0.0069741044854424545,0.009921981747455177,0.0,0.0,0.0
198.3,0.0,-0.006956598656796756,0.009921981747455177,0.0,0.0,0.0
198.4,0.0,-0.006939136769855289,0.009921981747455177,0.0,0.0,0.0
198.5,0.0,-0.006921718714319165,0.009921981747455177,0.0,0.0,0.0
198.60000000000002,0.0,-0.0069043443801663626,0.009921981747455177,0.0,0.0,0.0
198.70000000000002,0.0,-0.006887013657651031,0.009921981747455177,0.0,0.0,0.0
198.8,0.0,-0.006869726437302794,0.009921981747455177,0.0,0.0,0.0
198.9,0.0,-0.006852482609926059,0.009921981747455177,0.0,0.0,0.0
199.0,0.0,-0.006835282066599328,0.009921981747455177,0.0,0.0,0.0
199.10000000000002,0.0,-0.0068181246986744985,0.009921981747455177,0.0,0.0,0.0
199.20000000000002,0.0,-0.006801010397776199,0.009921981747455177,0.0,0.0,0.0
199.3,0.0,-0.006783939055801101,0.009921981747455177,0.0,0.0,0.0
199.4,0.0,-0.006766910564917198,0.009921981747455177,0.0,0.0,0.0
199.5,0.0,-0.006749924817563182,0.009921981747455177,0.0,0.0,0.0
199.60000000000002,0.0,-0.0067329817064477274,0.009921981747455177,0.0,0.0,0.0
199.70000000000002,0.0,-0.006716081124548827,0.009921981747455177,0.0,0.0,0.0
199.8,0.0,-0.006699222965113101,0.009921981747455177,0.0,0.0,0.0
199.9,0.0,-0.006682407121655151,0.009921981747455177,0.0,0.0,0.0
200.0,0.0,-0.006665633487956849,0.009921981747455177,0.0,0.0,0.0
200.10000000000002,0.0,-0.006648901958066691,0.009921981747455177,0.0,0.0,0.0
200.20000000000002,0.0,-0.006632212426299145,0.009921981747455177,0.0,0.0,0.0
200.3,0.0,-0.006615564787233942,0.009921981747455177,0.0,0.0,0.0
200.4,0.0,-0.006598958935715433,0.009921981747455177,0.0,0.0,0.0
200.5,0.0,-0.006582394766851921,0.009921981747455177,0.0,0.0,0.0
200.60000000000002,0.0,-0.006565872176015,0.009921981747455177,0.0,0.0,0.0
200.70000000000002,0.0,-0.006549391058838905,0.009921981747455177,0.0,0.0,0.0
200.8,0.0,-0.006532951311219832,0.009921981747455177,0.0,0.0,0.0
200.9,0.0,-0.006516552829315286,0.009921981747455177,0.0,0.0,0.0
201.0,0.0,-0.006500195509543438,0.009921981747455177,0.0,0.0,0.0
201.10000000000002,0.0,-0.006483879248582454,0.009921981747455177,0.0,0.0,0.0
201.20000000000002,0.0,-0.006467603943369857,0.009921981747455177,0.0,0.0,0.0
201.3,0.0,-0.006451369491101865,0.009921981747455177,0.0,0.0,0.0
201.4,0.0,-0.006435175789232748,0.009921981747455177,0.0,0.0,0.0
201.5,0.0,-0.006419022735474171,0.009921981747455177,0.0,0.0,0.0
201.60000000000002,0.0,-0.006402910227794559,0.009921981747455177,0.0,0.0,0.0
201.70000000000002,0.0,-0.006386838164418456,0.009921981747455177,0.0,0.0,0.0
201.8,0.0,-0.006370806443825866,0.009921981747455177,0.0,0.0,0.0
201.9,0.0,-0.0063548149647516235,0.009921981747455177,0.0,0.0,0.0
202.0,0.0,-0.006338863626184744,0.009921981747455177,0.0,0.0,0.0
202.10000000000002,0.0,-0.0063229523273677975,0.009921981747455177,0.0,0.0,0.0
202.20000000000002,0.0,-0.00630708096779627,0.009921981747455177,0.0,0.0,0.0
202.3,0.0,-0.006901479667506068,0.009507106828632816,1.2566370614359172,0.0,0.0
202.4,0.0,-0.008019887355932986,0.008568304497886925,1.2566370614359172,0.0,0.0
202.5,0.0,-0.009009168098464264,0.007496901055607685,1.2566370614359172,0.0,0.0
202.60000000000002,0.0,-0.009854064059824906,0.006310104803401384,1.2566370614359172,0.0,0.0
202.70000000000002,0.0,-0.010541629878954475,0.005026898376614741,1.2566370614359172,0.0,0.0
202.8,0.0,-0.01106143076416594,0.003667735298925223,1.2566370614359172,0.0,0.0
202.9,0.0,-0.011405700547593895,0.002254214130961496,1.2566370614359172,0.0,0.0
203.0,0.0,-0.011569457309958788,0.0008087354015964832,1.2566370614359172,0.0,0.0
203.10000000000002,0.0,-0.011550574860967534,-0.0006458532312464405,1.2566370614359172,0.0,0.0
203.20000000000002,0.0,-0.011349809060285132,-0.002086617971738536,1.2566370614359172,0.0,0.0
203.3,0.0,-0.010970778677856386,-0.0034909003279071094,1.2566370614359172,0.0,0.0
203.4,0.0,-0.01041990120915445,-0.004836673309872974,1.2566370614359172,0.0,0.0
203.5,0.0,-0.009706294124794831,-0.006102871908142793,0.0,0.0,0.0
203.60000000000002,0.0,-0.009681931313643576,-0.006102870094867707,0.0,0.0,0.0
203.70000000000002,0.0,-0.009657628518798755,-0.006102870094867707,0.0,0.0,0.0
203.8,0.0,-0.009633386726848716,-0.006102870094867707,0.0,0.0,0.0
203.9,0.0,-0.009609205784668964,-0.006102870094867707,0.0,0.0,0.0
204.0,0.0,-0.00958508553951938,-0.006102870094867707,0.0,0.0,0.0
204.10000000000002,0.0,-0.009561025839043209,-0.006102870094867707,0.0,0.0,0.0
204.20000000000002,0.0,-0.00953702653126616,-0.006102870094867707,0.0,0.0,0.0
204.3,0.0,-0.009513087464595395,-0.006102870094867707,0.0,0.0,0.0
204.4,0.0,-0.009489208487818611,-0.006102870094867707,0.0,0.0,0.0
204.5,0.0,-0.009465389450103041,-0.006102870094867707,0.0,0.0,0.0
204.60000000000002,0.0,-0.00944163020099454,-0.006102870094867707,0.0,0.0,0.0
204.70000000000002,0.0,-0.009417930590416639,-0.006102870094867707,0.0,0.0,0.0
204.8,0.0,-0.009394290468669532,-0.006102870094867707,0.0,0.0,0.0
204.9,0.0,-0.009370709686429205,-0.006102870094867707,0.0,0.0,0.0
