Time,Sx,Sy,Sz,Hx,Hy,Hz
0.0,0.0,0.0,1.0,0.0,0.0,0.6283185307179586
0.03003003003003003,0.001774759209413365,-0.18755547817346094,0.9822524079058664,6.283185307179586,0.0,0.6283185307179586
0.06006006006006006,0.007035412206143997,-0.36838708528792363,0.9296458779385601,6.283185307179586,0.0,0.6283185307179586
0.09009009009009009,0.015593363825288479,-0.5360119625265816,0.8440663617471154,6.283185307179586,0.0,0.6283185307179586
0.12012012012012012,0.027141810273125552,-0.6844207339841266,0.7285818972687447,6.283185307179586,0.0,0.6283185307179586
0.15015015015015015,0.04126673808715131,-0.8082929239052594,0.5873326191284873,6.283185307179586,0.0,0.6283185307179586
0.18018018018018017,0.05746176657812609,-0.9031876965040723,0.42538233421873956,6.283185307179586,0.0,0.6283185307179586
0.21021021021021022,0.07514630165045588,-0.9657030605642912,0.24853698349544173,6.283185307179586,0.0,0.6283185307179586
0.24024024024024024,0.09368635018384192,-0.993597831312607,0.06313649816158107,6.283185307179586,0.0,0.6283185307179586
0.2702702702702703,0.11187965066896825,-0.9936569063552126,-0.011353247058503435,0.0,6.283185307179586,0.6283185307179586
0.3003003003003003,0.12638141755005056,-0.9914023410729165,-0.03389889988146261,0.0,6.283185307179586,0.6283185307179586
0.3303303303303303,0.13635239247462244,-0.9889162004247832,-0.05876030636279522,0.0,6.283185307179586,0.6283185307179586
0.36036036036036034,0.14143511456067626,-0.9862876129098408,-0.08504618151221749,0.0,6.283185307179586,0.6283185307179586
0.39039039039039036,0.14144736749199183,-0.9836108137677362,-0.11181417293326501,0.0,6.283185307179586,0.6283185307179586
0.42042042042042044,0.13638871199922303,-0.980981766631868,-0.1381046442919462,0.0,6.283185307179586,0.6283185307179586
0.45045045045045046,0.12644050160776704,-0.978494723219359,-0.16297507841703535,0.0,6.283185307179586,0.6283185307179586
0.4804804804804805,0.11195938108785232,-0.9762388443934705,-0.18553386667592414,0.0,6.283185307179586,0.6283185307179586
0.5105105105105106,0.09346450068834267,-0.9742950037338569,-0.20497227327205886,0.0,6.283185307179586,0.6283185307179586
0.5405405405405406,0.0716189045258112,-0.9727328882071323,-0.22059342853930908,0.0,6.283185307179586,0.6283185307179586
0.5705705705705706,0.04720576035780562,-0.9716084998791124,-0.23183731181950912,0.0,6.283185307179586,0.6283185307179586
0.6006006006006006,0.021100282906345674,-0.9709621482327208,-0.23830082828342386,0.0,6.283185307179586,0.6283185307179586
0.6306306306306306,-0.005761642715465693,-0.9708170050672406,-0.2397522599382248,0.0,6.283185307179586,0.6283185307179586
0.6606606606606606,-0.032417012619058515,-0.9711782737859842,-0.236139572750789,0.0,6.283185307179586,0.6283185307179586
0.6906906906906907,-0.05791022796800442,-0.972033002853538,-0.22759228207525256,0.0,6.283185307179586,0.6283185307179586
0.7207207207207207,-0.08132735333344303,-0.9733505501101651,-0.214416809508978,0.0,6.283185307179586,0.6283185307179586
0.7507507507507507,-0.10182888141036796,-0.9750836812976315,-0.19708549763431427,0.0,6.283185307179586,0.6283185307179586
0.7807807807807807,-0.11867982947499141,-0.9771702634141395,-0.1762196764692321,0.0,6.283185307179586,0.6283185307179586
0.8108108108108109,-0.13127608862087128,-0.9795354921913618,-0.1525673886970096,0.0,6.283185307179586,0.6283185307179586
0.8408408408408409,-0.1391660811499042,-0.9820945738381941,-0.12697657222868636,0.0,6.283185307179586,0.6283185307179586
0.8708708708708709,-0.14206694969761027,-0.9847557649103368,-0.10036466150725865,0.0,6.283185307179586,0.6283185307179586
0.9009009009009009,-0.13987469771024258,-0.9874236613259387,-0.07368569735123748,0.0,6.283185307179586,0.6283185307179586
0.9309309309309309,-0.13266791773616446,-0.9900026186156236,-0.04789612445438718,0.0,6.283185307179586,0.6283185307179586
0.960960960960961,-0.12070497387171111,-0.9924001807904431,-0.023920502706191282,0.0,6.283185307179586,0.6283185307179586
0.990990990990991,-0.1044147393712578,-0.9945303949023491,-0.002618361587129192,0.0,6.283185307179586,0.6283185307179586
1.021021021021021,-0.08438122147950151,-0.9963168924697171,0.015246614086552424,0.0,6.283185307179586,0.6283185307179586
1.0510510510510511,-0.06132262468792658,-0.997695627298372,0.029033962373100464,0.0,6.283185307179586,0.6283185307179586
1.0810810810810811,-0.036065603000712834,-0.9986171715468404,0.0382494048577825,0.0,6.283185307179586,0.6283185307179586
1.1111111111111112,-0.00951562427005078,-0.999048487721561,0.04256256660498986,0.0,6.283185307179586,0.6283185307179586
1.1411411411411412,0.017375490956305674,-0.9989741130757712,0.041818820147090985,0.0,6.283185307179586,0.6283185307179586
1.1711711711711712,0.04364369233827458,-0.9983967139511959,0.03604482890133898,0.0,6.283185307179586,0.6283185307179586
1.2012012012012012,0.06834726108649128,-0.9973369901893157,0.02544759128253532,0.0,6.283185307179586,0.6283185307179586
1.2312312312312312,0.09060057071605589,-0.9958329330390769,0.010407019780152071,0.0,6.283185307179586,0.6283185307179586
1.2612612612612613,0.10960583688311547,-0.9939384631651679,-0.008537678958936368,0.0,6.283185307179586,0.6283185307179586
1.2912912912912913,0.12468171806808355,-0.9917214975844487,-0.030707334766128414,0.0,6.283185307179586,0.6283185307179586
1.3213213213213213,0.13528774176689834,-0.9892615148311508,-0.05530716229910926,0.0,6.283185307179586,0.6283185307179586
1.3513513513513513,0.14104368050785798,-0.9866467056400184,-0.08145525421043304,0.0,6.283185307179586,0.6283185307179586
1.3813813813813813,0.14174318306104863,-0.983970811295812,-0.10821419765249529,0.0,6.283185307179586,0.6283185307179586
1.4114114114114114,0.13736117215955096,-0.9813297629947971,-0.1346246806626487,0.0,6.283185307179586,0.6283185307179586
1.4414414414414414,0.1280547435230579,-0.9788182426975882,-0.1597398836347394,0.0,6.283185307179586,0.6283185307179586
1.4714714714714714,0.11415753395377863,-0.9765262887672753,-0.18265942293786697,0.0,6.283185307179586,0.6283185307179586
1.5015015015015014,0.09616776040919811,-0.9745360680811851,-0.20256162979876863,0.0,6.283185307179586,0.6283185307179586
1.5315315315315314,0.07473035885265099,-0.9729189303365362,-0.21873300724526107,0.0,6.283185307179586,0.6283185307179586
1.5615615615615615,0.050613863206479266,-0.9717328501535533,-0.23059380907508936,0.0,6.283185307179586,0.6283185307179586
1.5915915915915915,0.02468285330062207,-0.971020348677014,-0.2377188238404786,0.0,6.283185307179586,0.6283185307179586
1.6216216216216217,-0.002133040438365998,-0.970806969187106,-0.23985261873955838,0.0,6.283185307179586,0.6283185307179586
1.6516516516516517,-0.02887246437151996,-0.9711003613691649,-0.23691869691897066,0.0,6.283185307179586,0.6283185307179586
1.6816816816816818,-0.05457680631338896,-0.9718900070713582,-0.22902223989703852,0.0,6.283185307179586,0.6283185307179586
1.7117117117117118,-0.07832456191645701,-0.9731475973819379,-0.21644633679124048,0.0,6.283185307179586,0.6283185307179586
1.7417417417417418,-0.09926437073424917,-0.97482804750779,-0.1996418355327214,0.0,6.283185307179586,0.6283185307179586
1.7717717717717718,-0.1166455376155186,-0.9768711130707366,-0.1792111799032589,0.0,6.283185307179586,0.6283185307179586
1.8018018018018018,-0.12984494523315332,-0.9792035498771398,-0.15588681183922765,0.0,6.283185307179586,0.6283185307179586
1.8318318318318318,-0.13838939292977814,-0.9817417397327558,-0.13050491328306746,0.0,6.283185307179586,0.6283185307179586
1.8618618618618619,-0.14197256102923228,-0.9843946881669986,-0.1039754289406411,0.0,6.283185307179586,0.6283185307179586
1.8918918918918919,-0.1404659924409201,-0.9870672865977683,-0.07724944463294381,0.0,6.283185307179586,0.6283185307179586
1.921921921921922,-0.13392369786494415,-0.9896637219877699,-0.05128509073292464,0.0,6.283185307179586,0.6283185307179586
1.951951951951952,-0.12258021950075591,-0.9920909117556508,-0.02701319305411498,0.0,6.283185307179586,0.6283185307179586
1.981981981981982,-0.10684222267564486,-0.9942618407998998,-0.005303902611625444,0.0,6.283185307179586,0.6283185307179586
2.012012012012012,-0.08727391683439377,-0.9960986810027241,0.013064499416620967,0.0,6.283185307179586,0.6283185307179586
2.042042042042042,-0.06457682854971263,-0.9975355813792434,0.027433503181812036,0.0,6.283185307179586,0.6283185307179586
2.0720720720720722,-0.03956465169392801,-0.9985210288447456,0.03728797783683169,0.0,6.283185307179586,0.6283185307179586
2.1021021021021022,-0.013134076396885252,-0.9990196949661677,0.042274639051054,0.0,6.283185307179586,0.6283185307179586
2.1321321321321323,0.01376735742389285,-0.9990137024914921,0.04221471430430024,0.0,6.283185307179586,0.6283185307179586
2.1621621621621623,0.04017522950523348,-0.9985032662517968,0.03711035190734169,0.0,6.283185307179586,0.6283185307179586
2.1921921921921923,0.06514281384315501,-0.9975066854595279,0.027144543984649827,0.0,6.283185307179586,0.6283185307179586
2.2222222222222223,0.08777501895597697,-0.9960596876791106,0.012674566180473745,0.0,6.283185307179586,0.6283185307179586
2.2522522522522523,0.1072604770423954,-0.9942141479886349,-0.005780830724281316,0.0,6.283185307179586,0.6283185307179586
2.2822822822822824,0.12290063163360114,-0.9920362292508634,-0.02756001810199543,0.0,6.283185307179586,0.6283185307179586
2.3123123123123124,0.1341347809429383,-0.9896040101651044,-0.05188220895958717,0.0,6.283185307179586,0.6283185307179586
2.3423423423423424,0.1405601791054239,-0.9870046861346361,-0.07787544926426793,0.0,6.283185307179586,0.6283185307179586
2.3723723723723724,0.14194647467480626,-0.9843314432989873,-0.1046078776207548,0.0,6.283185307179586,0.6283185307179586
2.4024024024024024,0.13824396875597209,-0.98168011779746,-0.13112113263602393,0.0,6.283185307179586,0.6283185307179586
2.4324324324324325,0.12958539671746824,-0.9791457600297836,-0.1564647103127882,0.0,6.283185307179586,0.6283185307179586
2.4624624624624625,0.11628116960949034,-0.9768192270856413,-0.1797300397542106,0.0,6.283185307179586,0.6283185307179586
2.4924924924924925,0.09880824588318526,-0.9747839255049676,-0.2000830555609444,0.0,6.283185307179586,0.6283185307179586
2.5225225225225225,0.07779303236172778,-0.9731128211415221,-0.2167940991954026,0.0,6.283185307179586,0.6283185307179586
2.5525525525525525,0.05398892746581273,-0.9718658233265581,-0.22926407734504156,0.0,6.283185307179586,0.6283185307179586
2.5825825825825826,0.028249311772150457,-0.9710876371107026,-0.23704593950359693,0.0,6.283185307179586,0.6283185307179586
2.6126126126126126,0.001496954197321029,-0.9708061605814734,-0.2398607047958879,0.0,6.283185307179586,0.6283185307179586
2.6426426426426426,-0.02530906940031428,-0.9710314847128388,-0.23760746348223144,0.0,6.283185307179586,0.6283185307179586
2.6726726726726726,-0.05120775922777488,-0.9717555316023531,-0.23036699458709092,0.0,6.283185307179586,0.6283185307179586
2.7027027027027026,-0.07527064353795491,-0.9729523440651161,-0.21839886995945662,0.0,6.283185307179586,0.6283185307179586
2.7327327327327327,-0.09663506447500443,-0.974579016202581,-0.20213214858480716,0.0,6.283185307179586,0.6283185307179586
2.7627627627627627,-0.11453510448226406,-0.9765772315851712,-0.18214999475890514,0.0,6.283185307179586,0.6283185307179586
2.7927927927927927,-0.1283290445565901,-0.9788753539046512,-0.1591687715641027,0.0,6.283185307179586,0.6283185307179586
2.8228228228228227,-0.13752236996671213,-0.9813909951460583,-0.134012359150031,0.0,6.283185307179586,0.6283185307179586
2.8528528528528527,-0.1417854986773181,-0.9840339692098612,-0.10758261851199974,0.0,6.283185307179586,0.6283185307179586
2.8828828828828827,-0.14096559691231964,-0.9867095250965725,-0.0808270596448869,0.0,6.283185307179586,0.6283185307179586
2.9129129129129128,-0.13509205826765822,-0.9893217437436769,-0.054704873173840596,0.0,6.283185307179586,0.6283185307179586
2.942942942942943,-0.12437544994667254,-0.9917769767377895,-0.03015254323271449,0.0,6.283185307179586,0.6283185307179586
2.972972972972973,-0.10919996389563956,-0.9939872036237138,-0.008050274373469446,0.0,6.283185307179586,0.6283185307179586
3.003003003003003,-0.09010964346736407,-0.9958731874503942,0.010809563893333707,0.0,6.283185307179586,0.6283185307179586
3.033033033033033,-0.06778887938890346,-0.9973673154269811,0.025750843659204214,0.0,6.283185307179586,0.6283185307179586
3.063063063063063,-0.043037874255784245,-0.9984160228510878,0.03623791790027081,0.0,6.283185307179586,0.6283185307179586
3.093093093093093,-0.01674395515411274,-0.9989817134110571,0.04189482349996332,0.0,6.283185307179586,0.6283185307179586
3.123123123123123,0.010150237142804244,-0.9990441070191298,0.042518759580694676,0.0,6.283185307179586,0.6283185307179586
3.153153153153153,0.03668054198146347,-0.9986009668555031,0.03808735794442758,0.0,6.283185307179586,0.6283185307179586
3.183183183183183,0.06189584412596282,-0.997668179558639,0.028759484975785343,0.0,6.283185307179586,0.6283185307179586
3.2132132132132134,0.0848921713757057,-0.9962791856869965,0.014869546259361877,0.0,6.283185307179586,0.6283185307179586
3.2432432432432434,0.10484510209852281,-0.9944837808702125,-0.003084501908476145,0.0,6.283185307179586,0.6283185307179586
3.2732732732732734,0.121039320864502,-0.9923463306286325,-0.024459004324277,0.0,6.283185307179586,0.6283185307179586
3.3033033033033035,0.13289426260680662,-0.9899434628601682,-0.048487682008921784,0.0,6.283185307179586,0.6283185307179586
3.3333333333333335,0.13998492596264017,-0.9873613207191607,-0.07430910341899488,0.0,6.283185307179586,0.6283185307179586
3.3633633633633635,0.14205710963309554,-0.9846924743719359,-0.10099756689124284,0.0,6.283185307179586,0.6283185307179586
3.3933933933933935,0.13903652553620216,-0.9820326023430552,-0.12759628718005128,0.0,6.283185307179586,0.6283185307179586
3.4234234234234235,0.13103146204532595,-0.9794770614264792,-0.1531516963458121,0.0,6.283185307179586,0.6283185307179586
3.4534534534534536,0.11832890183544328,-0.9771174681308199,-0.1767476293024064,0.0,6.283185307179586,0.6283185307179586
3.4834834834834836,0.10138423351305738,-0.9750384142143583,-0.1975381684670237,0.0,6.283185307179586,0.6283185307179586
3.5135135135135136,0.08080492586930113,-0.9733144340583697,-0.2147779700269059,0.0,6.283185307179586,0.6283185307179586
3.5435435435435436,0.05732875003659574,-0.9720073325988601,-0.22784898462199998,0.0,6.283185307179586,0.6283185307179586
3.5735735735735736,0.03179733028767354,-0.9711639696107387,-0.23628261450321486,0.0,6.283185307179586,0.6283185307179586
3.6036036036036037,0.005125971684616953,-0.9708145797781625,-0.2397765128289756,0.0,6.283185307179586,0.6283185307179586
3.6336336336336337,-0.0217291537389752,-0.9709716887767716,-0.2382054228428857,0.0,6.283185307179586,0.6283185307179586
3.6636636636636637,-0.047805285882615095,-0.9716296642264187,-0.23162566834641768,0.0,6.283185307179586,0.6283185307179586
3.6936936936936937,-0.07216759166669658,-0.9727649176128056,-0.2202731344825481,0.0,6.283185307179586,0.6283185307179586
3.7237237237237237,-0.09394267893255959,-0.9743367499391072,-0.2045548112195298,0.0,6.283185307179586,0.6283185307179586
3.7537537537537538,-0.11234990767672093,-0.9762888107908476,-0.1850342027021214,0.0,6.283185307179586,0.6283185307179586
3.7837837837837838,-0.12672937610703097,-0.9785511185063472,-0.1624111255471276,0.0,6.283185307179586,0.6283185307179586
3.813813813813814,-0.1365655782166264,-0.9810425690293343,-0.1374966203172544,0.0,6.283185307179586,0.6283185307179586
3.843843843843844,-0.1415058847482583,-0.9836738435010058,-0.1111838756005411,0.0,6.283185307179586,0.6283185307179586
3.873873873873874,-0.14137318500377075,-0.9863506103539303,-0.08441620707129527,0.0,6.283185307179586,0.6283185307179586
3.903903903903904,-0.13617223628804773,-0.9889769071122807,-0.058153239487790886,0.0,6.283185307179586,0.6283185307179586
3.933933933933934,-0.12608949335895,-0.991458580660363,-0.03333650400696714,0.0,6.283185307179586,0.6283185307179586
3.963963963963964,-0.11148642399748789,-0.9937066626453266,-0.010855684157328793,0.0,6.283185307179586,0.6283185307179586
3.993993993993994,-0.09288655033599595,-0.9956405590053827,0.008483279443231295,0.0,6.283185307179586,0.6283185307179586
4.024024024024024,-0.0709566805145567,-0.9971909392784841,0.023987082174246055,0.0,6.283185307179586,0.6283185307179586
4.054054054054054,-0.04648300351348471,-0.9983022221093409,0.03509991048281469,0.0,6.283185307179586,0.6283185307179586
4.084084084084084,-0.020342904165552022,-0.9989345678489838,0.04142336787924383,0.0,6.283185307179586,0.6283185307179586
4.114114114114114,0.006526491216181182,-0.9990653068118971,0.04273075750837446,0.0,6.283185307179586,0.6283185307179586
4.1441441441441444,0.033161910951179756,-0.9986897519874971,0.0389752092643752,0.0,6.283185307179586,0.6283185307179586
4.1741741741741745,0.058608471419422534,-0.9978213670701357,0.03029136009076283,0.0,6.283185307179586,0.6283185307179586
4.2042042042042045,0.08195390977621782,-0.9964912837837251,0.016990527226653618,0.0,6.283185307179586,0.6283185307179586
4.2342342342342345,0.10236128870610715,-0.994747185804966,-0.0004504525609354548,0.0,6.283185307179586,0.6283185307179586
4.2642642642642645,0.1190990007457355,-0.992651599296698,-0.02140631764361678,0.0,6.283185307179586,0.6283185307179586
4.2942942942942945,0.13156699651640763,-0.9902796513359856,-0.045125797250742616,0.0,6.283185307179586,0.6283185307179586
4.324324324324325,0.13931829658042902,-0.9877163765976246,-0.07075854463435044,0.0,6.283185307179586,0.6283185307179586
4.354354354354355,0.1420750157180943,-0.9850536688488483,-0.09738562212211316,0.0,6.283185307179586,0.6283185307179586
4.384384384384385,0.13973832515269385,-0.9823869865445825,-0.12405244516477021,0.0,6.283185307179586,0.6283185307179586
4.414414414414415,0.13239199557634226,-0.9798119306281382,-0.1498030043292135,0.0,6.283185307179586,0.6283185307179586
4.444444444444445,0.12029939395864331,-0.977420817223673,-0.17371413837386507,0.0,6.283185307179586,0.6283185307179586
4.474474474474475,0.1038940418030337,-0.975299368089892,-0.19492862971167257,0.0,6.283185307179586,0.6283185307179586
4.504504504504505,0.08376407333866881,-0.9735236374826967,-0.21268593578362582,0.0,6.283185307179586,0.6283185307179586
4.534534534534535,0.06063115082390255,-0.9721572855991943,-0.22634945461864658,0.0,6.283185307179586,0.6283185307179586
4.564564564564565,0.035324592850757994,-0.9712492963504984,-0.23542934710560992,0.0,6.283185307179586,0.6283185307179586
4.594594594594595,0.008751643154385402,-0.9708322212814818,-0.23960009779577807,0.0,6.283185307179586,0.6283185307179586
4.624624624624625,-0.018135054205043945,-0.9709210125932242,-0.23871218467835326,0.0,6.283185307179586,0.6283185307179586
4.654654654654655,-0.04437160726861146,-0.9715124871044571,-0.23279743956602206,0.0,6.283185307179586,0.6283185307179586
4.684684684684685,-0.06901743184370919,-0.9725854403690689,-0.2220679069199028,0.0,6.283185307179586,0.6283185307179586
4.714714714714715,-0.09118897158233054,-0.974101406858541,-0.2069082420251826,0.0,6.283185307179586,0.6283185307179586
4.744744744744745,-0.110091373602948,-0.9760060389566649,-0.1878619210439424,0.0,6.283185307179586,0.6283185307179586
4.774774774774775,-0.12504698408038728,-0.9782310553293847,-0.16561175731674904,0.0,6.283185307179586,0.6283185307179586
4.804804804804805,-0.1355196422327118,-0.9806966888204194,-0.14095542240640385,0.0,6.283185307179586,0.6283185307179586
4.834834834834835,-0.1411339017622012,-0.9833145461152658,-0.11477684945794048,0.0,6.283185307179586,0.6283185307179586
4.864864864864865,-0.14168849065900566,-0.985990776654208,-0.08801454406851944,0.0,6.283185307179586,0.6283185307179586
4.894894894894895,-0.13716352683158403,-0.9886294371883515,-0.06162793872708239,0.0,6.283185307179586,0.6283185307179586
4.924924924924925,-0.12772123088253934,-0.9911359313588665,-0.036562997021933386,0.0,6.283185307179586,0.6283185307179586
4.954954954954955,-0.11370011047673427,-0.9934204009900257,-0.013718300710340359,0.0,6.283185307179586,0.6283185307179586
4.984984984984985,-0.09560282479292616,-0.9954009475177019,0.0060871645664214435,0.0,6.283185307179586,0.6283185307179586
5.015015015015015,-0.07407816412007023,-0.9970065680646444,0.022143370035844323,0.0,6.283185307179586,0.6283185307179586
5.045045045045045,-0.049897790632350926,-0.9981797009038181,0.03387469842757962,0.0,6.283185307179586,0.6283185307179586
5.075075075075075,-0.023928574189494196,-0.998878289054579,0.04086057993518871,0.0,6.283185307179586,0.6283185307179586
5.105105105105105,0.0028984850721106956,-0.9990772880314664,0.042850569704060926,0.0,6.283185307179586,0.6283185307179586
5.135135135135135,0.029621633227910896,-0.9987695636926001,0.03977332631539304,0.0,6.283185307179586,0.6283185307179586
5.165165165165165,0.05528284158140927,-0.9979661479996903,0.03173916938629323,0.0,6.283185307179586,0.6283185307179586
5.195195195195195,0.07896215213042317,-0.9966958435206282,0.019036124595672943,0.0,6.283185307179586,0.6283185307179586
5.225225225225225,0.09981065819348814,-0.9950041908532934,0.0021195979223242456,0.0,6.283185307179586,0.6283185307179586
5.255255255255255,0.11708093783621758,-0.9929518359885833,-0.018403950724776186,0.0,6.283185307179586,0.6283185307179586
5.285285285285285,0.13015384905491467,-0.9906123561429372,-0.04179874918124005,0.0,6.283185307179586,0.6283185307179586
5.315315315315315,0.1385607261062602,-0.9880696220045656,-0.06722609056495138,0.0,6.283185307179586,0.6283185307179586
5.345345345345345,0.14200018124146954,-0.9854147909572447,-0.0937744010381577,0.0,6.283185307179586,0.6283185307179586
5.375375375375375,0.14034890950033987,-0.9827430390750234,-0.12049191986037355,0.0,6.283185307179586,0.6283185307179586
5.405405405405405,0.13366610921176922,-0.9801501490463087,-0.14642082014751934,0.0,6.283185307179586,0.6283185307179586
5.435435435435435,0.12219135972516967,-0.9777290763507436,-0.1706315471031737,0.0,6.283185307179586,0.6283185307179586
5.465465465465465,0.10633603245640838,-0.9755666167919179,-0.19225614269142927,0.0,6.283185307179586,0.6283185307179586
5.495495495495495,0.0866685431635116,-0.9737402948553563,-0.21051936205704241,0.0,6.283185307179586,0.6283185307179586
5.525525525525525,0.06389397416016449,-0.9723155844445854,-0.22476646616475127,0.0,6.283185307179586,0.6283185307179586
5.555555555555555,0.038828797013577505,-0.9713435616322951,-0.23448669428765412,0.0,6.283185307179586,0.6283185307179586
5.585585585585585,0.012371601921627532,-0.9708590735758035,-0.23933157485256862,0.0,6.283185307179586,0.6283185307179586
5.615615615615615,-0.014529116874694992,-0.9708794892414665,-0.23912741819594074,0.0,6.283185307179586,0.6283185307179586
5.645645645645645,-0.04090896474594658,-0.9714040767247397,-0.23388154336320932,0.0,6.283185307179586,0.6283185307179586
5.675675675675675,-0.06582222036009916,-0.9724140294890631,-0.2237820157199777,0.0,6.283185307179586,0.6283185307179586
5.7057057057057055,-0.08837573992801624,-0.9738731405828943,-0.20919090478166658,0.0,6.283185307179586,0.6283185307179586
5.7357357357357355,-0.10776097653647111,-0.9757291006641187,-0.1906313039694243,0.0,6.283185307179586,0.6283185307179586
5.7657657657657655,-0.1232829666710226,-0.97791537329747,-0.1687685776359084,0.0,6.283185307179586,0.6283185307179586
5.7957957957957955,-0.13438524475774402,-0.9803535802952852,-0.14438650765775485,0.0,6.283185307179586,0.6283185307179586
5.8258258258258255,-0.14066979253390835,-0.9829563115867789,-0.11835919474281775,0.0,6.283185307179586,0.6283185307179586
5.8558558558558556,-0.1419113080598274,-0.9856302588816257,-0.09161972179434774,0.0,6.283185307179586,0.6283185307179586
5.885885885885886,-0.13806528282572383,-0.9882795607855601,-0.06512670275500265,0.0,6.283185307179586,0.6283185307179586
5.915915915915916,-0.12926959738819385,-0.9908092394451176,-0.03982991615942755,0.0,6.283185307179586,0.6283185307179586
5.945945945945946,-0.11583957833246551,-0.9931286055173116,-0.01663625543748498,0.0,6.283185307179586,0.6283185307179586
5.975975975975976,-0.09825669376906535,-0.9951545093955961,0.003622783345358427,0.0,6.283185307179586,0.6283185307179586
6.006006006006006,-0.07715129263295883,-0.9968143221351914,0.020220910741307996,0.0,6.283185307179586,0.6283185307179586
6.036036036036036,-0.05328000658376893,-0.998048539211178,0.03256308150117648,0.0,6.283185307179586,0.6283185307179586
6.066066066066066,-0.027498624652192202,-0.9988129137642571,0.040206827031964265,0.0,6.283185307179586,0.6283185307179586
6.096096096096096,-0.0007314130804319705,-0.9990800428570026,0.042878117959417095,0.0,6.283185307179586,0.6283185307179586
6.126126126126126,0.026062019755228764,-0.9988403498731032,0.040481188120422285,0.0,6.283185307179586,0.6283185307179586
6.156156156156156,0.05192112544243315,-0.9981024278404308,0.03310196779369756,0.0,6.283185307179586,0.6283185307179586
6.186186186186186,0.07591885133118433,-0.9968927313697576,0.021005003086968288,0.0,6.283185307179586,0.6283185307179586
6.216216216216216,0.0971948755043917,-0.9952546282531646,0.00462397192103875,0.0,6.283185307179586,0.6283185307179586
6.246246246246246,0.11498644944206567,-0.9932468447224705,-0.015453863385906208,0.0,6.283185307179586,0.6283185307179586
6.276276276276276,0.12865574266522342,-0.9909413601053922,-0.038508709556688,0.0,6.283185307179586,0.6283185307179586
6.306306306306306,0.13771270905009725,-0.9884208263563189,-0.06371404704742001,0.0,6.283185307179586,0.6283185307179586
6.336336336336336,0.14183265505199968,-0.9857756049718835,-0.09016626089177271,0.0,6.283185307179586,0.6283185307179586
6.366366366366366,0.14086788001549783,-0.9831005275183409,-0.11691703542719778,0.0,6.283185307179586,0.6283185307179586
6.396396396396396,0.1348529712641076,-0.9804914959063082,-0.14300735154752325,0.0,6.283185307179586,0.6283185307179586
6.426426426426427,0.12400356413978211,-0.9780420442935062,-0.1675018676755437,0.0,6.283185307179586,0.6283185307179586
6.456456456456457,0.10870861144495692,-0.9758399858717812,-0.18952245189279388,0.0,6.283185307179586,0.6283185307179586
6.486486486486487,0.08951643942876153,-0.9739642647515753,-0.2082796630948524,0.0,6.283185307179586,0.6283185307179586
6.516516516516517,0.06711509021229728,-0.972482125804238,-0.2231010525682266,0.0,6.283185307179586,0.6283185307179586
6.546546546546547,0.04230765537985308,-0.9714467039237366,-0.23345527137323852,0.0,6.283185307179586,0.6283185307179586
6.576576576576577,0.01598348503035442,-0.9708951191330835,-0.23897111927976616,0.0,6.283185307179586,0.6283185307179586
6.606606606606607,-0.01091369555131585,-0.9708471458261837,-0.2394508523487659,0.0,6.283185307179586,0.6283185307179586
6.636636636636637,-0.037419618581217264,-0.9713045038529736,-0.23487727208086667,0.0,6.283185307179586,0.6283185307179586
6.666666666666667,-0.06258404291479075,-0.9722507968625562,-0.2254143419850393,0.0,6.283185307179586,0.6283185307179586
6.696696696696697,-0.08550482032826273,-0.9736521001147331,-0.21140130946327057,0.0,6.283185307179586,0.6283185307179586
6.726726726726727,-0.10536023766193708,-0.975458176686809,-0.1933405437425137,0.0,6.283185307179586,0.6283185307179586
6.756756756756757,-0.1214384753548967,-0.9776042784744801,-0.17187952586580768,0.0,6.283185307179586,0.6283185307179586
6.786786786786787,-0.1331631262784173,-0.9800134674206645,-0.14778763640396136,0.0,6.283185307179586,0.6283185307179586
6.816816816816817,-0.14011386001425405,-0.9825993737558935,-0.12192857305167493,0.0,6.283185307179586,0.6283185307179586
6.846846846846847,-0.14204149176045872,-0.9852692923669378,-0.09522938694123206,0.0,6.283185307179586,0.6283185307179586
6.876876876876877,-0.13887691564229002,-0.9879275062884244,-0.06864724772636521,0.0,6.283185307179586,0.6283185307179586
6.906906906906907,-0.13073358216774128,-0.9904787181697806,-0.04313512891280202,0.0,6.283185307179586,0.6283185307179586
6.936936936936937,-0.11790343101054701,-0.9928314666989289,-0.019607643621322668,0.0,6.283185307179586,0.6283185307179586
6.966966966966967,-0.10084642493098255,-0.9949014055034494,0.0010917444238803253,0.0,6.283185307179586,0.6283185307179586
6.996996996996997,-0.08017406004489758,-0.9966143269801373,0.018220959190760166,0.0,6.283185307179586,0.6283185307179586
7.027027027027027,-0.05662744360020565,-0.9979088226482279,0.031165915871664396,0.0,6.283185307179586,0.6283185307179586
7.057057057057057,-0.03105072517568796,-0.9987384846522429,0.039462535911816754,0.0,6.283185307179586,0.6283185307179586
7.087087087087087,-0.004360833797447858,-0.999073569490272,0.042813384292107404,0.0,6.283185307179586,0.6283185307179586
7.117117117117117,0.022485394098265808,-0.9989020643227828,0.04109833261721324,0.0,6.283185307179586,0.6283185307179586
7.147147147147147,0.04852551738861654,-0.9982301176346428,0.03437886573581128,0.0,6.283185307179586,0.6283185307179586
7.177177177177177,0.07282599391655636,-0.9970818188110548,0.022895877499928774,0.0,6.283185307179586,0.6283185307179586
7.207207207207207,0.0945156481111311,-0.9954983345296395,0.00706103468577679,0.0,6.283185307179586,0.6283185307179586
7.237237237237237,0.11281690275672401,-0.9935364329291364,-0.012557981319256117,0.0,6.283185307179586,0.6283185307179586
7.267267267267267,0.1270736552478277,-0.9912664484634808,-0.035257825975810786,0.0,6.283185307179586,0.6283185307179586
7.297297297297297,0.1367747989616109,-0.9887697604015385,-0.060224706595233435,0.0,6.283185307179586,0.6283185307179586
7.327327327327327,0.14157254650369688,-0.9861358753686362,-0.08656355692425305,0.0,6.283185307179586,0.6283185307179586
7.357357357357357,0.141294897936164,-0.9834592185212002,-0.11333012539861376,0.0,6.283185307179586,0.6283185307179586
7.387387387387387,0.13595180700000442,-0.9808357483913448,-0.13956482669716708,0.0,6.283185307179586,0.6283185307179586
7.4174174174174174,0.1257348242720809,-0.9783595167597268,-0.16432714301334628,0.0,6.283185307179586,0.6283185307179586
7.4474474474474475,0.11101023004945679,-0.9761192968857104,-0.18672934175350864,0.0,6.283185307179586,0.6283185307179586
7.4774774774774775,0.09230590314817956,-0.9741954009732794,-0.2059683008778197,0.0,6.283185307179586,0.6283185307179586
7.5075075075075075,0.07029239637196881,-0.9726568009669976,-0.22135430094063702,0.0,6.283185307179586,0.6283185307179586
7.5375375375375375,0.04575889709797001,-0.9715586558978992,-0.2323357516316218,0.0,6.283185307179586,0.6283185307179586
7.5675675675675675,0.019584934796025237,-0.9709403344243092,-0.23851896636752462,0.0,6.283185307179586,0.6283185307179586
7.597597597597598,-0.0072911502290442425,-0.9708240034597923,-0.23968227601269332,0.0,6.283185307179586,0.6283185307179586
7.627627627627628,-0.03390584647202964,-0.9712138334861218,-0.23578397574939886,0.0,6.283185307179586,0.6283185307179586
7.657657657657658,-0.05930501325307246,-0.972095849040908,-0.2269638202015361,0.0,6.283185307179586,0.6283185307179586
7.687687687687688,-0.08257808679796881,-0.9734384297399314,-0.21353801321130034,0.0,6.283185307179586,0.6283185307179586
7.717717717717718,-0.10289072408015217,-0.9751934438724548,-0.19598787188606576,0.0,6.283185307179586,0.6283185307179586
7.747747747747748,-0.11951471413793431,-0.9772979739299602,-0.17494257131101032,0.0,6.283185307179586,0.6283185307179586
7.777777777777778,-0.1318540845419897,-0.9796765722078594,-0.15115658853201824,0.0,6.283185307179586,0.6283185307179586
7.807807807807808,-0.13946646709247634,-0.9822439656165304,-0.12548265444530743,0.0,6.283185307179586,0.6283185307179586
7.837837837837838,-0.14207895678248564,-0.9849081127338188,-0.09884118327242258,0.0,6.283185307179586,0.6283185307179586
7.867867867867868,-0.13959789548170526,-0.9875735035032308,-0.07218727557830218,0.0,6.283185307179586,0.6283185307179586
7.897897897897898,-0.13211222959383212,-0.9901445832831656,-0.04647647777895475,0.0,6.283185307179586,0.6283185307179586
7.927927927927928,-0.11989032131523467,-0.9925291784945297,-0.022630525665312873,0.0,6.283185307179586,0.6283185307179586
7.957957957957958,-0.10337032781169996,-0.9946418010567759,-0.0015043000428492936,0.0,6.283185307179586,0.6283185307179586
7.987987987987988,-0.08314449322115892,-0.9964067131478597,0.016144820867989407,0.0,6.283185307179586,0.6283185307179586
8.018018018018019,-0.05993791661634628,-0.9977606424160284,0.029684113549676927,0.0,6.283185307179586,0.6283185307179586
8.048048048048049,-0.03458255709898486,-0.9986550503027118,0.03862819241651255,0.0,6.283185307179586,0.6283185307179586
8.078078078078079,-0.007987407946588022,-0.9990578721568137,0.04265641095753209,0.0,6.283185307179586,0.6283185307179586
8.108108108108109,0.018894090926988613,-0.9989546667570545,0.041624356959939046,0.0,6.283185307179586,0.6283185307179586
8.138138138138139,0.04509823392929029,-0.9983491340318266,0.03556902970766018,0.0,6.283185307179586,0.6283185307179586
8.168168168168169,0.06968559877305669,-0.9972629824162312,0.024707513551706584,0.0,6.283185307179586,0.6283185307179586
8.198198198198199,0.09177472490003916,-0.9957351506015637,0.009429195405034008,0.0,6.283185307179586,0.6283185307179586
8.228228228228229,0.11057371396851474,-0.9938204115776437,-0.009718194834165805,0.0,6.283185307179586,0.6283185307179586
8.258258258258259,0.12540861952248458,-0.9915874090132681,-0.032048220477923106,0.0,6.283185307179586,0.6283185307179586
8.288288288288289,0.1357476080688413,-0.9891161963708336,-0.05676034690226728,0.0,6.283185307179586,0.6283185307179586
8.318318318318319,0.14122002538442155,-0.986495366978222,-0.08296864082838062,0.0,6.283185307179586,0.6283185307179586
8.348348348348349,0.1416296845231002,-0.9838188779452812,-0.10973353115778828,0.0,6.283185307179586,0.6283185307179586
8.378378378378379,0.13696189914596452,-0.981182681787952,-0.1360954927310794,0.0,6.283185307179586,0.6283185307179586
8.408408408408409,0.12738401002867125,-0.978681286516803,-0.16110944544257405,0.0,6.283185307179586,0.6283185307179586
8.438438438438439,0.11323938587062433,-0.9764043675112859,-0.18387863549774486,0.0,6.283185307179586,0.6283185307179586
8.468468468468469,0.09503511347782327,-0.9744335526445158,-0.20358678416544568,0.0,6.283185307179586,0.6283185307179586
8.498498498498499,0.07342381862809463,-0.9728394959123037,-0.21952735148756958,0.0,6.283185307179586,0.6283185307179586
8.528528528528529,0.04918026934329683,-0.9716793444772662,-0.23112886583794406,0.0,6.283185307179586,0.6283185307179586
8.558558558558559,0.023173600344547622,-0.9709946899348464,-0.23797541126214322,0.0,6.283185307179586,0.6283185307179586
8.588588588588589,-0.0036638455522600083,-0.9708100772486462,-0.23982153812414336,0.0,6.283185307179586,0.6283185307179586
8.618618618618619,-0.030369942060210597,-0.971132124809961,-0.2366010625109985,0.0,6.283185307179586,0.6283185307179586
8.64864864864865,-0.05598727178682959,-0.9719492871674988,-0.22842943893562018,0.0,6.283185307179586,0.6283185307179586
8.67867867867868,-0.0795974497850051,-0.9732322689334691,-0.21559962127591692,0.0,6.283185307179586,0.6283185307179586
8.70870870870871,-0.10035404778514156,-0.9749350750274379,-0.19857156033623113,0.0,6.283185307179586,0.6283185307179586
8.73873873873874,-0.11751293877009825,-0.9769966596065619,-0.17795571454499398,0.0,6.283185307179586,0.6283185307179586
8.76876876876877,-0.13045897403554543,-0.9793431145678156,-0.15449116493245774,0.0,6.283185307179586,0.6283185307179586
8.7987987987988,-0.13872803635929604,-0.9818903191640919,-0.1290191189696927,0.0,6.283185307179586,0.6283185307179586
8.82882882882883,-0.14202367867032803,-0.9845469557450582,-0.10245275316002733,0.0,6.283185307179586,0.6283185307179586
8.85885885885886,-0.14022775171882443,-0.9872177835080261,-0.07574447553034885,0.0,6.283185307179586,0.6283185307179586
8.88888888888889,-0.1334046397437348,-0.9898070528943949,-0.049851781666659045,0.0,6.283185307179586,0.6283185307179586
8.91891891891892,-0.1217989522885696,-0.9922219382250707,-0.025702928359902122,0.0,6.283185307179586,0.6283185307179586
8.94894894894895,-0.10582675491416035,-0.9943758655143812,-0.004163655466792815,0.0,6.283185307179586,0.6283185307179586
8.97897897897898,-0.086060653188593,-0.9961916161598894,0.013993850988291368,0.0,6.283185307179586,0.6283185307179586
9.00900900900901,-0.06320926469541613,-0.9976040952403706,0.028118641793102583,0.0,6.283185307179586,0.6283185307179586
9.03903903903904,-0.038091814991575115,-0.9985626651780803,0.03770434117020044,0.0,6.283185307179586,0.6283185307179586
9.06906906906907,-0.011608768253626188,-0.999032961103185,0.04240730042124696,0.0,6.283185307179586,0.6283185307179586
9.0990990990991,0.015290454492221151,-0.998998122839276,0.042058917782157534,0.0,6.283185307179586,0.6283185307179586
9.12912912912913,0.04164151225014765,-0.9984593993431145,0.03667168282054062,0.0,6.283185307179586,0.6283185307179586
9.15915915915916,0.06649971581781965,-0.997436103929351,0.026438728682906976,0.0,6.283185307179586,0.6283185307179586
9.18918918918919,0.08897389502986759,-0.9959649218854255,0.011726908243649636,0.0,6.283185307179586,0.6283185307179586
9.21921921921922,0.10825834733620911,-0.9940985952987458,-0.006936357623149703,0.0,6.283185307179586,0.6283185307179586
9.24924924924925,0.12366172235409763,-0.9919040322452854,-0.02888198815775156,0.0,6.283185307179586,0.6283185307179586
9.27927927927928,0.13463180687856152,-0.9894599081254595,-0.053323229356012525,0.0,6.283185307179586,0.6283185307179586
9.30930930930931,0.1407753218050521,-0.9868538451397263,-0.07938385921334579,0.0,6.283185307179586,0.6283185307179586
9.33933933933934,0.14187202124178216,-0.9841792710201273,-0.10612960040933467,0.0,6.283185307179586,0.6283185307179586
9.36936936936937,0.13788258835655465,-0.9815320696326858,-0.13260161428374834,0.0,6.283185307179586,0.6283185307179586
9.3993993993994,0.12895004489083928,-0.9790071435270484,-0.157850875340119,0.0,6.283185307179586,0.6283185307179586
9.42942942942943,0.11539462380981565,-0.9766950116664617,-0.18097219394598452,0.0,6.283185307179586,0.6283185307179586
9.45945945945946,0.09770228890461372,-0.974678564309948,-0.2011366675111222,0.0,6.283185307179586,0.6283185307179586
9.48948948948949,0.0765073129206602,-0.9730300913846239,-0.2176213967643632,0.0,6.283185307179586,0.6283185307179586
9.51951951951952,0.052569538788728415,-0.9718086908814391,-0.22983540179621054,0.0,6.283185307179586,0.6283185307179586
9.54954954954955,0.026747139146823192,-0.9710581501837192,-0.23734080877340763,0.0,6.283185307179586,0.6283185307179586
9.57957957957958,-3.414927205034116e-05,-0.9708053762831901,-0.23986854777869993,0.0,6.283185307179586,0.6283185307179586
9.60960960960961,-0.02681421343462,-0.9710594311604616,-0.2373279990059854,0.0,6.283185307179586,0.6283185307179586
9.63963963963964,-0.05263298419737777,-0.9718112069117233,-0.22981024149336687,0.0,6.283185307179586,0.6283185307179586
9.66966966966967,-0.07656485492315677,-0.9730337522684035,-0.21758478792656555,0.0,6.283185307179586,0.6283185307179586
9.6996996996997,-0.09775186461191,-0.9746832388040142,-0.20108992257045966,0.0,6.283185307179586,0.6283185307179586
9.72972972972973,-0.11543445592569021,-0.9767005321895313,-0.18091698871528833,0.0,6.283185307179586,0.6283185307179586
9.75975975975976,-0.12897870542822162,-0.9790133121675774,-0.15778918893483168,0.0,6.283185307179586,0.6283185307179586
9.78978978978979,-0.13789904983106632,-0.981538665244025,-0.1325356581703534,0.0,6.283185307179586,0.6283185307179586
9.81981981981982,-0.14187569350719964,-0.984186057148664,-0.10606173912396233,0.0,6.283185307179586,0.6283185307179586
9.84984984984985,-0.14076607321013315,-0.9868605785017788,-0.0793165255928156,0.0,6.283185307179586,0.6283185307179586
9.87987987987988,-0.13460996898676122,-0.9894663473290319,-0.05325883732028375,0.0,6.283185307179586,0.6283185307179586
9.90990990990991,-0.12362807805697114,-0.9919099464440057,-0.028822846170546423,0.0,6.283185307179586,0.6283185307179586
9.93993993993994,-0.10821410278663687,-0.9941037724677404,-0.006884585933197407,0.0,6.283185307179586,0.6283185307179586
9.96996996996997,-0.08892063640130152,-0.9959691764224434,0.011769453613834746,0.0,6.283185307179586,0.6283185307179586
10.0,-0.06643935243973713,-0.9974392833086297,0.026470522475697422,0.0,6.283185307179586,0.6283185307179586
10.03003003003003,-0.04157620815831604,-0.9984613895834501,0.03669158522390248,0.0,6.283185307179586,0.6283185307179586
10.06006006006006,-0.015222550847704588,-0.9989988525902674,0.04206621529207427,0.0,6.283185307179586,0.6283185307179586
10.09009009009009,0.011676837095426735,-0.9990324042031545,0.04240173142094039,0.0,6.283185307179586,0.6283185307179586
10.12012012012012,0.03815760875291232,-0.9985608415919738,0.03768610530913097,0.0,6.283185307179586,0.6283185307179586
10.15015015015015,0.06327042466050377,-0.9976010703440114,0.028088392829506703,0.0,6.283185307179586,0.6283185307179586
10.18018018018018,0.0861149867639054,-0.9961874983962462,0.013952673351855127,0.0,6.283185307179586,0.6283185307179586
10.21021021021021,0.10587231423322496,-0.9943708025058713,-0.004214285551893793,0.0,6.283185307179586,0.6283185307179586
10.24024024024024,0.12183410404325959,-0.9922161114812755,-0.025761195797850966,0.0,6.283185307179586,0.6283185307179586
10.27027027027027,0.13342812373859972,-0.9898006713049167,-0.049915597561443203,0.0,6.283185307179586,0.6283185307179586
10.3003003003003,0.14023872604927803,-0.9872110758537631,-0.07581155207298179,0.0,6.283185307179586,0.6283185307179586
10.33033033033033,0.14202174990504865,-0.9845401624963783,-0.10252068564682915,0.0,6.283185307179586,0.6283185307179586
10.36036036036036,0.13871327364479563,-0.9818836838599349,-0.12908547201126264,0.0,6.283185307179586,0.6283185307179586
10.39039039039039,0.1304319066172574,-0.9793368750847877,-0.1545535597627326,0.0,6.283185307179586,0.6283185307179586
10.42042042042042,0.11747453701885284,-0.9769910396310257,-0.178011914300354,0.0,6.283185307179586,0.6283185307179586
10.45045045045045,0.10030568840923207,-0.9749302760363225,-0.19861955024738082,0.0,6.283185307179586,0.6283185307179586
10.48048048048048,0.07954086647499817,-0.9732284629712955,-0.21563768089765456,0.0,6.283185307179586,0.6283185307179586
10.51051051051051,0.05592449306250946,-0.9719466106785566,-0.22845620382504456,0.0,6.283185307179586,0.6283185307179586
10.54054054054054,0.03030321854785372,-0.9711306737467628,-0.23661557314298243,0.0,6.283185307179586,0.6283185307179586
10.57057057057057,0.003595569299360163,-0.9708099036320162,-0.23982327429044764,0.0,6.283185307179586,0.6283185307179586
10.6006006006006,-0.02324098162452535,-0.9709957999889653,-0.23796431072095697,0.0,6.283185307179586,0.6283185307179586
10.63063063063063,-0.04924434002179506,-0.9716816984065346,-0.2311053265452615,0.0,6.283185307179586,0.6283185307179586
10.66066066066066,-0.07348228176209419,-0.9728430093280195,-0.21949221733041258,0.0,6.283185307179586,0.6283185307179586
10.69069069069069,-0.09508587315558012,-0.9744380995902218,-0.20354131470839,0.0,6.283185307179586,0.6283185307179586
10.72072072072072,-0.1132806223504061,-0.9764097849783254,-0.1838244608273511,0.0,6.283185307179586,0.6283185307179586
10.75075075075075,-0.12741424497675977,-0.9786873802882052,-0.16104850772855062,0.0,6.283185307179586,0.6283185307179586
10.78078078078078,-0.13698004863513166,-0.9811892334011383,-0.13602997659921984,0.0,6.283185307179586,0.6283185307179586
10.81081081081081,-0.1416350978915548,-0.983825652523978,-0.10966578537082244,0.0,6.283185307179586,0.6283185307179586
10.84084084084084,-0.1412125085621275,-0.9865021216528109,-0.08290109408249308,0.0,6.283185307179586,0.6283185307179586
10.87087087087087,-0.13572743053495673,-0.9891226889852612,-0.05669542075799239,0.0,6.283185307179586,0.6283185307179586
10.9009009009009,-0.1253765046444949,-0.991593406806375,-0.031988242546850953,0.0,6.283185307179586,0.6283185307179586
10.93093093093093,-0.11053081306940483,-0.9938256995276872,-0.009665315333732494,0.0,6.283185307179586,0.6283185307179586
10.96096096096096,-0.09172257598319897,-0.9957395391347754,0.009473080737148698,0.0,6.283185307179586,0.6283185307179586
10.99099099099099,-0.06962607138463908,-0.9972663142030656,0.024740831420047793,0.0,6.283185307179586,0.6283185307179586
11.02102102102102,-0.04503346213471301,-0.9983512896272474,0.03559058566186735,0.0,6.283185307179586,0.6283185307179586
11.05105105105105,-0.01882639680438286,-0.9989555688826566,0.04163337821595953,0.0,6.283185307179586,0.6283185307179586
11.08108108108108,0.008055597553211757,-0.9990574884712652,0.04265257410204265,0.0,6.283185307179586,0.6283185307179586
11.11111111111111,0.034648797582442985,-0.9986533945611944,0.038611635001333744,0.0,6.283185307179586,0.6283185307179586
11.14114114114114,0.05999983324580044,-0.9977577739771127,0.029655429160518776,0.0,6.283185307179586,0.6283185307179586
11.17117117117117,0.08319986627655666,-0.9964027348454926,0.016105037844320436,0.0,6.283185307179586,0.6283185307179586
11.2012012012012,0.10341717216105911,-0.9946368555136685,-0.0015537554739221693,0.0,6.283185307179586,0.6283185307179586
11.23123123123123,0.11992695758190786,-0.9925234430091123,-0.022687880519487946,0.0,6.283185307179586,0.6283185307179586
11.26126126126126,0.13213734436240118,-0.9901382634734132,-0.046539675876478115,0.0,6.283185307179586,0.6283185307179586
11.29129129129129,0.13961058838411275,-0.98756682593523,-0.07225405125830803,0.0,6.283185307179586,0.6283185307179586
11.32132132132132,0.1420787727763585,-0.9849013167993406,-0.09890914261719952,0.0,6.283185307179586,0.6283185307179586
11.35135135135135,0.13945341277446077,-0.9822372949508013,-0.1255493611025918,0.0,6.283185307179586,0.6283185307179586
11.381381381381381,0.13182862791125988,-0.9796702659552031,-0.151219651058573,0.0,6.283185307179586,0.6283185307179586
11.411411411411411,0.11947776781835528,-0.9772922581704394,-0.1749997289062083,0.0,6.283185307179586,0.6283185307179586
11.441441441441441,0.10284361260258326,-0.9751885235168688,-0.1960370754419164,0.0,6.283185307179586,0.6283185307179586
11.471471471471471,0.08252249911564201,-0.973434481183734,-0.21357749877326487,0.0,6.283185307179586,0.6283185307179586
11.501501501501501,0.059242942192376705,-0.9720930138404053,-0.2269921722065512,0.0,6.283185307179586,0.6283185307179586
11.531531531531531,0.03383951728939897,-0.9712122132836587,-0.23580017777401585,0.0,6.283185307179586,0.6283185307179586
11.561561561561561,0.0072229408351951315,-0.97082365633986,-0.2396857472120047,0.0,6.283185307179586,0.6283185307179586
11.591591591591591,-0.019652579084534307,-0.970941272831207,-0.2385095822985367,0.0,6.283185307179586,0.6283185307179586
11.621621621621621,-0.04582355122368802,-0.9715608461896054,-0.23231384871455435,0.0,6.283185307179586,0.6283185307179586
11.651651651651651,-0.07035174247520995,-0.9726601646212397,-0.22132066439821035,0.0,6.283185307179586,0.6283185307179586
11.681681681681681,-0.0923578136626256,-0.9741998174025701,-0.20592413658490732,0.0,6.283185307179586,0.6283185307179586
11.711711711711711,-0.11105284397571505,-0.9761246077604259,-0.18667623300634978,0.0,6.283185307179586,0.6283185307179586
11.741741741741741,-0.12576661389477928,-0.978365531684246,-0.16426699376814768,0.0,6.283185307179586,0.6283185307179586
11.771771771771771,-0.13597163265660678,-0.9808422517297606,-0.1394997933130021,0.0,6.283185307179586,0.6283185307179586
11.801801801801801,-0.14130204887403597,-0.9834659771278967,-0.1132625393316381,0.0,6.283185307179586,0.6283185307179586
11.831831831831831,-0.1415667663606897,-0.9861426469465938,-0.08649584114466724,0.0,6.283185307179586,0.6283185307179586
11.861861861861861,-0.13675629495668098,-0.9887763021887154,-0.060159288723453774,0.0,6.283185307179586,0.6283185307179586
11.891891891891891,-0.12704309075220738,-0.9912725259358682,-0.03519705125192829,0.0,6.283185307179586,0.6283185307179586
11.921921921921921,-0.11277537351196752,-0.9935418282084768,-0.012504028525844535,0.0,6.283185307179586,0.6283185307179586
11.951951951951951,-0.09446464294662311,-0.9955028541943944,0.007106231333330659,0.0,6.283185307179586,0.6283185307179586
11.981981981981981,-0.07276734137476439,-0.9970853008305938,0.022930697695324243,0.0,6.283185307179586,0.6283185307179586
12.012012012012011,-0.048461320171581286,-0.9982324371780659,0.034402061170046294,0.0,6.283185307179586,0.6283185307179586
12.042042042042041,-0.02241795368543109,-0.9989031382341254,0.04110907173064132,0.0,6.283185307179586,0.6283185307179586
12.072072072072071,0.004429099657603331,-0.9990733592696582,0.042811282085971125,0.0,6.283185307179586,0.6283185307179586
12.102102102102101,0.03111736914228055,-0.9987369978361121,0.03944766775050784,0.0,6.283185307179586,0.6283185307179586
12.132132132132131,0.05669007647746872,-0.9979061125391512,0.031138814780899082,0.0,6.283185307179586,0.6283185307179586
12.162162162162161,0.08023043643519258,-0.9966104907359143,0.01818259674853201,0.0,6.283185307179586,0.6283185307179586
12.192192192192191,0.10089452373262657,-0.9948965806539858,0.001043495929248739,0.0,6.283185307179586,0.6283185307179586
12.222222222222221,0.11794152787459829,-0.9928258262157708,-0.019664048452900595,0.0,6.283185307179586,0.6283185307179586
12.252252252252251,0.13076031131615617,-0.9904724642650587,-0.04319766796001945,0.0,6.283185307179586,0.6283185307179586
12.282282282282281,0.13889131883126188,-0.9879208631655203,-0.06871367895540387,0.0,6.283185307179586,0.6283185307179586
12.312312312312311,0.14204305263359582,-0.9852624981827606,-0.09529732878299763,0.0,6.283185307179586,0.6283185307179586
12.342342342342342,0.1401025226140305,-0.9825926720829217,-0.12199558978138952,0.0,6.283185307179586,0.6283185307179586
12.372372372372372,0.13313929705225805,-0.9800070985148358,-0.14785132546224683,0.0,6.283185307179586,0.6283185307179586
12.402402402402402,0.1214030085839795,-0.9775984706619821,-0.17193760399078423,0.0,6.283185307179586,0.6283185307179586
12.432432432432432,0.10531440483508926,-0.9754531381785541,-0.19339092882506553,0.0,6.283185307179586,0.6283185307179586
12.462462462462462,0.08545026455890445,-0.9736480115419649,-0.21144219519095747,0.0,6.283185307179586,0.6283185307179586
12.492492492492492,0.062522720035083,-0.9722478048011949,-0.22544426259865652,0.0,6.283185307179586,0.6283185307179586
12.522522522522522,0.03735372702519822,-0.9713027155688482,-0.23489515492212149,0.0,6.283185307179586,0.6283185307179586
12.552552552552552,0.010845597540725135,-0.9708466254295367,-0.2394560563152333,0.0,6.283185307179586,0.6283185307179586
12.582582582582582,-0.016051348172064144,-0.9708958852802096,-0.2389634578085013,0.0,6.283185307179586,0.6283185307179586
12.612612612612612,-0.042372850749312296,-0.9714487291481514,-0.23343501912908604,0.0,6.283185307179586,0.6283185307179586
12.642642642642642,-0.06717528054615447,-0.9724853375013557,-0.22306893559704583,0.0,6.283185307179586,0.6283185307179586
12.672672672672672,-0.0895694668949098,-0.9739685477815936,-0.20823683279466904,0.0,6.283185307179586,0.6283185307179586
12.702702702702702,-0.10875257500112473,-0.9758451866874586,-0.18947044373601635,0.0,6.283185307179586,0.6283185307179586
12.732732732732732,-0.12403688768617145,-0.9780479764448544,-0.1674425461620559,0.0,6.283185307179586,0.6283185307179586
12.762762762762762,-0.13487446014679771,-0.98049794672485,-0.14294284336209784,0.0,6.283185307179586,0.6283185307179586
12.792792792792792,-0.14087676385496053,-0.9831072657413058,-0.11684965319753993,0.0,6.283185307179586,0.6283185307179586
12.822822822822824,-0.14182861536131547,-0.9857823890330116,-0.0900984202804842,0.0,6.283185307179586,0.6283185307179586
12.852852852852854,-0.13769589065275661,-0.9884274130460451,-0.06364818015015267,0.0,6.283185307179586,0.6283185307179586
12.882882882882884,-0.12862674850318453,-0.9909475132899438,-0.03844717771116224,0.0,6.283185307179586,0.6283185307179586
12.912912912912914,-0.11494631896019884,-0.9932523438092985,-0.015398872517615014,0.0,6.283185307179586,0.6283185307179586
12.942942942942944,-0.09714504738623114,-0.9952592760992175,0.004670450381575764,0.0,6.283185307179586,0.6283185307179586
12.972972972972974,-0.07586111192191712,-0.9968963613490871,0.02104130288027012,0.0,6.283185307179586,0.6283185307179586
13.003003003003004,-0.0518575447081679,-0.9981049098177563,0.033126787566964744,0.0,6.283185307179586,0.6283185307179586
13.033033033033034,-0.02599487707441361,-0.998841594869182,0.04049363808122153,0.0,6.283185307179586,0.6283185307179586
13.063063063063064,0.0007997106330539197,-0.9990800062385465,0.042877751774867134,0.0,6.283185307179586,0.6283185307179586
13.093093093093094,0.027565628599557863,-0.9988115968440432,0.04019365782983342,0.0,6.283185307179586,0.6283185307179586
13.123123123123124,0.053343314824749286,-0.9980459892009849,0.03253758139925195,0.0,6.283185307179586,0.6283185307179586
13.153153153153154,0.0772086355580292,-0.9968106304532497,0.020183993921902788,0.0,6.283185307179586,0.6283185307179586
13.183183183183184,0.09830601562613243,-0.9951498083892341,0.0035757732817461862,0.0,6.283185307179586,0.6283185307179586
13.213213213213214,0.11587911092587506,-0.9931230637182817,-0.016691673427777276,0.0,6.283185307179586,0.6283185307179586
13.243243243243244,0.12929792346879862,-0.9908030555277103,-0.03989175533349476,0.0,6.283185307179586,0.6283185307179586
13.273273273273274,0.13808138689946894,-0.9882729564441018,-0.06519274616957943,0.0,6.283185307179586,0.6283185307179586
13.303303303303304,0.14191461279335785,-0.9856234708827053,-0.09168760178354363,0.0,6.283185307179586,0.6283185307179586
13.333333333333334,0.1406601794520528,-0.982949583281132,-0.11842647779927779,0.0,6.283185307179586,0.6283185307179586
13.363363363363364,0.1343630584908666,-0.9803471528936352,-0.14445078167424918,0.0,6.283185307179586,0.6283185307179586
13.393393393393394,0.1232490025999749,-0.977909477223088,-0.1688275383797213,0.0,6.283185307179586,0.6283185307179586
13.423423423423424,0.10771645227807454,-0.9757239472921171,-0.19068283768942862,0.0,6.283185307179586,0.6283185307179586
13.453453453453454,0.08832225168332418,-0.9738689146623997,-0.20923316398660413,0.0,6.283185307179586,0.6283185307179586
13.483483483483484,0.0657616856903601,-0.9724108825199312,-0.22381348541128693,0.0,6.283185307179586,0.6283185307179586
13.513513513513514,0.040843553827758276,-0.9714021215262659,-0.23390109534794035,0.0,6.283185307179586,0.6283185307179586
13.543543543543544,0.014461174698861849,-0.9708787959077964,-0.23913435153263513,0.0,6.283185307179586,0.6283185307179586
13.573573573573574,-0.01243963961835127,-0.970859666963049,-0.2393256409801109,0.0,6.283185307179586,0.6283185307179586
13.603603603603604,-0.038894491069999905,-0.9713454204674375,-0.23446810593622303,0.0,6.283185307179586,0.6283185307179586
13.633633633633634,-0.0639549694349348,-0.9723186420881185,-0.22473588972941355,0.0,6.283185307179586,0.6283185307179586
13.663663663663664,-0.08672265296727553,-0.9737444416903209,-0.21047789370739278,0.0,6.283185307179586,0.6283185307179586
13.693693693693694,-0.10638131694493562,-0.9755717041536847,-0.1922052690737544,0.0,6.283185307179586,0.6283185307179586
13.723723723723724,-0.12222619544304751,-0.9777349218566633,-0.1705730920439682,0.0,6.283185307179586,0.6283185307179586
13.753753753753754,-0.1336892472935124,-0.9801565431341558,-0.14635687926904495,0.0,6.283185307179586,0.6283185307179586
13.783783783783784,-0.1403595204423972,-0.9827497525158303,-0.12042478545229984,0.0,6.283185307179586,0.6283185307179586
13.813813813813814,-0.1419978846400455,-0.9854215830731954,-0.09370647987864883,0.0,6.283185307179586,0.6283185307179586
13.843843843843844,-0.13854560429484558,-0.9880762492973277,-0.06715981763732337,0.0,6.283185307179586,0.6283185307179586
13.873873873873874,-0.1301264441526189,-0.9906185810231141,-0.041736500379459474,0.0,6.283185307179586,0.6283185307179586
13.903903903903904,-0.11704223231272083,-0.9929574352933279,-0.01834795767732028,0.0,6.283185307179586,0.6283185307179586
13.933933933933934,-0.09976203964736262,-0.9950089638467268,0.0021673278566687326,0.0,6.283185307179586,0.6283185307179586
13.963963963963964,-0.07890536354352479,-0.9966996190902508,0.019073880291909373,0.0,6.283185307179586,0.6283185307179586
13.993993993993994,-0.05521991883272823,-0.9979687907907894,0.0317655972972935,0.0,6.283185307179586,0.6283185307179586
14.024024024024024,-0.029554832107017672,-0.9987709789607352,0.03978747899675483,0.0,6.283185307179586,0.6283185307179586
14.054054054054054,-0.0028302004087762383,-0.9990774250390725,0.0428519397801258,0.0,6.283185307179586,0.6283185307179586
14.084084084084084,0.023995894380289554,-0.9988771428899132,0.04084911828853388,0.0,6.283185307179586,0.6283185307179586
14.114114114114114,0.049961732912105934,-0.9981773126570481,0.03385081595988293,0.0,6.283185307179586,0.6283185307179586
14.144144144144144,0.07413643614887915,-0.9970030233547598,0.02210792293699959,0.0,6.283185307179586,0.6283185307179586
14.174174174174174,0.09565333751019336,-0.9953963734230605,0.006041423620009478,0.0,6.283185307179586,0.6283185307179586
14.204204204204204,0.11374105299429654,-0.993414961492577,-0.013772695684826364,0.0,6.283185307179586,0.6283185307179586
14.234234234234235,0.1277511354052663,-0.9911298214653746,-0.03662409595685168,0.0,6.283185307179586,0.6283185307179586
14.264264264264265,0.13718132127804422,-0.9886228759393751,-0.06169355121684755,0.0,6.283185307179586,0.6283185307179586
14.294294294294295,0.14169353709573979,-0.9859839992714637,-0.08808231789595727,0.0,6.283185307179586,0.6283185307179586
14.324324324324325,0.14112601927372803,-0.9833077955688984,-0.11484435492161127,0.0,6.283185307179586,0.6283185307179586
14.354354354354355,0.13549911340737422,-0.9806902071184849,-0.14102023942574704,0.0,6.283185307179586,0.6283185307179586
14.384384384384385,0.1250145448795198,-0.9782250748418276,-0.16567156219231877,0.0,6.283185307179586,0.6283185307179586
14.414414414414415,0.11004818697655713,-0.9760007740848226,-0.18791456976236687,0.0,6.283185307179586,0.6283185307179586
14.444444444444445,0.09113658577717022,-0.9740970463488242,-0.2069518471223502,0.0,6.283185307179586,0.6283185307179586
14.474474474474475,0.06895772489841247,-0.972582140546377,-0.22210090514682213,0.0,6.283185307179586,0.6283185307179586
14.504504504504505,0.04430671968573595,-0.9715103662679071,-0.23281864793152263,0.0,6.283185307179586,0.6283185307179586
14.534534534534535,0.01806731221374797,-0.9709201467751106,-0.23872084285948802,0.0,6.283185307179586,0.6283185307179586
14.564564564564565,-0.008819810993991954,-0.9708326415215084,-0.23959589539551057,0.0,6.283185307179586,0.6283185307179586
14.594594594594595,-0.035390742711842144,-0.9712509875830002,-0.2354124347805926,0.0,6.283185307179586,0.6283185307179586
14.624624624624625,-0.06069291122445103,-0.9721601871932434,-0.22632043867815899,0.0,6.283185307179586,0.6283185307179586
14.654654654654655,-0.08381923015945854,-0.9735276454157292,-0.21264585645329903,0.0,6.283185307179586,0.6283185307179586
14.684684684684685,-0.1039406176641237,-0.9753043386769341,-0.19487892384125,0.0,6.283185307179586,0.6283185307179586
14.714714714714715,-0.12033571910872917,-0.9774265722684654,-0.17365658792593536,0.0,6.283185307179586,0.6283185307179586
14.744744744744745,-0.13241676775358033,-0.9798182638114996,-0.14973967249559378,0.0,6.283185307179586,0.6283185307179586
14.774774774774775,-0.13975065627097513,-0.9823936708209802,-0.12398560240078493,0.0,6.283185307179586,0.6283185307179586
14.804804804804805,-0.14207446370505855,-0.9850604645860142,-0.09731766475044418,0.0,6.283185307179586,0.6283185307179586
14.834834834834835,-0.13930488122582296,-0.987723040167406,-0.0706919089365246,0.0,6.283185307179586,0.6283185307179586
14.864864864864865,-0.13154119876261913,-0.9902859438484496,-0.045062872126089726,0.0,6.283185307179586,0.6283185307179586
14.894894894894895,-0.1190617454459402,-0.99265729516437,-0.021349358966886722,0.0,6.283185307179586,0.6283185307179586
14.924924924924925,-0.10231391146814936,-0.9947520808301721,-0.0004015023088635439,0.0,6.283185307179586,0.6283185307179586
14.954954954954955,-0.08189810908087769,-0.9964952024791087,0.017029714180505695,0.0,6.283185307179586,0.6283185307179586
14.984984984984985,-0.05854624772963622,-0.9978241689499057,0.0303193788884758,0.0,6.283185307179586,0.6283185307179586
15.015015015015015,-0.033095494995156016,-0.9986913366038612,0.038991055428030275,0.0,6.283185307179586,0.6283185307179586
15.045045045045045,-0.006458264015474974,-0.9990656173561314,0.042733862950730284,0.0,6.283185307179586,0.6283185307179586
15.075075075075075,0.020410496656003883,-0.9989335931880332,0.04141362126974624,0.0,6.283185307179586,0.6283185307179586
15.105105105105105,0.046547538093199066,-0.9982999971849398,0.03507766123881284,0.0,6.283185307179586,0.6283185307179586
15.135135135135135,0.0710158436095892,-0.9971875438544913,0.0239531279343303,0.0,6.283185307179586,0.6283185307179586
15.165165165165165,0.09293822094089865,-0.9956361148082361,0.008438837471776262,0.0,6.283185307179586,0.6283185307179586
15.195195195195195,0.11152874971366002,-0.9937013290001314,-0.010909020609268794,0.0,6.283185307179586,0.6283185307179586
15.225225225225225,0.12612095680339247,-0.9914525487790646,-0.03339682281993572,0.0,6.283185307179586,0.6283185307179586
15.255255255255255,0.1361917094917617,-0.9889703932386897,-0.05821837822368625,0.0,6.283185307179586,0.6283185307179586
15.285285285285285,0.14137996984960863,-0.9863438480113498,-0.0844838304970873,0.0,6.283185307179586,0.6283185307179586
15.315315315315315,0.14149973799852306,-0.9836670751203874,-0.11125155940671089,0.0,6.283185307179586,0.6283185307179586
15.345345345345345,0.13654672023317801,-0.9810360372580949,-0.137561938029637,0.0,6.283185307179586,0.6283185307179586
15.375375375375375,0.1266984829512823,-0.9785450575094226,-0.16247173551636046,0.0,6.283185307179586,0.6283185307179586
15.405405405405405,0.11230808687273919,-0.9762834378558479,-0.18508793205210866,0.0,6.283185307179586,0.6283185307179586
15.435435435435435,0.09389142976216931,-0.9743322576865222,-0.20459973374536333,0.0,6.283185307179586,0.6283185307179586
15.465465465465465,0.07210875142001125,-0.9727614670905357,-0.2203076397052296,0.0,6.283185307179586,0.6283185307179586
15.495495495495495,0.04774096399092275,-0.9716273791361826,-0.23164851924876256,0.0,6.283185307179586,0.6283185307179586
15.525525525525525,0.021661656151324055,-0.9709706510393823,-0.23821580021676508,0.0,6.283185307179586,0.6283185307179586
15.555555555555555,-0.005194225170022765,-0.9708148265966539,-0.23977404464404695,0.0,6.283185307179586,0.6283185307179586
15.585585585585585,-0.03186389277358684,-0.9711654921366324,-0.23626738924426088,0.0,6.283185307179586,0.6283185307179586
15.615615615615615,-0.057391235248343865,-0.9720100762493844,-0.2278215481167406,0.0,6.283185307179586,0.6283185307179586
15.645645645645645,-0.08086109370307543,-0.9733183004732593,-0.21473930587799217,0.0,6.283185307179586,0.6283185307179586
15.675675675675675,-0.10143207034395627,-0.9750432647820839,-0.197489662789743,0.0,6.283185307179586,0.6283185307179586
15.705705705705705,-0.11836669270621393,-0.9771231289578328,-0.17669102103225037,0.0,6.283185307179586,0.6283185307179586
15.735735735735735,-0.1310578521478278,-0.9794833295713189,-0.15308901489738946,0.0,6.283185307179586,0.6283185307179586
15.765765765765765,-0.1390505687814731,-0.9820392530918299,-0.12752977969228368,0.0,6.283185307179586,0.6283185307179586
15.795795795795796,-0.14205830256877727,-0.984699269294347,-0.1009296176671114,0.0,6.283185307179586,0.6283185307179586
15.825825825825826,-0.13997322582181734,-0.9873680162162646,-0.07424214844793653,0.0,6.283185307179586,0.6283185307179586
15.855855855855856,-0.13287008884120685,-0.9899498188974327,-0.04842412163625781,0.0,6.283185307179586,0.6283185307179586
15.885885885885886,-0.12100354010709127,-0.9923521193412099,-0.024401117198489086,0.0,6.283185307179586,0.6283185307179586
15.915915915915916,-0.1047989970945893,-0.9944887947319253,-0.003034363291331388,0.0,6.283185307179586,0.6283185307179586
15.945945945945946,-0.08483739499625716,-0.996283244950183,0.014910138891243097,0.0,6.283185307179586,0.6283185307179586
15.975975975975976,-0.06183436011206387,-0.9976711386981313,0.028789076370724642,0.0,6.283185307179586,0.6283185307179586
16.006006006006007,-0.03661455454383436,-0.9986027197857258,0.03810488724667027,0.0,6.283185307179586,0.6283185307179586
16.036036036036037,-0.010082111940555477,-0.9990445908972828,0.04252359836223868,0.0,6.283185307179586,0.6283185307179586
16.066066066066067,0.01681177582270364,-0.9989809108900385,0.04188679828979608,0.0,6.283185307179586,0.6283185307179586
16.096096096096097,0.04310295901001511,-0.9984139627013915,0.03621731640332854,0.0,6.283185307179586,0.6283185307179586
16.126126126126128,0.06784889493099462,-0.9973640715052695,0.025718404442108544,0.0,6.283185307179586,0.6283185307179586
16.156156156156158,0.09016243823151841,-0.995868876051726,0.01076644990667358,0.0,6.283185307179586,0.6283185307179586
16.186186186186188,0.10924364518198547,-0.9939819793123502,-0.008102517487085514,0.0,6.283185307179586,0.6283185307179586
16.216216216216218,0.12440845177482564,-0.9917710268060423,-0.03021204255016552,0.0,6.283185307179586,0.6283185307179586
16.246246246246248,0.13511319751734288,-0.9893152814974534,-0.05476949563605715,0.0,6.283185307179586,0.6283185307179586
16.276276276276278,0.14097411573840085,-0.9867027822083264,-0.08089448852732423,0.0,6.283185307179586,0.6283185307179586
16.306306306306308,0.14178109167865827,-0.9840271874131044,-0.1076504364795457,0.0,6.283185307179586,0.6283185307179586
16.336336336336338,0.13750519513484566,-0.9813844175691776,-0.13407813491881576,0.0,6.283185307179586,0.6283185307179586
16.366366366366368,0.12829971761170417,-0.9788692163547217,-0.15923014706337574,0.0,6.283185307179586,0.6283185307179586
16.396396396396398,0.11449467679954166,-0.9765717540942386,-0.18220476966820953,0.0,6.283185307179586,0.6283185307179586
16.426426426426428,0.096584985392673,-0.974574395139481,-0.20217835921578303,0.0,6.283185307179586,0.6283185307179586
16.456456456456458,0.07521270839830305,-0.9729487450956241,-0.21843485965435155,0.0,6.283185307179586,0.6283185307179586
16.486486486486488,0.05114404501387362,-0.9717530837500418,-0.23039147311017816,0.0,6.283185307179586,0.6283185307179586
16.516516516516518,0.025241860275875768,-0.9710302757335649,-0.2376195532749456,0.0,6.283185307179586,0.6283185307179586
16.546546546546548,-0.0015652487755402685,-0.9708062338173172,-0.2398599724374248,0.0,6.283185307179586,0.6283185307179586
16.576576576576578,-0.02831624343372008,-0.9710889899361482,-0.23703241124911245,0.0,6.283185307179586,0.6283185307179586
16.606606606606608,-0.05405209670105984,-0.9718684072426192,-0.22923823818440026,0.0,6.283185307179586,0.6283185307179586
16.636636636636638,-0.07785017454450308,-0.9731165435144373,-0.2167568754662218,0.0,6.283185307179586,0.6283185307179586
16.666666666666668,-0.09885731245803553,-0.9747886528871335,-0.20003578173925768,0.0,6.283185307179586,0.6283185307179586
16.696696696696698,-0.11632040153266551,-0.9768247899997282,-0.17967441061330924,0.0,6.283185307179586,0.6283185307179586
16.726726726726728,-0.1296133875188921,-0.9791519590445233,-0.15640272016535806,0.0,6.283185307179586,0.6283185307179586
16.756756756756758,-0.13825971496139672,-0.9816867306772847,-0.1310550038377462,0.0,6.283185307179586,0.6283185307179586
16.786786786786788,-0.14194941178050743,-0.9843382329712057,-0.10453998089853828,0.0,6.283185307179586,0.6283185307179586
16.816816816816818,-0.14055020181574068,-0.9870114091885248,-0.07780821872534821,0.0,6.283185307179586,0.6283185307179586
16.846846846846848,-0.13411224694513785,-0.9896104255782163,-0.0518180548284326,0.0,6.283185307179586,0.6283185307179586
16.876876876876878,-0.12286634877473844,-0.9920421070297183,-0.027501240313415165,0.0,6.283185307179586,0.6283185307179586
16.906906906906908,-0.1072156743678808,-0.9942192774140164,-0.005729536470431618,0.0,6.283185307179586,0.6283185307179586
16.936936936936938,-0.08772130264812167,-0.9960638848603829,0.012716537993231303,0.0,6.283185307179586,0.6283185307179586
16.966966966966968,-0.06508210963930457,-0.9975097999271403,0.02717568866080472,0.0,6.283185307179586,0.6283185307179586
16.996996996996998,-0.04010971365980783,-0.9985051863516383,0.03712955290578368,0.0,6.283185307179586,0.6283185307179586
17.027027027027028,-0.013699378689352905,-0.9990143593877076,0.04222128326647984,0.0,6.283185307179586,0.6283185307179586
17.057057057057058,0.013202080973150404,-0.9990190651089332,0.04226834047873429,0.0,6.283185307179586,0.6283185307179586
17.087087087087088,0.03963024413809975,-0.9985191348145332,0.03726903753473443,0.0,6.283185307179586,0.6283185307179586
17.117117117117118,0.06463765736325412,-0.9975324910773089,0.027402600162486357,0.0,6.283185307179586,0.6283185307179586
17.147147147147148,0.08732780129560978,-0.9960945052168346,0.013022741557743356,0.0,6.283185307179586,0.6283185307179586
17.177177177177178,0.10688723101886752,-0.9942567292325782,-0.005355018284820934,0.0,6.283185307179586,0.6283185307179586
17.207207207207208,0.12261473817042158,-0.9920850476573198,-0.02707183403740826,0.0,6.283185307179586,0.6283185307179586
17.237237237237238,0.13394648936179146,-0.9896573155871958,-0.051349154738649316,0.0,6.283185307179586,0.6283185307179586
17.26726726726727,0.14047623968651604,-0.9870605675653308,-0.07731663495730035,0.0,6.283185307179586,0.6283185307179586
17.2972972972973,0.14196989665835172,-0.9843878973809747,-0.10404333680085898,0.0,6.283185307179586,0.6283185307179586
17.32732732732733,0.13837391246049943,-0.9817351206437993,-0.13057110417261186,0.0,6.283185307179586,0.6283185307179586
17.35735735735736,0.12981720364252158,-0.9791973397805395,-0.15594891280520934,0.0,6.283185307179586,0.6283185307179586
17.38738738738739,0.11660652944353941,-0.9768655345993468,-0.17926696461713476,0.0,6.283185307179586,0.6283185307179586
17.41741741741742,0.09921549442948607,-0.9748233006506107,-0.19968930410449365,0.0,6.283185307179586,0.6283185307179586
17.44744744744745,0.07826756970145024,-0.97314385231448,-0.2164837874657981,0.0,6.283185307179586,0.6283185307179586
17.47747747747748,0.054513741367225636,-0.9718873980548273,-0.229048330062324,0.0,6.283185307179586,0.6283185307179586
17.50750750750751,0.0288055875815707,-0.971098981937178,-0.23693249123881416,0.0,6.283185307179586,0.6283185307179586
17.53753753753754,0.002064749347148234,-0.9708068687924979,-0.23985362268561378,0.0,6.283185307179586,0.6283185307179586
17.56756756756757,-0.024750110447687233,-0.9710215309189455,-0.2377070014211357,0.0,6.283185307179586,0.6283185307179586
17.5975975975976,-0.05067767523101743,-0.971735272648481,-0.23056958412577883,0.0,6.283185307179586,0.6283185307179586
17.62762762762763,-0.07478843808442465,-0.9729225062376694,-0.21869724823389208,0.0,6.283185307179586,0.6283185307179586
17.65765765765766,-0.09621802469941299,-0.9745406691919559,-0.20251561869103019,0.0,6.283185307179586,0.6283185307179586
17.68768768768769,-0.11419818132041687,-0.9765317501372011,-0.1826048092385752,0.0,6.283185307179586,0.6283185307179586
17.71771771771772,-0.12808431675219217,-0.9788243685357733,-0.1596786252528518,0.0,6.283185307179586,0.6283185307179586
17.74774774774775,-0.13737861104667265,-0.9813363336890638,-0.13455897371994702,0.0,6.283185307179586,0.6283185307179586
17.77777777777778,-0.14174786241955167,-0.9839775912858282,-0.108146397752305,0.0,6.283185307179586,0.6283185307179586
17.80780780780781,-0.14103543258206844,-0.9866534518621681,-0.08138779198890689,0.0,6.283185307179586,0.6283185307179586
17.83783783783784,-0.13526686224613962,-0.9892679854324017,-0.055242456286570096,0.0,6.283185307179586,0.6283185307179586
17.86786786786787,-0.12464895548617133,-0.9917274605928176,-0.030647704682412125,0.0,6.283185307179586,0.6283185307179586
17.8978978978979,-0.1095623657833131,-0.9939437048059486,-0.00848526255110138,0.0,6.283185307179586,0.6283185307179586
17.92792792792793,-0.09054794954352993,-0.9958372653986951,0.010450343376361915,0.0,6.283185307179586,0.6283185307179586
17.95795795795796,-0.06828737631782875,-0.9973402579520568,0.02548026890997801,0.0,6.283185307179586,0.6283185307179586
17.98798798798799,-0.0435786908510263,-0.9983987999672967,0.036065689062381445,0.0,6.283185307179586,0.6283185307179586
18.01801801801802,-0.017307703063118157,-0.9989749425612552,0.04182711500196601,0.0,6.283185307179586,0.6283185307179586
18.04804804804805,0.009583768363478302,-0.9990480309392546,0.042557998781959816,0.0,6.283185307179586,0.6283185307179586
18.07807807807808,0.03613166031885137,-0.9986154448724542,0.0382321381139587,0.0,6.283185307179586,0.6283185307179586
18.10810810810811,0.061384227066440686,-0.9976926926334309,0.029004615723726535,0.0,6.283185307179586,0.6283185307179586
18.13813813813814,0.0844361604642807,-0.9963128550223803,0.015206239613220873,0.0,6.283185307179586,0.6283185307179586
18.16816816816817,0.10446104539181326,-0.994525399415683,-0.002668316453754982,0.0,6.283185307179586,0.6283185307179586
18.1981981981982,0.12074098685056057,-0.9923944063533606,-0.02397824707697388,0.0,6.283185307179586,0.6283185307179586
18.22822822822823,0.13269234660284782,-0.9899962722425234,-0.04795958818534701,0.0,6.283185307179586,0.6283185307179586
18.25825825825826,0.13988666668638336,-0.9874169705352069,-0.07375260525851218,0.0,6.283185307179586,0.6283185307179586
18.28828828828829,0.14206602969369603,-0.984748969567781,-0.10043261493276978,0.0,6.283185307179586,0.6283185307179586
18.31831831831832,0.13915230514820728,-0.9820879175578203,-0.12704313503237719,0.0,6.283185307179586,0.6283185307179586
18.34834834834835,0.1312499504930295,-0.9795292136017767,-0.1526301745928152,0.0,6.283185307179586,0.6283185307179586
18.37837837837838,0.11864226627663925,-0.9771645876036809,-0.1762764345737764,0.0,6.283185307179586,0.6283185307179586
18.40840840840841,0.10178123978755711,-0.9750788117449184,-0.19713419316140463,0.0,6.283185307179586,0.6283185307179586
18.43843843843844,0.08127134124518849,-0.973346661389361,-0.21445569671697917,0.0,6.283185307179586,0.6283185307179586
18.46846846846847,0.05784785345570876,-0.9720302343758415,-0.22761996685217717,0.0,6.283185307179586,0.6283185307179586
18.4984984984985,0.032350511817939034,-0.971176724801718,-0.23615506259341157,0.0,6.283185307179586,0.6283185307179586
18.52852852852853,0.005693399688786224,-0.9708167311077129,-0.23975499953346407,0.0,6.283185307179586,0.6283185307179586
18.55855855855856,-0.021167821636284813,-0.9709631591194195,-0.2382907194163968,0.0,6.283185307179586,0.6283185307179586
18.58858858858859,-0.04727017351784333,-0.9716107593716043,-0.23181471689454997,0.0,6.283185307179586,0.6283185307179586
18.61861861861862,-0.071677882894916,-0.9727363153022872,-0.2205591575877202,0.0,6.283185307179586,0.6283185307179586
18.64864864864865,-0.09351592988351798,-0.9742994755698219,-0.2049275549123733,0.0,6.283185307179586,0.6283185307179586
18.67867867867868,-0.11200141736507027,-0.976244200654284,-0.18548030406775412,0.0,6.283185307179586,0.6283185307179586
18.70870870870871,-0.12647163796045677,-0.9785007718823021,-0.16291459178757056,0.0,6.283185307179586,0.6283185307179586
18.73873873873874,-0.13640783218467203,-0.9809882908515057,-0.13803940209553378,0.0,6.283185307179586,0.6283185307179586
18.76876876876877,-0.14145378604880782,-0.9836175796498583,-0.11174651411200909,0.0,6.283185307179586,0.6283185307179586
18.7987987987988,-0.14142860138267616,-0.9862943778966022,-0.08497853164457031,0.0,6.283185307179586,0.6283185307179586
18.82882882882883,-0.13633318106017228,-0.9889227219904372,-0.05869509070622059,0.0,6.283185307179586,0.6283185307179586
18.85885885885886,-0.12635019663111555,-0.9914083854183986,-0.03383845642660804,0.0,6.283185307179586,0.6283185307179586
18.88888888888889,-0.11183753951997294,-0.9936622567898691,-0.011299742711900151,0.0,6.283185307179586,0.6283185307179586
18.91891891891892,-0.09331549056692981,-0.9956035344927232,0.00811303431663879,0.0,6.283185307179586,0.6283185307179586
18.94894894894895,-0.0714480678851024,-0.9971626234427149,0.02370392381655495,0.0,6.283185307179586,0.6283185307179586
18.97897897897898,-0.04701922171588753,-0.998283630077238,0.03491399016178609,0.0,6.283185307179586,0.6283185307179586
19.00900900900901,-0.020904729700301727,-0.9989263661475661,0.041341350865068294,0.0,6.283185307179586,0.6283185307179586
19.03903903903904,0.005959199875134507,-0.9990677894733374,0.04275558412278019,0.0,6.283185307179586,0.6283185307179586
19.06906906906907,0.03260949127982615,-0.9987028300080267,0.03910598946967353,0.0,6.283185307179586,0.6283185307179586
19.0990990990991,0.05809072774225928,-0.9978445716008418,0.030523405397824832,0.0,6.283185307179586,0.6283185307179586
19.12912912912913,0.08148940327837398,-0.9965237829388511,0.017315518777919425,0.0,6.283185307179586,0.6283185307179586
19.15915915915916,0.10196667201219306,-0.9947878144851375,-4.416575921861732e-05,0.0,6.283185307179586,0.6283185307179586
19.18918918918919,0.1187884209208606,-0.9926989009578997,-0.020933301031597518,0.0,6.283185307179586,0.6283185307179586
19.21921921921922,0.13135158789186596,-0.9903319302068748,-0.044603008541846234,0.0,6.283185307179586,0.6283185307179586
19.24924924924925,0.13920578158632416,-0.9877717584731776,-0.07020472587881804,0.0,6.283185307179586,0.6283185307179586
19.27927927927928,0.1420694280331123,-0.9851101682808783,-0.09682062780181028,0.0,6.283185307179586,0.6283185307179586
19.30930930930931,0.13983986509614327,-0.9824425780203428,-0.12349653040716346,0.0,6.283185307179586,0.6283185307179586
19.33933933933934,0.13259702292667808,-0.9798646211852446,-0.14927609875814396,0.0,6.283185307179586,0.6283185307179586
19.36936936936937,0.12060055845593201,-0.9774687178980915,-0.17323513162967336,0.0,6.283185307179586,0.6283185307179586
19.3993993993994,0.1042805466568265,-0.9753407616355706,-0.19451469425488116,0.0,6.283185307179586,0.6283185307179586
19.42942942942943,0.08422206229448893,-0.9735570399350821,-0.21235191125976627,0.0,6.283185307179586,0.6283185307179586
19.45945945945946,0.0611442049119567,-0.9721814994755754,-0.2261073158548353,0.0,6.283185307179586,0.6283185307179586
19.48948948948949,0.03587431900835965,-0.971263453579931,-0.23528777481128,0.0,6.283185307179586,0.6283185307179586
19.51951951951952,0.009318333619891834,-0.9708358143252592,-0.239564167357999,0.0,6.283185307179586,0.6283185307179586
19.54954954954955,-0.01757171536614852,-0.9709139126402114,-0.238783184208476,0.0,6.283185307179586,0.6283185307179586
19.57957957957958,-0.04383181583454776,-0.9714949486889892,-0.23297282372070188,0.0,6.283185307179586,0.6283185307179586
19.60960960960961,-0.06852053941485532,-0.972558092245857,-0.22234138815202426,0.0,6.283185307179586,0.6283185307179586
19.63963963963964,-0.09075279182357125,-0.9740652294617268,-0.20727001599332634,0.0,6.283185307179586,0.6283185307179586
19.66966966966967,-0.10973154362123208,-0.9759623292511166,-0.18829901809943156,0.0,6.283185307179586,0.6283185307179586
19.6996996996997,-0.12477640383219937,-0.9781813803143183,-0.16610850746741496,0.0,6.283185307179586,0.6283185307179586
19.72972972972973,-0.13534801205878114,-0.9806428293522542,-0.14149401708805504,0.0,6.283185307179586,0.6283185307179586
19.75975975975976,-0.14106737462889424,-0.9832584330636656,-0.11533797997394446,0.0,6.283185307179586,0.6283185307179586
19.78978978978979,-0.14172945157359876,-0.9859344216801249,-0.08857809380934839,0.0,6.283185307179586,0.6283185307179586
19.81981981981982,-0.13731050733941078,-0.9885748606256944,-0.06217370435365133,0.0,6.283185307179586,0.6283185307179586
19.84984984984985,-0.12796896171130046,-0.9910850897852386,-0.03707141275820558,0.0,6.283185307179586,0.6283185307179586
19.87987987987988,-0.11403971044066617,-0.9933751170831387,-0.014171139779206088,0.0,6.283185307179586,0.6283185307179586
19.90990990990991,-0.09602211918458489,-0.9953628447121162,0.005706136510569337,0.0,6.283185307179586,0.6283185307179586
19.93993993993994,-0.07456212117534072,-0.9969770123514083,0.021847812903490416,0.0,6.283185307179586,0.6283185307179586
19.96996996996997,-0.050429060421347836,-0.9981597518594928,0.03367520798433443,0.0,6.283185307179586,0.6283185307179586
20.0,-0.024488110614038015,-0.9988686618552666,0.04076430794207231,0.0,6.283185307179586,0.6283185307179586
20.03003003003003,0.002330741473140426,-0.9990783278136439,0.04286096752584301,0.0,6.283185307179586,0.6283185307179586
20.06006006006006,0.029066036144015733,-0.9987812331799267,0.03989002118867069,0.0,6.283185307179586,0.6283185307179586
20.09009009009009,0.054759309247782176,-0.9979880288393713,0.031957977783111935,0.0,6.283185307179586,0.6283185307179586
20.12012012012012,0.07848945325635823,-0.9967271512814205,0.01934920220360481,0.0,6.283185307179586,0.6283185307179586
20.15015015015015,0.09940573910145892,-0.9950438031474795,0.002515720864194382,0.0,6.283185307179586,0.6283185307179586
20.18018018018018,0.1167583149337842,-0.9929983327097317,-0.017938983513282603,0.0,6.283185307179586,0.6283185307179586
20.21021021021021,0.12992508841942998,-0.990664070376922,-0.0412816068413831,0.0,6.283185307179586,0.6283185307179586
20.24024024024024,0.13843402883933636,-0.988124699788677,-0.06667531272383176,0.0,6.283185307179586,0.6283185307179586
20.27027027027027,0.1419800894583084,-0.985471257745018,-0.09320973316042303,0.0,6.283185307179586,0.6283185307179586
20.3003003003003,0.14043614349425132,-0.9827988705240123,-0.1199336053704782,0.0,6.283185307179586,0.6283185307179586
20.33033033033033,0.13385754163155225,-0.9802033435910547,-0.1458888747000514,0.0,6.283185307179586,0.6283185307179586
20.36036036036036,0.12248012769110211,-0.9777777269591833,-0.17014504101876538,0.0,6.283185307179586,0.6283185307179586
20.39039039039039,0.1067117835954697,-0.9756089793327576,-0.19183251728302592,0.0,6.283185307179586,0.6283185307179586
20.42042042042042,0.08711780674344145,-0.973774850625427,-0.21017380435633115,0.0,6.283185307179586,0.6283185307179586
20.45045045045045,0.06440064401714743,-0.9723410946145705,-0.22451136446489478,0.0,6.283185307179586,0.6283185307179586
20.48048048048048,0.0393747089605271,-0.9713591116589398,-0.2343311940212029,0.0,6.283185307179586,0.6283185307179586
20.51051051051051,0.01293718493690031,-0.9708641059884211,-0.239281250726391,0.0,6.283185307179586,0.6283185307179586
20.54054054054054,-0.013964139023364935,-0.9708738236273418,-0.2391840743371822,0.0,6.283185307179586,0.6283185307179586
20.57057057057057,-0.04036484659561094,-0.9713879161969523,-0.2340431486410759,0.0,6.283185307179586,0.6283185307179586
20.6006006006006,-0.06531846862453536,-0.9723879534048534,-0.22404277656206517,0.0,6.283185307179586,0.6283185307179586
20.63063063063063,-0.08793041417923905,-0.9738380837736238,-0.2095414728743632,0.0,6.283185307179586,0.6283185307179586
20.66066066066066,-0.10739004176648403,-0.9756863199214303,-0.1910591113962961,0.0,6.283185307179586,0.6283185307179586
20.69069069069069,-0.12299972094456352,-0.9778664023171292,-0.16925828743930638,0.0,6.283185307179586,0.6283185307179586
20.72072072072072,-0.13419984247475591,-0.9803001746939649,-0.14492056367094774,0.0,6.283185307179586,0.6283185307179586
20.75075075075075,-0.14058888039284392,-0.9829003859629508,-0.11891845098108877,0.0,6.283185307179586,0.6283185307179586
20.78078078078078,-0.1419377867725557,-0.9855738181769305,-0.09218412884129418,0.0,6.283185307179586,0.6283185307179586
20.81081081081081,-0.13819820312659353,-0.9882246284073605,-0.06567602653699217,0.0,6.283185307179586,0.6283185307179586
20.84084084084084,-0.129504194065343,-0.9907577847270554,-0.040344463340040826,0.0,6.283185307179586,0.6283185307179586
20.87087087087087,-0.11616744106135074,-0.9930824731184141,-0.01709757942645268,0.0,6.283185307179586,0.6283185307179586
20.9009009009009,-0.09866606862380363,-0.995115353168984,0.003231221079246671,0.0,6.283185307179586,0.6283185307179586
20.93093093093093,-0.07762750346625728,-0.9967835458372081,0.019913147761486116,0.0,6.283185307179586,0.6283185307179586
20.96096096096096,-0.05380598116891152,-0.9980272461765233,0.032350151154638795,0.0,6.283185307179586,0.6283185307179586
20.99099099099099,-0.028055506724817603,-0.9988018673512784,0.04009636290219215,0.0,6.283185307179586,0.6283185307179586
21.02102102102102,-0.0012992383383169414,-0.9990796390811908,0.042874080201317,0.0,6.283185307179586,0.6283185307179586
21.05105105105105,0.025503607929069614,-0.9988506032098791,0.040583721488201274,0.0,6.283185307179586,0.6283185307179586
21.08108108108108,0.05139214619210685,-0.9981229707061994,0.03330739645140596,0.0,6.283185307179586,0.6283185307179586
21.11111111111111,0.07543826863873038,-0.9969228272998333,0.02130596238774546,0.0,6.283185307179586,0.6283185307179586
21.14114114114114,0.09677991832830429,-0.9952931983041345,0.005009672430759893,0.0,6.283185307179586,0.6283185307179586
21.17117117117117,0.11465199405665906,-0.9932925061524719,-0.014997249085867304,0.0,6.283185307179586,0.6283185307179586
21.2012012012012,0.12841377934406303,-0.990992475945607,-0.03799755115451714,0.0,6.283185307179586,0.6283185307179586
21.23123123123123,0.13757191221297163,-0.9884755640965394,-0.06316666964519285,0.0,6.283185307179586,0.6283185307179586
21.26126126126126,0.1417980722857258,-0.9858320022562672,-0.0896022880479157,0.0,6.283185307179586,0.6283185307179586
21.29129129129129,0.14094075111720963,-0.9831565624961486,-0.11635668564909973,0.0,6.283185307179586,0.6283185307179586
21.32132132132132,0.13503068379435093,-0.980545159715544,-0.14247071345514667,0.0,6.283185307179586,0.6283185307179586
21.35135135135135,0.12427974707884396,-0.9780914130789073,-0.16700817982151395,0.0,6.283185307179586,0.6283185307179586
21.38138138138138,0.10907336359483583,-0.9758832897553058,-0.1890894130575288,0.0,6.283185307179586,0.6283185307179586
21.41141141141141,0.08995668437253776,-0.9739999512827843,-0.20792279778274303,0.0,6.283185307179586,0.6283185307179586
21.44144144144144,0.06761504510555567,-0.9725089156158655,-0.2228331544519268,0.0,6.283185307179586,0.6283185307179586
21.47147147147147,0.04284939676792039,-0.9714636365971916,-0.23328594463866398,0.0,6.283185307179586,0.6283185307179586
21.5015015015015,0.01654759140672171,-0.9709015876295929,-0.2389064343146518,0.0,6.283185307179586,0.6283185307179586
21.53153153153153,-0.010347447481197782,-0.9708429182492186,-0.23949312811839502,0.0,6.283185307179586,0.6283185307179586
21.56156156156156,-0.03687152889192602,-0.9712897317617752,-0.2350249929928303,0.0,6.283185307179586,0.6283185307179586
21.59159159159159,-0.06207376070034525,-0.9722260098387137,-0.22566221222344413,0.0,6.283185307179586,0.6283185307179586
21.62162162162162,-0.08505063927928293,-0.973618186776608,-0.21174044284449728,0.0,6.283185307179586,0.6283185307179586
21.65165165165165,-0.10497844023420976,-0.9754163528324401,-0.193758782286175,0.0,6.283185307179586,0.6283185307179586
21.68168168168168,-0.12114274904099857,-0.9775560434950484,-0.17236187566009098,0.0,6.283185307179586,0.6283185307179586
21.71171171171171,-0.1329640729091422,-0.9799605505471058,-0.14831680513951823,0.0,6.283185307179586,0.6283185307179586
21.74174174174174,-0.14001861568145732,-0.9825436720657181,-0.12248558995339287,0.0,6.283185307179586,0.6283185307179586
21.77177177177177,-0.1420534709871396,-0.9852128027737329,-0.0957942828732456,0.0,6.283185307179586,0.6283185307179586
21.8018018018018,-0.13899568897145304,-0.9878722539522135,-0.06919977108844161,0.0,6.283185307179586,0.6283185307179586
21.83183183183183,-0.13095489155849033,-0.9904266838947458,-0.043655471663117396,0.0,6.283185307179586,0.6283185307179586
21.86186186186186,-0.1182193424894632,-0.992784515921297,-0.020077151397602078,0.0,6.283185307179586,0.6283185307179586
21.89189189189189,-0.10124561302620941,-0.9948612214153368,0.0006899035427966327,0.0,6.283185307179586,0.6283185307179586
21.92192192192192,-0.08064221380593271,-0.9965823501868702,0.017901191258128668,0.0,6.283185307179586,0.6283185307179586
21.95195195195195,-0.05714777964752987,-0.9978861995224333,0.03093968461376101,0.0,6.283185307179586,0.6283185307179586
21.98198198198198,-0.031604589387329796,-0.9987260262362274,0.039337951751704126,0.0,6.283185307179586,0.6283185307179586
22.01201201201201,-0.0049283700619334,-0.9990717224200373,0.042794913589805306,0.0,6.283185307179586,0.6283185307179586
22.04204204204204,0.02192453203746713,-0.9989108948160617,0.0411866375500502,0.0,6.283185307179586,0.6283185307179586
22.07207207207207,0.0479914365168752,-0.9982493091169837,0.03457078055927154,0.0,6.283185307179586,0.6283185307179586
22.1021021021021,0.07233784110977164,-0.9971106832650617,0.023184522040049116,0.0,6.283185307179586,0.6283185307179586
22.13213213213213,0.0940909237174824,-0.9955358371604935,0.007436060994369886,0.0,6.283185307179586,0.6283185307179586
22.16216216216216,0.11247083320667702,-0.9935812292621395,-0.012110017989174271,0.0,6.283185307179586,0.6283185307179586
22.19219219219219,0.12681864718441702,-0.9913169325436659,-0.03475298517391212,0.0,6.283185307179586,0.6283185307179586
22.22222222222222,0.13661999446050654,-0.9888241223673857,-0.059681086936716754,0.0,6.283185307179586,0.6283185307179586
22.25225225225225,0.14152349532848005,-0.9861921663358681,-0.08600064725189249,0.0,6.283185307179586,0.6283185307179586
22.28228228228228,0.14135335857850576,-0.9835154204505627,-0.1127681061049483,0.0,6.283185307179586,0.6283185307179586
22.31231231231231,0.1361156836374871,-0.9808898464356045,-0.1390238462545314,0.0,6.283185307179586,0.6283185307179586
22.34234234234234,0.12599824190373238,-0.9784095714962333,-0.16382659564824675,0.0,6.283185307179586,0.6283185307179586
22.37237237237237,0.11136374511537846,-0.9761635138449762,-0.18628717216081936,0.0,6.283185307179586,0.6283185307179586
22.4024024024024,0.09273684208252424,-0.9742321949709685,-0.20560036090089495,0.0,6.283185307179586,0.6283185307179586
22.43243243243243,0.07078530995209509,-0.9726848529330127,-0.22107378128045374,0.0,6.283185307179586,0.6283185307179586
22.46246246246246,0.04629611430129091,-0.9715769601652323,-0.23215270895825596,0.0,6.283185307179586,0.6283185307179586
22.49249249249249,0.020147196308704183,-0.9709482347823495,-0.23843996278708507,0.0,6.283185307179586,0.6283185307179586
22.52252252252252,-0.006724001562928532,-0.9708212166795702,-0.23971014381487704,0.0,6.283185307179586,0.6283185307179586
22.55255255255255,-0.03335414301355049,-0.9712004594741079,-0.2359177158694981,0.0,6.283185307179586,0.6283185307179586
22.58258258258258,-0.05878853365039287,-0.9720723672573522,-0.22719863803705204,0.0,6.283185307179586,0.6283185307179586
22.61261261261261,-0.08211534691896633,-0.9734056820101444,-0.21386549050913023,0.0,6.283185307179586,0.6283185307179586
22.64264264264264,-0.10249831321589796,-0.9751526042072487,-0.19639626853808512,0.0,6.283185307179586,0.6283185307179586
22.67267267267267,-0.11920670027422793,-0.9772505064371935,-0.17541724623863442,0.0,6.283185307179586,0.6283185307179586
22.7027027027027,-0.13164151002004904,-0.9796241786039599,-0.15168052457096975,0.0,6.283185307179586,0.6283185307179586
22.73273273273273,-0.13935695273942023,-0.982188524219717,-0.12603706841339868,0.0,6.283185307179586,0.6283185307179586
22.762762762762762,-0.1420764287035878,-0.9848516111261235,-0.09940619934933187,0.0,6.283185307179586,0.6283185307179586
22.792792792792792,-0.139702444308957,-0.9875179672753983,-0.07274263785658486,0.0,6.283185307179586,0.6283185307179586
22.822822822822822,-0.13232010723677243,-0.9900920034169338,-0.04700227644123295,0.0,6.283185307179586,0.6283185307179586
22.852852852852852,-0.12019407533053104,-0.9924814399856485,-0.023107910754085303,0.0,6.283185307179586,0.6283185307179586
22.882882882882882,-0.10375906857431144,-0.9946006153376399,-0.0019161572341721556,0.0,6.283185307179586,0.6283185307179586
22.912912912912912,-0.08360428431895665,-0.9963735567324103,0.015813256713531842,0.0,6.283185307179586,0.6283185307179586
22.942942942942942,-0.06045227447248906,-0.9977367039665177,0.029444729054604712,0.0,6.283185307179586,0.6283185307179586
22.972972972972972,-0.03513304191051243,-0.9986411880159901,0.03848956954932975,0.0,6.283185307179586,0.6283185307179586
23.003003003003002,-0.008554284754005529,-0.9990545829978492,0.04262351936792114,0.0,6.283185307179586,0.6283185307179586
23.033033033033032,0.018331144738581124,-0.9989620686426676,0.04169837581610808,0.0,6.283185307179586,0.6283185307179586
23.063063063063062,0.0445594000615372,-0.9983669616033563,0.0357473054229927,0.0,6.283185307179586,0.6283185307179586
23.093093093093092,0.06919019449744641,-0.9972905965526792,0.024983654916223064,0.0,6.283185307179586,0.6283185307179586
23.123123123123122,0.09134051053094917,-0.9957715613321756,0.009793302711186946,0.0,6.283185307179586,0.6283185307179586
23.153153153153152,0.11021625615339226,-0.993864313572501,-0.009279174885556185,0.0,6.283185307179586,0.6283185307179586
23.183183183183182,0.12514073317530144,-0.9916372283795548,-0.03155002681501978,0.0,6.283185307179586,0.6283185307179586
23.213213213213212,0.13557889695358902,-0.9891701470771188,-0.05622083983938203,0.0,6.283185307179586,0.6283185307179586
23.243243243243242,0.14115653781879411,-0.986551514883943,-0.08240716177114349,0.0,6.283185307179586,0.6283185307179586
23.273273273273272,0.14167369654543682,-0.9838752101399593,-0.10917020921098125,0.0,6.283185307179586,0.6283185307179586
23.303303303303302,0.1371118329189481,-0.9812371787543236,-0.1355505230673391,0.0,6.283185307179586,0.6283185307179586
23.333333333333332,0.1276344904050229,-0.9787319945308023,-0.16060236530255556,0.0,6.283185307179586,0.6283185307179586
23.363363363363362,0.11358143309290478,-0.9764494686833337,-0.18342762377724053,0.0,6.283185307179586,0.6283185307179586
23.393393393393392,0.09545646510402554,-0.9744714300911212,-0.20320800969936187,0.0,6.283185307179586,0.6283185307179586
23.423423423423422,0.07390936914194997,-0.9728687917215699,-0.2192343933948741,0.0,6.283185307179586,0.6283185307179586
23.453453453453452,0.04971261168920091,-0.9716990083902272,-0.23093222670830282,0.0,6.283185307179586,0.6283185307179586
23.483483483483482,0.023733649973001848,-0.9710040169973999,-0.23788214063657448,0.0,6.283185307179586,0.6283185307179586
23.513513513513512,-0.0030961665008099794,-0.9708087330842614,-0.23983497976795892,0.0,6.283185307179586,0.6283185307179586
23.543543543543542,-0.029814984961228447,-0.9711201576071234,-0.23672073453933906,0.0,6.283185307179586,0.6283185307179586
23.573573573573572,-0.05546493193195723,-0.9719271259521479,-0.22865105108909473,0.0,6.283185307179586,0.6283185307179586
23.603603603603602,-0.07912645313300208,-0.9732007081883557,-0.21591522872701951,0.0,6.283185307179586,0.6283185307179586
23.633633633633632,-0.09995127963357625,-0.974895246209803,-0.19896984851254584,0.0,6.283185307179586,0.6283185307179586
23.663663663663662,-0.11719283841500666,-0.9769499905852336,-0.17842240475824078,0.0,6.283185307179586,0.6283185307179586
23.693693693693692,-0.13023301712059598,-0.9792912784339061,-0.15500952627151549,0.0,6.283185307179586,0.6283185307179586
23.723723723723722,-0.13860432347231735,-0.9818351742504412,-0.12957056810616474,0.0,6.283185307179586,0.6283185307179586
23.753753753753752,-0.14200664493607268,-0.9844904790047345,-0.10301752056323077,0.0,6.283185307179586,0.6283185307179586
23.783783783783782,-0.1403180077991099,-0.9871619996402746,-0.07630231420782818,0.0,6.283185307179586,0.6283185307179586
23.813813813813812,-0.1335989499451301,-0.9897539617588805,-0.050382693021768954,0.0,6.283185307179586,0.6283185307179586
23.843843843843842,-0.12209035056246867,-0.9921734431466206,-0.026187879144369597,0.0,6.283185307179586,0.6283185307179586
23.873873873873872,-0.10620479459062444,-0.9943337050485174,-0.004585260125398616,0.0,6.283185307179586,0.6283185307179586
23.903903903903903,-0.08651178149096747,-0.9961573017653637,0.013650707043064092,0.0,6.283185307179586,0.6283185307179586
23.933933933933933,-0.06371730860931824,-0.9975788570931509,0.027866260320935365,0.0,6.283185307179586,0.6283185307179586
23.963963963963963,-0.038638561069780704,-0.9985474080693664,0.03755177008309102,0.0,6.283185307179586,0.6283185307179586
23.993993993993993,-0.012174615570766607,-0.9990282320025138,0.042360009414563915,0.0,6.283185307179586,0.6283185307179586
24.024024024024023,0.014725791643671597,-0.999004091285585,0.04211860224527675,0.0,6.283185307179586,0.6283185307179586
24.054054054054053,0.04109827711434573,-0.9984758513667469,0.03683620305689467,0.0,6.283185307179586,0.6283185307179586
24.084084084084083,0.06599738345234497,-0.9974624497228985,0.026702186618411283,0.0,6.283185307179586,0.6283185307179586
24.114114114114113,0.08853047412211361,-0.996000216948408,0.012079858873507543,0.0,6.283185307179586,0.6283185307179586
24.144144144144143,0.10788973458935534,-0.9941415742980899,-0.006506567629671944,0.0,6.283185307179586,0.6283185307179586
24.174174174174173,0.12338113258801939,-0.9919531543776968,-0.0283907668336002,0.0,6.283185307179586,0.6283185307179586
24.204204204204203,0.13444929927664093,-0.9895134123554412,-0.05278818705615501,0.0,6.283185307179586,0.6283185307179586
24.234234234234233,0.14069743929101028,-0.9869098133329548,-0.0788241772810176,0.0,6.283185307179586,0.6283185307179586
24.264264264264263,0.14190155591492462,-0.9842356967088436,-0.10556534352213043,0.0,6.283185307179586,0.6283185307179586
24.294294294294293,0.13801848139461065,-0.9815869299478516,-0.13205301113205314,0.0,6.283185307179586,0.6283185307179586
24.324324324324323,0.12918742450889223,-0.9790584717184916,-0.15733759342565234,0.0,6.283185307179586,0.6283185307179586
24.354354354354353,0.11572497991449124,-0.9767409676111526,-0.18051263449904303,0.0,6.283185307179586,0.6283185307179586
24.384384384384383,0.09811377818214904,-0.9747175004806736,-0.200747305803831,0.0,6.283185307179586,0.6283185307179586
24.414414414414413,0.07698518342140162,-0.973060611914076,-0.21731619146980702,0.0,6.283185307179586,0.6283185307179586
24.444444444444443,0.05309665878664392,-0.9718297016042565,-0.22962529456800007,0.0,6.283185307179586,0.6283185307179586
24.474474474474473,0.027304611314339044,-0.9710688978624739,-0.23723333198582708,0.0,6.283185307179586,0.6283185307179586
24.504504504504503,0.0005336896078560816,-0.9708054756120554,-0.23986755449000868,0.0,6.283185307179586,0.6283185307179586
24.534534534534533,-0.02625636494765974,-0.9710488785784839,-0.23743352482572522,0.0,6.283185307179586,0.6283185307179586
24.564564564564563,-0.05210512505167953,-0.9717903807304807,-0.23001850330575596,0.0,6.283185307179586,0.6283185307179586
24.594594594594593,-0.07608590894484836,-0.9730033991094822,-0.21788831951574184,0.0,6.283185307179586,0.6283185307179586
24.624624624624623,-0.0973390020830486,-0.9746444468325172,-0.20147784228538979,0.0,6.283185307179586,0.6283185307179586
24.654654654654653,-0.11510247802718658,-0.976654692103204,-0.18137538957852106,0.0,6.283185307179586,0.6283185307179586
24.684684684684683,-0.12873951361538014,-0.9789620673400924,-0.15830163720963442,0.0,6.283185307179586,0.6283185307179586
24.714714714714713,-0.13776121916470452,-0.9814838528098029,-0.13308378251253067,0.0,6.283185307179586,0.6283185307179586
24.744744744744743,-0.14184416523648705,-0.9841296421413375,-0.10662588919718441,0.0,6.283185307179586,0.6283185307179586
24.774774774774773,-0.12687902666721468,-0.9589729326549616,-0.2535204666828415,6.283185307179586,0.0,0.6283185307179586
24.804804804804803,-0.10932038201335531,-0.8966138026497185,-0.42910691322143457,6.283185307179586,0.0,0.6283185307179586
24.834834834834833,-0.09324605709047466,-0.8021109391439969,-0.5898501624502415,6.283185307179586,0.0,0.6283185307179586
24.864864864864863,-0.07923231875392807,-0.6788522833568408,-0.7299875458157074,6.283185307179586,0.0,0.6283185307179586
24.894894894894893,-0.0677815615342304,-0.5312566757874042,-0.8444951180126838,6.283185307179586,0.0,0.6283185307179586
24.924924924924923,-0.059304296721037174,-0.36461544014889896,-0.9292677661446158,6.283185307179586,0.0,0.6283185307179586
24.954954954954953,-0.05410443547449663,-0.18490268865410212,-0.9812663786100215,6.283185307179586,0.0,0.6283185307179586
24.984984984984983,-0.052368393566543506,0.0014388507648317964,-0.9986267976895526,6.283185307179586,0.0,0.6283185307179586
25.015015015015013,-0.05371768246830032,0.09450798523526564,-0.9940737655309888,0.0,0.0,0.6283185307179586
25.045045045045043,-0.055491231498164664,0.09347765460157535,-0.9940737655309888,0.0,0.0,0.6283185307179586
25.075075075075073,-0.057245025268110476,0.09241404528018304,-0.9940737655309888,0.0,0.0,0.6283185307179586
25.105105105105103,-0.058978439415498206,0.09131753592331943,-0.9940737655309888,0.0,0.0,0.6283185307179586
25.135135135135133,-0.060690856832974066,0.09018851689585418,-0.9940737655309888,0.0,0.0,0.6283185307179586
25.165165165165163,-0.06238166788816449,0.0890273901363231,-0.9940737655309888,0.0,0.0,0.6283185307179586
25.195195195195193,-0.06405027064070942,0.08783456901383539,-0.9940737655309888,0.0,0.0,0.6283185307179586
25.225225225225223,-0.06569607105655717,0.08661047818091139,-0.9940737655309888,0.0,0.0,0.6283185307179586
25.255255255255253,-0.06731848321944481,0.08535555342230328,-0.9940737655309888,0.0,0.0,0.6283185307179586
25.285285285285283,-0.06891692953948812,0.08407024149985277,-0.9940737655309888,0.0,0.0,0.6283185307179586
25.315315315315313,-0.07049084095880773,0.0827549999934409,-0.9940737655309888,0.0,0.0,0.6283185307179586
25.345345345345343,-0.07203965715411771,0.0814102971380863,-0.9940737655309888,0.0,0.0,0.6283185307179586
25.375375375375373,-0.07356282673620436,0.08003661165725036,-0.9940737655309888,0.0,0.0,0.6283185307179586
25.405405405405403,-0.07505980744622451,0.07863443259240845,-0.9940737655309888,0.0,0.0,0.6283185307179586
25.435435435435434,-0.07653006634875353,0.07720425912894771,-0.9940737655309888,0.0,0.0,0.6283185307179586
25.465465465465464,-0.0779730800215141,0.07574660041845364,-0.9940737655309888,0.0,0.0,0.6283185307179586
25.495495495495494,-0.07938833474171794,0.07426197539744865,-0.9940737655309888,0.0,0.0,0.6283185307179586
25.525525525525524,-0.0807753266689546,0.07275091260264709,-0.9940737655309888,0.0,0.0,0.6283185307179586
25.555555555555554,-0.08213356202456244,0.07121394998279257,-0.9940737655309888,0.0,0.0,0.6283185307179586
25.585585585585584,-0.08346255726741686,0.06965163470714444,-0.9940737655309888,0.0,0.0,0.6283185307179586
25.615615615615614,-0.08476183926607454,0.06806452297068184,-0.9940737655309888,0.0,0.0,0.6283185307179586
25.645645645645647,-0.08603094546721146,0.06645317979609423,-0.9940737655309888,0.0,0.0,0.6283185307179586
25.675675675675677,-0.08726942406029445,0.06481817883263019,-0.9940737655309888,0.0,0.0,0.6283185307179586
25.705705705705707,-0.08847683413843005,0.06316010215187323,-0.9940737655309888,0.0,0.0,0.6283185307179586
25.735735735735737,-0.0896527458553294,0.06147954004052115,-0.9940737655309888,0.0,0.0,0.6283185307179586
25.765765765765767,-0.0907967405783368,0.05977709079023949,-0.9940737655309888,0.0,0.0,0.6283185307179586
25.795795795795797,-0.09190841103746589,0.0580533604846658,-0.9940737655309888,0.0,0.0,0.6283185307179586
25.825825825825827,-0.0929873614703903,0.056308962783639595,-0.9940737655309888,0.0,0.0,0.6283185307179586
25.855855855855857,-0.09403320776333816,0.05454451870473527,-0.9940737655309888,0.0,0.0,0.6283185307179586
25.885885885885887,-0.09504557758783888,0.05276065640217556,-0.9940737655309888,0.0,0.0,0.6283185307179586
25.915915915915917,-0.09602411053327489,0.05095801094320433,-0.9940737655309888,0.0,0.0,0.6283185307179586
25.945945945945947,-0.09696845823519021,0.049137224081998256,-0.9940737655309888,0.0,0.0,0.6283185307179586
25.975975975975977,-0.09787828449931038,0.047298944031197936,-0.9940737655309888,0.0,0.0,0.6283185307179586
26.006006006006007,-0.09875326542123034,0.04544382523113971,-0.9940737655309888,0.0,0.0,0.6283185307179586
26.036036036036037,-0.09959308950172632,0.043572528116870464,-0.9940737655309888,0.0,0.0,0.6283185307179586
26.066066066066067,-0.10039745775765184,0.04168571888302813,-0.9940737655309888,0.0,0.0,0.6283185307179586
26.096096096096097,-0.10116608382837772,0.039784069246671896,-0.9940737655309888,0.0,0.0,0.6283185307179586
26.126126126126128,-0.10189869407773837,0.037868256208146225,-0.9940737655309888,0.0,0.0,0.6283185307179586
26.156156156156158,-0.10259502769144842,0.03593896181006417,-0.9940737655309888,0.0,0.0,0.6283185307179586
26.186186186186188,-0.10325483676995398,0.03399687289449544,-0.9940737655309888,0.0,0.0,0.6283185307179586
26.216216216216218,-0.1038778864166869,0.032042680858445916,-0.9940737655309888,0.0,0.0,0.6283185307179586
26.246246246246248,-0.1044639548216894,0.030077081407715645,-0.9940737655309888,0.0,0.0,0.6283185307179586
26.276276276276278,-0.10501283334058006,0.02810077430922268,-0.9940737655309888,0.0,0.0,0.6283185307179586
26.306306306306308,-0.10552432656883261,0.026114463141881292,-0.9940737655309888,0.0,0.0,0.6283185307179586
26.336336336336338,-0.10599825241134125,0.024118855046123065,-0.9940737655309888,0.0,0.0,0.6283185307179586
26.366366366366368,-0.1064344421472478,0.02211466047214999,-0.9940737655309888,0.0,0.0,0.6283185307179586
26.396396396396398,-0.10683274049000745,0.020102592927009354,-0.9940737655309888,0.0,0.0,0.6283185307179586
26.426426426426428,-0.10719300564267176,0.0180833687205803,-0.9940737655309888,0.0,0.0,0.6283185307179586
26.456456456456458,-0.10751510934836964,0.016057706710562582,-0.9940737655309888,0.0,0.0,0.6283185307179586
26.486486486486488,-0.10779893693596736,0.014026328046558309,-0.9940737655309888,0.0,0.0,0.6283185307179586
26.516516516516518,-0.10804438736089238,0.0119899559133377,-0.9940737655309888,0.0,0.0,0.6283185307179586
26.546546546546548,-0.10825137324110587,0.00994931527338035,-0.9940737655309888,0.0,0.0,0.6283185307179586
26.576576576576578,-0.10841982088821156,0.0079051326087836,-0.9940737655309888,0.0,0.0,0.6283185307179586
26.606606606606608,-0.10854967033368894,0.005858135662629914,-0.9940737655309888,0.0,0.0,0.6283185307179586
26.636636636636638,-0.10864087535024275,0.0038090531799053313,-0.9940737655309888,0.0,0.0,0.6283185307179586
26.666666666666668,-0.10869340346826001,0.0017586146480612584,-0.9940737655309888,0.0,0.0,0.6283185307179586
26.696696696696698,-0.10870723598736957,-0.0002924499626880949,-0.9940737655309888,0.0,0.0,0.6283185307179586
26.726726726726728,-0.10868236798309955,-0.0023434104592401223,-0.9940737655309888,0.0,0.0,0.6283185307179586
26.756756756756758,-0.10861880830863041,-0.004393536685557586,-0.9940737655309888,0.0,0.0,0.6283185307179586
26.786786786786788,-0.10851657959164322,-0.00644209878260919,-0.9940737655309888,0.0,0.0,0.6283185307179586
26.816816816816818,-0.10837571822626413,-0.008488367448204413,-0.9940737655309888,0.0,0.0,0.6283185307179586
26.846846846846848,-0.1081962743601076,-0.01053161419663009,-0.9940737655309888,0.0,0.0,0.6283185307179586
26.876876876876878,-0.10797831187642366,-0.012571111617996353,-0.9940737655309888,0.0,0.0,0.6283185307179586
26.906906906906908,-0.107721908371355,-0.014606133637199542,-0.9940737655309888,0.0,0.0,0.6283185307179586
26.936936936936938,-0.10742715512631225,-0.016635955772409932,-0.9940737655309888,0.0,0.0,0.6283185307179586
26.966966966966968,-0.10709415707547705,-0.018659855392992253,-0.9940737655309888,0.0,0.0,0.6283185307179586
26.996996996996998,-0.10672303276844486,-0.020677111976767172,-0.9940737655309888,0.0,0.0,0.6283185307179586
27.027027027027028,-0.10631391432802052,-0.02268700736652211,-0.9940737655309888,0.0,0.0,0.6283185307179586
27.057057057057058,-0.10586694740318156,-0.024688826025680153,-0.9940737655309888,0.0,0.0,0.6283185307179586
27.087087087087088,-0.10538229111722612,-0.026681855293036055,-0.9940737655309888,0.0,0.0,0.6283185307179586
27.117117117117118,-0.10486011801112405,-0.028665385636468445,-0.9940737655309888,0.0,0.0,0.6283185307179586
27.147147147147148,-0.10430061398209105,-0.030638710905538172,-0.9940737655309888,0.0,0.0,0.6283185307179586
27.177177177177178,-0.10370397821740812,-0.03260112858288276,-0.9940737655309888,0.0,0.0,0.6283185307179586
27.207207207207208,-0.10307042312350935,-0.03455194003431735,-0.9940737655309888,0.0,0.0,0.6283185307179586
27.237237237237238,-0.10240017425036392,-0.036490450757553236,-0.9940737655309888,0.0,0.0,0.6283185307179586
27.26726726726727,-0.10169347021117865,-0.03841597062944567,-0.9940737655309888,0.0,0.0,0.6283185307179586
27.2972972972973,-0.10095056259745011,-0.04032781415168212,-0.9940737655309888,0.0,0.0,0.6283185307179586
27.32732732732733,-0.10017171588939636,-0.0422253006948247,-0.9940737655309888,0.0,0.0,0.6283185307179586
27.35735735735736,-0.09935720736180004,-0.0441077547406187,-0.9940737655309888,0.0,0.0,0.6283185307179586
27.38738738738739,-0.09850732698529678,-0.045974506122481856,-0.9940737655309888,0.0,0.0,0.6283185307179586
27.41741741741742,-0.09762237732314356,-0.04782489026408822,-0.9940737655309888,0.0,0.0,0.6283185307179586
27.44744744744745,-0.09670267342350426,-0.04965824841596188,-0.9940737655309888,0.0,0.0,0.6283185307179586
27.47747747747748,-0.09574854270729011,-0.051473927889996315,-0.9940737655309888,0.0,0.0,0.6283185307179586
27.50750750750751,-0.09476032485159583,-0.05327128229181589,-0.9940737655309888,0.0,0.0,0.6283185307179586
27.53753753753754,-0.09373837166877202,-0.05504967175089664,-0.9940737655309888,0.0,0.0,0.6283185307179586
27.56756756756757,-0.09268304698117778,-0.056808463148364644,-0.9940737655309888,0.0,0.0,0.6283185307179586
27.5975975975976,-0.0915947264916573,-0.058547030342390595,-0.9940737655309888,0.0,0.0,0.6283185307179586
27.62762762762763,-0.09047379764978718,-0.060264754391100656,-0.9940737655309888,0.0,0.0,0.6283185307179586
27.65765765765766,-0.08932065951394146,-0.061961023772924076,-0.9940737655309888,0.0,0.0,0.6283185307179586
27.68768768768769,-0.08813572260922442,-0.06363523460429896,-0.9940737655309888,0.0,0.0,0.6283185307179586
27.71771771771772,-0.0869194087813207,-0.06528679085465905,-0.9940737655309888,0.0,0.0,0.6283185307179586
27.74774774774775,-0.0856721510463152,-0.06691510455862466,-0.9940737655309888,0.0,0.0,0.6283185307179586
27.77777777777778,-0.08439439343653661,-0.06851959602532248,-0.9940737655309888,0.0,0.0,0.6283185307179586
27.80780780780781,-0.08308659084247859,-0.07009969404475934,-0.9940737655309888,0.0,0.0,0.6283185307179586
27.83783783783784,-0.08174920885085588,-0.07165483609117715,-0.9940737655309888,0.0,0.0,0.6283185307179586
27.86786786786787,-0.08038272357885201,-0.0731844685233156,-0.9940737655309888,0.0,0.0,0.6283185307179586
27.8978978978979,-0.07898762150461856,-0.07468804678151264,-0.9940737655309888,0.0,0.0,0.6283185307179586
27.92792792792793,-0.07756439929408535,-0.07616503558157114,-0.9940737655309888,0.0,0.0,0.6283185307179586
27.95795795795796,-0.07611356362414402,-0.07761490910532387,-0.9940737655309888,0.0,0.0,0.6283185307179586
27.98798798798799,-0.07463563100226762,-0.07903715118782843,-0.9940737655309888,0.0,0.0,0.6283185307179586
28.01801801801802,-0.07313112758263045,-0.08043125550112545,-0.9940737655309888,0.0,0.0,0.6283185307179586
28.04804804804805,-0.07160058897879341,-0.08179672573449491,-0.9940737655309888,0.0,0.0,0.6283185307179586
28.07807807807808,-0.07004456007302205,-0.08313307577114597,-0.9940737655309888,0.0,0.0,0.6283185307179586
28.10810810810811,-0.06846359482230459,-0.08443982986127817,-0.9940737655309888,0.0,0.0,0.6283185307179586
28.13813813813814,-0.06685825606113953,-0.08571652279145134,-0.9940737655309888,0.0,0.0,0.6283185307179586
28.16816816816817,-0.06522911530116254,-0.08696270005020512,-0.9940737655309888,0.0,0.0,0.6283185307179586
28.1981981981982,-0.06357675252768473,-0.08817791798986774,-0.9940737655309888,0.0,0.0,0.6283185307179586
28.22822822822823,-0.06190175599321343,-0.08936174398449805,-0.9940737655309888,0.0,0.0,0.6283185307179586
28.25825825825826,-0.06020472200803066,-0.0905137565839031,-0.9940737655309888,0.0,0.0,0.6283185307179586
28.28828828828829,-0.05848625472790234,-0.09163354566367735,-0.9940737655309888,0.0,0.0,0.6283185307179586
28.31831831831832,-0.056746965938994705,-0.09272071257120974,-0.9940737655309888,0.0,0.0,0.6283185307179586
28.34834834834835,-0.05498747484007436,-0.09377487026760697,-0.9940737655309888,0.0,0.0,0.6283185307179586
28.37837837837838,-0.05320840782206911,-0.09479564346548157,-0.9940737655309888,0.0,0.0,0.6283185307179586
28.40840840840841,-0.05141039824506854,-0.09578266876255732,-0.9940737655309888,0.0,0.0,0.6283185307179586
28.43843843843844,-0.049594086212843475,-0.09673559477104264,-0.9940737655309888,0.0,0.0,0.6283185307179586
28.46846846846847,-0.04776011834496462,-0.09765408224272706,-0.9940737655309888,0.0,0.0,0.6283185307179586
28.4984984984985,-0.04590914754660158,-0.09853780418975597,-0.9940737655309888,0.0,0.0,0.6283185307179586
28.52852852852853,-0.04404183277608409,-0.09938644600104067,-0.9940737655309888,0.0,0.0,0.6283185307179586
28.55855855855856,-0.042158838810308345,-0.1001997055542618,-0.9940737655309888,0.0,0.0,0.6283185307179586
28.58858858858859,-0.04026083600807184,-0.10097729332342724,-0.9940737655309888,0.0,0.0,0.6283185307179586
28.61861861861862,-0.038348500071421106,-0.1017189324819452,-0.9940737655309888,0.0,0.0,0.6283185307179586
28.64864864864865,-0.036422511805096904,-0.10242435900117652,-0.9940737655309888,0.0,0.0,0.6283185307179586
28.67867867867868,-0.03448355687416336,-0.10309332174443045,-0.9940737655309888,0.0,0.0,0.6283185307179586
28.70870870870871,-0.03253232555990631,-0.10372558255637125,-0.9940737655309888,0.0,0.0,0.6283185307179586
28.73873873873874,-0.030569512514088456,-0.10432091634780302,-0.9940737655309888,0.0,0.0,0.6283185307179586
28.76876876876877,-0.028595816511648536,-0.10487911117580302,-0.9940737655309888,0.0,0.0,0.6283185307179586
28.7987987987988,-0.026611940201932697,-0.10539996831917492,-0.9940737655309888,0.0,0.0,0.6283185307179586
28.82882882882883,-0.02461858985854644,-0.10588330234919476,-0.9940737655309888,0.0,0.0,0.6283185307179586
28.85885885885886,-0.022616475127916418,-0.10632894119562487,-0.9940737655309888,0.0,0.0,0.6283185307179586
28.88888888888889,-0.020606308776651372,-0.10673672620797213,-0.9940737655309888,0.0,0.0,0.6283185307179586
28.91891891891892,-0.01858880643779236,-0.10710651221196868,-0.9940737655309888,0.0,0.0,0.6283185307179586
28.94894894894895,-0.01656468635604244,-0.10743816756125472,-0.9940737655309888,0.0,0.0,0.6283185307179586
28.97897897897898,-0.014534669132066672,-0.10773157418424575,-0.9940737655309888,0.0,0.0,0.6283185307179586
29.00900900900901,-0.01249947746595326,-0.10798662762616686,-0.9940737655309888,0.0,0.0,0.6283185307179586
29.03903903903904,-0.010459835899927387,-0.10820323708623922,-0.9940737655309888,0.0,0.0,0.6283185307179586
29.06906906906907,-0.008416470560409204,-0.10838132545000581,-0.9940737655309888,0.0,0.0,0.6283185307179586
29.0990990990991,-0.006370108899507829,-0.10852082931678476,-0.9940737655309888,0.0,0.0,0.6283185307179586
29.12912912912913,-0.0043214794360433885,-0.10862169902224032,-0.9940737655309888,0.0,0.0,0.6283185307179586
29.15915915915916,-0.0022713114961893117,-0.10868389865606402,-0.9940737655309888,0.0,0.0,0.6283185307179586
29.18918918918919,-0.00022033495382720278,-0.1087074060747585,-0.9940737655309888,0.0,0.0,0.6283185307179586
29.21921921921922,0.0018307200292932825,-0.1086922129095211,-0.9940737655309888,0.0,0.0,0.6283185307179586
29.24924924924925,0.0038811232634970412,-0.1086383245692231,-0.9940737655309888,0.0,0.0,0.6283185307179586
29.27927927927928,0.005930144791136062,-0.10854576023848413,-0.9940737655309888,0.0,0.0,0.6283185307179586
29.30930930930931,0.007977055146459378,-0.10841455287084235,-0.9940737655309888,0.0,0.0,0.6283185307179586
29.33933933933934,0.010021125615307871,-0.10824474917702265,-0.9940737655309888,0.0,0.0,0.6283185307179586
29.36936936936937,0.01206162849454153,-0.10803640960830745,-0.9940737655309888,0.0,0.0,0.6283185307179586
29.3993993993994,0.014097837351106795,-0.10778960833501557,-0.9940737655309888,0.0,0.0,0.6283185307179586
29.42942942942943,0.01612902728065168,-0.10750443322009703,-0.9940737655309888,0.0,0.0,0.6283185307179586
29.45945945945946,0.01815447516559672,-0.10718098578785346,-0.9940737655309888,0.0,0.0,0.6283185307179586
29.48948948948949,0.020173459932569818,-0.10681938118779434,-0.9940737655309888,0.0,0.0,0.6283185307179586
29.51951951951952,0.022185262809113294,-0.10641974815364343,-0.9940737655309888,0.0,0.0,0.6283185307179586
29.54954954954955,0.024189167579571857,-0.10598222895750829,-0.9940737655309888,0.0,0.0,0.6283185307179586
29.57957957957958,0.026184460840070256,-0.10550697935923076,-0.9940737655309888,0.0,0.0,0.6283185307179586
29.60960960960961,0.028170432252490024,-0.10499416855093519,-0.9940737655309888,0.0,0.0,0.6283185307179586
29.63963963963964,0.03014637479735466,-0.10444397909679494,-0.9940737655309888,0.0,0.0,0.6283185307179586
29.66966966966967,0.03211158502553348,-0.10385660686803826,-0.9940737655309888,0.0,0.0,0.6283185307179586
29.6996996996997,0.03406536330867436,-0.10323226097321682,-0.9940737655309888,0.0,0.0,0.6283185307179586
29.72972972972973,0.03600701408827614,-0.10257116368376154,-0.9940737655309888,0.0,0.0,0.6283185307179586
29.75975975975976,0.037935846123312335,-0.10187355035485259,-0.9940737655309888,0.0,0.0,0.6283185307179586
29.78978978978979,0.03985117273631764,-0.10113966934163116,-0.9940737655309888,0.0,0.0,0.6283185307179586
29.81981981981982,0.041752312057849884,-0.10036978191078345,-0.9940737655309888,0.0,0.0,0.6283185307179586
29.84984984984985,0.04363858726924013,-0.09956416214752793,-0.9940737655309888,0.0,0.0,0.6283185307179586
29.87987987987988,0.04550932684354491,-0.09872309685803887,-0.9940737655309888,0.0,0.0,0.6283185307179586
29.90990990990991,0.047363864784614344,-0.0978468854673418,-0.9940737655309888,0.0,0.0,0.6283185307179586
29.93993993993994,0.0492015408641913,-0.09693583991271573,-0.9940737655309888,0.0,0.0,0.6283185307179586
29.96996996996997,0.051021700856957355,-0.09599028453264159,-0.9940737655309888,0.0,0.0,0.6283185307179586
30.0,0.05282369677344141,-0.09501055595133547,-0.9940737655309888,0.0,0.0,0.6283185307179586
