Time,Sx,Sy,Sz,Hx,Hy,Hz
0.0,0.0,0.0,1.0,0.0,0.0,0.0
0.03003003003003003,0.0,-0.18756663397624676,0.9822518810462111,6.283185307179586,0.0,0.0
0.06006006006006006,0.0,-0.3684753764497992,0.9296375083602088,6.283185307179586,0.0,0.0
0.09009009009009009,0.0,-0.5363046265677983,0.844024494622029,6.283185307179586,0.0,0.0
0.12012012012012012,0.0,-0.6850970760967705,0.7284517803696078,6.283185307179586,0.0,0.0
0.15015015015015015,0.0,-0.8095711517469927,0.5870217630199434,6.283185307179586,0.0,0.0
0.18018018018018017,0.0,-0.9053084911936387,0.4247546771639966,6.283185307179586,0.0,0.0
0.21021021021021022,0.0,-0.9689107783497614,0.2474103950881043,6.283185307179586,0.0,0.0
0.24024024024024024,0.0,-0.9981203708277767,0.06128397293431165,6.283185307179586,0.0,0.0
0.2702702702702703,3.474313058238541e-09,-0.9999999999999954,2.7131411173275666e-08,0.0,6.283185307179586,0.0
0.3003003003003003,8.501598548748298e-09,-0.9999999999999954,2.5998214414624243e-08,0.0,6.283185307179586,0.0
0.3303303303303303,1.3227109180243964e-08,-0.9999999999999954,2.3942178406510806e-08,0.0,6.283185307179586,0.0
0.36036036036036034,1.7483107107899202e-08,-0.9999999999999954,2.1036284991726717e-08,0.0,6.283185307179586,0.0
0.39039039039039036,2.1118520335218243e-08,-0.9999999999999954,1.738368227144349e-08,0.0,6.283185307179586,0.0
0.42042042042042044,2.4004305373921102e-08,-0.9999999999999954,1.3114024477456354e-08,0.0,6.283185307179586,0.0
0.45045045045045046,2.603802773818854e-08,-0.9999999999999954,8.378868321390343e-09,0.0,6.283185307179586,0.0
0.4804804804804805,2.7147497925957424e-08,-0.9999999999999954,3.346293409034473e-09,0.0,6.283185307179586,0.0
0.5105105105105106,2.7293333865058316e-08,-0.9999999999999954,-1.8050624328580511e-09,0.0,6.283185307179586,0.0
0.5405405405405406,2.6470358923691073e-08,-0.9999999999999954,-6.89234513906456e-09,0.0,6.283185307179586,0.0
0.5705705705705706,2.4707785653020868e-08,-0.9999999999999954,-1.1734975491339839e-08,0.0,6.283185307179586,0.0
0.6006006006006006,2.2068178766908663e-08,-0.9999999999999954,-1.6161058435937292e-08,0.0,6.283185307179586,0.0
0.6306306306306306,1.8645234406671282e-08,-0.9999999999999954,-2.0013484203218468e-08,0.0,6.283185307179586,0.0
0.6606606606606606,1.4560454251721726e-08,-0.9999999999999954,-2.315550645670683e-08,0.0,6.283185307179586,0.0
0.6906906906906907,9.958832653357889e-09,-0.9999999999999954,-2.5475595522017613e-08,0.0,6.283185307179586,0.0
0.7207207207207207,5.00370986663366e-09,-0.9999999999999954,-2.6891396331940598e-08,0.0,6.283185307179586,0.0
0.7507507507507507,-1.2902578506308894e-10,-0.9999999999999954,-2.7352653586554254e-08,0.0,6.283185307179586,0.0
0.7807807807807807,-5.2571814621077845e-09,-0.9999999999999954,-2.684299410526947e-08,0.0,6.283185307179586,0.0
0.8108108108108109,-1.019872693429755e-08,-0.9999999999999954,-2.5380509305339416e-08,0.0,6.283185307179586,0.0
0.8408408408408409,-1.4778255859820897e-08,-0.9999999999999954,-2.3017111827616787e-08,0.0,6.283185307179586,0.0
0.8708708708708709,-1.883321216817388e-08,-0.9999999999999954,-1.983669323246673e-08,0.0,6.283185307179586,0.0
0.9009009009009009,-2.2219660152962332e-08,-0.9999999999999954,-1.5952146437125947e-08,0.0,6.283185307179586,0.0
0.9309309309309309,-2.4817393638093606e-08,-0.9999999999999954,-1.150135864325108e-08,0.0,6.283185307179586,0.0
0.960960960960961,-2.653420286978417e-08,-0.9999999999999954,-6.642315808491617e-09,0.0,6.283185307179586,0.0
0.990990990990991,-2.730914751213833e-08,-0.9999999999999954,-1.5474954651040207e-09,0.0,6.283185307179586,0.0
1.021021021021021,-2.7114719946880673e-08,-0.9999999999999954,3.602255105317198e-09,0.0,6.283185307179586,0.0
1.0510510510510511,-2.595782165777194e-08,-0.9999999999999954,8.624138847501683e-09,0.0,6.283185307179586,0.0
1.0810810810810811,-2.3879518182620378e-08,-0.9999999999999954,1.333989835261562e-08,0.0,6.283185307179586,0.0
1.1111111111111112,-2.0953581449773154e-08,-0.9999999999999954,1.758214157598914e-08,0.0,6.283185307179586,0.0
1.1411411411411412,-1.728387127889578e-08,-0.9999999999999954,2.120028458341139e-08,0.0,6.283185307179586,0.0
1.1711711711711712,-1.3000648575692905e-08,-0.9999999999999954,2.4065897108460632e-08,0.0,6.283185307179586,0.0
1.2012012012012012,-8.255951649781601e-09,-0.9999999999999954,2.6077261072732227e-08,0.0,6.283185307179586,0.0
1.2312312312312312,-3.2181994468421447e-09,-0.9999999999999954,2.7162979476802462e-08,0.0,6.283185307179586,0.0
1.2612612612612613,1.933786704453418e-09,-0.9999999999999954,2.728451425904055e-08,0.0,6.283185307179586,0.0
1.2912912912912913,7.017130648967655e-09,-0.9999999999999954,2.6437551536862003e-08,0.0,6.283185307179586,0.0
1.3213213213213213,1.1851392781866198e-08,-0.9999999999999954,2.4652154706483742e-08,0.0,6.283185307179586,0.0
1.3513513513513513,1.626497496500598e-08,-0.9999999999999954,2.199169896188735e-08,0.0,6.283185307179586,0.0
1.3813813813813813,2.0101211573454984e-08,-0.9999999999999954,1.8550620706214715e-08,0.0,6.283185307179586,0.0
1.4114114114114114,2.3223930652758074e-08,-0.9999999999999954,1.4451065066811708e-08,0.0,6.283185307179586,0.0
1.4414414414414414,2.552228742173329e-08,-0.9999999999999954,9.838551084939695e-09,0.0,6.283185307179586,0.0
1.4714714714714714,2.691469884524797e-08,-0.9999999999999954,4.8768052374192905e-09,0.0,6.283185307179586,0.0
1.5015015015015014,2.735173948527003e-08,-0.9999999999999954,-2.580490821024739e-10,0.0,6.283185307179586,0.0
1.5315315315315314,2.6817896073225372e-08,-0.9999999999999954,-5.383743340026115e-09,0.0,6.283185307179586,0.0
1.5615615615615615,2.5332118076151325e-08,-0.9999999999999954,-1.0318334908721027e-08,0.0,6.283185307179586,0.0
1.5915915915915915,2.294714498760916e-08,-0.9999999999999954,-1.4886664567725916e-08,0.0,6.283185307179586,0.0
1.6216216216216217,1.974763437885697e-08,-0.9999999999999954,-1.8926573419619785e-08,0.0,6.283185307179586,0.0
1.6516516516516517,1.584715692463657e-08,-0.9999999999999954,-2.2294659896004987e-08,0.0,6.283185307179586,0.0
1.6816816816816818,1.1384164908558217e-08,-0.9999999999999954,-2.4871369741497062e-08,0.0,6.283185307179586,0.0
1.7117117117117118,6.5170777520923034e-09,-0.9999999999999954,-2.6565239397147167e-08,0.0,6.283185307179586,0.0
1.7417417417417418,1.4186588459062912e-09,-0.9999999999999954,-2.731614229256607e-08,0.0,6.283185307179586,0.0
1.7717717717717718,-3.7301170742355385e-09,-0.9999999999999954,-2.709742497053469e-08,0.0,6.283185307179586,0.0
1.8018018018018018,-8.746487820189164e-09,-0.9999999999999954,-2.591685088759732e-08,0.0,6.283185307179586,0.0
1.8318318318318318,-1.3452391052864914e-08,-0.9999999999999954,-2.381632585590765e-08,0.0,6.283185307179586,0.0
1.8618618618618619,-1.7680784898576264e-08,-0.9999999999999954,-2.0870410677442663e-08,0.0,6.283185307179586,0.0
1.8918918918918919,-2.1281577263060202e-08,-0.9999999999999954,-1.7183674538845395e-08,0.0,6.283185307179586,0.0
1.921921921921922,-2.4126953542005007e-08,-0.9999999999999954,-1.2886982425630578e-08,0.0,6.283185307179586,0.0
1.951951951951952,-2.6115913617907824e-08,-0.9999999999999954,-8.132851170294941e-09,0.0,6.283185307179586,0.0
1.981981981981982,-2.7177856850139703e-08,-0.9999999999999954,-3.0900336178696364e-09,0.0,6.283185307179586,0.0
2.012012012012012,-2.7275088196883017e-08,-0.9999999999999954,2.062468196228906e-09,0.0,6.283185307179586,0.0
2.042042042042042,-2.6404156343880503e-08,-0.9999999999999954,7.141760183237977e-09,0.0,6.283185307179586,0.0
2.0720720720720722,-2.459597610817611e-08,-0.9999999999999954,1.19675465093394e-08,0.0,6.283185307179586,0.0
2.1021021021021022,-2.191473103896044e-08,-0.9999999999999954,1.6368530253441094e-08,0.0,6.283185307179586,0.0
2.1321321321321323,-1.845559528829201e-08,-0.9999999999999954,2.0188492100281508e-08,0.0,6.283185307179586,0.0
2.1621621621621623,-1.4341355210447038e-08,-0.9999999999999954,2.3291838402439424e-08,0.0,6.283185307179586,0.0
2.1921921921921923,-9.718050882639268e-09,-0.9999999999999954,2.5568412220788872e-08,0.0,6.283185307179586,0.0
2.2222222222222223,-4.7497922179807834e-09,-0.9999999999999954,2.693740291936919e-08,0.0,6.283185307179586,0.0
2.2522522522522523,3.870661734848293e-10,-0.9999999999999954,2.735021698008211e-08,0.0,6.283185307179586,0.0
2.2822822822822824,5.510185103931722e-09,-0.9999999999999954,2.6792200957803658e-08,0.0,6.283185307179586,0.0
2.3123123123123124,1.0437713162077587e-08,-0.9999999999999954,2.528316261907193e-08,0.0,6.283185307179586,0.0
2.3423423423423424,1.499474156441744e-08,-0.9999999999999954,2.287666700517832e-08,0.0,6.283185307179586,0.0
2.3723723723723724,1.9019512899520648e-08,-0.9999999999999954,1.96581354527936e-08,0.0,6.283185307179586,0.0
2.4024024024024024,2.2369162941355137e-08,-0.9999999999999954,1.57418141299992e-08,0.0,6.283185307179586,0.0
2.4324324324324325,2.492479168737516e-08,-0.9999999999999954,1.1266717558910955e-08,0.0,6.283185307179586,0.0
2.4624624624624625,2.6595683966841953e-08,-0.9999999999999954,6.391694895580002e-09,0.0,6.283185307179586,0.0
2.4924924924924925,2.73225293193784e-08,-0.9999999999999954,1.2897908296949367e-09,0.0,6.283185307179586,0.0
2.5225225225225225,2.707952746415874e-08,-0.9999999999999954,-3.857895891634655e-09,0.0,6.283185307179586,0.0
2.5525525525525525,2.587530407484976e-08,-0.9999999999999954,-8.868641709902647e-09,0.0,6.283185307179586,0.0
2.5825825825825826,2.375260455472902e-08,-0.9999999999999954,-1.3564584178116235e-08,0.0,6.283185307179586,0.0
2.6126126126126126,2.0786776696264498e-08,-0.9999999999999954,-1.7779035188514314e-08,0.0,6.283185307179586,0.0
2.6426426426426426,1.7083096315208074e-08,-0.9999999999999954,-2.1362396573909592e-08,0.0,6.283185307179586,0.0
2.6726726726726726,1.2773030174834574e-08,-0.9999999999999954,-2.4187473302017537e-08,0.0,6.283185307179586,0.0
2.7027027027027026,8.009569421832326e-09,-0.9999999999999954,-2.615398586591766e-08,0.0,6.283185307179586,0.0
2.7327327327327327,2.9617990383142366e-09,-0.9999999999999954,-2.719212943702587e-08,0.0,6.283185307179586,0.0
2.7627627627627627,-2.1911040301501932e-09,-0.9999999999999954,-2.7265054547420675e-08,0.0,6.283185307179586,0.0
2.7927927927927927,-7.2662310819266954e-09,-0.9999999999999954,-2.6370173045187073e-08,0.0,6.283185307179586,0.0
2.8228228228228227,-1.2083434210934376e-08,-0.9999999999999954,-2.4539249188215706e-08,0.0,6.283185307179586,0.0
2.8528528528528527,-1.6471720749235926e-08,-0.9999999999999954,-2.1837273878055896e-08,0.0,6.283185307179586,0.0
2.8828828828828827,-2.0275323023829404e-08,-0.9999999999999954,-1.8360157727492776e-08,0.0,6.283185307179586,0.0
2.9129129129129128,-2.335922744098881e-08,-0.9999999999999954,-1.4231324785285437e-08,0.0,6.283185307179586,0.0
2.942942942942943,-2.5613967008670676e-08,-0.9999999999999954,-9.597333650024353e-09,0.0,6.283185307179586,0.0
2.972972972972973,-2.695950696206986e-08,-0.9999999999999954,-4.622673077658845e-09,0.0,6.283185307179586,0.0
3.003003003003003,-2.7348085617806497e-08,-0.9999999999999954,5.16075404632943e-10,0.0,6.283185307179586,0.0
3.033033033033033,-2.6765909930192978e-08,-0.9999999999999954,5.6365047629292064e-09,0.0,6.283185307179586,0.0
3.063063063063063,-2.5233644944102928e-08,-0.9999999999999954,1.055685944217899e-08,0.0,6.283185307179586,0.0
3.093093093093093,-2.2805680304355134e-08,-0.9999999999999954,1.5102485539930655e-08,0.0,6.283185307179586,0.0
3.123123123123123,-1.956819960729427e-08,-0.9999999999999954,1.911203001414563e-08,0.0,6.283185307179586,0.0
3.153153153153153,-1.5636121301514663e-08,-0.9999999999999954,2.2443168934405122e-08,0.0,6.283185307179586,0.0
3.183183183183183,-1.114901943793141e-08,-0.9999999999999954,2.4977659662805962e-08,0.0,6.283185307179586,0.0
3.2132132132132134,-6.266169236699022e-09,-0.9999999999999954,2.6625537219437945e-08,0.0,6.283185307179586,0.0
3.2432432432432434,-1.1608936077902123e-09,-0.9999999999999954,2.732830794993646e-08,0.0,6.283185307179586,0.0
3.2732732732732734,3.985589338531051e-09,-0.9999999999999954,2.706102658622811e-08,0.0,6.283185307179586,0.0
3.3033033033033035,8.990598831862233e-09,-0.9999999999999954,2.5833180705703285e-08,0.0,6.283185307179586,0.0
3.3333333333333335,1.367647581613933e-08,-0.9999999999999954,2.3688353500972426e-08,0.0,6.283185307179586,0.0
3.3633633633633635,1.78768892270646e-08,-0.9999999999999954,2.070267890452726e-08,0.0,6.283185307179586,0.0
3.3933933933933935,2.1442740194876177e-08,-0.9999999999999954,1.6982136918919366e-08,0.0,6.283185307179586,0.0
3.4234234234234235,2.4247454366077347e-08,-0.9999999999999954,1.2658792791775397e-08,0.0,6.283185307179586,0.0
3.4534534534534536,2.6191474972517773e-08,-0.9999999999999954,7.886109099075611e-09,0.0,6.283185307179586,0.0
3.4834834834834836,2.7205796569346407e-08,-0.9999999999999954,2.833498102816634e-09,0.0,6.283185307179586,0.0
3.5135135135135136,2.7254414516919035e-08,-0.9999999999999954,-2.31969132791221e-09,0.0,6.283185307179586,0.0
3.5435435435435436,2.63356030849926e-08,-0.9999999999999954,-7.390540568419368e-09,0.0,6.283185307179586,0.0
3.5735735735735736,2.448197661639431e-08,-0.9999999999999954,-1.2199053378569857e-08,0.0,6.283185307179586,0.0
3.6036036036036037,2.175933187691675e-08,-0.9999999999999954,-1.6574545458336587e-08,0.0,6.283185307179586,0.0
3.6336336336336337,1.8264312563481446e-08,-0.9999999999999954,-2.0361703600979553e-08,0.0,6.283185307179586,0.0
3.6636636636636637,1.4120978729645171e-08,-0.9999999999999954,-2.3426097284229286e-08,0.0,6.283185307179586,0.0
3.6936936936936937,9.476403196960336e-09,-0.9999999999999954,-2.5658952851337347e-08,0.0,6.283185307179586,0.0
3.7237237237237237,4.495450940575375e-09,-0.9999999999999954,-2.6981011536086896e-08,0.0,6.283185307179586,0.0
3.7537537537537538,-6.4507289806235e-10,-0.9999999999999954,-2.7345345710028113e-08,0.0,6.283185307179586,0.0
3.7837837837837838,-5.762699005159779e-09,-0.9999999999999954,-2.6739022718214045e-08,0.0,6.283185307179586,0.0
3.813813813813814,-1.0675770950414827e-08,-0.9999999999999954,-2.5183565177666623e-08,0.0,6.283185307179586,0.0
3.843843843843844,-1.5209893077760924e-08,-0.9999999999999954,-2.2734185312067723e-08,0.0,6.283185307179586,0.0
3.873873873873874,-1.920412108529726e-08,-0.9999999999999954,-1.9477827462033304e-08,0.0,6.283185307179586,0.0
3.903903903903904,-2.2516674885329108e-08,-0.9999999999999954,-1.55300796667035e-08,0.0,6.283185307179586,0.0
3.933933933933934,-2.5029971237443482e-08,-0.9999999999999954,-1.1031072610911963e-08,0.0,6.283185307179586,0.0
3.963963963963964,-2.665479761170225e-08,-0.9999999999999954,-6.140503938656394e-09,0.0,6.283185307179586,0.0
3.993993993993994,-2.7333478766582192e-08,-0.9999999999999954,-1.031970287002082e-09,0.0,6.283185307179586,0.0
4.024024024024024,-2.7041924031555373e-08,-0.9999999999999954,4.113194507215923e-09,0.0,6.283185307179586,0.0
4.054054054054054,-2.5790482497428757e-08,-0.9999999999999954,9.112356369467278e-09,0.0,6.283185307179586,0.0
4.084084084084084,-2.3623575659190465e-08,-0.9999999999999954,1.3788063635278291e-08,0.0,6.283185307179586,0.0
4.114114114114114,-2.0618120577711494e-08,-0.9999999999999954,1.7974346289140186e-08,0.0,6.283185307179586,0.0
4.1441441441441444,-1.6880799637417002e-08,-0.9999999999999954,2.1522607418500428e-08,0.0,6.283185307179586,0.0
4.1741741741741745,-1.2544273710755994e-08,-0.9999999999999954,2.4306896329040484e-08,0.0,6.283185307179586,0.0
4.2042042042042045,-7.762473219710376e-09,-0.9999999999999954,2.6228381910797793e-08,0.0,6.283185307179586,0.0
4.2342342342342345,-2.7051340969098454e-09,-0.9999999999999954,2.7218858278388325e-08,0.0,6.283185307179586,0.0
4.2642642642642645,2.448227093580139e-09,-0.9999999999999954,2.7243167222135156e-08,0.0,6.283185307179586,0.0
4.2942942942942945,7.51468537131854e-09,-0.9999999999999954,2.6300446598348515e-08,0.0,6.283185307179586,0.0
4.324324324324325,1.2314400546602786e-08,-0.9999999999999954,2.442415836245715e-08,0.0,6.283185307179586,0.0
4.354354354354355,1.667700070526962e-08,-0.9999999999999954,2.1680904571663717e-08,0.0,6.283185307179586,0.0
4.384384384384385,2.0447629972748164e-08,-0.9999999999999954,1.816806005638938e-08,0.0,6.283185307179586,0.0
4.414414414414415,2.349244514126684e-08,-0.9999999999999954,1.4010317406221162e-08,0.0,6.283185307179586,0.0
4.444444444444445,2.5703366697488684e-08,-0.9999999999999954,9.355261398891201e-09,0.0,6.283185307179586,0.0
4.474474474474475,2.700191526969416e-08,-0.9999999999999954,4.368128803111659e-09,0.0,6.283185307179586,0.0
4.504504504504505,2.734199724311706e-08,-0.9999999999999954,-7.740562080194024e-10,0.0,6.283185307179586,0.0
4.534534534534535,2.6711540965680747e-08,-0.9999999999999954,-5.88876536422589e-09,0.0,6.283185307179586,0.0
4.564564564564565,2.513292522814353e-08,-0.9999999999999954,-1.0794445393091934e-08,0.0,6.283185307179586,0.0
4.594594594594595,2.2662184998599243e-08,-0.9999999999999954,-1.531696286471984e-08,0.0,6.283185307179586,0.0
4.624624624624625,1.9387022303645993e-08,-0.9999999999999954,-1.92957856914866e-08,0.0,6.283185307179586,0.0
4.654654654654655,1.542369310861158e-08,-0.9999999999999954,-2.2589680459539352e-08,0.0,6.283185307179586,0.0
4.684684684684685,1.0912880763030468e-08,-0.9999999999999954,-2.50817264180192e-08,0.0,6.283185307179586,0.0
4.714714714714715,6.014702138961297e-09,-0.9999999999999954,-2.668346527068266e-08,0.0,6.283185307179586,0.0
4.744744744744745,9.030241969039907e-10,-0.9999999999999954,-2.7338041275193348e-08,0.0,6.283185307179586,0.0
4.774774774774775,-4.240707672467054e-09,-0.9999999999999954,-2.702221929551385e-08,0.0,6.283185307179586,0.0
4.804804804804805,-9.233910340009763e-09,-0.9999999999999954,-2.5747210530280285e-08,0.0,6.283185307179586,0.0
4.834834834834835,-1.3899343842586695e-08,-0.9999999999999954,-2.355827194433502e-08,0.0,6.283185307179586,0.0
4.864864864864865,-1.8071402818162672e-08,-0.9999999999999954,-2.0533103550768317e-08,0.0,6.283185307179586,0.0
4.894894894894895,-2.160199485034825e-08,-0.9999999999999954,-1.6779086953189193e-08,0.0,6.283185307179586,0.0
4.924924924924925,-2.4365797131909387e-08,-0.9999999999999954,-1.2429475448882954e-08,0.0,6.283185307179586,0.0
4.954954954954955,-2.6264705084511378e-08,-0.9999999999999954,-7.63866453423745e-09,0.0,6.283185307179586,0.0
4.984984984984985,-2.7231314632967318e-08,-0.9999999999999954,-2.5767098454920756e-09,0.0,6.283185307179586,0.0
5.015015015015015,-2.7231314770239417e-08,-0.9999999999999954,2.576708457713295e-09,0.0,6.283185307179586,0.0
5.045045045045045,-2.626470544824866e-08,-0.9999999999999954,7.638663590547878e-09,0.0,6.283185307179586,0.0
5.075075075075075,-2.4365797679856936e-08,-0.9999999999999954,1.2429474449682232e-08,0.0,6.283185307179586,0.0
5.105105105105105,-2.1601995584016716e-08,-0.9999999999999954,1.6779085731943866e-08,0.0,6.283185307179586,0.0
5.135135135135135,-1.8071403785255016e-08,-0.9999999999999954,2.053310238503414e-08,0.0,6.283185307179586,0.0
5.165165165165165,-1.3899345015205755e-08,-0.9999999999999954,2.3558270834111994e-08,0.0,6.283185307179586,0.0
5.195195195195195,-9.233911720124221e-09,-0.9999999999999954,2.574720936454611e-08,0.0,6.283185307179586,0.0
5.225225225225225,-4.2407092299685274e-09,-0.9999999999999954,2.7022218573868884e-08,0.0,6.283185307179586,0.0
5.255255255255255,9.030224969130614e-10,-0.9999999999999954,2.733804044252608e-08,0.0,6.283185307179586,0.0
5.285285285285285,6.014700261638486e-09,-0.9999999999999954,2.6683464438015392e-08,0.0,6.283185307179586,0.0
5.315315315315315,1.0912878775742645e-08,-0.9999999999999954,2.508172591841884e-08,0.0,6.283185307179586,0.0
5.345345345345345,1.542369103206024e-08,-0.9999999999999954,2.2589680070961293e-08,0.0,6.283185307179586,0.0
5.375375375375375,1.938702016849048e-08,-0.9999999999999954,1.929578563597545e-08,0.0,6.283185307179586,0.0
5.405405405405405,2.2662182893948332e-08,-0.9999999999999954,1.5316963031253295e-08,0.0,6.283185307179586,0.0
5.435435435435435,2.5132923161463663e-08,-0.9999999999999954,1.079444567064769e-08,0.0,6.283185307179586,0.0
5.465465465465465,2.6711539007604854e-08,-0.9999999999999954,5.888766307915461e-09,0.0,6.283185307179586,0.0
5.495495495495495,2.7341995523381618e-08,-0.9999999999999954,7.740578733539394e-10,0.0,6.283185307179586,0.0
5.525525525525525,2.7001913863489968e-08,-0.9999999999999954,-4.36812702675482e-09,0.0,6.283185307179586,0.0
5.555555555555555,2.5703365605846168e-08,-0.9999999999999954,-9.35525951151206e-09,0.0,6.283185307179586,0.0
5.585585585585585,2.34924443835344e-08,-0.9999999999999954,-1.4010315740886625e-08,0.0,6.283185307179586,0.0
5.615615615615615,2.0447629583492483e-08,-0.9999999999999954,-1.816805783594333e-08,0.0,6.283185307179586,0.0
5.645645645645645,1.6677000729168535e-08,-0.9999999999999954,-2.1680902351217668e-08,0.0,6.283185307179586,0.0
5.675675675675675,1.2314400986642771e-08,-0.9999999999999954,-2.442415608649995e-08,0.0,6.283185307179586,0.0
5.7057057057057055,7.51468627401455e-09,-0.9999999999999954,-2.6300444044835558e-08,0.0,6.283185307179586,0.0
5.7357357357357355,2.4482284372251197e-09,-0.9999999999999954,-2.7243165057200258e-08,0.0,6.283185307179586,0.0
5.7657657657657655,-2.7051323020258225e-09,-0.9999999999999954,-2.7218855724875368e-08,0.0,6.283185307179586,0.0
5.7957957957957955,-7.762470969944368e-09,-0.9999999999999954,-2.6228379801374047e-08,0.0,6.283185307179586,0.0
5.8258258258258255,-1.2544271073127877e-08,-0.9999999999999954,-2.430689433063904e-08,0.0,6.283185307179586,0.0
5.8558558558558556,-1.6880796621572446e-08,-0.9999999999999954,-2.1522605586632437e-08,0.0,6.283185307179586,0.0
5.885885885885886,-2.061811730227158e-08,-0.9999999999999954,-1.797434551198407e-08,0.0,6.283185307179586,0.0
5.915915915915916,-2.3623572238454723e-08,-0.9999999999999954,-1.378806308016678e-08,0.0,6.283185307179586,0.0
5.945945945945946,-2.5790479002199822e-08,-0.9999999999999954,-9.112356202933825e-09,0.0,6.283185307179586,0.0
5.975975975975976,-2.7041920591524637e-08,-0.9999999999999954,-4.113195173349737e-09,0.0,6.283185307179586,0.0
6.006006006006006,-2.7333475532800747e-08,-0.9999999999999954,1.03196884371215e-09,0.0,6.283185307179586,0.0
6.036036036036036,-2.665479470042912e-08,-0.9999999999999954,6.140502051277252e-09,0.0,6.283185307179586,0.0
6.066066066066066,-2.5029968736635728e-08,-0.9999999999999954,1.1031070168421309e-08,0.0,6.283185307179586,0.0
6.096096096096096,-2.251667285576031e-08,-0.9999999999999954,1.553007694665709e-08,0.0,6.283185307179586,0.0
6.126126126126126,-1.9204119659170495e-08,-0.9999999999999954,1.9477823853808474e-08,0.0,6.283185307179586,0.0
6.156156156156156,-1.5209892340272617e-08,-0.9999999999999954,2.273418153730944e-08,0.0,6.283185307179586,0.0
6.186186186186186,-1.0675770967387884e-08,-0.9999999999999954,2.518356101433028e-08,0.0,6.283185307179586,0.0
6.216216216216216,-5.762699827983172e-09,-0.9999999999999954,2.6739018665900005e-08,0.0,6.283185307179586,0.0
6.246246246246246,-6.450744875918599e-10,-0.9999999999999954,2.734534160220292e-08,0.0,6.283185307179586,0.0
6.276276276276276,4.495448530918538e-09,-0.9999999999999954,2.698100715070595e-08,0.0,6.283185307179586,0.0
6.306306306306306,9.476400004898703e-09,-0.9999999999999954,2.5658948799023307e-08,0.0,6.283185307179586,0.0
6.336336336336336,1.4120974836993576e-08,-0.9999999999999954,2.3426093787026758e-08,0.0,6.283185307179586,0.0
6.366366366366366,1.82643080752652e-08,-0.9999999999999954,2.036170082542199e-08,0.0,6.283185307179586,0.0
6.396396396396396,2.1759326987753857e-08,-0.9999999999999954,1.65745438485132e-08,0.0,6.283185307179586,0.0
6.426426426426427,2.44819714853262e-08,-0.9999999999999954,1.2199052434880286e-08,0.0,6.283185307179586,0.0
6.456456456456457,2.6335597884083858e-08,-0.9999999999999954,7.390540734952822e-09,0.0,6.283185307179586,0.0
6.486486486486487,2.7254409449938596e-08,-0.9999999999999954,2.3196924381352346e-09,0.0,6.283185307179586,0.0
6.516516516516517,2.720579179974395e-08,-0.9999999999999954,-2.8334961044151896e-09,0.0,6.283185307179586,0.0
6.546546546546547,2.6191470708047867e-08,-0.9999999999999954,-7.886106156984596e-09,0.0,6.283185307179586,0.0
6.576576576576577,2.4247450737066825e-08,-0.9999999999999954,-1.2658789017017114e-08,0.0,6.283185307179586,0.0
6.606606606606607,2.1442737318138145e-08,-0.9999999999999954,-1.6982132367004965e-08,0.0,6.283185307179586,0.0
6.636636636636637,1.787688726595473e-08,-0.9999999999999954,-2.070267390852365e-08,0.0,6.283185307179586,0.0
6.666666666666667,1.3676474846786616e-08,-0.9999999999999954,-2.3688348005368454e-08,0.0,6.283185307179586,0.0
6.696696696696697,8.99059893470654e-09,-0.9999999999999954,-2.5833174932543557e-08,0.0,6.283185307179586,0.0
6.726726726726727,3.985590529289171e-09,-0.9999999999999954,-2.7061020979601835e-08,0.0,6.283185307179586,0.0
6.756756756756757,-1.1608913692611416e-09,-0.9999999999999954,-2.7328302509843638e-08,0.0,6.283185307179586,0.0
6.786786786786787,-6.266165930178744e-09,-0.9999999999999954,-2.6625531779345124e-08,0.0,6.283185307179586,0.0
6.816816816816817,-1.1149015149281676e-08,-0.9999999999999954,-2.4977654833335805e-08,0.0,6.283185307179586,0.0
6.846846846846847,-1.5636116181604555e-08,-0.9999999999999954,-2.244316471555763e-08,0.0,6.283185307179586,0.0
6.876876876876877,-1.956819381032434e-08,-0.9999999999999954,-1.9112027072054616e-08,0.0,6.283185307179586,0.0
6.906906906906907,-2.2805674069508554e-08,-0.9999999999999954,-1.510248393010727e-08,0.0,6.283185307179586,0.0
6.936936936936937,-2.5233638505843133e-08,-0.9999999999999954,-1.0556858887067477e-08,0.0,6.283185307179586,0.0
6.966966966966967,-2.6765903486131838e-08,-0.9999999999999954,-5.63650537355187e-09,0.0,6.283185307179586,0.0
6.996996996996997,-2.734807938617236e-08,-0.9999999999999954,-5.160769034340262e-10,0.0,6.283185307179586,0.0
7.027027027027027,-2.6959501139256678e-08,-0.9999999999999954,4.62267013556783e-09,0.0,6.283185307179586,0.0
7.057057057057057,-2.5613961821868132e-08,-0.9999999999999954,9.597329930777221e-09,0.0,6.283185307179586,0.0
7.087087087087087,-2.3359223028332917e-08,-0.9999999999999954,1.4231320510926793e-08,0.0,6.283185307179586,0.0
7.117117117117117,-2.027531953361717e-08,-0.9999999999999954,1.8360152342911107e-08,0.0,6.283185307179586,0.0
7.147147147147147,-1.6471718338509176e-08,-0.9999999999999954,2.1837267882851563e-08,0.0,6.283185307179586,0.0
7.177177177177177,-1.208343298837932e-08,-0.9999999999999954,2.453924258238871e-08,0.0,6.283185307179586,0.0
7.207207207207207,-7.266231147328879e-09,-0.9999999999999954,2.6370165884248564e-08,0.0,6.283185307179586,0.0
7.237237237237237,-2.1911054047969267e-09,-0.9999999999999954,2.7265047719549074e-08,0.0,6.283185307179586,0.0
7.267267267267267,2.9617963399475597e-09,-0.9999999999999954,2.7192122331598512e-08,0.0,6.283185307179586,0.0
7.297297297297297,8.009565401021915e-09,-0.9999999999999954,2.6153979149068363e-08,0.0,6.283185307179586,0.0
7.327327327327327,1.277302497206137e-08,-0.9999999999999954,2.418746758436896e-08,0.0,6.283185307179586,0.0
7.357357357357357,1.7083090101029984e-08,-0.9999999999999954,2.136239191097289e-08,0.0,6.283185307179586,0.0
7.387387387387387,2.0786769710176446e-08,-0.9999999999999954,1.7779031691311786e-08,0.0,6.283185307179586,0.0
7.4174174174174174,2.3752597054524856e-08,-0.9999999999999954,1.3564582346248244e-08,0.0,6.283185307179586,0.0
7.4474474474474475,2.5875296335240996e-08,-0.9999999999999954,8.868641099279984e-09,0.0,6.283185307179586,0.0
7.4774774774774775,2.7079519733723087e-08,-0.9999999999999954,3.857896502257319e-09,0.0,6.283185307179586,0.0
7.5075075075075075,2.732252182957165e-08,-0.9999999999999954,-1.2897887757823412e-09,0.0,6.283185307179586,0.0
7.5375375375375375,2.6595677019599004e-08,-0.9999999999999954,-6.391691231844021e-09,0.0,6.283185307179586,0.0
7.5675675675675675,2.492478553074728e-08,-0.9999999999999954,-1.1266712951485403e-08,0.0,6.283185307179586,0.0
7.597597597597598,2.2369157728675125e-08,-0.9999999999999954,-1.5741808634395227e-08,0.0,6.283185307179586,0.0
7.627627627627628,1.901950881942184e-08,-0.9999999999999954,-1.965812906901121e-08,0.0,6.283185307179586,0.0
7.657657657657658,1.499473874776891e-08,-0.9999999999999954,-2.2876659899750962e-08,0.0,6.283185307179586,0.0
7.687687687687688,1.0437711754200592e-08,-0.9999999999999954,-2.5283155069555363e-08,0.0,6.283185307179586,0.0
7.717717717717718,5.510185207253413e-09,-0.9999999999999954,-2.679219296419788e-08,0.0,6.283185307179586,0.0
7.747747747747748,3.870677887527641e-10,-0.9999999999999954,-2.7350208986476332e-08,0.0,6.283185307179586,0.0
7.777777777777778,-4.749789037124332e-09,-0.9999999999999954,-2.6937394592696506e-08,0.0,6.283185307179586,0.0
7.807807807807808,-9.71804618493715e-09,-0.9999999999999954,-2.556840450473885e-08,0.0,6.283185307179586,0.0
7.837837837837838,-1.434134917564041e-08,-0.9999999999999954,-2.329183185212358e-08,0.0,6.283185307179586,0.0
7.867867867867868,-1.8455588109095184e-08,-0.9999999999999954,-2.0188486882233292e-08,0.0,6.283185307179586,0.0
7.897897897897898,-2.1914722996114192e-08,-0.9999999999999954,-1.6368526312149356e-08,0.0,6.283185307179586,0.0
7.927927927927928,-2.4595967491317342e-08,-0.9999999999999954,-1.1967544233382199e-08,0.0,6.283185307179586,0.0
7.957957957957958,-2.6404147444078463e-08,-0.9999999999999954,-7.141759350570709e-09,0.0,6.283185307179586,0.0
7.987987987987988,-2.727507928599258e-08,-0.9999999999999954,-2.062468695829267e-09,0.0,6.283185307179586,0.0
8.018018018018019,-2.7177848203202223e-08,-0.9999999999999954,3.090031341912436e-09,0.0,6.283185307179586,0.0
8.048048048048049,-2.6115905580002886e-08,-0.9999999999999954,8.132847229003204e-09,0.0,6.283185307179586,0.0
8.078078078078079,-2.4126946332548743e-08,-0.9999999999999954,1.288697754064927e-08,0.0,6.283185307179586,0.0
8.108108108108109,-2.128157105622647e-08,-0.9999999999999954,1.7183668654663364e-08,0.0,6.283185307179586,0.0
8.138138138138139,-1.7680779935332645e-08,-0.9999999999999954,2.087040379405991e-08,0.0,6.283185307179586,0.0
8.168168168168169,-1.3452387500719313e-08,-0.9999999999999954,2.3816317917813024e-08,0.0,6.283185307179586,0.0
8.198198198198199,-8.74648581819497e-09,-0.9999999999999954,2.591684228336888e-08,0.0,6.283185307179586,0.0
8.228228228228229,-3.730116756647472e-09,-0.9999999999999954,2.7097415866705887e-08,0.0,6.283185307179586,0.0
8.258258258258259,1.4186574398231175e-09,-0.9999999999999954,2.7316133022203815e-08,0.0,6.283185307179586,0.0
8.288288288288289,6.517074576563272e-09,-0.9999999999999954,2.6565230182296062e-08,0.0,6.283185307179586,0.0
8.318318318318319,1.1384160056857433e-08,-0.9999999999999954,2.4871361248290924e-08,0.0,6.283185307179586,0.0
8.348348348348349,1.5847150569665865e-08,-0.9999999999999954,2.2294652235466117e-08,0.0,6.283185307179586,0.0
8.378378378378379,1.974762675273018e-08,-0.9999999999999954,1.8926567479926604e-08,0.0,6.283185307179586,0.0
8.408408408408409,2.2947136357404716e-08,-0.9999999999999954,1.4886660015811515e-08,0.0,6.283185307179586,0.0
8.438438438438439,2.5332108753192718e-08,-0.9999999999999954,1.0318331966630012e-08,0.0,6.283185307179586,0.0
8.468468468468469,2.6817886375702432e-08,-0.9999999999999954,5.383742174291939e-09,0.0,6.283185307179586,0.0
8.498498498498499,2.7351729747280155e-08,-0.9999999999999954,2.580496372139862e-10,0.0,6.283185307179586,0.0
8.528528528528529,2.691468944034853e-08,-0.9999999999999954,-4.8768023508394265e-09,0.0,6.283185307179586,0.0
8.558558558558559,2.5522278712317937e-08,-0.9999999999999954,-9.838546644047597e-09,0.0,6.283185307179586,0.0
8.588588588588589,2.322392287819744e-08,-0.9999999999999954,-1.4451059626718887e-08,0.0,6.283185307179586,0.0
8.618618618618619,2.0101204977681256e-08,-0.9999999999999954,-1.8550613600787358e-08,0.0,6.283185307179586,0.0
8.64864864864865,1.6264969793694754e-08,-0.9999999999999954,-2.1991690912770423e-08,0.0,6.283185307179586,0.0
8.67867867867868,1.1851389248190495e-08,-0.9999999999999954,-2.465214554714379e-08,0.0,6.283185307179586,0.0
8.70870870870871,7.017128906529165e-09,-0.9999999999999954,-2.643754154485478e-08,0.0,6.283185307179586,0.0
8.73873873873874,1.933786859238367e-09,-0.9999999999999954,-2.7284504211522176e-08,0.0,6.283185307179586,0.0
8.76876876876877,-3.2181973436518705e-09,-0.9999999999999954,-2.7162969096217182e-08,0.0,6.283185307179586,0.0
8.7987987987988,-8.25594759971547e-09,-0.9999999999999954,-2.6077251080725006e-08,0.0,6.283185307179586,0.0
8.82882882882883,-1.3000642726496523e-08,-0.9999999999999954,-2.4065888171165284e-08,0.0,6.283185307179586,0.0
8.85885885885886,-1.7283863831813043e-08,-0.9999999999999954,-2.1200276867361367e-08,0.0,6.283185307179586,0.0
8.88888888888889,-2.0953572690803996e-08,-0.9999999999999954,-1.7582135303229052e-08,0.0,6.283185307179586,0.0
8.91891891891892,-2.3879508398054694e-08,-0.9999999999999954,-1.333989385621237e-08,0.0,6.283185307179586,0.0
8.94894894894895,-2.595781119612827e-08,-0.9999999999999954,-8.624136127455273e-09,0.0,6.283185307179586,0.0
8.97897897897898,-2.7114709168089752e-08,-0.9999999999999954,-3.602254383672232e-09,0.0,6.283185307179586,0.0
9.00900900900901,-2.7309136785202014e-08,-0.9999999999999954,1.54749407732524e-09,0.0,6.283185307179586,0.0
9.03903903903904,-2.6534192610581314e-08,-0.9999999999999954,6.64231236680024e-09,0.0,6.283185307179586,0.0
9.06906906906907,-2.4817384198501013e-08,-0.9999999999999954,1.1501353536225167e-08,0.0,6.283185307179586,0.0
9.0990990990991,-2.2219651796765034e-08,-0.9999999999999954,1.5952140053343555e-08,0.0,6.283185307179586,0.0
9.12912912912913,-1.883320519789096e-08,-0.9999999999999954,1.9836685016816347e-08,0.0,6.283185307179586,0.0
9.15915915915916,-1.4778250524017719e-08,-0.9999999999999954,2.301710244623223e-08,0.0,6.283185307179586,0.0
9.18918918918919,-1.0198723481562219e-08,-0.9999999999999954,2.5380498869242984e-08,0.0,6.283185307179586,0.0
9.21921921921922,-5.257180065042694e-09,-0.9999999999999954,2.684298294752807e-08,0.0,6.283185307179586,0.0
9.24924924924925,-1.2902651347799458e-10,-0.9999999999999954,2.735264209574595e-08,0.0,6.283185307179586,0.0
9.27927927927928,5.003706951618412e-09,-0.9999999999999954,2.689138473010999e-08,0.0,6.283185307179586,0.0
9.30930930930931,9.958827611155865e-09,-0.9999999999999954,2.5475584641831972e-08,0.0,6.283185307179586,0.0
9.33933933933934,1.4560447287564995e-08,-0.9999999999999954,2.315549690878882e-08,0.0,6.283185307179586,0.0
9.36936936936937,1.864522573809645e-08,-0.9999999999999954,2.0013476098590388e-08,0.0,6.283185307179586,0.0
9.3993993993994,2.206816870838328e-08,-0.9999999999999954,1.6161051885621447e-08,0.0,6.283185307179586,0.0
9.42942942942943,2.4707774551453818e-08,-0.9999999999999954,1.1734970883914286e-08,0.0,6.283185307179586,0.0
9.45945945945946,2.6470347134474338e-08,-0.9999999999999954,6.8923424745293005e-09,0.0,6.283185307179586,0.0
9.48948948948949,2.729332180451491e-08,-0.9999999999999954,1.8050619887688413e-09,0.0,6.283185307179586,0.0
9.51951951951952,2.7147486038912016e-08,-0.9999999999999954,-3.346291188588424e-09,0.0,6.283185307179586,0.0
9.54954954954955,2.603801645663897e-08,-0.9999999999999954,-8.378864102542849e-09,0.0,6.283185307179586,0.0
9.57957957957958,2.400429501156316e-08,-0.9999999999999954,-1.3114018926341231e-08,0.0,6.283185307179586,0.0
9.60960960960961,2.1118511197411687e-08,-0.9999999999999954,-1.7383674832949225e-08,0.0,6.283185307179586,0.0
9.63963963963964,1.748309955396915e-08,-0.9999999999999954,-2.1036275832386764e-08,0.0,6.283185307179586,0.0
9.66966966966967,1.3227103508189101e-08,-0.9999999999999954,-2.3942167692858618e-08,0.0,6.283185307179586,0.0
9.6996996996997,8.501594979649874e-09,-0.9999999999999954,-2.5998202757282485e-08,0.0,6.283185307179586,0.0
9.72972972972973,3.4743117671702796e-09,-0.9999999999999954,-2.7131399016333546e-08,0.0,6.283185307179586,0.0
9.75975975975976,-1.6762964618540158e-09,-0.9999999999999954,-2.7301532423695818e-08,0.0,6.283185307179586,0.0
9.78978978978979,-6.767402406057175e-09,-0.9999999999999954,-2.650256425429376e-08,0.0,6.283185307179586,0.0
9.81981981981982,-1.161829100111689e-08,-0.9999999999999954,-2.4762854433646453e-08,0.0,6.283185307179586,0.0
9.84984984984985,-1.6056773884907307e-08,-0.9999999999999954,-2.214415617540766e-08,0.0,6.283185307179586,0.0
9.87987987987988,-1.9925301600601332e-08,-0.9999999999999954,-1.873942395702599e-08,0.0,6.283185307179586,0.0
9.90990990990991,-2.3086555932610695e-08,-0.9999999999999954,-1.4669512216070046e-08,0.0,6.283185307179586,0.0
9.93993993993994,-2.542832419442342e-08,-0.9999999999999954,-1.0078887613396148e-08,0.0,6.283185307179586,0.0
9.96996996996997,-2.6867482393399482e-08,-0.9999999999999954,-5.130500635441848e-09,0.0,6.283185307179586,0.0
10.0,-2.7352945855528892e-08,-0.9999999999999954,-5.551115123125783e-17,0.0,6.283185307179586,0.0
10.03003003003003,-2.686748245122392e-08,-0.9999999999999954,5.130500357886092e-09,0.0,6.283185307179586,0.0
10.06006006006006,-2.5428324261608037e-08,-0.9999999999999954,1.0078887613396148e-08,0.0,6.283185307179586,0.0
10.09009009009009,-2.3086555987715383e-08,-0.9999999999999954,1.4669512271581198e-08,0.0,6.283185307179586,0.0
10.12012012012012,-1.992530164485324e-08,-0.9999999999999954,1.873942384600369e-08,0.0,6.283185307179586,0.0
10.15015015015015,-1.6056773901067012e-08,-0.9999999999999954,2.2144156563985717e-08,0.0,6.283185307179586,0.0
10.18018018018018,-1.1618290972801498e-08,-0.9999999999999954,2.4762854600179907e-08,0.0,6.283185307179586,0.0
10.21021021021021,-6.7674023456499344e-09,-0.9999999999999954,2.650256425429376e-08,0.0,6.283185307179586,0.0
10.24024024024024,-1.6762963792530436e-09,-0.9999999999999954,2.730153247920697e-08,0.0,6.283185307179586,0.0
10.27027027027027,3.4743118029300176e-09,-0.9999999999999954,2.7131398572244336e-08,0.0,6.283185307179586,0.0
10.3003003003003,8.501594940368385e-09,-0.9999999999999954,2.5998202424215577e-08,0.0,6.283185307179586,0.0
10.33033033033033,1.3227103389576341e-08,-0.9999999999999954,2.394216730428056e-08,0.0,6.283185307179586,0.0
10.36036036036036,1.7483099308214657e-08,-0.9999999999999954,2.103627527727525e-08,0.0,6.283185307179586,0.0
10.39039039039039,2.111851086997978e-08,-0.9999999999999954,1.7383674388860015e-08,0.0,6.283185307179586,0.0
10.42042042042042,2.4004294590886097e-08,-0.9999999999999954,1.3114018482252021e-08,0.0,6.283185307179586,0.0
10.45045045045045,2.6038015955104286e-08,-0.9999999999999954,8.37886371396479e-09,0.0,6.283185307179586,0.0
10.48048048048048,2.714748552089214e-08,-0.9999999999999954,3.346291410633029e-09,0.0,6.283185307179586,0.0
10.51051051051051,2.7293321277459808e-08,-0.9999999999999954,-1.8050619887688413e-09,0.0,6.283185307179586,0.0
10.54054054054054,2.6470346619085495e-08,-0.9999999999999954,-6.892342641062754e-09,0.0,6.283185307179586,0.0
10.57057057057057,2.4707774027228512e-08,-0.9999999999999954,-1.1734970883914286e-08,0.0,6.283185307179586,0.0
10.6006006006006,2.2068168202346864e-08,-0.9999999999999954,-1.6161051663576842e-08,0.0,6.283185307179586,0.0
10.63063063063063,1.8645225280680786e-08,-0.9999999999999954,-2.0013475876545783e-08,0.0,6.283185307179586,0.0
10.66066066066066,1.4560446830879777e-08,-0.9999999999999954,-2.3155496797766517e-08,0.0,6.283185307179586,0.0
10.69069069069069,9.95882720769784e-09,-0.9999999999999954,-2.5475584419787367e-08,0.0,6.283185307179586,0.0
10.72072072072072,5.003706626085428e-09,-0.9999999999999954,-2.6891384341531932e-08,0.0,6.283185307179586,0.0
10.75075075075075,-1.2902672992768645e-10,-0.9999999999999954,-2.7352641318589832e-08,0.0,6.283185307179586,0.0
10.78078078078078,-5.257180094814427e-09,-0.9999999999999954,-2.6842981892816198e-08,0.0,6.283185307179586,0.0
10.81081081081081,-1.0198723321650048e-08,-0.9999999999999954,-2.538049781453111e-08,0.0,6.283185307179586,0.0
10.84084084084084,-1.4778250147489197e-08,-0.9999999999999954,-2.301710116947575e-08,0.0,6.283185307179586,0.0
10.87087087087087,-1.8833204565697253e-08,-0.9999999999999954,-1.9836684017615624e-08,0.0,6.283185307179586,0.0
10.9009009009009,-2.2219650961534445e-08,-0.9999999999999954,-1.595213888760938e-08,0.0,6.283185307179586,0.0
10.93093093093093,-2.4817383169489042e-08,-0.9999999999999954,-1.1501352703557899e-08,0.0,6.283185307179586,0.0
10.96096096096096,-2.6534191409279252e-08,-0.9999999999999954,-6.642311645155274e-09,0.0,6.283185307179586,0.0
10.99099099099099,-2.730913549611953e-08,-0.9999999999999954,-1.5474935777248788e-09,0.0,6.283185307179586,0.0
11.02102102102102,-2.7114707804844096e-08,-0.9999999999999954,3.6022545502056857e-09,0.0,6.283185307179586,0.0
11.05105105105105,-2.5957809799946864e-08,-0.9999999999999954,8.624136349499878e-09,0.0,6.283185307179586,0.0
11.08108108108108,-2.3879506987723013e-08,-0.9999999999999954,1.333989385621237e-08,0.0,6.283185307179586,0.0
11.11111111111111,-2.095357132852947e-08,-0.9999999999999954,1.758213480362869e-08,0.0,6.283185307179586,0.0
11.14114114114114,-1.7283862555983867e-08,-0.9999999999999954,2.1200276423272157e-08,0.0,6.283185307179586,0.0
11.17117117117117,-1.3000641529902743e-08,-0.9999999999999954,2.406588761605377e-08,0.0,6.283185307179586,0.0
11.2012012012012,-8.255946551779256e-09,-0.9999999999999954,2.607724997050198e-08,0.0,6.283185307179586,0.0
11.23123123123123,-3.218196488608621e-09,-0.9999999999999954,2.7162967930483006e-08,0.0,6.283185307179586,0.0
11.26126126126126,1.933787475051746e-09,-0.9999999999999954,2.728450260169879e-08,0.0,6.283185307179586,0.0
11.29129129129129,7.01712922155837e-09,-0.9999999999999954,2.6437539935031396e-08,0.0,6.283185307179586,0.0
11.32132132132132,1.1851389245700968e-08,-0.9999999999999954,2.4652143659764647e-08,0.0,6.283185307179586,0.0
11.35135135135135,1.6264969419140546e-08,-0.9999999999999954,2.1991688858857827e-08,0.0,6.283185307179586,0.0
11.381381381381381,2.0101204264452515e-08,-0.9999999999999954,1.8550611990963972e-08,0.0,6.283185307179586,0.0
11.411411411411411,2.322392183274035e-08,-0.9999999999999954,1.4451057739339745e-08,0.0,6.283185307179586,0.0
11.441441441441441,2.5522277357128487e-08,-0.9999999999999954,9.838545145246513e-09,0.0,6.283185307179586,0.0
11.471471471471471,2.6914687834401432e-08,-0.9999999999999954,4.876801351638704e-09,0.0,6.283185307179586,0.0
11.501501501501501,2.7351727953325174e-08,-0.9999999999999954,-2.5805058090355715e-10,0.0,6.283185307179586,0.0
11.531531531531531,2.681788444673884e-08,-0.9999999999999954,-5.3837426738923e-09,0.0,6.283185307179586,0.0
11.561561561561561,2.5332106729356584e-08,-0.9999999999999954,-1.0318332244185768e-08,0.0,6.283185307179586,0.0
11.591591591591591,2.2947134314097687e-08,-0.9999999999999954,-1.4886659849278061e-08,0.0,6.283185307179586,0.0
11.621621621621621,1.9747624789227467e-08,-0.9999999999999954,-1.892656681379279e-08,0.0,6.283185307179586,0.0
11.651651651651651,1.5847148704949653e-08,-0.9999999999999954,-2.2294651846888058e-08,0.0,6.283185307179586,0.0
11.681681681681681,1.1384158336081692e-08,-0.9999999999999954,-2.487136019357905e-08,0.0,6.283185307179586,0.0
11.711711711711711,6.51707308856453e-09,-0.9999999999999954,-2.656522873900613e-08,0.0,6.283185307179586,0.0
11.741741741741741,1.4186562269150275e-09,-0.9999999999999954,-2.7316131245846975e-08,0.0,6.283185307179586,0.0
11.771771771771771,-3.730117588537501e-09,-0.9999999999999954,-2.709741370177099e-08,0.0,6.283185307179586,0.0
11.801801801801801,-8.746486228809659e-09,-0.9999999999999954,-2.591684011843398e-08,0.0,6.283185307179586,0.0
11.831831831831831,-1.3452387441666942e-08,-0.9999999999999954,-2.3816315419811218e-08,0.0,6.283185307179586,0.0
11.861861861861861,-1.7680779397528147e-08,-0.9999999999999954,-2.0870401351569257e-08,0.0,6.283185307179586,0.0
11.891891891891891,-2.12815700990072e-08,-0.9999999999999954,-1.718366626768386e-08,0.0,6.283185307179586,0.0
11.921921921921921,-2.412694496549052e-08,-0.9999999999999954,-1.2886975708781279e-08,0.0,6.283185307179586,0.0
11.951951951951951,-2.6115903844741094e-08,-0.9999999999999954,-8.132845341624062e-09,0.0,6.283185307179586,0.0
11.981981981981981,-2.7177846197205355e-08,-0.9999999999999954,-3.09003017617826e-09,0.0,6.283185307179586,0.0
12.012012012012011,-2.7275077042993406e-08,-0.9999999999999954,2.0624697505411405e-09,0.0,6.283185307179586,0.0
12.042042042042041,-2.640414508530509e-08,-0.9999999999999954,7.1417597391487675e-09,0.0,6.283185307179586,0.0
12.072072072072071,-2.4595965096418365e-08,-0.9999999999999954,1.1967544177871048e-08,0.0,6.283185307179586,0.0
12.102102102102101,-2.1914720668758672e-08,-0.9999999999999954,1.6368525701526693e-08,0.0,6.283185307179586,0.0
12.132132132132131,-1.8455585930964446e-08,-0.9999999999999954,2.0188486160588326e-08,0.0,6.283185307179586,0.0
12.162162162162161,-1.4341347148758867e-08,-0.9999999999999954,2.3291830852922857e-08,0.0,6.283185307179586,0.0
12.192192192192191,-9.718044396719338e-09,-0.9999999999999954,2.556840317247122e-08,0.0,6.283185307179586,0.0
12.222222222222221,-4.74978755393637e-09,-0.9999999999999954,2.6937392871850818e-08,0.0,6.283185307179586,0.0
12.252252252252251,3.870688980693763e-10,-0.9999999999999954,2.7350206543985678e-08,0.0,6.283185307179586,0.0
12.282282282282281,5.5101858423351905e-09,-0.9999999999999954,2.679219029966262e-08,0.0,6.283185307179586,0.0
12.312312312312311,1.0437711885944595e-08,-0.9999999999999954,2.5283151960930894e-08,0.0,6.283185307179586,0.0
12.342342342342342,1.4994738299277352e-08,-0.9999999999999954,2.287665673561534e-08,0.0,6.283185307179586,0.0
12.372372372372372,1.901950780360917e-08,-0.9999999999999954,1.965812640447595e-08,0.0,6.283185307179586,0.0
12.402402402402402,2.2369156222189712e-08,-0.9999999999999954,1.5741806247415724e-08,0.0,6.283185307179586,0.0
12.432432432432432,2.492478359175833e-08,-0.9999999999999954,1.1266710731039353e-08,0.0,6.283185307179586,0.0
12.462462462462462,2.6595674688837627e-08,-0.9999999999999954,6.391689566509484e-09,0.0,6.283185307179586,0.0
12.492492492492492,2.7322519206382127e-08,-0.9999999999999954,1.2897872214701067e-09,0.0,6.283185307179586,0.0
12.522522522522522,2.7079516885230305e-08,-0.9999999999999954,-3.857897334924587e-09,0.0,6.283185307179586,0.0
12.552552552552552,2.5875293398745153e-08,-0.9999999999999954,-8.868641321324588e-09,0.0,6.283185307179586,0.0
12.582582582582582,2.3752594124444834e-08,-0.9999999999999954,-1.3564581846647883e-08,0.0,6.283185307179586,0.0
12.612612612612612,2.078676694008067e-08,-0.9999999999999954,-1.777903052557761e-08,0.0,6.283185307179586,0.0
12.642642642642642,1.7083087555677042e-08,-0.9999999999999954,-2.136239063421641e-08,0.0,6.283185307179586,0.0
12.672672672672672,1.2773022699798621e-08,-0.9999999999999954,-2.418746580801212e-08,0.0,6.283185307179586,0.0
12.702702702702702,8.009563492212085e-09,-0.9999999999999954,-2.6153976928622313e-08,0.0,6.283185307179586,0.0
12.732732732732732,2.9617948667984065e-09,-0.9999999999999954,-2.7192119833596706e-08,0.0,6.283185307179586,0.0
12.762762762762762,-2.1911063600222423e-09,-0.9999999999999954,-2.7265044721946907e-08,0.0,6.283185307179586,0.0
12.792792792792792,-7.2662315237624014e-09,-0.9999999999999954,-2.637016294215755e-08,0.0,6.283185307179586,0.0
12.822822822822824,-1.2083432736859602e-08,-0.9999999999999954,-2.453923902967503e-08,0.0,6.283185307179586,0.0
12.852852852852854,-1.6471717410874602e-08,-0.9999999999999954,-2.1837264496671338e-08,0.0,6.283185307179586,0.0
12.882882882882884,-2.027531800113177e-08,-0.9999999999999954,-1.836014934530894e-08,0.0,6.283185307179586,0.0
12.912912912912914,-2.3359220942942195e-08,-0.9999999999999954,-1.4231317568835777e-08,0.0,6.283185307179586,0.0
12.942942942942944,-2.5613959238529653e-08,-0.9999999999999954,-9.597327432775415e-09,0.0,6.283185307179586,0.0
12.972972972972974,-2.695949813462879e-08,-0.9999999999999954,-4.622668359210991e-09,0.0,6.283185307179586,0.0
13.003003003003004,-2.7348076073316335e-08,-0.9999999999999954,5.160781801905046e-10,0.0,6.283185307179586,0.0
13.033033033033034,-2.676590001797646e-08,-0.9999999999999954,5.63650581764108e-09,0.0,6.283185307179586,0.0
13.063063063063064,-2.5233634989565122e-08,-0.9999999999999954,1.0556858776045175e-08,0.0,6.283185307179586,0.0
13.093093093093094,-2.280567065610201e-08,-0.9999999999999954,1.5102482819884244e-08,0.0,6.283185307179586,0.0
13.123123123123124,-1.9568190672033645e-08,-0.9999999999999954,1.9112025351208928e-08,0.0,6.283185307179586,0.0
13.153153153153154,-1.5636113349067216e-08,-0.9999999999999954,2.2443163050223092e-08,0.0,6.283185307179586,0.0
13.183183183183184,-1.1149012717864094e-08,-0.9999999999999954,2.4977652501867453e-08,0.0,6.283185307179586,0.0
13.213213213213214,-6.266163977768496e-09,-0.9999999999999954,2.6625529003787562e-08,0.0,6.283185307179586,0.0
13.243243243243244,-1.1608899581985284e-09,-0.9999999999999954,2.7328299234685716e-08,0.0,6.283185307179586,0.0
13.273273273273274,3.985591308313939e-09,-0.9999999999999954,2.7061017482399308e-08,0.0,6.283185307179586,0.0
13.303303303303304,8.990599048398059e-09,-0.9999999999999954,2.5833171157785273e-08,0.0,6.283185307179586,0.0
13.333333333333334,1.3676474236923708e-08,-0.9999999999999954,2.3688344119587867e-08,0.0,6.283185307179586,0.0
13.363363363363364,1.7876885927088405e-08,-0.9999999999999954,2.0702670133765366e-08,0.0,6.283185307179586,0.0
13.393393393393394,2.144273532605687e-08,-0.9999999999999954,1.698212898082474e-08,0.0,6.283185307179586,0.0
13.423423423423424,2.424744813692763e-08,-0.9999999999999954,1.2658786019414947e-08,0.0,6.283185307179586,0.0
13.453453453453454,2.6191467539420825e-08,-0.9999999999999954,7.886103325915883e-09,0.0,6.283185307179586,0.0
13.483483483483484,2.7205788191451837e-08,-0.9999999999999954,2.8334939394802916e-09,0.0,6.283185307179586,0.0
13.513513513513514,2.7254405502325028e-08,-0.9999999999999954,-2.3196938814251666e-09,0.0,6.283185307179586,0.0
13.543543543543544,2.633559376626317e-08,-0.9999999999999954,-7.390541345575485e-09,0.0,6.283185307179586,0.0
13.573573573573574,2.4481967307885802e-08,-0.9999999999999954,-1.2199052323857984e-08,0.0,6.283185307179586,0.0
13.603603603603604,2.175932294168155e-08,-0.9999999999999954,-1.6574542571756723e-08,0.0,6.283185307179586,0.0
13.633633633633634,1.8264304316227447e-08,-0.9999999999999954,-2.0361699271109757e-08,0.0,6.283185307179586,0.0
13.663663663663664,1.4120971422289497e-08,-0.9999999999999954,-2.3426091733114163e-08,0.0,6.283185307179586,0.0
13.693693693693694,9.476397060041015e-09,-0.9999999999999954,-2.5658946078976896e-08,0.0,6.283185307179586,0.0
13.723723723723724,4.495446183960353e-09,-0.9999999999999954,-2.6981003820036875e-08,0.0,6.283185307179586,0.0
13.753753753753754,-6.450761390742681e-10,-0.9999999999999954,-2.7345337383355428e-08,0.0,6.283185307179586,0.0
13.783783783783784,-5.762700655123429e-09,-0.9999999999999954,-2.6739014169496755e-08,0.0,6.283185307179586,0.0
13.813813813813814,-1.0675770951730577e-08,-0.9999999999999954,-2.5183556295882426e-08,0.0,6.283185307179586,0.0
13.843843843843844,-1.5209891423382418e-08,-0.9999999999999954,-2.2734176707839282e-08,0.0,6.283185307179586,0.0
13.873873873873874,-1.9204117869055564e-08,-0.9999999999999954,-1.947781963496098e-08,0.0,6.283185307179586,0.0
13.903903903903904,-2.2516670270040423e-08,-0.9999999999999954,-1.553007289434305e-08,0.0,6.283185307179586,0.0
13.933933933933934,-2.502996541578265e-08,-0.9999999999999954,-1.1031066504685327e-08,0.0,6.283185307179586,0.0
13.963963963963964,-2.6654790726019367e-08,-0.9999999999999954,-6.140498942652783e-09,0.0,6.283185307179586,0.0
13.993993993993994,-2.7333471057174934e-08,-0.9999999999999954,-1.0319666232661007e-09,0.0,6.283185307179586,0.0
14.024024024024024,-2.7041915799475913e-08,-0.9999999999999954,4.113196450106216e-09,0.0,6.283185307179586,0.0
14.054054054054054,-2.5790474060708625e-08,-0.9999999999999954,9.112356702534186e-09,0.0,6.283185307179586,0.0
14.084084084084084,-2.362356731339785e-08,-0.9999999999999954,1.3788062358521813e-08,0.0,6.283185307179586,0.0
14.114114114114114,-2.0618112644551077e-08,-0.9999999999999954,1.7974343458071473e-08,0.0,6.283185307179586,0.0
14.144144144144144,-1.688079236271598e-08,-0.9999999999999954,2.1522603310675237e-08,0.0,6.283185307179586,0.0
14.174174174174174,-1.2544267312524663e-08,-0.9999999999999954,2.4306891277525722e-08,0.0,6.283185307179586,0.0
14.204204204204204,-7.762467856485317e-09,-0.9999999999999954,2.6228375804571158e-08,0.0,6.283185307179586,0.0
14.234234234234235,-2.7051299540374435e-09,-0.9999999999999954,2.7218851506027875e-08,0.0,6.283185307179586,0.0
14.264264264264265,2.448229900083486e-09,-0.9999999999999954,2.7243160005685496e-08,0.0,6.283185307179586,0.0
14.294294294294295,7.514686778700792e-09,-0.9999999999999954,2.6300438937809645e-08,0.0,6.283185307179586,0.0
14.324324324324325,1.2314400472848694e-08,-0.9999999999999954,2.4424150479873674e-08,0.0,6.283185307179586,0.0
14.354354354354355,1.6676999151791865e-08,-0.9999999999999954,2.1680896744591394e-08,0.0,6.283185307179586,0.0
14.384384384384385,2.0447627000463687e-08,-0.9999999999999954,1.8168052784428568e-08,0.0,6.283185307179586,0.0
14.414414414414415,2.3492440879886514e-08,-0.9999999999999954,1.401031102243877e-08,0.0,6.283185307179586,0.0
14.444444444444445,2.5703361291521362e-08,-0.9999999999999954,9.355255625731473e-09,0.0,6.283185307179586,0.0
14.474474474474475,2.7001908869958863e-08,-0.9999999999999954,4.3681240291526535e-09,0.0,6.283185307179586,0.0
14.504504504504505,2.734199006379112e-08,-0.9999999999999954,-7.740596497107788e-10,0.0,6.283185307179586,0.0
14.534534534534535,2.671153328590277e-08,-0.9999999999999954,-5.8887672516050316e-09,0.0,6.283185307179586,0.0
14.564564564564565,2.5132917344122733e-08,-0.9999999999999954,-1.079444567064769e-08,0.0,6.283185307179586,0.0
14.594594594594595,2.26621771975038e-08,-0.9999999999999954,-1.5316961643474514e-08,0.0,6.283185307179586,0.0
14.624624624624625,1.938701486594104e-08,-0.9999999999999954,-1.9295783193484795e-08,0.0,6.283185307179586,0.0
14.654654654654655,1.5423686240677416e-08,-0.9999999999999954,-2.2589676962336824e-08,0.0,6.283185307179586,0.0
14.684684684684685,1.0912874665114114e-08,-0.9999999999999954,-2.50817218661048e-08,0.0,6.283185307179586,0.0
14.714714714714715,6.014696993852971e-09,-0.9999999999999954,-2.6683459664056386e-08,0.0,6.283185307179586,0.0
14.744744744744745,9.030201802076378e-10,-0.9999999999999954,-2.7338034946922107e-08,0.0,6.283185307179586,0.0
14.774774774774775,-4.2407104594655494e-09,-0.9999999999999954,-2.7022212634175702e-08,0.0,6.283185307179586,0.0
14.804804804804805,-9.233911823932235e-09,-0.9999999999999954,-2.5747203202808322e-08,0.0,6.283185307179586,0.0
14.834834834834835,-1.389934394506212e-08,-0.9999999999999954,-2.3558264505840754e-08,0.0,6.283185307179586,0.0
14.864864864864865,-1.8071401520366885e-08,-0.9999999999999954,-2.0533096223296354e-08,0.0,6.283185307179586,0.0
14.894894894894895,-2.1601992234224043e-08,-0.9999999999999954,-1.6779080180828743e-08,0.0,6.283185307179586,0.0
14.924924924924925,-2.4365793338649177e-08,-0.9999999999999954,-1.2429469564700923e-08,0.0,6.283185307179586,0.0
14.954954954954955,-2.6264700228050285e-08,-0.9999999999999954,-7.638659427211536e-09,0.0,6.283185307179586,0.0
14.984984984984985,-2.7231308891507014e-08,-0.9999999999999954,-2.576705626644582e-09,0.0,6.283185307179586,0.0
15.015015015015015,-2.7231308326187018e-08,-0.9999999999999954,2.5767114553154613e-09,0.0,6.283185307179586,0.0
15.045045045045045,-2.6264698571812316e-08,-0.9999999999999954,7.638665255882415e-09,0.0,6.283185307179586,0.0
15.075075075075075,-2.4365790610332615e-08,-0.9999999999999954,1.2429474949282593e-08,0.0,6.283185307179586,0.0
15.105105105105105,-2.160198857181837e-08,-0.9999999999999954,1.6779084732743144e-08,0.0,6.283185307179586,0.0
15.135135135135135,-1.8071397054975493e-08,-0.9999999999999954,2.0533100497655e-08,0.0,6.283185307179586,0.0
15.165165165165165,-1.3899338746585043e-08,-0.9999999999999954,2.355826794753213e-08,0.0,6.283185307179586,0.0
15.195195195195195,-9.233906099652386e-09,-0.9999999999999954,2.5747205534276674e-08,0.0,6.283185307179586,0.0
15.225225225225225,-4.240704444353233e-09,-0.9999999999999954,2.7022213688887575e-08,0.0,6.283185307179586,0.0
15.255255255255255,9.030262956134325e-10,-0.9999999999999954,2.7338034946922107e-08,0.0,6.283185307179586,0.0
15.285285285285285,6.014703000509216e-09,-0.9999999999999954,2.6683458720366815e-08,0.0,6.283185307179586,0.0
15.315315315315315,1.0912880356396927e-08,-0.9999999999999954,2.50817195901476e-08,0.0,6.283185307179586,0.0
15.345345345345345,1.5423691395186716e-08,-0.9999999999999954,2.2589673520645448e-08,0.0,6.283185307179586,0.0
15.375375375375375,1.9387019301402986e-08,-0.9999999999999954,1.9295779196681906e-08,0.0,6.283185307179586,0.0
15.405405405405405,2.2662180852343764e-08,-0.9999999999999954,1.5316957147071264e-08,0.0,6.283185307179586,0.0
15.435435435435435,2.5132920050576263e-08,-0.9999999999999954,1.0794440175043718e-08,0.0,6.283185307179586,0.0
15.465465465465465,2.6711534927093438e-08,-0.9999999999999954,5.888761589467606e-09,0.0,6.283185307179586,0.0
15.495495495495495,2.7341990625513477e-08,-0.9999999999999954,7.740537655287483e-10,0.0,6.283185307179586,0.0
15.525525525525525,2.7001908335342894e-08,-0.9999999999999954,-4.368129635778928e-09,0.0,6.283185307179586,0.0
15.555555555555555,2.570335967482549e-08,-0.9999999999999954,-9.355261287868899e-09,0.0,6.283185307179586,0.0
15.585585585585585,2.3492438235142424e-08,-0.9999999999999954,-1.4010316240486986e-08,0.0,6.283185307179586,0.0
15.615615615615615,2.0447623460331825e-08,-0.9999999999999954,-1.8168057114298364e-08,0.0,6.283185307179586,0.0
15.645645645645645,1.6676994805028156e-08,-0.9999999999999954,-2.1680900963438887e-08,0.0,6.283185307179586,0.0
15.675675675675675,1.2314395430617168e-08,-0.9999999999999954,-2.4424153644009294e-08,0.0,6.283185307179586,0.0
15.705705705705705,7.51468123564813e-09,-0.9999999999999954,-2.630044093621109e-08,0.0,6.283185307179586,0.0
15.735735735735735,2.448224078088069e-09,-0.9999999999999954,-2.7243161171419672e-08,0.0,6.283185307179586,0.0
15.765765765765765,-2.70513585926812e-09,-0.9999999999999954,-2.721885133949442e-08,0.0,6.283185307179586,0.0
15.795795795795796,-7.762473653279258e-09,-0.9999999999999954,-2.6228374860881587e-08,0.0,6.283185307179586,0.0
15.825825825825826,-1.2544272763814156e-08,-0.9999999999999954,-2.430688894605737e-08,0.0,6.283185307179586,0.0
15.855855855855856,-1.688079726548878e-08,-0.9999999999999954,-2.1522599980006163e-08,0.0,6.283185307179586,0.0
15.885885885885886,-2.0618116871047837e-08,-0.9999999999999954,-1.7974339794335492e-08,0.0,6.283185307179586,0.0
15.915915915915916,-2.36235707703052e-08,-0.9999999999999954,-1.3788057806607412e-08,0.0,6.283185307179586,0.0
15.945945945945946,-2.579047656437811e-08,-0.9999999999999954,-9.112351262441365e-09,0.0,6.283185307179586,0.0
15.975975975975976,-2.7041917275987516e-08,-0.9999999999999954,-4.1131908989910926e-09,0.0,6.283185307179586,0.0
16.006006006006007,-2.733347145994413e-08,-0.9999999999999954,1.0319723964258287e-09,0.0,6.283185307179586,0.0
16.036036036036037,-2.665479005061275e-08,-0.9999999999999954,6.140504549279058e-09,0.0,6.283185307179586,0.0
16.066066066066067,-2.5029963658803434e-08,-0.9999999999999954,1.1031071944778148e-08,0.0,6.283185307179586,0.0
16.096096096096097,-2.2516667531835473e-08,-0.9999999999999954,1.5530077668302056e-08,0.0,6.283185307179586,0.0
16.126126126126128,-1.9204114273841336e-08,-0.9999999999999954,1.9477823964830776e-08,0.0,6.283185307179586,0.0
16.156156156156158,-1.520988700532624e-08,-0.9999999999999954,2.2734180815664473e-08,0.0,6.283185307179586,0.0
16.186186186186188,-1.0675765855269827e-08,-0.9999999999999954,2.5183559460018046e-08,0.0,6.283185307179586,0.0
16.216216216216218,-5.762695082407559e-09,-0.9999999999999954,2.673901622340935e-08,0.0,6.283185307179586,0.0
16.246246246246248,-6.450702720700864e-10,-0.9999999999999954,2.7345338327045e-08,0.0,6.283185307179586,0.0
16.276276276276278,4.495452077380498e-09,-0.9999999999999954,2.6981003320436514e-08,0.0,6.283185307179586,0.0
16.306306306306308,9.476402755523277e-09,-0.9999999999999954,2.5658944136086603e-08,0.0,6.283185307179586,0.0
16.336336336336338,1.4120976683868187e-08,-0.9999999999999954,2.34260888465343e-08,0.0,6.283185307179586,0.0
16.366366366366368,1.826430894484554e-08,-0.9999999999999954,2.0361695496351473e-08,0.0,6.283185307179586,0.0
16.396396396396398,2.1759326852222762e-08,-0.9999999999999954,1.6574538519442683e-08,0.0,6.283185307179586,0.0
16.426426426426428,2.4481970370419202e-08,-0.9999999999999954,1.2199047272343222e-08,0.0,6.283185307179586,0.0
16.456456456456458,2.6335595822116042e-08,-0.9999999999999954,7.390535905482665e-09,0.0,6.283185307179586,0.0
16.486486486486488,2.7254406521027996e-08,-0.9999999999999954,2.31968816377659e-09,0.0,6.283185307179586,0.0
16.516516516516518,2.720578811837872e-08,-0.9999999999999954,-2.8334997126400197e-09,0.0,6.283185307179586,0.0
16.546546546546548,2.619146640557218e-08,-0.9999999999999954,-7.886109154586762e-09,0.0,6.283185307179586,0.0
16.576576576576578,2.424744595443511e-08,-0.9999999999999954,-1.2658791237463163e-08,0.0,6.283185307179586,0.0
16.606606606606608,2.1442732220672533e-08,-0.9999999999999954,-1.6982133588250292e-08,0.0,6.283185307179586,0.0
16.636636636636638,1.7876882008330014e-08,-0.9999999999999954,-2.070267435261286e-08,0.0,6.283185307179586,0.0
16.666666666666668,1.3676469557306949e-08,-0.9999999999999954,-2.368834778332385e-08,0.0,6.283185307179586,0.0
16.696696696696698,8.990593783699455e-09,-0.9999999999999954,-2.5833173822320532e-08,0.0,6.283185307179586,0.0
16.726726726726728,3.9855856717954386e-09,-0.9999999999999954,-2.7061019036711542e-08,0.0,6.283185307179586,0.0
16.756756756756758,-1.1608957731851729e-09,-0.9999999999999954,-2.7328299567752623e-08,0.0,6.283185307179586,0.0
16.786786786786788,-6.2661697246904545e-09,-0.9999999999999954,-2.6625528171120294e-08,0.0,6.283185307179586,0.0
16.816816816816818,-1.1149018164483682e-08,-0.9999999999999954,-2.4977650336932555e-08,0.0,6.283185307179586,0.0
16.846846846846848,-1.5636118295455054e-08,-0.9999999999999954,-2.2443159719554018e-08,0.0,6.283185307179586,0.0
16.876876876876878,-1.956819493983638e-08,-0.9999999999999954,-1.9112021687472946e-08,0.0,6.283185307179586,0.0
16.906906906906908,-2.280567416108739e-08,-0.9999999999999954,-1.5102478434503297e-08,0.0,6.283185307179586,0.0
16.936936936936938,-2.523363755990042e-08,-0.9999999999999954,-1.0556853446974657e-08,0.0,6.283185307179586,0.0
16.966966966966968,-2.6765901549318258e-08,-0.9999999999999954,-5.636500266525957e-09,0.0,6.283185307179586,0.0
16.996996996996998,-2.7348076542053463e-08,-0.9999999999999954,-5.16072296008474e-10,0.0,6.283185307179586,0.0
17.027027027027028,-2.695949750220323e-08,-0.9999999999999954,4.622674021348416e-09,0.0,6.283185307179586,0.0
17.057057057057058,-2.5613957513527968e-08,-0.9999999999999954,9.597333150423992e-09,0.0,6.283185307179586,0.0
17.087087087087088,-2.3359218191725756e-08,-0.9999999999999954,1.4231322897906296e-08,0.0,6.283185307179586,0.0
17.117117117117118,-2.0275314345350555e-08,-0.9999999999999954,1.836015378620104e-08,0.0,6.283185307179586,0.0
17.147147147147148,-1.647171294261201e-08,-0.9999999999999954,2.183726866000768e-08,0.0,6.283185307179586,0.0
17.177177177177178,-1.2083427581944623e-08,-0.9999999999999954,2.4539242027277197e-08,0.0,6.283185307179586,0.0
17.207207207207208,-7.266225879338742e-09,-0.9999999999999954,2.637016477402554e-08,0.0,6.283185307179586,0.0
17.237237237237238,-2.1911004399522327e-09,-0.9999999999999954,2.726504572114763e-08,0.0,6.283185307179586,0.0
17.26726726726727,2.961800820846428e-09,-0.9999999999999954,2.7192119278485194e-08,0.0,6.283185307179586,0.0
17.2972972972973,8.009569240355656e-09,-0.9999999999999954,2.6153975152265474e-08,0.0,6.283185307179586,0.0
17.32732732732733,1.2773027980131787e-08,-0.9999999999999954,2.4187462921432257e-08,0.0,6.283185307179586,0.0
17.35735735735736,1.7083092172421833e-08,-0.9999999999999954,2.1362386748435824e-08,0.0,6.283185307179586,0.0
17.38738738738739,2.0786770764193273e-08,-0.9999999999999954,1.7779026140196663e-08,0.0,6.283185307179586,0.0
17.41741741741742,2.3752597061846125e-08,-0.9999999999999954,1.3564576795133121e-08,0.0,6.283185307179586,0.0
17.44744744744745,2.587529530205939e-08,-0.9999999999999954,8.868635659187163e-09,0.0,6.283185307179586,0.0
17.47747747747748,2.7079517726056485e-08,-0.9999999999999954,3.8578916727871615e-09,0.0,6.283185307179586,0.0
17.50750750750751,2.7322518950547124e-08,-0.9999999999999954,-1.2897929946298348e-09,0.0,6.283185307179586,0.0
17.53753753753754,2.6595673358027182e-08,-0.9999999999999954,-6.3916951731357585e-09,0.0,6.283185307179586,0.0
17.56756756756757,2.492478119090546e-08,-0.9999999999999954,-1.1266716171132174e-08,0.0,6.283185307179586,0.0
17.5975975975976,2.2369152870812096e-08,-0.9999999999999954,-1.5741810910352427e-08,0.0,6.283185307179586,0.0
17.62762762762763,1.901950362347099e-08,-0.9999999999999954,-1.9658130623323444e-08,0.0,6.283185307179586,0.0
17.65765765765766,1.499473336231118e-08,-0.9999999999999954,-2.2876660343840172e-08,0.0,6.283185307179586,0.0
17.68768768768769,1.0437706376494078e-08,-0.9999999999999954,-2.5283154625466153e-08,0.0,6.283185307179586,0.0
17.71771771771772,5.510179970960322e-09,-0.9999999999999954,-2.6792191742952554e-08,0.0,6.283185307179586,0.0
17.74774774774775,3.8706289056301336e-10,-0.9999999999999954,-2.7350206432963375e-08,0.0,6.283185307179586,0.0
17.77777777777778,-4.749793386532505e-09,-0.9999999999999954,-2.6937391373049735e-08,0.0,6.283185307179586,0.0
17.80780780780781,-9.718049821645742e-09,-0.9999999999999954,-2.5568400119357904e-08,0.0,6.283185307179586,0.0
17.83783783783784,-1.4341351938938391e-08,-0.9999999999999954,-2.329182696714227e-08,0.0,6.283185307179586,0.0
17.86786786786787,-1.8455589907297596e-08,-0.9999999999999954,-2.0188481608673925e-08,0.0,6.283185307179586,0.0
17.8978978978979,-2.1914723768309476e-08,-0.9999999999999954,-1.6368520872056536e-08,0.0,6.283185307179586,0.0
17.92792792792793,-2.459596722535875e-08,-0.9999999999999954,-1.1967538682267076e-08,0.0,6.283185307179586,0.0
17.95795795795796,-2.640414614515342e-08,-0.9999999999999954,-7.141754021500191e-09,0.0,6.283185307179586,0.0
17.98798798798799,-2.7275077033189777e-08,-0.9999999999999954,-2.06246386635911e-09,0.0,6.283185307179586,0.0
18.01801801801802,-2.7177845084244673e-08,-0.9999999999999954,3.0900357828045344e-09,0.0,6.283185307179586,0.0
18.04804804804805,-2.6115901681010567e-08,-0.9999999999999954,8.132850948250336e-09,0.0,6.283185307179586,0.0
18.07807807807808,-2.4126941795872034e-08,-0.9999999999999954,1.2886980593762587e-08,0.0,6.283185307179586,0.0
18.10810810810811,-2.128156609724968e-08,-0.9999999999999954,1.718367026448675e-08,0.0,6.283185307179586,0.0
18.13813813813814,-1.7680774710168118e-08,-0.9999999999999954,2.0870404793260633e-08,0.0,6.283185307179586,0.0
18.16816816816817,-1.3452382198784638e-08,-0.9999999999999954,2.3816317862301872e-08,0.0,6.283185307179586,0.0
18.1981981981982,-8.746480642270266e-09,-0.9999999999999954,2.5916841173145855e-08,0.0,6.283185307179586,0.0
18.22822822822823,-3.730111885083036e-09,-0.9999999999999954,2.7097413812793292e-08,0.0,6.283185307179586,0.0
18.25825825825826,1.418661810984386e-09,-0.9999999999999954,2.7316129802557043e-08,0.0,6.283185307179586,0.0
18.28828828828829,6.517078269565318e-09,-0.9999999999999954,2.6565226185493174e-08,0.0,6.283185307179586,0.0
18.31831831831832,1.1384162892292745e-08,-0.9999999999999954,2.4871356474331918e-08,0.0,6.283185307179586,0.0
18.34834834834835,1.5847152449903613e-08,-0.9999999999999954,2.22946470174179e-08,0.0,6.283185307179586,0.0
18.37837837837838,1.9747627609146857e-08,-0.9999999999999954,1.892656192881148e-08,0.0,6.283185307179586,0.0
18.40840840840841,2.2947136165743348e-08,-0.9999999999999954,1.4886654464696392e-08,0.0,6.283185307179586,0.0
18.43843843843844,2.5332107528667305e-08,-0.9999999999999954,1.0318326526537192e-08,0.0,6.283185307179586,0.0
18.46846846846847,2.6817884150953945e-08,-0.9999999999999954,5.383737067266026e-09,0.0,6.283185307179586,0.0
18.4984984984985,2.7351726564011894e-08,-0.9999999999999954,2.5804469672152663e-10,0.0,6.283185307179586,0.0
18.52852852852853,2.6914685374115062e-08,-0.9999999999999954,-4.876806736220374e-09,0.0,6.283185307179586,0.0
18.55855855855856,2.552227388236619e-08,-0.9999999999999954,-9.838550196761275e-09,0.0,6.283185307179586,0.0
18.58858858858859,2.322391748340476e-08,-0.9999999999999954,-1.4451061902676088e-08,0.0,6.283185307179586,0.0
18.61861861861862,2.0101199239147834e-08,-0.9999999999999954,-1.855061509958844e-08,0.0,6.283185307179586,0.0
18.64864864864865,1.6264963871759025e-08,-0.9999999999999954,-2.199169119032618e-08,0.0,6.283185307179586,0.0
18.67867867867868,1.1851383370660548e-08,-0.9999999999999954,-2.4652144825498823e-08,0.0,6.283185307179586,0.0
18.70870870870871,7.017123272130717e-09,-0.9999999999999954,-2.6437539824009093e-08,0.0,6.283185307179586,0.0
18.73873873873874,1.9337816719565676e-09,-0.9999999999999954,-2.7284501324942312e-08,0.0,6.283185307179586,0.0
18.76876876876877,-3.218201859961349e-09,-0.9999999999999954,-2.716296498839199e-08,0.0,6.283185307179586,0.0
18.7987987987988,-8.255951288345947e-09,-0.9999999999999954,-2.6077246084721395e-08,0.0,6.283185307179586,0.0
18.82882882882883,-1.3000645397493402e-08,-0.9999999999999954,-2.4065882509027858e-08,0.0,6.283185307179586,0.0
18.85885885885886,-1.728386539030838e-08,-0.9999999999999954,-2.1200270816645883e-08,0.0,6.283185307179586,0.0
18.88888888888889,-2.0953573087028433e-08,-0.9999999999999954,-1.7582129085980114e-08,0.0,6.283185307179586,0.0
18.91891891891892,-2.3879507623015643e-08,-0.9999999999999954,-1.3339887749985735e-08,0.0,6.283185307179586,0.0
18.94894894894895,-2.595780927561951e-08,-0.9999999999999954,-8.624130187762091e-09,0.0,6.283185307179586,0.0
18.97897897897898,-2.7114706142471022e-08,-0.9999999999999954,-3.6022487215348065e-09,0.0,6.283185307179586,0.0
19.00900900900901,-2.730913275272133e-08,-0.9999999999999954,1.5474990178176995e-09,0.0,6.283185307179586,0.0
19.03903903903904,-2.6534187700374726e-08,-0.9999999999999954,6.642316530136583e-09,0.0,6.283185307179586,0.0
19.06906906906907,-2.481737858798514e-08,-0.9999999999999954,1.1501356700360787e-08,0.0,6.283185307179586,0.0
19.0990990990991,-2.221964572247135e-08,-0.9999999999999954,1.5952141718678092e-08,0.0,6.283185307179586,0.0
19.12912912912913,-1.883319886998074e-08,-0.9999999999999954,1.9836685904994766e-08,0.0,6.283185307179586,0.0
19.15915915915916,-1.4778244149101216e-08,-0.9999999999999954,2.301710205765417e-08,0.0,6.283185307179586,0.0
19.18918918918919,-1.0198717245407815e-08,-0.9999999999999954,2.5380497592486506e-08,0.0,6.283185307179586,0.0
19.21921921921922,-5.257174175867426e-09,-0.9999999999999954,2.6842980560548568e-08,0.0,6.283185307179586,0.0
19.24924924924925,-1.2902117532783295e-10,-0.9999999999999954,2.7352638432009968e-08,0.0,6.283185307179586,0.0
19.27927927927928,5.003711523665012e-09,-0.9999999999999954,2.6891380344729043e-08,0.0,6.283185307179586,0.0
19.30930930930931,9.958831249051098e-09,-0.9999999999999954,2.547557909071685e-08,0.0,6.283185307179586,0.0
19.33933933933934,1.4560449815114463e-08,-0.9999999999999954,2.3155490691539882e-08,0.0,6.283185307179586,0.0
19.36936936936937,1.8645227073099968e-08,-0.9999999999999954,2.0013469659296845e-08,0.0,6.283185307179586,0.0
19.3993993993994,2.2068168813939536e-08,-0.9999999999999954,1.61610453353056e-08,0.0,6.283185307179586,0.0
19.42942942942943,2.470777342102449e-08,-0.9999999999999954,1.1734964333598441e-08,0.0,6.283185307179586,0.0
19.45945945945946,2.6470344792446953e-08,-0.9999999999999954,6.892336201769211e-09,0.0,6.283185307179586,0.0
19.48948948948949,2.7293318322944642e-08,-0.9999999999999954,1.8050562156091132e-09,0.0,6.283185307179586,0.0
19.51951951951952,2.7147481530046645e-08,-0.9999999999999954,-3.3462964066366396e-09,0.0,6.283185307179586,0.0
19.54954954954955,2.6038011057525453e-08,-0.9999999999999954,-8.378868376901494e-09,0.0,6.283185307179586,0.0
19.57957957957958,2.4004288948377875e-08,-0.9999999999999954,-1.3114021757409944e-08,0.0,6.283185307179586,0.0
19.60960960960961,2.111850473431435e-08,-0.9999999999999954,-1.7383676498283762e-08,0.0,6.283185307179586,0.0
19.63963963963964,1.7483092886588017e-08,-0.9999999999999954,-2.1036276276475974e-08,0.0,6.283185307179586,0.0
19.66966966966967,1.3227096875244927e-08,-0.9999999999999954,-2.3942167193258257e-08,0.0,6.283185307179586,0.0
19.6996996996997,8.501588569578033e-09,-0.9999999999999954,-2.5998201036436797e-08,0.0,6.283185307179586,0.0
19.72972972972973,3.474305790375451e-09,-0.9999999999999954,-2.7131396129753682e-08,0.0,6.283185307179586,0.0
19.75975975975976,-1.6763017517672917e-09,-0.9999999999999954,-2.7301528204848324e-08,0.0,6.283185307179586,0.0
19.78978978978979,-6.767406823117076e-09,-0.9999999999999954,-2.6502559202778997e-08,0.0,6.283185307179586,0.0
19.81981981981982,-1.1618294334082255e-08,-0.9999999999999954,-2.4762848327419817e-08,0.0,6.283185307179586,0.0
19.84984984984985,-1.6056775989853674e-08,-0.9999999999999954,-2.2144149347536057e-08,0.0,6.283185307179586,0.0
19.87987987987988,-1.9925302402860167e-08,-0.9999999999999954,-1.8739416962620936e-08,0.0,6.283185307179586,0.0
19.90990990990991,-2.308655540465026e-08,-0.9999999999999954,-1.466950516615384e-08,0.0,6.283185307179586,0.0
19.93993993993994,-2.542832234210555e-08,-0.9999999999999954,-1.0078880730013395e-08,0.0,6.283185307179586,0.0
19.96996996996997,-2.6867479256991307e-08,-0.9999999999999954,-5.130494085126003e-09,0.0,6.283185307179586,0.0
20.0,-2.7352941555848313e-08,-0.9999999999999954,5.551115123125783e-15,0.0,6.283185307179586,0.0
20.03003003003003,-2.686747714235364e-08,-0.9999999999999954,5.1305052428674e-09,0.0,6.283185307179586,0.0
20.06006006006006,-2.542831814091907e-08,-0.9999999999999954,1.007889127713213e-08,0.0,6.283185307179586,0.0
20.09009009009009,-2.3086549326390586e-08,-0.9999999999999954,1.4669514269982642e-08,0.0,6.283185307179586,0.0
20.12012012012012,-1.9925294699179127e-08,-0.9999999999999954,1.8739424900715562e-08,0.0,6.283185307179586,0.0
20.15015015015015,-1.60567669010295e-08,-0.9999999999999954,2.2144156119896508e-08,0.0,6.283185307179586,0.0
20.18018018018018,-1.1618284119863126e-08,-0.9999999999999954,2.4762853323423428e-08,0.0,6.283185307179586,0.0
20.21021021021021,-6.767395883004098e-09,-0.9999999999999954,2.650256153424735e-08,0.0,6.283185307179586,0.0
20.24024024024024,-1.676290534584302e-09,-0.9999999999999954,2.7301528593426383e-08,0.0,6.283185307179586,0.0
20.27027027027027,3.474316767448642e-09,-0.9999999999999954,2.7131393409707272e-08,0.0,6.283185307179586,0.0
20.3003003003003,8.501598873930945e-09,-0.9999999999999954,2.599819620696664e-08,0.0,6.283185307179586,0.0
20.33033033033033,1.3227106099914785e-08,-0.9999999999999954,2.3942160476408958e-08,0.0,6.283185307179586,0.0
20.36036036036036,1.7483100707053434e-08,-0.9999999999999954,2.1036268171847894e-08,0.0,6.283185307179586,0.0
20.39039039039039,2.1118510912336333e-08,-0.9999999999999954,1.7383667116899204e-08,0.0,6.283185307179586,0.0
20.42042042042042,2.400429326568922e-08,-0.9999999999999954,1.3114011265802361e-08,0.0,6.283185307179586,0.0
20.45045045045045,2.603801328289073e-08,-0.9999999999999954,8.378856719559735e-09,0.0,6.283185307179586,0.0
20.48048048048048,2.714748156604581e-08,-0.9999999999999954,3.3462850268506372e-09,0.0,6.283185307179586,0.0
20.51051051051051,2.729331622695415e-08,-0.9999999999999954,-1.8050673733505107e-09,0.0,6.283185307179586,0.0
20.54054054054054,2.64703406421452e-08,-0.9999999999999954,-6.892346859910248e-09,0.0,6.283185307179586,0.0
20.57057057057057,2.470776734274629e-08,-0.9999999999999954,-1.1734973881516453e-08,0.0,6.283185307179586,0.0
20.6006006006006,2.2068161082030864e-08,-0.9999999999999954,-1.6161053162377925e-08,0.0,6.283185307179586,0.0
20.63063063063063,1.8645217978140382e-08,-0.9999999999999954,-2.0013476043079237e-08,0.0,6.283185307179586,0.0
20.66066066066066,1.4560439624672153e-08,-0.9999999999999954,-2.3155495687543493e-08,0.0,6.283185307179586,0.0
20.69069069069069,9.958820303187225e-09,-0.9999999999999954,-2.5475582199341318e-08,0.0,6.283185307179586,0.0
20.72072072072072,5.003700275461599e-09,-0.9999999999999954,-2.6891380844329404e-08,0.0,6.283185307179586,0.0
20.75075075075075,-1.2903230180348928e-10,-0.9999999999999954,-2.7352636156052768e-08,0.0,6.283185307179586,0.0
20.78078078078078,-5.25718464361073e-09,-0.9999999999999954,-2.6842976230678772e-08,0.0,6.283185307179586,0.0
20.81081081081081,-1.0198726679857866e-08,-0.9999999999999954,-2.538049098665951e-08,0.0,6.283185307179586,0.0
20.84084084084084,-1.4778252177840785e-08,-0.9999999999999954,-2.3017093786492637e-08,0.0,6.283185307179586,0.0
20.87087087087087,-1.8833205203731885e-08,-0.9999999999999954,-1.983667657912136e-08,0.0,6.283185307179586,0.0
20.9009009009009,-2.2219650180513667e-08,-0.9999999999999954,-1.5952131338092812e-08,0.0,6.283185307179586,0.0
20.93093093093093,-2.48173809744714e-08,-0.9999999999999954,-1.1501345209552483e-08,0.0,6.283185307179586,0.0
20.96096096096096,-2.65341878378343e-08,-0.9999999999999954,-6.642304539727917e-09,0.0,6.283185307179586,0.0
20.99099099099099,-2.7309130653704084e-08,-0.9999999999999954,-1.547487360475941e-09,0.0,6.283185307179586,0.0
21.02102102102102,-2.7114701876844526e-08,-0.9999999999999954,3.6022598237650527e-09,0.0,6.283185307179586,0.0
21.05105105105105,-2.595780300066647e-08,-0.9999999999999954,8.624140457325069e-09,0.0,6.283185307179586,0.0
21.08108108108108,-2.387949955708591e-08,-0.9999999999999954,1.3339896465236478e-08,0.0,6.283185307179586,0.0
21.11111111111111,-2.0953563539137768e-08,-0.9999999999999954,1.758213613589632e-08,0.0,6.283185307179586,0.0
21.14114114114114,-1.728385468685398e-08,-0.9999999999999954,2.12002761457164e-08,0.0,6.283185307179586,0.0
21.17117117117117,-1.3000633856195639e-08,-0.9999999999999954,2.4065885950719235e-08,0.0,6.283185307179586,0.0
21.2012012012012,-8.255939336879712e-09,-0.9999999999999954,2.607724675085521e-08,0.0,6.283185307179586,0.0
21.23123123123123,-3.218190007545488e-09,-0.9999999999999954,2.716296354510206e-08,0.0,6.283185307179586,0.0
21.26126126126126,1.9337929557991324e-09,-0.9999999999999954,2.728449671751676e-08,0.0,6.283185307179586,0.0
21.29129129129129,7.017133522179144e-09,-0.9999999999999954,2.6437533273693248e-08,0.0,6.283185307179586,0.0
21.32132132132132,1.1851392184582646e-08,-0.9999999999999954,2.4652136276781533e-08,0.0,6.283185307179586,0.0
21.35135135135135,1.6264970903066368e-08,-0.9999999999999954,2.19916809207632e-08,0.0,6.283185307179586,0.0
21.38138138138138,2.010120424381099e-08,-0.9999999999999954,1.8550603997358195e-08,0.0,6.283185307179586,0.0
21.41141141141141,2.322392030399963e-08,-0.9999999999999954,1.445104980124512e-08,0.0,6.283185307179586,0.0
21.44144144144144,2.5522274340547032e-08,-0.9999999999999954,9.838537484707643e-09,0.0,6.283185307179586,0.0
21.47147147147147,2.6914683410806272e-08,-0.9999999999999954,4.876794079677893e-09,0.0,6.283185307179586,0.0
21.5015015015015,2.7351722280527237e-08,-0.9999999999999954,-2.5805679815249505e-10,0.0,6.283185307179586,0.0
21.53153153153153,2.6817877706357384e-08,-0.9999999999999954,-5.383747669895911e-09,0.0,6.283185307179586,0.0
21.56156156156156,2.5332099176414186e-08,-0.9999999999999954,-1.031833590792175e-08,0.0,6.283185307179586,0.0
21.59159159159159,2.2947126207791787e-08,-0.9999999999999954,-1.4886662125235262e-08,0.0,6.283185307179586,0.0
21.62162162162162,1.974761640517893e-08,-0.9999999999999954,-1.8926567535437755e-08,0.0,6.283185307179586,0.0
21.65165165165165,1.5847140341780452e-08,-0.9999999999999954,-2.229465095870964e-08,0.0,6.283185307179586,0.0
21.68168168168168,1.138415025565513e-08,-0.9999999999999954,-2.4871358028644153e-08,0.0,6.283185307179586,0.0
21.71171171171171,6.5170655858930385e-09,-0.9999999999999954,-2.6565224908736695e-08,0.0,6.283185307179586,0.0
21.74174174174174,1.4186495573015722e-09,-0.9999999999999954,-2.7316126249843364e-08,0.0,6.283185307179586,0.0
21.77177177177177,-3.730123168339115e-09,-0.9999999999999954,-2.70974074290109e-08,0.0,6.283185307179586,0.0
21.8018018018018,-8.746490555043523e-09,-0.9999999999999954,-2.591683279096202e-08,0.0,6.283185307179586,0.0
21.83183183183183,-1.3452390334768192e-08,-0.9999999999999954,-2.3816307481716592e-08,0.0,6.283185307179586,0.0
21.86186186186186,-1.7680780756365717e-08,-0.9999999999999954,-2.0870393080407723e-08,0.0,6.283185307179586,0.0
21.89189189189189,-2.128156988945215e-08,-0.9999999999999954,-1.7183657941011177e-08,0.0,6.283185307179586,0.0
21.92192192192192,-2.4126943191375e-08,-0.9999999999999954,-1.2886967437619745e-08,0.0,6.283185307179586,0.0
21.95195195195195,-2.611590052909196e-08,-0.9999999999999954,-8.132837403529436e-09,0.0,6.283185307179586,0.0
21.98198198198198,-2.717784141720419e-08,-0.9999999999999954,-3.0900229042174487e-09,0.0,6.283185307179586,0.0
22.01201201201201,-2.7275070989124273e-08,-0.9999999999999954,2.062476078812381e-09,0.0,6.283185307179586,0.0
22.04204204204204,-2.6404137957187094e-08,-0.9999999999999954,7.141764568618925e-09,0.0,6.283185307179586,0.0
22.07207207207207,-2.459595714997277e-08,-0.9999999999999954,1.1967547730584727e-08,0.0,6.283185307179586,0.0
22.1021021021021,-2.1914712195713572e-08,-0.9999999999999954,1.6368527533394683e-08,0.0,6.283185307179586,0.0
22.13213213213213,-1.8455577218636473e-08,-0.9999999999999954,2.0188486493655233e-08,0.0,6.283185307179586,0.0
22.16216216216216,-1.4341338515475148e-08,-0.9999999999999954,2.3291829742699832e-08,0.0,6.283185307179586,0.0
22.19219219219219,-9.71803610731092e-09,-0.9999999999999954,2.556840039691366e-08,0.0,6.283185307179586,0.0
22.22222222222222,-4.749779894752783e-09,-0.9999999999999954,2.693738893055908e-08,0.0,6.283185307179586,0.0
22.25225225225225,3.8707567077766027e-10,-0.9999999999999954,2.7350200992870555e-08,0.0,6.283185307179586,0.0
22.28228228228228,5.510191464139235e-09,-0.9999999999999954,2.6792183693835625e-08,0.0,6.283185307179586,0.0
22.31231231231231,1.043771615476844e-08,-0.9999999999999954,2.528314452243663e-08,0.0,6.283185307179586,0.0
22.34234234234234,1.4994741104586255e-08,-0.9999999999999954,2.2876648742009564e-08,0.0,6.283185307179586,0.0
22.37237237237237,1.9019509064797253e-08,-0.9999999999999954,1.9658117966780964e-08,0.0,6.283185307179586,0.0
22.4024024024024,2.2369155891859178e-08,-0.9999999999999954,1.5741797809720737e-08,0.0,6.283185307179586,0.0
22.43243243243243,2.4924781667299418e-08,-0.9999999999999954,1.1266702348855517e-08,0.0,6.283185307179586,0.0
22.46246246246246,2.659567120797372e-08,-0.9999999999999954,6.391681461881404e-09,0.0,6.283185307179586,0.0
22.49249249249249,2.732251427713465e-08,-0.9999999999999954,1.2897801160427491e-09,0.0,6.283185307179586,0.0
22.52252252252252,2.7079510671365028e-08,-0.9999999999999954,-3.8579036631958274e-09,0.0,6.283185307179586,0.0
22.55255255255255,2.5875286131860217e-08,-0.9999999999999954,-8.8686463173282e-09,0.0,6.283185307179586,0.0
22.58258258258258,2.375258606305303e-08,-0.9999999999999954,-1.3564585399361562e-08,0.0,6.283185307179586,0.0
22.61261261261261,2.0786758363602033e-08,-0.9999999999999954,-1.777903274602366e-08,0.0,6.283185307179586,0.0
22.64264264264264,1.7083078750454558e-08,-0.9999999999999954,-2.136239107830562e-08,0.0,6.283185307179586,0.0
22.67267267267267,1.2773013973082968e-08,-0.9999999999999954,-2.4187464697789096e-08,0.0,6.283185307179586,0.0
22.7027027027027,8.009555125455647e-09,-0.9999999999999954,-2.6153974208575903e-08,0.0,6.283185307179586,0.0
22.73273273273273,2.9617871337830826e-09,-0.9999999999999954,-2.719211594781612e-08,0.0,6.283185307179586,0.0
22.762762762762762,-2.191113182943375e-09,-0.9999999999999954,-2.7265039115320633e-08,0.0,6.283185307179586,0.0
22.792792792792792,-7.266237192078931e-09,-0.9999999999999954,-2.6370156336330552e-08,0.0,6.283185307179586,0.0
22.822822822822822,-1.208343708408325e-08,-0.9999999999999954,-2.453923181322537e-08,0.0,6.283185307179586,0.0
22.852852852852852,-1.6471720341228596e-08,-0.9999999999999954,-2.183725644755441e-08,0.0,6.283185307179586,0.0
22.882882882882882,-2.0275319341225228e-08,-0.9999999999999954,-1.8360140685569348e-08,0.0,6.283185307179586,0.0
22.912912912912912,-2.3359220661073175e-08,-0.9999999999999954,-1.4231308964607337e-08,0.0,6.283185307179586,0.0
22.942942942942942,-2.5613957343796826e-08,-0.9999999999999954,-9.597318939569277e-09,0.0,6.283185307179586,0.0
22.972972972972972,-2.695949466481701e-08,-0.9999999999999954,-4.6226601435606085e-09,0.0,6.283185307179586,0.0
23.003003003003002,-2.7348071179505943e-08,-0.9999999999999954,5.160853411290134e-10,0.0,6.283185307179586,0.0
23.033033033033032,-2.6765893855363895e-08,-0.9999999999999954,5.6365119793788665e-09,0.0,6.283185307179586,0.0
23.063063063063062,-2.5233627794815904e-08,-0.9999999999999954,1.0556863716537634e-08,0.0,6.283185307179586,0.0
23.093093093093092,-2.280566267110785e-08,-0.9999999999999954,1.5102486428109074e-08,0.0,6.283185307179586,0.0
23.123123123123122,-1.956818213912436e-08,-0.9999999999999954,1.9112027571654977e-08,0.0,6.283185307179586,0.0
23.153153153153152,-1.563610457573538e-08,-0.9999999999999954,2.244316343880115e-08,0.0,6.283185307179586,0.0
23.183183183183182,-1.1149003989080975e-08,-0.9999999999999954,2.4977651558177882e-08,0.0,6.283185307179586,0.0
23.213213213213212,-6.266155593513326e-09,-0.9999999999999954,2.6625526394763455e-08,0.0,6.283185307179586,0.0
23.243243243243242,-1.1608821854361138e-09,-0.9999999999999954,2.7328295126860525e-08,0.0,6.283185307179586,0.0
23.273273273273272,3.9855981470817045e-09,-0.9999999999999954,2.7061011875773033e-08,0.0,6.283185307179586,0.0
23.303303303303302,8.99060472239203e-09,-0.9999999999999954,2.5833164496447125e-08,0.0,6.283185307179586,0.0
23.333333333333332,1.367647860048197e-08,-0.9999999999999954,2.368833695864936e-08,0.0,6.283185307179586,0.0
23.363363363363362,1.787688885764334e-08,-0.9999999999999954,2.0702662029137286e-08,0.0,6.283185307179586,0.0
23.393393393393392,2.144273666715428e-08,-0.9999999999999954,1.698212043210745e-08,0.0,6.283185307179586,0.0
23.423423423423422,2.424744784398135e-08,-0.9999999999999954,1.2658777304164204e-08,0.0,6.283185307179586,0.0
23.453453453453452,2.619146561208623e-08,-0.9999999999999954,7.886094721687442e-09,0.0,6.283185307179586,0.0
23.483483483483482,2.7205784691092596e-08,-0.9999999999999954,2.8334860568968168e-09,0.0,6.283185307179586,0.0
23.513513513513512,2.72544006055631e-08,-0.9999999999999954,-2.3197009868525242e-09,0.0,6.283185307179586,0.0
23.543543543543542,2.633558762345861e-08,-0.9999999999999954,-7.390547229757516e-09,0.0,6.283185307179586,0.0
23.573573573573572,2.4481960137786205e-08,-0.9999999999999954,-1.2199057153328141e-08,0.0,6.283185307179586,0.0
23.603603603603602,2.1759314966161905e-08,-0.9999999999999954,-1.6574546179981553e-08,0.0,6.283185307179586,0.0
23.633633633633632,1.8264295782390608e-08,-0.9999999999999954,-2.0361701325022352e-08,0.0,6.283185307179586,0.0
23.663663663663662,1.4120962655521545e-08,-0.9999999999999954,-2.3426092232714524e-08,0.0,6.283185307179586,0.0
23.693693693693692,9.47638833370127e-09,-0.9999999999999954,-2.5658944802220418e-08,0.0,6.283185307179586,0.0
23.723723723723722,4.49543779251119e-09,-0.9999999999999954,-2.6981001544079675e-08,0.0,6.283185307179586,0.0
23.753753753753752,-6.450839348074149e-10,-0.9999999999999954,-2.7345333497574842e-08,0.0,6.283185307179586,0.0
23.783783783783782,-5.76270759055515e-09,-0.9999999999999954,-2.6739009062470842e-08,0.0,6.283185307179586,0.0
23.813813813813812,-1.0675776813346444e-08,-0.9999999999999954,-2.518355024516694e-08,0.0,6.283185307179586,0.0
23.843843843843842,-1.5209896045532953e-08,-0.9999999999999954,-2.2734169713434227e-08,0.0,6.283185307179586,0.0
23.873873873873872,-1.920412105226057e-08,-0.9999999999999954,-1.947781147482175e-08,0.0,6.283185307179586,0.0
23.903903903903903,-2.2516671871761178e-08,-0.9999999999999954,-1.5530064068070004e-08,0.0,6.283185307179586,0.0
23.933933933933933,-2.5029965326446298e-08,-0.9999999999999954,-1.1031057456367677e-08,0.0,6.283185307179586,0.0
23.963963963963963,-2.6654788940244898e-08,-0.9999999999999954,-6.140490005357435e-09,0.0,6.283185307179586,0.0
23.993993993993993,-2.7333467654468802e-08,-0.9999999999999954,-1.0319584631268697e-09,0.0,6.283185307179586,0.0
24.024024024024023,-2.704191091430318e-08,-0.9999999999999954,4.113203888600481e-09,0.0,6.283185307179586,0.0
24.054054054054053,-2.579046787523086e-08,-0.9999999999999954,9.112362975294275e-09,0.0,6.283185307179586,0.0
24.084084084084083,-2.3623560038175877e-08,-0.9999999999999954,1.3788067576570029e-08,0.0,6.283185307179586,0.0
24.114114114114113,-2.0618104502227695e-08,-0.9999999999999954,1.7974347565896664e-08,0.0,6.283185307179586,0.0
24.144144144144143,-1.6880783628755777e-08,-0.9999999999999954,2.1522605586632437e-08,0.0,6.283185307179586,0.0
24.174174174174173,-1.2544258309296963e-08,-0.9999999999999954,2.4306891832637234e-08,0.0,6.283185307179586,0.0
24.204204204204203,-7.762458914747096e-09,-0.9999999999999954,2.6228374694348133e-08,0.0,6.283185307179586,0.0
24.234234234234233,-2.705121349923151e-09,-0.9999999999999954,2.721884900802607e-08,0.0,6.283185307179586,0.0
24.264264264264263,2.448237871309231e-09,-0.9999999999999954,2.7243155953371456e-08,0.0,6.283185307179586,0.0
24.294294294294293,7.514693847830787e-09,-0.9999999999999954,2.6300433442205673e-08,0.0,6.283185307179586,0.0
24.324324324324323,1.231440643912127e-08,-0.9999999999999954,2.4424144262624736e-08,0.0,6.283185307179586,0.0
24.354354354354353,1.6677003823207034e-08,-0.9999999999999954,2.1680889195074826e-08,0.0,6.283185307179586,0.0
24.384384384384383,2.0447630151026726e-08,-0.9999999999999954,1.816804434673358e-08,0.0,6.283185307179586,0.0
24.414414414414413,2.3492442356115244e-08,-0.9999999999999954,1.4010301752076515e-08,0.0,6.283185307179586,0.0
24.444444444444443,2.570336098390758e-08,-0.9999999999999954,9.355246133324613e-09,0.0,6.283185307179586,0.0
24.474474474474473,2.7001906788635537e-08,-0.9999999999999954,4.368114758790398e-09,0.0,6.283185307179586,0.0
24.504504504504503,2.7341986305539448e-08,-0.9999999999999954,-7.740683094503709e-10,0.0,6.283185307179586,0.0
24.534534534534533,2.671152796802385e-08,-0.9999999999999954,-5.888775023166204e-09,0.0,6.283185307179586,0.0
24.564564564564563,2.5132910671488954e-08,-0.9999999999999954,-1.0794452220963535e-08,0.0,6.283185307179586,0.0
24.594594594594593,2.266216940542143e-08,-0.9999999999999954,-1.531696691703388e-08,0.0,6.283185307179586,0.0
24.624624624624623,1.9387006216880197e-08,-0.9999999999999954,-1.9295786912731927e-08,0.0,6.283185307179586,0.0
24.654654654654653,1.542367707105605e-08,-0.9999999999999954,-2.2589678849715966e-08,0.0,6.283185307179586,0.0
24.684684684684683,1.0912865291934418e-08,-0.9999999999999954,-2.5081721977127103e-08,0.0,6.283185307179586,0.0
24.714714714714713,6.0146877360008525e-09,-0.9999999999999954,-2.6683458331788756e-08,0.0,6.283185307179586,0.0
24.744744744744743,9.030113045485887e-10,-0.9999999999999954,-2.7338032115853395e-08,0.0,6.283185307179586,0.0
24.774774774774773,-1.0847117601353049e-14,-0.9879087179525212,-0.15503665693440977,6.283185307179586,0.0,0.0
24.804804804804803,-1.0847117601353049e-14,-0.941295485959378,-0.3375837793977807,6.283185307179586,0.0,0.0
24.834834834834833,-1.0847117601353049e-14,-0.8612697984813033,-0.5081479452127754,6.283185307179586,0.0,0.0
24.864864864864863,-1.0847117601353049e-14,-0.7506722669526403,-0.6606747669074199,6.283185307179586,0.0,0.0
24.894894894894893,-1.0847117601353049e-14,-0.6134286884839306,-0.7897501150014943,6.283185307179586,0.0,0.0
24.924924924924923,-1.0847117601353049e-14,-0.45441069480461405,-0.8907922992747386,6.283185307179586,0.0,0.0
24.954954954954953,-1.0847117601353049e-14,-0.27926282762807036,-0.9602147015668742,6.283185307179586,0.0,0.0
24.984984984984983,-1.0847117601353049e-14,-0.0942021786142604,-0.9955530872556784,6.283185307179586,0.0,0.0
25.015015015015013,-1.0847117601353049e-14,3.825397708998848e-08,-0.9999999999999918,0.0,0.0,0.0
25.045045045045043,-1.0847117601353049e-14,3.825397708998848e-08,-0.9999999999999918,0.0,0.0,0.0
25.075075075075073,-1.0847117601353049e-14,3.825397708998848e-08,-0.9999999999999918,0.0,0.0,0.0
25.105105105105103,-1.0847117601353049e-14,3.825397708998848e-08,-0.9999999999999918,0.0,0.0,0.0
25.135135135135133,-1.0847117601353049e-14,3.825397708998848e-08,-0.9999999999999918,0.0,0.0,0.0
25.165165165165163,-1.0847117601353049e-14,3.825397708998848e-08,-0.9999999999999918,0.0,0.0,0.0
25.195195195195193,-1.0847117601353049e-14,3.825397708998848e-08,-0.9999999999999918,0.0,0.0,0.0
25.225225225225223,-1.0847117601353049e-14,3.825397708998848e-08,-0.9999999999999918,0.0,0.0,0.0
25.255255255255253,-1.0847117601353049e-14,3.825397708998848e-08,-0.9999999999999918,0.0,0.0,0.0
25.285285285285283,-1.0847117601353049e-14,3.825397708998848e-08,-0.9999999999999918,0.0,0.0,0.0
25.315315315315313,-1.0847117601353049e-14,3.825397708998848e-08,-0.9999999999999918,0.0,0.0,0.0
25.345345345345343,-1.0847117601353049e-14,3.825397708998848e-08,-0.9999999999999918,0.0,0.0,0.0
25.375375375375373,-1.0847117601353049e-14,3.825397708998848e-08,-0.9999999999999918,0.0,0.0,0.0
25.405405405405403,-1.0847117601353049e-14,3.825397708998848e-08,-0.9999999999999918,0.0,0.0,0.0
25.435435435435434,-1.0847117601353049e-14,3.825397708998848e-08,-0.9999999999999918,0.0,0.0,0.0
25.465465465465464,-1.0847117601353049e-14,3.825397708998848e-08,-0.9999999999999918,0.0,0.0,0.0
25.495495495495494,-1.0847117601353049e-14,3.825397708998848e-08,-0.9999999999999918,0.0,0.0,0.0
25.525525525525524,-1.0847117601353049e-14,3.825397708998848e-08,-0.9999999999999918,0.0,0.0,0.0
25.555555555555554,-1.0847117601353049e-14,3.825397708998848e-08,-0.9999999999999918,0.0,0.0,0.0
25.585585585585584,-1.0847117601353049e-14,3.825397708998848e-08,-0.9999999999999918,0.0,0.0,0.0
25.615615615615614,-1.0847117601353049e-14,3.825397708998848e-08,-0.9999999999999918,0.0,0.0,0.0
25.645645645645647,-1.0847117601353049e-14,3.825397708998848e-08,-0.9999999999999918,0.0,0.0,0.0
25.675675675675677,-1.0847117601353049e-14,3.825397708998848e-08,-0.9999999999999918,0.0,0.0,0.0
25.705705705705707,-1.0847117601353049e-14,3.825397708998848e-08,-0.9999999999999918,0.0,0.0,0.0
25.735735735735737,-1.0847117601353049e-14,3.825397708998848e-08,-0.9999999999999918,0.0,0.0,0.0
25.765765765765767,-1.0847117601353049e-14,3.825397708998848e-08,-0.9999999999999918,0.0,0.0,0.0
25.795795795795797,-1.0847117601353049e-14,3.825397708998848e-08,-0.9999999999999918,0.0,0.0,0.0
25.825825825825827,-1.0847117601353049e-14,3.825397708998848e-08,-0.9999999999999918,0.0,0.0,0.0
25.855855855855857,-1.0847117601353049e-14,3.825397708998848e-08,-0.9999999999999918,0.0,0.0,0.0
25.885885885885887,-1.0847117601353049e-14,3.825397708998848e-08,-0.9999999999999918,0.0,0.0,0.0
25.915915915915917,-1.0847117601353049e-14,3.825397708998848e-08,-0.9999999999999918,0.0,0.0,0.0
25.945945945945947,-1.0847117601353049e-14,3.825397708998848e-08,-0.9999999999999918,0.0,0.0,0.0
25.975975975975977,-1.0847117601353049e-14,3.825397708998848e-08,-0.9999999999999918,0.0,0.0,0.0
26.006006006006007,-1.0847117601353049e-14,3.825397708998848e-08,-0.9999999999999918,0.0,0.0,0.0
26.036036036036037,-1.0847117601353049e-14,3.825397708998848e-08,-0.9999999999999918,0.0,0.0,0.0
26.066066066066067,-1.0847117601353049e-14,3.825397708998848e-08,-0.9999999999999918,0.0,0.0,0.0
26.096096096096097,-1.0847117601353049e-14,3.825397708998848e-08,-0.9999999999999918,0.0,0.0,0.0
26.126126126126128,-1.0847117601353049e-14,3.825397708998848e-08,-0.9999999999999918,0.0,0.0,0.0
26.156156156156158,-1.0847117601353049e-14,3.825397708998848e-08,-0.9999999999999918,0.0,0.0,0.0
26.186186186186188,-1.0847117601353049e-14,3.825397708998848e-08,-0.9999999999999918,0.0,0.0,0.0
26.216216216216218,-1.0847117601353049e-14,3.825397708998848e-08,-0.9999999999999918,0.0,0.0,0.0
26.246246246246248,-1.0847117601353049e-14,3.825397708998848e-08,-0.9999999999999918,0.0,0.0,0.0
26.276276276276278,-1.0847117601353049e-14,3.825397708998848e-08,-0.9999999999999918,0.0,0.0,0.0
26.306306306306308,-1.0847117601353049e-14,3.825397708998848e-08,-0.9999999999999918,0.0,0.0,0.0
26.336336336336338,-1.0847117601353049e-14,3.825397708998848e-08,-0.9999999999999918,0.0,0.0,0.0
26.366366366366368,-1.0847117601353049e-14,3.825397708998848e-08,-0.9999999999999918,0.0,0.0,0.0
26.396396396396398,-1.0847117601353049e-14,3.825397708998848e-08,-0.9999999999999918,0.0,0.0,0.0
26.426426426426428,-1.0847117601353049e-14,3.825397708998848e-08,-0.9999999999999918,0.0,0.0,0.0
26.456456456456458,-1.0847117601353049e-14,3.825397708998848e-08,-0.9999999999999918,0.0,0.0,0.0
26.486486486486488,-1.0847117601353049e-14,3.825397708998848e-08,-0.9999999999999918,0.0,0.0,0.0
26.516516516516518,-1.0847117601353049e-14,3.825397708998848e-08,-0.9999999999999918,0.0,0.0,0.0
26.546546546546548,-1.0847117601353049e-14,3.825397708998848e-08,-0.9999999999999918,0.0,0.0,0.0
26.576576576576578,-1.0847117601353049e-14,3.825397708998848e-08,-0.9999999999999918,0.0,0.0,0.0
26.606606606606608,-1.0847117601353049e-14,3.825397708998848e-08,-0.9999999999999918,0.0,0.0,0.0
26.636636636636638,-1.0847117601353049e-14,3.825397708998848e-08,-0.9999999999999918,0.0,0.0,0.0
26.666666666666668,-1.0847117601353049e-14,3.825397708998848e-08,-0.9999999999999918,0.0,0.0,0.0
26.696696696696698,-1.0847117601353049e-14,3.825397708998848e-08,-0.9999999999999918,0.0,0.0,0.0
26.726726726726728,-1.0847117601353049e-14,3.825397708998848e-08,-0.9999999999999918,0.0,0.0,0.0
26.756756756756758,-1.0847117601353049e-14,3.825397708998848e-08,-0.9999999999999918,0.0,0.0,0.0
26.786786786786788,-1.0847117601353049e-14,3.825397708998848e-08,-0.9999999999999918,0.0,0.0,0.0
26.816816816816818,-1.0847117601353049e-14,3.825397708998848e-08,-0.9999999999999918,0.0,0.0,0.0
26.846846846846848,-1.0847117601353049e-14,3.825397708998848e-08,-0.9999999999999918,0.0,0.0,0.0
26.876876876876878,-1.0847117601353049e-14,3.825397708998848e-08,-0.9999999999999918,0.0,0.0,0.0
26.906906906906908,-1.0847117601353049e-14,3.825397708998848e-08,-0.9999999999999918,0.0,0.0,0.0
26.936936936936938,-1.0847117601353049e-14,3.825397708998848e-08,-0.9999999999999918,0.0,0.0,0.0
26.966966966966968,-1.0847117601353049e-14,3.825397708998848e-08,-0.9999999999999918,0.0,0.0,0.0
26.996996996996998,-1.0847117601353049e-14,3.825397708998848e-08,-0.9999999999999918,0.0,0.0,0.0
27.027027027027028,-1.0847117601353049e-14,3.825397708998848e-08,-0.9999999999999918,0.0,0.0,0.0
27.057057057057058,-1.0847117601353049e-14,3.825397708998848e-08,-0.9999999999999918,0.0,0.0,0.0
27.087087087087088,-1.0847117601353049e-14,3.825397708998848e-08,-0.9999999999999918,0.0,0.0,0.0
27.117117117117118,-1.0847117601353049e-14,3.825397708998848e-08,-0.9999999999999918,0.0,0.0,0.0
27.147147147147148,-1.0847117601353049e-14,3.825397708998848e-08,-0.9999999999999918,0.0,0.0,0.0
27.177177177177178,-1.0847117601353049e-14,3.825397708998848e-08,-0.9999999999999918,0.0,0.0,0.0
27.207207207207208,-1.0847117601353049e-14,3.825397708998848e-08,-0.9999999999999918,0.0,0.0,0.0
27.237237237237238,-1.0847117601353049e-14,3.825397708998848e-08,-0.9999999999999918,0.0,0.0,0.0
27.26726726726727,-1.0847117601353049e-14,3.825397708998848e-08,-0.9999999999999918,0.0,0.0,0.0
27.2972972972973,-1.0847117601353049e-14,3.825397708998848e-08,-0.9999999999999918,0.0,0.0,0.0
27.32732732732733,-1.0847117601353049e-14,3.825397708998848e-08,-0.9999999999999918,0.0,0.0,0.0
27.35735735735736,-1.0847117601353049e-14,3.825397708998848e-08,-0.9999999999999918,0.0,0.0,0.0
27.38738738738739,-1.0847117601353049e-14,3.825397708998848e-08,-0.9999999999999918,0.0,0.0,0.0
27.41741741741742,-1.0847117601353049e-14,3.825397708998848e-08,-0.9999999999999918,0.0,0.0,0.0
27.44744744744745,-1.0847117601353049e-14,3.825397708998848e-08,-0.9999999999999918,0.0,0.0,0.0
27.47747747747748,-1.0847117601353049e-14,3.825397708998848e-08,-0.9999999999999918,0.0,0.0,0.0
27.50750750750751,-1.0847117601353049e-14,3.825397708998848e-08,-0.9999999999999918,0.0,0.0,0.0
27.53753753753754,-1.0847117601353049e-14,3.825397708998848e-08,-0.9999999999999918,0.0,0.0,0.0
27.56756756756757,-1.0847117601353049e-14,3.825397708998848e-08,-0.9999999999999918,0.0,0.0,0.0
27.5975975975976,-1.0847117601353049e-14,3.825397708998848e-08,-0.9999999999999918,0.0,0.0,0.0
27.62762762762763,-1.0847117601353049e-14,3.825397708998848e-08,-0.9999999999999918,0.0,0.0,0.0
27.65765765765766,-1.0847117601353049e-14,3.825397708998848e-08,-0.9999999999999918,0.0,0.0,0.0
27.68768768768769,-1.0847117601353049e-14,3.825397708998848e-08,-0.9999999999999918,0.0,0.0,0.0
27.71771771771772,-1.0847117601353049e-14,3.825397708998848e-08,-0.9999999999999918,0.0,0.0,0.0
27.74774774774775,-1.0847117601353049e-14,3.825397708998848e-08,-0.9999999999999918,0.0,0.0,0.0
27.77777777777778,-1.0847117601353049e-14,3.825397708998848e-08,-0.9999999999999918,0.0,0.0,0.0
27.80780780780781,-1.0847117601353049e-14,3.825397708998848e-08,-0.9999999999999918,0.0,0.0,0.0
27.83783783783784,-1.0847117601353049e-14,3.825397708998848e-08,-0.9999999999999918,0.0,0.0,0.0
27.86786786786787,-1.0847117601353049e-14,3.825397708998848e-08,-0.9999999999999918,0.0,0.0,0.0
27.8978978978979,-1.0847117601353049e-14,3.825397708998848e-08,-0.9999999999999918,0.0,0.0,0.0
27.92792792792793,-1.0847117601353049e-14,3.825397708998848e-08,-0.9999999999999918,0.0,0.0,0.0
27.95795795795796,-1.0847117601353049e-14,3.825397708998848e-08,-0.9999999999999918,0.0,0.0,0.0
27.98798798798799,-1.0847117601353049e-14,3.825397708998848e-08,-0.9999999999999918,0.0,0.0,0.0
28.01801801801802,-1.0847117601353049e-14,3.825397708998848e-08,-0.9999999999999918,0.0,0.0,0.0
28.04804804804805,-1.0847117601353049e-14,3.825397708998848e-08,-0.9999999999999918,0.0,0.0,0.0
28.07807807807808,-1.0847117601353049e-14,3.825397708998848e-08,-0.9999999999999918,0.0,0.0,0.0
28.10810810810811,-1.0847117601353049e-14,3.825397708998848e-08,-0.9999999999999918,0.0,0.0,0.0
28.13813813813814,-1.0847117601353049e-14,3.825397708998848e-08,-0.9999999999999918,0.0,0.0,0.0
28.16816816816817,-1.0847117601353049e-14,3.825397708998848e-08,-0.9999999999999918,0.0,0.0,0.0
28.1981981981982,-1.0847117601353049e-14,3.825397708998848e-08,-0.9999999999999918,0.0,0.0,0.0
28.22822822822823,-1.0847117601353049e-14,3.825397708998848e-08,-0.9999999999999918,0.0,0.0,0.0
28.25825825825826,-1.0847117601353049e-14,3.825397708998848e-08,-0.9999999999999918,0.0,0.0,0.0
28.28828828828829,-1.0847117601353049e-14,3.825397708998848e-08,-0.9999999999999918,0.0,0.0,0.0
28.31831831831832,-1.0847117601353049e-14,3.825397708998848e-08,-0.9999999999999918,0.0,0.0,0.0
28.34834834834835,-1.0847117601353049e-14,3.825397708998848e-08,-0.9999999999999918,0.0,0.0,0.0
28.37837837837838,-1.0847117601353049e-14,3.825397708998848e-08,-0.9999999999999918,0.0,0.0,0.0
28.40840840840841,-1.0847117601353049e-14,3.825397708998848e-08,-0.9999999999999918,0.0,0.0,0.0
28.43843843843844,-1.0847117601353049e-14,3.825397708998848e-08,-0.9999999999999918,0.0,0.0,0.0
28.46846846846847,-1.0847117601353049e-14,3.825397708998848e-08,-0.9999999999999918,0.0,0.0,0.0
28.4984984984985,-1.0847117601353049e-14,3.825397708998848e-08,-0.9999999999999918,0.0,0.0,0.0
28.52852852852853,-1.0847117601353049e-14,3.825397708998848e-08,-0.9999999999999918,0.0,0.0,0.0
28.55855855855856,-1.0847117601353049e-14,3.825397708998848e-08,-0.9999999999999918,0.0,0.0,0.0
28.58858858858859,-1.0847117601353049e-14,3.825397708998848e-08,-0.9999999999999918,0.0,0.0,0.0
28.61861861861862,-1.0847117601353049e-14,3.825397708998848e-08,-0.9999999999999918,0.0,0.0,0.0
28.64864864864865,-1.0847117601353049e-14,3.825397708998848e-08,-0.9999999999999918,0.0,0.0,0.0
28.67867867867868,-1.0847117601353049e-14,3.825397708998848e-08,-0.9999999999999918,0.0,0.0,0.0
28.70870870870871,-1.0847117601353049e-14,3.825397708998848e-08,-0.9999999999999918,0.0,0.0,0.0
28.73873873873874,-1.0847117601353049e-14,3.825397708998848e-08,-0.9999999999999918,0.0,0.0,0.0
28.76876876876877,-1.0847117601353049e-14,3.825397708998848e-08,-0.9999999999999918,0.0,0.0,0.0
28.7987987987988,-1.0847117601353049e-14,3.825397708998848e-08,-0.9999999999999918,0.0,0.0,0.0
28.82882882882883,-1.0847117601353049e-14,3.825397708998848e-08,-0.9999999999999918,0.0,0.0,0.0
28.85885885885886,-1.0847117601353049e-14,3.825397708998848e-08,-0.9999999999999918,0.0,0.0,0.0
28.88888888888889,-1.0847117601353049e-14,3.825397708998848e-08,-0.9999999999999918,0.0,0.0,0.0
28.91891891891892,-1.0847117601353049e-14,3.825397708998848e-08,-0.9999999999999918,0.0,0.0,0.0
28.94894894894895,-1.0847117601353049e-14,3.825397708998848e-08,-0.9999999999999918,0.0,0.0,0.0
28.97897897897898,-1.0847117601353049e-14,3.825397708998848e-08,-0.9999999999999918,0.0,0.0,0.0
29.00900900900901,-1.0847117601353049e-14,3.825397708998848e-08,-0.9999999999999918,0.0,0.0,0.0
29.03903903903904,-1.0847117601353049e-14,3.825397708998848e-08,-0.9999999999999918,0.0,0.0,0.0
29.06906906906907,-1.0847117601353049e-14,3.825397708998848e-08,-0.9999999999999918,0.0,0.0,0.0
29.0990990990991,-1.0847117601353049e-14,3.825397708998848e-08,-0.9999999999999918,0.0,0.0,0.0
29.12912912912913,-1.0847117601353049e-14,3.825397708998848e-08,-0.9999999999999918,0.0,0.0,0.0
29.15915915915916,-1.0847117601353049e-14,3.825397708998848e-08,-0.9999999999999918,0.0,0.0,0.0
29.18918918918919,-1.0847117601353049e-14,3.825397708998848e-08,-0.9999999999999918,0.0,0.0,0.0
29.21921921921922,-1.0847117601353049e-14,3.825397708998848e-08,-0.9999999999999918,0.0,0.0,0.0
29.24924924924925,-1.0847117601353049e-14,3.825397708998848e-08,-0.9999999999999918,0.0,0.0,0.0
29.27927927927928,-1.0847117601353049e-14,3.825397708998848e-08,-0.9999999999999918,0.0,0.0,0.0
29.30930930930931,-1.0847117601353049e-14,3.825397708998848e-08,-0.9999999999999918,0.0,0.0,0.0
29.33933933933934,-1.0847117601353049e-14,3.825397708998848e-08,-0.9999999999999918,0.0,0.0,0.0
29.36936936936937,-1.0847117601353049e-14,3.825397708998848e-08,-0.9999999999999918,0.0,0.0,0.0
29.3993993993994,-1.0847117601353049e-14,3.825397708998848e-08,-0.9999999999999918,0.0,0.0,0.0
29.42942942942943,-1.0847117601353049e-14,3.825397708998848e-08,-0.9999999999999918,0.0,0.0,0.0
29.45945945945946,-1.0847117601353049e-14,3.825397708998848e-08,-0.9999999999999918,0.0,0.0,0.0
29.48948948948949,-1.0847117601353049e-14,3.825397708998848e-08,-0.9999999999999918,0.0,0.0,0.0
29.51951951951952,-1.0847117601353049e-14,3.825397708998848e-08,-0.9999999999999918,0.0,0.0,0.0
29.54954954954955,-1.0847117601353049e-14,3.825397708998848e-08,-0.9999999999999918,0.0,0.0,0.0
29.57957957957958,-1.0847117601353049e-14,3.825397708998848e-08,-0.9999999999999918,0.0,0.0,0.0
29.60960960960961,-1.0847117601353049e-14,3.825397708998848e-08,-0.9999999999999918,0.0,0.0,0.0
29.63963963963964,-1.0847117601353049e-14,3.825397708998848e-08,-0.9999999999999918,0.0,0.0,0.0
29.66966966966967,-1.0847117601353049e-14,3.825397708998848e-08,-0.9999999999999918,0.0,0.0,0.0
29.6996996996997,-1.0847117601353049e-14,3.825397708998848e-08,-0.9999999999999918,0.0,0.0,0.0
29.72972972972973,-1.0847117601353049e-14,3.825397708998848e-08,-0.9999999999999918,0.0,0.0,0.0
29.75975975975976,-1.0847117601353049e-14,3.825397708998848e-08,-0.9999999999999918,0.0,0.0,0.0
29.78978978978979,-1.0847117601353049e-14,3.825397708998848e-08,-0.9999999999999918,0.0,0.0,0.0
29.81981981981982,-1.0847117601353049e-14,3.825397708998848e-08,-0.9999999999999918,0.0,0.0,0.0
29.84984984984985,-1.0847117601353049e-14,3.825397708998848e-08,-0.9999999999999918,0.0,0.0,0.0
29.87987987987988,-1.0847117601353049e-14,3.825397708998848e-08,-0.9999999999999918,0.0,0.0,0.0
29.90990990990991,-1.0847117601353049e-14,3.825397708998848e-08,-0.9999999999999918,0.0,0.0,0.0
29.93993993993994,-1.0847117601353049e-14,3.825397708998848e-08,-0.9999999999999918,0.0,0.0,0.0
29.96996996996997,-1.0847117601353049e-14,3.825397708998848e-08,-0.9999999999999918,0.0,0.0,0.0
30.0,-1.0847117601353049e-14,3.825397708998848e-08,-0.9999999999999918,0.0,0.0,0.0
