Time,Sx,Sy,Sz,Hx,Hy,Hz
0.0,0.0,0.0,1.0,0.0,0.0,0.37699111843077515
0.04504504504504504,0.002387061104969849,-0.2792493702663396,0.9602156482505023,6.283185307179586,0.0,0.37699111843077515
0.09009009009009009,0.009357625930697642,-0.5361992566092255,0.8440395678217057,6.283185307179586,0.0,0.37699111843077515
0.13513513513513514,0.020355058894478476,-0.7503308645040017,0.6607490184253586,6.283185307179586,0.0,0.37699111843077515
0.18018018018018017,0.03450115820648635,-0.9045446797339559,0.4249806965585607,6.283185307179586,0.0,0.37699111843077515
0.2252252252252252,0.0506662848158831,-0.9865259331164193,0.155561919735281,6.283185307179586,0.0,0.37699111843077515
0.2702702702702703,0.06757979763107179,-0.9977135733465792,0.000772341980986524,0.0,0.0,0.37699111843077515
0.3153153153153153,0.08451199420561453,-0.9964221627017567,0.000772341980986524,0.0,0.0,0.37699111843077515
0.36036036036036034,0.10141982029350288,-0.9948434165935305,0.000772341980986524,0.0,0.0,0.37699111843077515
0.4054054054054054,0.11829840023236604,-0.992977790280487,0.000772341980986524,0.0,0.0,0.37699111843077515
0.4504504504504504,0.1351428667934632,-0.990825821748051,0.000772341980986524,0.0,0.0,0.37699111843077515
0.4954954954954955,0.15194836258523264,-0.9883881315533505,0.000772341980986524,0.0,0.0,0.37699111843077515
0.5405405405405406,0.16871004145400365,-0.9856654226462673,0.000772341980986524,0.0,0.0,0.37699111843077515
0.5855855855855856,0.18542306988146923,-0.9826584801667306,0.000772341980986524,0.0,0.0,0.37699111843077515
0.6306306306306306,0.2020826283785132,-0.9793681712183055,0.000772341980986524,0.0,0.0,0.37699111843077515
0.6756756756756757,0.21868391287499356,-0.9757954446181525,0.000772341980986524,0.0,0.0,0.37699111843077515
0.7207207207207207,0.23522213610507803,-0.9719413306234177,0.000772341980986524,0.0,0.0,0.37699111843077515
0.7657657657657657,0.251692528987735,-0.9678069406341399,0.000772341980986524,0.0,0.0,0.37699111843077515
0.8108108108108107,0.2680903420019797,-0.9633934668727608,0.000772341980986524,0.0,0.0,0.37699111843077515
0.8558558558558558,0.28441084655648025,-0.9587021820403259,0.000772341980986524,0.0,0.0,0.37699111843077515
0.9009009009009008,0.30064933635312896,-0.95373443894948,0.000772341980986524,0.0,0.0,0.37699111843077515
0.9459459459459459,0.3168011287441833,-0.9484916701343598,0.000772341980986524,0.0,0.0,0.37699111843077515
0.990990990990991,0.33286156608258843,-0.9429753874374998,0.000772341980986524,0.0,0.0,0.37699111843077515
1.036036036036036,0.3488260170650894,-0.9371871815738639,0.000772341980986524,0.0,0.0,0.37699111843077515
1.0810810810810811,0.36468987806774844,-0.9311287216721365,0.000772341980986524,0.0,0.0,0.37699111843077515
1.1261261261261262,0.38044857447347663,-0.9248017547934018,0.000772341980986524,0.0,0.0,0.37699111843077515
1.1711711711711712,0.3960975619912059,-0.9182081054273474,0.000772341980986524,0.0,0.0,0.37699111843077515
1.2162162162162162,0.41163232796631194,-0.9113496749661409,0.000772341980986524,0.0,0.0,0.37699111843077515
1.2612612612612613,0.4270483926819162,-0.9042284411561319,0.000772341980986524,0.0,0.0,0.37699111843077515
1.3063063063063063,0.4423413106506894,-0.8968464575275339,0.000772341980986524,0.0,0.0,0.37699111843077515
1.3513513513513513,0.4575066718967844,-0.8892058528022548,0.000772341980986524,0.0,0.0,0.37699111843077515
1.3963963963963963,0.4725401032275275,-0.8813088302800414,0.000772341980986524,0.0,0.0,0.37699111843077515
1.4414414414414414,0.4874372694945054,-0.8731576672031218,0.000772341980986524,0.0,0.0,0.37699111843077515
1.4864864864864864,0.5021938748436785,-0.8647547140995235,0.000772341980986524,0.0,0.0,0.37699111843077515
1.5315315315315314,0.5168056639541645,-0.8561023941052559,0.000772341980986524,0.0,0.0,0.37699111843077515
1.5765765765765765,0.5312684232653346,-0.8472032022655613,0.000772341980986524,0.0,0.0,0.37699111843077515
1.6216216216216215,0.5455779821918636,-0.8380597048154212,0.000772341980986524,0.0,0.0,0.37699111843077515
1.6666666666666665,0.5597302143263918,-0.8286745384395418,0.000772341980986524,0.0,0.0,0.37699111843077515
1.7117117117117115,0.5737210386294458,-0.8190504095120188,0.000772341980986524,0.0,0.0,0.37699111843077515
1.7567567567567566,0.5875464206062755,-0.8091900933159086,0.000772341980986524,0.0,0.0,0.37699111843077515
1.8018018018018016,0.6012023734702701,-0.799096433242928,0.000772341980986524,0.0,0.0,0.37699111843077515
1.8468468468468469,0.614684959292616,-0.7887723399735123,0.000772341980986524,0.0,0.0,0.37699111843077515
1.8918918918918919,0.6279902901378682,-0.7782207906374712,0.000772341980986524,0.0,0.0,0.37699111843077515
1.936936936936937,0.6411145291851013,-0.7674448279554831,0.000772341980986524,0.0,0.0,0.37699111843077515
1.981981981981982,0.6540538918343233,-0.7564475593616715,0.000772341980986524,0.0,0.0,0.37699111843077515
2.0270270270270268,0.6668046467978315,-0.7452321561075268,0.000772341980986524,0.0,0.0,0.37699111843077515
2.072072072072072,0.6793631171761918,-0.7338018523474179,0.000772341980986524,0.0,0.0,0.37699111843077515
2.117117117117117,0.6917256815185369,-0.7221599442059703,0.000772341980986524,0.0,0.0,0.37699111843077515
2.1621621621621623,0.7038887748668716,-0.7103097888275709,0.000772341980986524,0.0,0.0,0.37699111843077515
2.2072072072072073,0.7158488897840938,-0.6982548034082792,0.000772341980986524,0.0,0.0,0.37699111843077515
2.2522522522522523,0.7276025773654213,-0.6859984642104164,0.000772341980986524,0.0,0.0,0.37699111843077515
2.2972972972972974,0.7391464482329433,-0.6735443055601305,0.000772341980986524,0.0,0.0,0.37699111843077515
2.3423423423423424,0.7504771735130065,-0.6608959188282084,0.000772341980986524,0.0,0.0,0.37699111843077515
2.3873873873873874,0.7615914857961521,-0.648056951394445,0.000772341980986524,0.0,0.0,0.37699111843077515
2.4324324324324325,0.7724861800793306,-0.6350311055958571,0.000772341980986524,0.0,0.0,0.37699111843077515
2.4774774774774775,0.7831581146901186,-0.6218221376590507,0.000772341980986524,0.0,0.0,0.37699111843077515
2.5225225225225225,0.793604212192675,-0.6084338566170495,0.000772341980986524,0.0,0.0,0.37699111843077515
2.5675675675675675,0.8038214602751707,-0.5948701232108942,0.000772341980986524,0.0,0.0,0.37699111843077515
2.6126126126126126,0.8138069126184431,-0.5811348487763317,0.000772341980986524,0.0,0.0,0.37699111843077515
2.6576576576576576,0.8235576897456162,-0.5672319941159136,0.000772341980986524,0.0,0.0,0.37699111843077515
2.7027027027027026,0.8330709798524469,-0.5531655683568311,0.000772341980986524,0.0,0.0,0.37699111843077515
2.7477477477477477,0.8423440396181594,-0.5389396277948142,0.000772341980986524,0.0,0.0,0.37699111843077515
2.7927927927927927,0.8211948693127423,-0.5247202590065816,-0.22429363879183084,0.0,6.283185307179586,0.37699111843077515
2.8378378378378377,0.7345643517620951,-0.5114214193908014,-0.4459409657214911,0.0,6.283185307179586,0.37699111843077515
2.8828828828828827,0.5892750789742567,-0.5001050614172041,-0.6345469319481118,0.0,6.283185307179586,0.37699111843077515
2.9279279279279278,0.3969291493502832,-0.4916748546839084,-0.7750503775030372,0.0,6.283185307179586,0.37699111843077515
2.972972972972973,0.17288637824143255,-0.4868039947144669,-0.8562313769937306,0.0,6.283185307179586,0.37699111843077515
3.018018018018018,-0.06496226259248891,-0.4858814448203395,-0.8716072085625184,0.0,6.283185307179586,0.37699111843077515
3.063063063063063,-0.2976233314295852,-0.4889808753726844,-0.8199500326901017,0.0,6.283185307179586,0.37699111843077515
3.108108108108108,-0.5065176409496434,-0.495854780842941,-0.7053849415191582,0.0,6.283185307179586,0.37699111843077515
3.153153153153153,-0.6749639022455922,-0.5059542443968847,-0.5370605489534286,0.0,6.283185307179586,0.37699111843077515
3.198198198198198,-0.7895108118499053,-0.5184727717372952,-0.3284184266132567,0.0,6.283185307179586,0.37699111843077515
3.243243243243243,-0.8410112077507886,-0.5324106938366324,-0.09611972495763543,0.0,6.283185307179586,0.37699111843077515
3.288288288288288,-0.8351708556817242,-0.5466674461231009,-0.060368412013892925,0.0,0.0,0.37699111843077515
3.333333333333333,-0.8257676058986971,-0.5607704663043793,-0.060368412013892925,0.0,0.0,0.37699111843077515
3.378378378378378,-0.8161262318280074,-0.5747117786796394,-0.060368412013892925,0.0,0.0,0.37699111843077515
3.423423423423423,-0.8062495137256446,-0.5884873630317458,-0.060368412013892925,0.0,0.0,0.37699111843077515
3.468468468468468,-0.7961402997130975,-0.6020932469340903,-0.060368412013892925,0.0,0.0,0.37699111843077515
3.513513513513513,-0.7858015049560471,-0.6155255068961044,-0.060368412013892925,0.0,0.0,0.37699111843077515
3.558558558558558,-0.7752361108237306,-0.6287802694946714,-0.060368412013892925,0.0,0.0,0.37699111843077515
3.603603603603603,-0.7644471640292101,-0.6418537124910882,-0.060368412013892925,0.0,0.0,0.37699111843077515
3.6486486486486487,-0.7534377757508025,-0.6547420659332783,-0.060368412013892925,0.0,0.0,0.37699111843077515
3.6936936936936937,-0.7422111207349169,-0.6674416132429213,-0.060368412013892925,0.0,0.0,0.37699111843077515
3.7387387387387387,-0.7307704363805618,-0.6799486922871891,-0.060368412013892925,0.0,0.0,0.37699111843077515
3.7837837837837838,-0.7191190218057847,-0.6922596964347896,-0.060368412013892925,0.0,0.0,0.37699111843077515
3.828828828828829,-0.7072602368963168,-0.7043710755959967,-0.060368412013892925,0.0,0.0,0.37699111843077515
3.873873873873874,-0.69519750133669,-0.7162793372463832,-0.060368412013892925,0.0,0.0,0.37699111843077515
3.918918918918919,-0.6829342936241136,-0.7279810474339482,-0.060368412013892925,0.0,0.0,0.37699111843077515
3.963963963963964,-0.6704741500653888,-0.7394728317693555,-0.060368412013892925,0.0,0.0,0.37699111843077515
4.0090090090090085,-0.6578206637571546,-0.7507513763989996,-0.060368412013892925,0.0,0.0,0.37699111843077515
4.0540540540540535,-0.6449774835497553,-0.7618134289606091,-0.060368412013892925,0.0,0.0,0.37699111843077515
4.0990990990990985,-0.6319483129950333,-0.7726557995211238,-0.060368412013892925,0.0,0.0,0.37699111843077515
4.144144144144144,-0.6187369092783458,-0.7832753614965657,-0.060368412013892925,0.0,0.0,0.37699111843077515
4.189189189189189,-0.605347082135116,-0.7936690525536428,-0.060368412013892925,0.0,0.0,0.37699111843077515
4.234234234234234,-0.5917826927522287,-0.8038338754928269,-0.060368412013892925,0.0,0.0,0.37699111843077515
4.279279279279279,-0.5780476526545928,-0.813766899112646,-0.060368412013892925,0.0,0.0,0.37699111843077515
4.324324324324325,-0.5641459225771848,-0.8234652590549484,-0.060368412013892925,0.0,0.0,0.37699111843077515
4.36936936936937,-0.5500815113229038,-0.8329261586308873,-0.060368412013892925,0.0,0.0,0.37699111843077515
4.414414414414415,-0.5358584746065626,-0.842146869627397,-0.060368412013892925,0.0,0.0,0.37699111843077515
4.45945945945946,-0.5214809138853532,-0.8511247330939178,-0.060368412013892925,0.0,0.0,0.37699111843077515
4.504504504504505,-0.5069529751761223,-0.859857160109151,-0.060368412013892925,0.0,0.0,0.37699111843077515
4.54954954954955,-0.49227884785979387,-0.8683416325276191,-0.060368412013892925,0.0,0.0,0.37699111843077515
4.594594594594595,-0.4774627634732916,-0.8765757037058146,-0.060368412013892925,0.0,0.0,0.37699111843077515
4.63963963963964,-0.46250899448930055,-0.8845569992077348,-0.060368412013892925,0.0,0.0,0.37699111843077515
4.684684684684685,-0.44742185308422683,-0.8922832174895888,-0.060368412013892925,0.0,0.0,0.37699111843077515
4.72972972972973,-0.4322056898947074,-0.8997521305634882,-0.060368412013892925,0.0,0.0,0.37699111843077515
4.774774774774775,-0.41686489276302957,-0.9069615846399253,-0.060368412013892925,0.0,0.0,0.37699111843077515
4.81981981981982,-0.4014038854718208,-0.9139095007488555,-0.060368412013892925,0.0,0.0,0.37699111843077515
4.864864864864865,-0.38582712646837425,-0.9205938753392038,-0.060368412013892925,0.0,0.0,0.37699111843077515
4.90990990990991,-0.37013910757898066,-0.9270127808566243,-0.060368412013892925,0.0,0.0,0.37699111843077515
4.954954954954955,-0.35434435271363107,-0.9331643662993426,-0.060368412013892925,0.0,0.0,0.37699111843077515
5.0,-0.3384474165614707,-0.9390468577519239,-0.060368412013892925,0.0,0.0,0.37699111843077515
5.045045045045045,-0.32245288327737626,-0.9446585588968124,-0.060368412013892925,0.0,0.0,0.37699111843077515
5.09009009009009,-0.30636536516003515,-0.9499978515034939,-0.060368412013892925,0.0,0.0,0.37699111843077515
5.135135135135135,-0.29018950132190974,-0.9550631958951392,-0.060368412013892925,0.0,0.0,0.37699111843077515
5.18018018018018,-0.2739299563514709,-0.9598531313925989,-0.060368412013892925,0.0,0.0,0.37699111843077515
5.225225225225225,-0.25759141896808224,-0.9643662767356117,-0.060368412013892925,0.0,0.0,0.37699111843077515
5.27027027027027,-0.24117860066992813,-0.9686013304811179,-0.060368412013892925,0.0,0.0,0.37699111843077515
5.315315315315315,-0.224696234375372,-0.9725570713785512,-0.060368412013892925,0.0,0.0,0.37699111843077515
5.36036036036036,-0.20814907305813762,-0.9762323587220075,-0.060368412013892925,0.0,0.0,0.37699111843077515
5.405405405405405,-0.19154188837670785,-0.9796261326791874,-0.060368412013892925,0.0,0.0,0.37699111843077515
5.45045045045045,-0.17487946929833464,-0.9827374145970165,-0.060368412013892925,0.0,0.0,0.37699111843077515
5.495495495495495,-0.15816662071805798,-0.985565307283858,-0.060368412013892925,0.0,0.0,0.37699111843077515
5.54054054054054,-0.14140816207313187,-0.9881089952682317,-0.060368412013892925,0.0,0.0,0.37699111843077515
5.585585585585585,-0.12460892595325654,-0.9903677450339703,-0.060368412013892925,0.0,0.0,0.37699111843077515
5.63063063063063,-0.10777375670701848,-0.9923409052317413,-0.060368412013892925,0.0,0.0,0.37699111843077515
5.675675675675675,-0.09090750904493884,-0.9940279068668745,-0.060368412013892925,0.0,0.0,0.37699111843077515
5.7207207207207205,-0.07401504663953454,-0.995428263463442,-0.060368412013892925,0.0,0.0,0.37699111843077515
5.7657657657657655,-0.05710124072279421,-0.9965415712045399,-0.060368412013892925,0.0,0.0,0.37699111843077515
5.8108108108108105,-0.04017096868147525,-0.9973675090487396,-0.060368412013892925,0.0,0.0,0.37699111843077515
5.8558558558558556,-0.023229112650624995,-0.9979058388226619,-0.060368412013892925,0.0,0.0,0.37699111843077515
5.900900900900901,-0.006280558105733445,-0.9981564052896605,-0.060368412013892925,0.0,0.0,0.37699111843077515
5.945945945945946,0.01066980754607774,-0.9981191361945858,-0.060368412013892925,0.0,0.0,0.37699111843077515
5.990990990990991,0.02761709637542307,-0.9977940422846227,-0.060368412013892925,0.0,0.0,0.37699111843077515
6.036036036036036,0.044556421340171716,-0.9971812173061889,-0.060368412013892925,0.0,0.0,0.37699111843077515
6.081081081081081,0.06148289769471013,-0.9962808379779051,-0.060368412013892925,0.0,0.0,0.37699111843077515
6.126126126126126,0.07839164439854242,-0.995093163939632,-0.060368412013892925,0.0,0.0,0.37699111843077515
6.171171171171171,0.09527778552382239,-0.9936185376775994,-0.060368412013892925,0.0,0.0,0.37699111843077515
6.216216216216216,0.11213645166141105,-0.9918573844256453,-0.060368412013892925,0.0,0.0,0.37699111843077515
6.261261261261261,0.12896278132505465,-0.989810212042592,-0.060368412013892925,0.0,0.0,0.37699111843077515
6.306306306306306,0.14575192235327744,-0.9874776108657953,-0.060368412013892925,0.0,0.0,0.37699111843077515
6.351351351351351,0.1624990333085864,-0.9848602535409123,-0.060368412013892925,0.0,0.0,0.37699111843077515
6.396396396396396,0.17919928487358255,-0.981958894827931,-0.060368412013892925,0.0,0.0,0.37699111843077515
6.441441441441441,0.19584786124357784,-0.9787743713835233,-0.060368412013892925,0.0,0.0,0.37699111843077515
6.486486486486486,0.2124399615153153,-0.9753076015197801,-0.060368412013892925,0.0,0.0,0.37699111843077515
6.531531531531531,0.22897080107139195,-0.9715595849394003,-0.060368412013892925,0.0,0.0,0.37699111843077515
6.576576576576576,0.2454356129599853,-0.9675314024474094,-0.060368412013892925,0.0,0.0,0.37699111843077515
6.621621621621621,0.2618296492694864,-0.9632242156394907,-0.060368412013892925,0.0,0.0,0.37699111843077515
6.666666666666666,0.2781481824976413,-0.9586392665670196,-0.060368412013892925,0.0,0.0,0.37699111843077515
6.711711711711711,0.2943865069148076,-0.9537778773788963,-0.060368412013892925,0.0,0.0,0.37699111843077515
6.756756756756756,0.3105399399209332,-0.9486414499402807,-0.060368412013892925,0.0,0.0,0.37699111843077515
6.801801801801801,0.32660382339586347,-0.9432314654283421,-0.060368412013892925,0.0,0.0,0.37699111843077515
6.846846846846846,0.3425735250425911,-0.937549483905136,-0.060368412013892925,0.0,0.0,0.37699111843077515
6.891891891891891,0.3584444397230584,-0.9315971438677325,-0.060368412013892925,0.0,0.0,0.37699111843077515
6.936936936936936,0.37421199078612755,-0.9253761617757272,-0.060368412013892925,0.0,0.0,0.37699111843077515
6.981981981981981,0.38987163138733794,-0.9188883315562725,-0.060368412013892925,0.0,0.0,0.37699111843077515
7.027027027027026,0.40541884580006515,-0.9121355240867653,-0.060368412013892925,0.0,0.0,0.37699111843077515
7.072072072072071,0.4208491507177097,-0.9051196866553493,-0.060368412013892925,0.0,0.0,0.37699111843077515
7.117117117117116,0.43615809654653515,-0.8978428423993801,-0.060368412013892925,0.0,0.0,0.37699111843077515
7.162162162162161,0.4513412686887853,-0.8903070897220193,-0.060368412013892925,0.0,0.0,0.37699111843077515
7.207207207207206,0.46639428881570866,-0.8825146016871241,-0.060368412013892925,0.0,0.0,0.37699111843077515
7.252252252252252,0.4813128161301258,-0.8744676253926054,-0.060368412013892925,0.0,0.0,0.37699111843077515
7.297297297297297,0.4960925486181712,-0.8661684813224395,-0.060368412013892925,0.0,0.0,0.37699111843077515
7.342342342342342,0.5107292242898549,-0.8576195626775178,-0.060368412013892925,0.0,0.0,0.37699111843077515
7.387387387387387,0.5252186224080795,-0.8488233346855236,-0.060368412013892925,0.0,0.0,0.37699111843077515
7.4324324324324325,0.5395565647057623,-0.8397823338900441,-0.060368412013892925,0.0,0.0,0.37699111843077515
7.4774774774774775,0.5537389165907112,-0.8304991674191123,-0.060368412013892925,0.0,0.0,0.37699111843077515
7.5225225225225225,0.5677615883379039,-0.8209765122333973,-0.060368412013892925,0.0,0.0,0.37699111843077515
7.5675675675675675,0.5816205362688327,-0.8112171143542578,-0.060368412013892925,0.0,0.0,0.37699111843077515
7.612612612612613,0.595311763917566,-0.801223788071878,-0.060368412013892925,0.0,0.0,0.37699111843077515
7.657657657657658,0.608831323183201,-0.79099941513372,-0.060368412013892925,0.0,0.0,0.37699111843077515
7.702702702702703,0.6221753154683629,-0.780546943913521,-0.060368412013892925,0.0,0.0,0.37699111843077515
7.747747747747748,0.635339892803436,-0.7698693885610811,-0.060368412013892925,0.0,0.0,0.37699111843077515
7.792792792792793,0.6483212589561906,-0.7589698281330791,-0.060368412013892925,0.0,0.0,0.37699111843077515
7.837837837837838,0.6611156705264902,-0.7478514057051743,-0.060368412013892925,0.0,0.0,0.37699111843077515
7.882882882882883,0.6737194380257672,-0.7365173274656477,-0.060368412013892925,0.0,0.0,0.37699111843077515
7.927927927927928,0.686128926940951,-0.7249708617908412,-0.060368412013892925,0.0,0.0,0.37699111843077515
7.972972972972973,0.69834055878254,-0.713215338302666,-0.060368412013892925,0.0,0.0,0.37699111843077515
8.018018018018017,0.7103508121165216,-0.7012541469084478,-0.060368412013892925,0.0,0.0,0.37699111843077515
8.063063063063062,0.7221562235798398,-0.6890907368233892,-0.060368412013892925,0.0,0.0,0.37699111843077515
8.108108108108107,0.733753388879113,-0.6767286155759296,-0.060368412013892925,0.0,0.0,0.37699111843077515
8.153153153153152,0.745138963772322,-0.6641713479962889,-0.060368412013892925,0.0,0.0,0.37699111843077515
8.198198198198197,0.7563096650331784,-0.651422555188488,-0.060368412013892925,0.0,0.0,0.37699111843077515
8.243243243243242,0.767262271397902,-0.6384859134861389,-0.060368412013892925,0.0,0.0,0.37699111843077515
8.288288288288287,0.7413806608761502,-0.6255765226303199,-0.24291712581161395,0.0,6.283185307179586,0.37699111843077515
8.333333333333332,0.6544261772193194,-0.6136449775538168,-0.44177621042000303,0.0,6.283185307179586,0.37699111843077515
8.378378378378377,0.5152123852279182,-0.6036467493963323,-0.608413346378081,0.0,6.283185307179586,0.37699111843077515
8.423423423423422,0.3348562248003728,-0.5963802482861128,-0.7295216982150768,0.0,6.283185307179586,0.37699111843077515
8.468468468468467,0.1277600663275966,-0.5924257418457737,-0.7954301388873979,0.0,6.283185307179586,0.37699111843077515
8.513513513513512,-0.08953839292634348,-0.5920990178273493,-0.800875539194466,0.0,6.283185307179586,0.37699111843077515
8.558558558558557,-0.29968674931673056,-0.5954261668302288,-0.745423055813141,0.0,6.283185307179586,0.37699111843077515
8.603603603603602,-0.4859035718206305,-0.6021414988321159,-0.633500855781691,0.0,6.283185307179586,0.37699111843077515
8.64864864864865,-0.6333184859281762,-0.6117087599087763,-0.4740465045040168,0.0,6.283185307179586,0.37699111843077515
8.693693693693694,-0.7301596498065709,-0.6233639548779766,-0.27979325501734237,0.0,6.283185307179586,0.37699111843077515
8.73873873873874,-0.7686937966355613,-0.6361763562584557,-0.06625323200935584,0.0,6.283185307179586,0.37699111843077515
8.783783783783784,-0.7605426444005564,-0.6491800515932602,-0.011838355525414512,0.0,0.0,0.37699111843077515
8.82882882882883,-0.7494094122417478,-0.6620010469643509,-0.011838355525414512,0.0,0.0,0.37699111843077515
8.873873873873874,-0.7380600749933444,-0.6746311429509002,-0.011838355525414512,0.0,0.0,0.37699111843077515
8.91891891891892,-0.7264979054318845,-0.6870666974475648,-0.011838355525414512,0.0,0.0,0.37699111843077515
8.963963963963964,-0.7147262377077656,-0.6993041244483844,-0.011838355525414512,0.0,0.0,0.37699111843077515
9.00900900900901,-0.702748466383781,-0.7113398950808698,-0.011838355525414512,0.0,0.0,0.37699111843077515
9.054054054054054,-0.690568045456242,-0.723170538623612,-0.011838355525414512,0.0,0.0,0.37699111843077515
9.0990990990991,-0.6781884873589569,-0.7347926435071259,-0.011838355525414512,0.0,0.0,0.37699111843077515
9.144144144144144,-0.6656133619503601,-0.7462028582976343,-0.011838355525414512,0.0,0.0,0.37699111843077515
9.18918918918919,-0.6528462954840848,-0.7573978926635112,-0.011838355525414512,0.0,0.0,0.37699111843077515
9.234234234234235,-0.6398909695632665,-0.7683745183241067,-0.011838355525414512,0.0,0.0,0.37699111843077515
9.27927927927928,-0.6267511200788928,-0.779129569980676,-0.011838355525414512,0.0,0.0,0.37699111843077515
9.324324324324325,-0.6134305361324932,-0.7896599462291481,-0.011838355525414512,0.0,0.0,0.37699111843077515
9.36936936936937,-0.5999330589434874,-0.7999626104544699,-0.011838355525414512,0.0,0.0,0.37699111843077515
9.414414414414415,-0.5862625807415014,-0.8100345917062644,-0.011838355525414512,0.0,0.0,0.37699111843077515
9.45945945945946,-0.5724230436439799,-0.8198729855555565,-0.011838355525414512,0.0,0.0,0.37699111843077515
9.504504504504505,-0.5584184385194063,-0.829474954932316,-0.011838355525414512,0.0,0.0,0.37699111843077515
9.54954954954955,-0.5442528038364672,-0.8388377309435736,-0.011838355525414512,0.0,0.0,0.37699111843077515
9.594594594594595,-0.5299302244994923,-0.8479586136718799,-0.011838355525414512,0.0,0.0,0.37699111843077515
9.63963963963964,-0.5154548306705004,-0.8568349729538736,-0.011838355525414512,0.0,0.0,0.37699111843077515
9.684684684684685,-0.5008307965781955,-0.8654642491387325,-0.011838355525414512,0.0,0.0,0.37699111843077515
9.72972972972973,-0.4860623393142591,-0.8738439538262942,-0.011838355525414512,0.0,0.0,0.37699111843077515
9.774774774774775,-0.4711537176172763,-0.8819716705846287,-0.011838355525414512,0.0,0.0,0.37699111843077515
9.81981981981982,-0.45610923064465686,-0.8898450556468582,-0.011838355525414512,0.0,0.0,0.37699111843077515
9.864864864864865,-0.4409332167328988,-0.8974618385870228,-0.011838355525414512,0.0,0.0,0.37699111843077515
9.90990990990991,-0.42563005214655475,-0.9048198229747961,-0.011838355525414512,0.0,0.0,0.37699111843077515
9.954954954954955,-0.4102041498162604,-0.911916887008865,-0.011838355525414512,0.0,0.0,0.37699111843077515
10.0,-0.3946599580661905,-0.9187509841287858,-0.011838355525414512,0.0,0.0,0.37699111843077515
10.045045045045045,-0.3790019593313076,-0.9253201436051466,-0.011838355525414512,0.0,0.0,0.37699111843077515
10.09009009009009,-0.3632346688647755,-0.9316224711078598,-0.011838355525414512,0.0,0.0,0.37699111843077515
10.135135135135135,-0.34736263343590773,-0.9376561492524269,-0.011838355525414512,0.0,0.0,0.37699111843077515
10.18018018018018,-0.3313904300190289,-0.9434194381240095,-0.011838355525414512,0.0,0.0,0.37699111843077515
10.225225225225225,-0.3153226644736254,-0.9489106757791652,-0.011838355525414512,0.0,0.0,0.37699111843077515
10.27027027027027,-0.29916397021616614,-0.9541282787250986,-0.011838355525414512,0.0,0.0,0.37699111843077515
10.315315315315315,-0.282919006883978,-0.9590707423762872,-0.011838355525414512,0.0,0.0,0.37699111843077515
10.36036036036036,-0.2665924589915587,-0.9637366414883544,-0.011838355525414512,0.0,0.0,0.37699111843077515
10.405405405405405,-0.25018903457971653,-0.968124630569065,-0.011838355525414512,0.0,0.0,0.37699111843077515
10.45045045045045,-0.23371346385792618,-0.9722334442663187,-0.011838355525414512,0.0,0.0,0.37699111843077515
10.495495495495495,-0.21717049784029124,-0.976061897733038,-0.011838355525414512,0.0,0.0,0.37699111843077515
10.54054054054054,-0.20056490697550777,-0.9796088869688375,-0.011838355525414512,0.0,0.0,0.37699111843077515
10.585585585585585,-0.18390147977122348,-0.9828733891383838,-0.011838355525414512,0.0,0.0,0.37699111843077515
10.63063063063063,-0.16718502141318858,-0.9858544628663455,-0.011838355525414512,0.0,0.0,0.37699111843077515
10.675675675675675,-0.1504203523795986,-0.9885512485088552,-0.011838355525414512,0.0,0.0,0.37699111843077515
10.72072072072072,-0.13361230705102617,-0.9909629684014036,-0.011838355525414512,0.0,0.0,0.37699111843077515
10.765765765765765,-0.11676573231634464,-0.9930889270830918,-0.011838355525414512,0.0,0.0,0.37699111843077515
10.81081081081081,-0.09988548617504378,-0.9949285114971793,-0.011838355525414512,0.0,0.0,0.37699111843077515
10.855855855855856,-0.08297643633634266,-0.9964811911678708,-0.011838355525414512,0.0,0.0,0.37699111843077515
10.9009009009009,-0.0660434588155016,-0.9977465183532854,-0.011838355525414512,0.0,0.0,0.37699111843077515
10.945945945945946,-0.04909143652773962,-0.9987241281745731,-0.011838355525414512,0.0,0.0,0.37699111843077515
10.99099099099099,-0.03212525788016163,-0.9994137387211317,-0.011838355525414512,0.0,0.0,0.37699111843077515
11.036036036036036,-0.015149815362102352,-0.9998151511319036,-0.011838355525414512,0.0,0.0,0.37699111843077515
11.08108108108108,0.0018299958657071705,-0.999928249652718,-0.011838355525414512,0.0,0.0,0.37699111843077515
11.126126126126126,0.018809279382743307,-0.9997530016696718,-0.011838355525414512,0.0,0.0,0.37699111843077515
11.17117117117117,0.035783138920656904,-0.9992894577185341,-0.011838355525414512,0.0,0.0,0.37699111843077515
11.216216216216216,0.05274667977519645,-0.9985377514701734,-0.011838355525414512,0.0,0.0,0.37699111843077515
11.26126126126126,0.06969501021768021,-0.9974980996920113,-0.011838355525414512,0.0,0.0,0.37699111843077515
11.306306306306306,0.08662324290561028,-0.9961708021855147,-0.011838355525414512,0.0,0.0,0.37699111843077515
11.35135135135135,0.1035264962920219,-0.9945562416997413,-0.011838355525414512,0.0,0.0,0.37699111843077515
11.396396396396396,0.12039989603316135,-0.9926548838209683,-0.011838355525414512,0.0,0.0,0.37699111843077515
11.441441441441441,0.13723857639408682,-0.9904672768384328,-0.011838355525414512,0.0,0.0,0.37699111843077515
11.486486486486486,0.15403768165178677,-0.9879940515862227,-0.011838355525414512,0.0,0.0,0.37699111843077515
11.531531531531531,0.17079236749541132,-0.9852359212613642,-0.011838355525414512,0.0,0.0,0.37699111843077515
11.576576576576576,0.18749780242321212,-0.9821936812181613,-0.011838355525414512,0.0,0.0,0.37699111843077515
11.621621621621621,0.20414916913578945,-0.978868208738839,-0.011838355525414512,0.0,0.0,0.37699111843077515
11.666666666666666,0.22074166592524286,-0.9752604627805666,-0.011838355525414512,0.0,0.0,0.37699111843077515
11.711711711711711,0.2372705080598268,-0.9713714836989231,-0.011838355525414512,0.0,0.0,0.37699111843077515
11.756756756756756,0.25373092916370976,-0.9672023929478961,-0.011838355525414512,0.0,0.0,0.37699111843077515
11.801801801801801,0.27011818259144077,-0.9627543927564868,-0.011838355525414512,0.0,0.0,0.37699111843077515
11.846846846846846,0.28642754279672655,-0.9580287657820326,-0.011838355525414512,0.0,0.0,0.37699111843077515
11.891891891891891,0.3026543066951238,-0.9530268747403241,-0.011838355525414512,0.0,0.0,0.37699111843077515
11.936936936936936,0.3187937950202545,-0.9477501620126472,-0.011838355525414512,0.0,0.0,0.37699111843077515
11.981981981981981,0.33484135367315276,-0.9422001492298471,-0.011838355525414512,0.0,0.0,0.37699111843077515
12.027027027027026,0.3507923550643542,-0.9363784368335382,-0.011838355525414512,0.0,0.0,0.37699111843077515
12.072072072072071,0.3666421994483414,-0.9302867036145894,-0.011838355525414512,0.0,0.0,0.37699111843077515
12.117117117117116,0.3823863162499591,-0.923926706229018,-0.011838355525414512,0.0,0.0,0.37699111843077515
12.162162162162161,0.3980201653824183,-0.9173002786914264,-0.011838355525414512,0.0,0.0,0.37699111843077515
12.207207207207206,0.4135392385565088,-0.9104093318461313,-0.011838355525414512,0.0,0.0,0.37699111843077515
12.252252252252251,0.428939060580641,-0.9032558528161405,-0.011838355525414512,0.0,0.0,0.37699111843077515
12.297297297297296,0.4442151906513446,-0.8958419044301322,-0.011838355525414512,0.0,0.0,0.37699111843077515
12.342342342342342,0.4593632236338516,-0.8881696246276007,-0.011838355525414512,0.0,0.0,0.37699111843077515
12.387387387387387,0.47437879133239147,-0.8802412258423467,-0.011838355525414512,0.0,0.0,0.37699111843077515
12.432432432432432,0.4892575637498361,-0.8720589943644828,-0.011838355525414512,0.0,0.0,0.37699111843077515
12.477477477477477,0.5039952503363285,-0.8636252896811436,-0.011838355525414512,0.0,0.0,0.37699111843077515
12.522522522522522,0.5185876012265374,-0.8549425437960865,-0.011838355525414512,0.0,0.0,0.37699111843077515
12.567567567567567,0.5330304084651782,-0.8460132605283812,-0.011838355525414512,0.0,0.0,0.37699111843077515
12.612612612612612,0.5473195072204493,-0.8368400147903909,-0.011838355525414512,0.0,0.0,0.37699111843077515
12.657657657657657,0.5614507769850341,-0.8274254518452517,-0.011838355525414512,0.0,0.0,0.37699111843077515
12.702702702702702,0.575420142764318,-0.8177722865440658,-0.011838355525414512,0.0,0.0,0.37699111843077515
12.747747747747747,0.5892235762514857,-0.8078833025430265,-0.011838355525414512,0.0,0.0,0.37699111843077515
12.792792792792792,0.6028570969891502,-0.7977613515007056,-0.011838355525414512,0.0,0.0,0.37699111843077515
12.837837837837837,0.616316773517187,-0.787409352255726,-0.011838355525414512,0.0,0.0,0.37699111843077515
12.882882882882882,0.6295987245064409,-0.7768302899850652,-0.011838355525414512,0.0,0.0,0.37699111843077515
12.927927927927927,0.6426991198779699,-0.7660272153432285,-0.011838355525414512,0.0,0.0,0.37699111843077515
12.972972972972972,0.6556141819075154,-0.7550032435825408,-0.011838355525414512,0.0,0.0,0.37699111843077515
13.018018018018017,0.6683401863148765,-0.7437615536548086,-0.011838355525414512,0.0,0.0,0.37699111843077515
13.063063063063062,0.6808734633378676,-0.7323053872946149,-0.011838355525414512,0.0,0.0,0.37699111843077515
13.108108108108107,0.6932103987905575,-0.720638048084511,-0.011838355525414512,0.0,0.0,0.37699111843077515
13.153153153153152,0.7053474351054836,-0.7087629005023701,-0.011838355525414512,0.0,0.0,0.37699111843077515
13.198198198198197,0.717281072359537,-0.6966833689511827,-0.011838355525414512,0.0,0.0,0.37699111843077515
13.243243243243242,0.7290078692832241,-0.6844029367715709,-0.011838355525414512,0.0,0.0,0.37699111843077515
13.288288288288287,0.7405244442530184,-0.6719251452373068,-0.011838355525414512,0.0,0.0,0.37699111843077515
13.333333333333332,0.7518274762665079,-0.6592535925341259,-0.011838355525414512,0.0,0.0,0.37699111843077515
13.378378378378377,0.7629137059000634,-0.6463919327221286,-0.011838355525414512,0.0,0.0,0.37699111843077515
13.423423423423422,0.77377993624875,-0.6333438746820701,-0.011838355525414512,0.0,0.0,0.37699111843077515
13.468468468468467,0.7844230338482099,-0.6201131810458382,-0.011838355525414512,0.0,0.0,0.37699111843077515
13.513513513513512,0.7948399295782488,-0.606703667111435,-0.011838355525414512,0.0,0.0,0.37699111843077515
13.558558558558557,0.8050276195478723,-0.5931191997427707,-0.011838355525414512,0.0,0.0,0.37699111843077515
13.603603603603602,0.8149831659615067,-0.5793636962545876,-0.011838355525414512,0.0,0.0,0.37699111843077515
13.648648648648647,0.8247036979661652,-0.565441123282832,-0.011838355525414512,0.0,0.0,0.37699111843077515
13.693693693693692,0.834186412479307,-0.5513554956408098,-0.011838355525414512,0.0,0.0,0.37699111843077515
13.738738738738737,0.8434285749971528,-0.5371108751614433,-0.011838355525414512,0.0,0.0,0.37699111843077515
13.783783783783782,0.8309015295495847,-0.522808178249326,-0.19045801885913266,0.0,6.283185307179586,0.37699111843077515
13.828828828828827,0.753299987893904,-0.5092662100487453,-0.4161574888688106,0.0,6.283185307179586,0.37699111843077515
13.873873873873872,0.6155435537443954,-0.4975651508663569,-0.6111751419086203,0.0,6.283185307179586,0.37699111843077515
13.918918918918918,0.4286327894530706,-0.4886393906775916,-0.7599378117213752,0.0,6.283185307179586,0.37699111843077515
13.963963963963963,0.20749348436358717,-0.48320169750741926,-0.850566031224246,0.0,6.283185307179586,0.37699111843077515
14.009009009009008,-0.03021524651330137,-0.4816862992243159,-0.8758226692759681,0.0,6.283185307179586,0.37699111843077515
14.054054054054053,-0.26551113398796977,-0.4842142082035243,-0.8336908529558265,0.0,6.283185307179586,0.37699111843077515
14.099099099099098,-0.47960458687132046,-0.4905835578642369,-0.7275350252772804,0.0,6.283185307179586,0.37699111843077515
14.144144144144143,-0.6553991378212551,-0.5002857227580891,-0.565832277046411,0.0,6.283185307179586,0.37699111843077515
14.189189189189188,-0.7788566845102292,-0.5125459349366848,-0.36149540740314623,0.0,6.283185307179586,0.37699111843077515
14.234234234234233,-0.8401185045594046,-0.5263851531715529,-0.13084177015533904,0.0,6.283185307179586,0.37699111843077515
14.279279279279278,-0.8398844790492097,-0.5407028660194171,-0.04727020764263318,0.0,0.0,0.37699111843077515
14.324324324324323,-0.8305818327765373,-0.5548867871295391,-0.04727020764263318,0.0,0.0,0.37699111843077515
14.369369369369368,-0.8210396739511048,-0.5689106970936986,-0.04727020764263318,0.0,0.0,0.37699111843077515
14.414414414414413,-0.8112607542184802,-0.5827705518763255,-0.04727020764263318,0.0,0.0,0.37699111843077515
14.45945945945946,-0.8012478934983096,-0.5964623547499843,-0.04727020764263318,0.0,0.0,0.37699111843077515
14.504504504504505,-0.7910039791711465,-0.6099821574478934,-0.04727020764263318,0.0,0.0,0.37699111843077515
14.54954954954955,-0.7805319652458249,-0.6233260613024818,-0.04727020764263318,0.0,0.0,0.37699111843077515
14.594594594594595,-0.7698348715076182,-0.6364902183696337,-0.04727020764263318,0.0,0.0,0.37699111843077515
14.63963963963964,-0.7589157826474349,-0.6494708325383106,-0.04727020764263318,0.0,0.0,0.37699111843077515
14.684684684684685,-0.7477778473722942,-0.6622641606252244,-0.04727020764263318,0.0,0.0,0.37699111843077515
14.72972972972973,-0.7364242774973416,-0.6748665134542482,-0.04727020764263318,0.0,0.0,0.37699111843077515
14.774774774774775,-0.7248583470196678,-0.6872742569202557,-0.04727020764263318,0.0,0.0,0.37699111843077515
14.81981981981982,-0.7130833911741937,-0.699483813037076,-0.04727020764263318,0.0,0.0,0.37699111843077515
14.864864864864865,-0.7011028054719002,-0.7114916609692673,-0.04727020764263318,0.0,0.0,0.37699111843077515
14.90990990990991,-0.6889200447206715,-0.723294338047412,-0.04727020764263318,0.0,0.0,0.37699111843077515
14.954954954954955,-0.676538622029045,-0.7348884407666361,-0.04727020764263318,0.0,0.0,0.37699111843077515
15.0,-0.6639621077931436,-0.7462706257680674,-0.04727020764263318,0.0,0.0,0.37699111843077515
15.045045045045045,-0.6511941286670917,-0.7574376108029518,-0.04727020764263318,0.0,0.0,0.37699111843077515
15.09009009009009,-0.6382383665172068,-0.7683861756791462,-0.04727020764263318,0.0,0.0,0.37699111843077515
15.135135135135135,-0.6250985573602698,-0.7791131631897164,-0.04727020764263318,0.0,0.0,0.37699111843077515
15.18018018018018,-0.6117784902861819,-0.7896154800233695,-0.04727020764263318,0.0,0.0,0.37699111843077515
15.225225225225225,-0.5982820063653125,-0.7998900976564668,-0.04727020764263318,0.0,0.0,0.37699111843077515
15.27027027027027,-0.584612997540863,-0.8099340532263489,-0.04727020764263318,0.0,0.0,0.37699111843077515
15.315315315315315,-0.5707754055065576,-0.8197444503857291,-0.04727020764263318,0.0,0.0,0.37699111843077515
15.36036036036036,-0.5567732205699863,-0.8293184601379024,-0.04727020764263318,0.0,0.0,0.37699111843077515
15.405405405405405,-0.5426104805019345,-0.8386533216525386,-0.04727020764263318,0.0,0.0,0.37699111843077515
15.45045045045045,-0.5282912693720186,-0.8477463430618133,-0.04727020764263318,0.0,0.0,0.37699111843077515
15.495495495495495,-0.513819716370977,-0.8565949022366556,-0.04727020764263318,0.0,0.0,0.37699111843077515
15.54054054054054,-0.4991999946199463,-0.8651964475428818,-0.04727020764263318,0.0,0.0,0.37699111843077515
15.585585585585585,-0.48443631996706854,-0.8735484985770058,-0.04727020764263318,0.0,0.0,0.37699111843077515
15.63063063063063,-0.46953294977178156,-0.8816486468815039,-0.04727020764263318,0.0,0.0,0.37699111843077515
15.675675675675675,-0.4544941816771342,-0.8894945566393364,-0.04727020764263318,0.0,0.0,0.37699111843077515
15.72072072072072,-0.43932435237048756,-0.8970839653475192,-0.04727020764263318,0.0,0.0,0.37699111843077515
15.765765765765765,-0.4240278363329573,-0.9044146844695575,-0.04727020764263318,0.0,0.0,0.37699111843077515
15.81081081081081,-0.40860904457795544,-0.9114846000665446,-0.04727020764263318,0.0,0.0,0.37699111843077515
15.855855855855856,-0.39307242337920006,-0.9182916734067565,-0.04727020764263318,0.0,0.0,0.37699111843077515
15.9009009009009,-0.37742245298855526,-0.9248339415535523,-0.04727020764263318,0.0,0.0,0.37699111843077515
15.945945945945946,-0.3616636463440739,-0.9311095179314225,-0.04727020764263318,0.0,0.0,0.37699111843077515
15.99099099099099,-0.34580054776861324,-0.9371165928700144,-0.04727020764263318,0.0,0.0,0.37699111843077515
16.036036036036034,-0.3298377316594036,-0.9428534341259811,-0.04727020764263318,0.0,0.0,0.37699111843077515
16.08108108108108,-0.3137798011689375,-0.9483183873825072,-0.04727020764263318,0.0,0.0,0.37699111843077515
16.126126126126124,-0.297631386877579,-0.9535098767263531,-0.04727020764263318,0.0,0.0,0.37699111843077515
16.17117117117117,-0.281397145458248,-0.9584264051023038,-0.04727020764263318,0.0,0.0,0.37699111843077515
16.216216216216214,-0.26508175833359626,-0.9630665547448655,-0.04727020764263318,0.0,0.0,0.37699111843077515
16.26126126126126,-0.2486899303260306,-0.9674289875871048,-0.04727020764263318,0.0,0.0,0.37699111843077515
16.306306306306304,-0.23222638830100575,-0.9715124456465016,-0.04727020764263318,0.0,0.0,0.37699111843077515
16.35135135135135,-0.2156958798039412,-0.9753157513877132,-0.04727020764263318,0.0,0.0,0.37699111843077515
16.396396396396394,-0.1991031716911952,-0.9788378080621337,-0.04727020764263318,0.0,0.0,0.37699111843077515
16.44144144144144,-0.18245304875544976,-0.9820776000241614,-0.04727020764263318,0.0,0.0,0.37699111843077515
16.486486486486484,-0.16575031234594317,-0.9850341930240785,-0.04727020764263318,0.0,0.0,0.37699111843077515
16.53153153153153,-0.14899977898390862,-0.9877067344774567,-0.04727020764263318,0.0,0.0,0.37699111843077515
16.576576576576574,-0.13220627897365742,-0.9900944537110152,-0.04727020764263318,0.0,0.0,0.37699111843077515
16.62162162162162,-0.11537465500966747,-0.9921966621848585,-0.04727020764263318,0.0,0.0,0.37699111843077515
16.666666666666664,-0.09850976078011958,-0.9940127536910267,-0.04727020764263318,0.0,0.0,0.37699111843077515
16.71171171171171,-0.08161645956724231,-0.9955422045283079,-0.04727020764263318,0.0,0.0,0.37699111843077515
16.756756756756754,-0.06469962284491172,-0.9967845736532548,-0.04727020764263318,0.0,0.0,0.37699111843077515
16.8018018018018,-0.04776412887386726,-0.9977395028073686,-0.04727020764263318,0.0,0.0,0.37699111843077515
16.846846846846844,-0.030814861294992297,-0.9984067166204084,-0.04727020764263318,0.0,0.0,0.37699111843077515
16.89189189189189,-0.013856707721021383,-0.9987860226897993,-0.04727020764263318,0.0,0.0,0.37699111843077515
16.936936936936934,0.0031054416728760297,-0.9988773116361143,-0.04727020764263318,0.0,0.0,0.37699111843077515
16.98198198198198,0.020066695559272492,-0.9986805571346155,-0.04727020764263318,0.0,0.0,0.37699111843077515
17.027027027027025,0.037022162868970164,-0.9981958159228469,-0.04727020764263318,0.0,0.0,0.37699111843077515
17.07207207207207,0.05396695420143546,-0.9974232277842718,-0.04727020764263318,0.0,0.0,0.37699111843077515
17.117117117117115,0.07089618323473106,-0.9963630155079637,-0.04727020764263318,0.0,0.0,0.37699111843077515
17.16216216216216,0.08780496813458152,-0.9950154848243622,-0.04727020764263318,0.0,0.0,0.37699111843077515
17.207207207207205,0.10468843296212349,-0.9933810243171096,-0.04727020764263318,0.0,0.0,0.37699111843077515
17.25225225225225,0.1215417090799771,-0.9914601053109972,-0.04727020764263318,0.0,0.0,0.37699111843077515
17.2972972972973,0.13835993655619205,-0.9892532817360485,-0.04727020764263318,0.0,0.0,0.37699111843077515
17.34234234234234,0.1551382655656965,-0.9867611899677866,-0.04727020764263318,0.0,0.0,0.37699111843077515
17.38738738738739,0.1718718577888313,-0.9839845486437226,-0.04727020764263318,0.0,0.0,0.37699111843077515
17.43243243243243,0.18855588780655397,-0.9809241584561251,-0.04727020764263318,0.0,0.0,0.37699111843077515
17.47747747747748,0.2051855444919411,-0.9775809019211256,-0.04727020764263318,0.0,0.0,0.37699111843077515
17.52252252252252,0.22175603239754935,-0.9739557431242305,-0.04727020764263318,0.0,0.0,0.37699111843077515
17.56756756756757,0.23826257313827576,-0.9700497274423115,-0.04727020764263318,0.0,0.0,0.37699111843077515
17.61261261261261,0.2547004067692766,-0.9658639812421519,-0.04727020764263318,0.0,0.0,0.37699111843077515
17.65765765765766,0.2710647931585899,-0.9613997115556391,-0.04727020764263318,0.0,0.0,0.37699111843077515
17.7027027027027,0.2873510133540233,-0.9566582057316976,-0.04727020764263318,0.0,0.0,0.37699111843077515
17.74774774774775,0.3035543709439558,-0.951640831065058,-0.04727020764263318,0.0,0.0,0.37699111843077515
17.792792792792792,0.3196701934116185,-0.9463490344019767,-0.04727020764263318,0.0,0.0,0.37699111843077515
17.83783783783784,0.3356938334825044,-0.9407843417230092,-0.04727020764263318,0.0,0.0,0.37699111843077515
17.882882882882882,0.3516206704644818,-0.9349483577029714,-0.04727020764263318,0.0,0.0,0.37699111843077515
17.92792792792793,0.36744611158025814,-0.9288427652482004,-0.04727020764263318,0.0,0.0,0.37699111843077515
17.972972972972972,0.3831655932917777,-0.9224693250112629,-0.04727020764263318,0.0,0.0,0.37699111843077515
18.01801801801802,0.39877458261620613,-0.9158298748832369,-0.04727020764263318,0.0,0.0,0.37699111843077515
18.063063063063062,0.4142685784330831,-0.9089263294637286,-0.04727020764263318,0.0,0.0,0.37699111843077515
18.10810810810811,0.4296431127823091,-0.9017606795087608,-0.04727020764263318,0.0,0.0,0.37699111843077515
18.153153153153152,0.44489375215254723,-0.8943349913567077,-0.04727020764263318,0.0,0.0,0.37699111843077515
18.1981981981982,0.46001609875971383,-0.8866514063324255,-0.04727020764263318,0.0,0.0,0.37699111843077515
18.243243243243242,0.47500579181514385,-0.878712140129771,-0.04727020764263318,0.0,0.0,0.37699111843077515
18.28828828828829,0.48985850878310955,-0.8705194821726637,-0.04727020764263318,0.0,0.0,0.37699111843077515
18.333333333333332,0.5045699666272889,-0.8620757949548932,-0.04727020764263318,0.0,0.0,0.37699111843077515
18.37837837837838,0.5191359230458618,-0.8533835133588507,-0.04727020764263318,0.0,0.0,0.37699111843077515
18.423423423423422,0.5335521776948403,-0.8444451439533937,-0.04727020764263318,0.0,0.0,0.37699111843077515
18.46846846846847,0.5478145733993222,-0.8352632642710277,-0.04727020764263318,0.0,0.0,0.37699111843077515
18.513513513513512,0.5619189973522712,-0.8258405220646369,-0.04727020764263318,0.0,0.0,0.37699111843077515
18.55855855855856,0.5758613823005272,-0.8161796345439525,-0.04727020764263318,0.0,0.0,0.37699111843077515
18.603603603603602,0.5896377077176581,-0.8062833875920049,-0.04727020764263318,0.0,0.0,0.37699111843077515
18.64864864864865,0.6032440009633583,-0.7961546349617602,-0.04727020764263318,0.0,0.0,0.37699111843077515
18.693693693693692,0.6166763384290167,-0.7857962974531979,-0.04727020764263318,0.0,0.0,0.37699111843077515
18.73873873873874,0.6299308466691677,-0.775211362071041,-0.04727020764263318,0.0,0.0,0.37699111843077515
18.783783783783782,0.6430037035184563,-0.7644028811634095,-0.04727020764263318,0.0,0.0,0.37699111843077515
18.82882882882883,0.655891139193833,-0.7533739715416162,-0.04727020764263318,0.0,0.0,0.37699111843077515
18.873873873873872,0.6685894373816288,-0.7421278135813862,-0.04727020764263318,0.0,0.0,0.37699111843077515
18.91891891891892,0.6810949363092247,-0.7306676503057362,-0.04727020764263318,0.0,0.0,0.37699111843077515
18.963963963963963,0.6934040298009789,-0.7189967864497973,-0.04727020764263318,0.0,0.0,0.37699111843077515
19.00900900900901,0.7055131683181393,-0.707118587507833,-0.04727020764263318,0.0,0.0,0.37699111843077515
19.054054054054053,0.7174188599824042,-0.6950364787627478,-0.04727020764263318,0.0,0.0,0.37699111843077515
19.0990990990991,0.729117671582874,-0.6827539442983395,-0.04727020764263318,0.0,0.0,0.37699111843077515
19.144144144144143,0.7406062295660688,-0.670274525994613,-0.04727020764263318,0.0,0.0,0.37699111843077515
19.18918918918919,0.7518812210087586,-0.6576018225064084,-0.04727020764263318,0.0,0.0,0.37699111843077515
19.234234234234233,0.7629393945732927,-0.6447394882256782,-0.04727020764263318,0.0,0.0,0.37699111843077515
19.27927927927928,0.7521525241799257,-0.6317868589800032,-0.1873818165935453,0.0,6.283185307179586,0.37699111843077515
19.324324324324323,0.6803802012167262,-0.6195413760663664,-0.3914731984874941,0.0,6.283185307179586,0.37699111843077515
19.36936936936937,0.5542760071306346,-0.6089873683041016,-0.5673733278585735,0.0,6.283185307179586,0.37699111843077515
19.414414414414413,0.3839100127569013,-0.6009676276917784,-0.7010356713972967,0.0,6.283185307179586,0.37699111843077515
19.45945945945946,0.18288682215876184,-0.5961225719144021,-0.7817866010202358,0.0,6.283185307179586,0.37699111843077515
19.504504504504503,-0.03274082523253952,-0.5948391036854991,-0.8031777381686254,0.0,6.283185307179586,0.37699111843077515
19.54954954954955,-0.24575394872411657,-0.5972197145682833,-0.7635008901222226,0.0,6.283185307179586,0.37699111843077515
19.594594594594593,-0.43914235085232745,-0.603074300495285,-0.6659244580055285,0.0,6.283185307179586,0.37699111843077515
19.63963963963964,-0.5974629694553388,-0.6119353425594367,-0.5182404236029988,0.0,6.283185307179586,0.37699111843077515
19.684684684684683,-0.7080730859022033,-0.6230952408120864,-0.33224211939216886,0.0,6.283185307179586,0.37699111843077515
19.72972972972973,-0.7621399114361058,-0.6356628197714639,-0.1227824700692115,0.0,6.283185307179586,0.37699111843077515
19.774774774774773,-0.7606707499113018,-0.6486449722534723,-0.02529249294969871,0.0,0.0,0.37699111843077515
19.81981981981982,-0.7495465853387054,-0.6614682201038968,-0.02529249294969871,0.0,0.0,0.37699111843077515
19.864864864864863,-0.7382062761202932,-0.6741007222195654,-0.02529249294969871,0.0,0.0,0.37699111843077515
19.90990990990991,-0.7266530924292155,-0.6865388358012882,-0.02529249294969871,0.0,0.0,0.37699111843077515
19.954954954954953,-0.7148903658246403,-0.6987789741051474,-0.02529249294969871,0.0,0.0,0.37699111843077515
20.0,-0.7029214882910343,-0.710817607476804,-0.02529249294969871,0.0,0.0,0.37699111843077515
20.045045045045043,-0.6907499112600326,-0.7226512643693271,-0.02529249294969871,0.0,0.0,0.37699111843077515
20.09009009009009,-0.6783791446151518,-0.7342765323442828,-0.02529249294969871,0.0,0.0,0.37699111843077515
20.135135135135133,-0.6658127556796632,-0.7456900590557599,-0.02529249294969871,0.0,0.0,0.37699111843077515
20.18018018018018,-0.6530543681878843,-0.7568885532170855,-0.02529249294969871,0.0,0.0,0.37699111843077515
20.225225225225223,-0.6401076612402221,-0.7678687855499159,-0.02529249294969871,0.0,0.0,0.37699111843077515
20.27027027027027,-0.626976368242233,-0.7786275897154622,-0.02529249294969871,0.0,0.0,0.37699111843077515
20.315315315315313,-0.6136642758280374,-0.7891618632275512,-0.02529249294969871,0.0,0.0,0.37699111843077515
20.36036036036036,-0.6001752227683743,-0.7994685683472876,-0.02529249294969871,0.0,0.0,0.37699111843077515
20.405405405405403,-0.5865130988636301,-0.809544732959033,-0.02529249294969871,0.0,0.0,0.37699111843077515
20.45045045045045,-0.5726818438221407,-0.8193874514274694,-0.02529249294969871,0.0,0.0,0.37699111843077515
20.495495495495494,-0.5586854461241192,-0.8289938854354865,-0.02529249294969871,0.0,0.0,0.37699111843077515
20.54054054054054,-0.544527941871497,-0.8383612648026638,-0.02529249294969871,0.0,0.0,0.37699111843077515
20.585585585585584,-0.5302134136240568,-0.8474868882840931,-0.02529249294969871,0.0,0.0,0.37699111843077515
20.63063063063063,-0.515745989222145,-0.8563681243493367,-0.02529249294969871,0.0,0.0,0.37699111843077515
20.675675675675674,-0.5011298405963469,-0.8650024119412673,-0.02529249294969871,0.0,0.0,0.37699111843077515
20.72072072072072,-0.4863691825644316,-0.8733872612145984,-0.02529249294969871,0.0,0.0,0.37699111843077515
20.765765765765764,-0.47146827161594373,-0.8815202542538684,-0.02529249294969871,0.0,0.0,0.37699111843077515
20.81081081081081,-0.4564314046847641,-0.8893990457706953,-0.02529249294969871,0.0,0.0,0.37699111843077515
20.855855855855854,-0.44126291791002314,-0.897021363780073,-0.02529249294969871,0.0,0.0,0.37699111843077515
20.9009009009009,-0.42596718538569156,-0.904385010255545,-0.02529249294969871,0.0,0.0,0.37699111843077515
20.945945945945944,-0.41054861789924463,-0.9114878617630354,-0.02529249294969871,0.0,0.0,0.37699111843077515
20.99099099099099,-0.3950116616597262,-0.9183278700731852,-0.02529249294969871,0.0,0.0,0.37699111843077515
21.036036036036034,-0.3793607970156177,-0.9249030627519872,-0.02529249294969871,0.0,0.0,0.37699111843077515
21.08108108108108,-0.36360053716284246,-0.9312115437295779,-0.02529249294969871,0.0,0.0,0.37699111843077515
21.126126126126124,-0.3477354268433184,-0.9372514938469964,-0.02529249294969871,0.0,0.0,0.37699111843077515
21.17117117117117,-0.33177004103439306,-0.9430211713807747,-0.02529249294969871,0.0,0.0,0.37699111843077515
21.216216216216214,-0.3157089836295805,-0.9485189125451893,-0.02529249294969871,0.0,0.0,0.37699111843077515
21.26126126126126,-0.29955688611094,-0.9537431319720461,-0.02529249294969871,0.0,0.0,0.37699111843077515
21.306306306306304,-0.28331840621351745,-0.9586923231678468,-0.02529249294969871,0.0,0.0,0.37699111843077515
21.35135135135135,-0.26699822658219846,-0.9633650589482119,-0.02529249294969871,0.0,0.0,0.37699111843077515
21.396396396396394,-0.2506010534213962,-0.9677599918494346,-0.02529249294969871,0.0,0.0,0.37699111843077515
21.44144144144144,-0.23413161513792727,-0.9718758545170453,-0.02529249294969871,0.0,0.0,0.37699111843077515
21.486486486486484,-0.21759466097750363,-0.975711460071274,-0.02529249294969871,0.0,0.0,0.37699111843077515
21.53153153153153,-0.20099495965519656,-0.9792657024493089,-0.02529249294969871,0.0,0.0,0.37699111843077515
21.576576576576574,-0.18433729798030513,-0.982537556724247,-0.02529249294969871,0.0,0.0,0.37699111843077515
21.62162162162162,-0.16762647947598766,-0.9855260794006515,-0.02529249294969871,0.0,0.0,0.37699111843077515
21.666666666666664,-0.15086732299409333,-0.9882304086866222,-0.02529249294969871,0.0,0.0,0.37699111843077515
21.71171171171171,-0.13406466132555325,-0.9906497647423118,-0.02529249294969871,0.0,0.0,0.37699111843077515
21.756756756756754,-0.1172233398067724,-0.9927834499048016,-0.02529249294969871,0.0,0.0,0.37699111843077515
21.8018018018018,-0.10034821492238288,-0.994630848889288,-0.02529249294969871,0.0,0.0,0.37699111843077515
21.846846846846844,-0.08344415290480374,-0.9961914289665083,-0.02529249294969871,0.0,0.0,0.37699111843077515
21.89189189189189,-0.06651602833096881,-0.997464740116365,-0.02529249294969871,0.0,0.0,0.37699111843077515
21.936936936936934,-0.04956872271666895,-0.9984504151576941,-0.02529249294969871,0.0,0.0,0.37699111843077515
21.98198198198198,-0.03260712310887257,-0.9991481698541494,-0.02529249294969871,0.0,0.0,0.37699111843077515
22.027027027027025,-0.015636120676472187,-0.9995578029961673,-0.02529249294969871,0.0,0.0,0.37699111843077515
22.07207207207207,0.0013393907001788576,-0.9996791964589874,-0.02529249294969871,0.0,0.0,0.37699111843077515
22.117117117117115,0.018314515840490275,-0.9995123152367177,-0.02529249294969871,0.0,0.0,0.37699111843077515
22.16216216216216,0.035284359675255034,-0.9990572074524275,-0.02529249294969871,0.0,0.0,0.37699111843077515
22.207207207207205,0.05224402865821596,-0.9983140043442722,-0.02529249294969871,0.0,0.0,0.37699111843077515
22.25225225225225,0.06918863217721476,-0.9972829202276465,-0.02529249294969871,0.0,0.0,0.37699111843077515
22.297297297297295,0.08611328396447342,-0.9959642524333845,-0.02529249294969871,0.0,0.0,0.37699111843077515
22.34234234234234,0.103013103505644,-0.9943583812220177,-0.02529249294969871,0.0,0.0,0.37699111843077515
22.387387387387385,0.11988321744717839,-0.9924657696741226,-0.02529249294969871,0.0,0.0,0.37699111843077515
22.43243243243243,0.1367187610016544,-0.9902869635567807,-0.02529249294969871,0.0,0.0,0.37699111843077515
22.477477477477475,0.15351487935060998,-0.9878225911661992,-0.02529249294969871,0.0,0.0,0.37699111843077515
22.52252252252252,0.17026672904452408,-0.9850733631465299,-0.02529249294969871,0.0,0.0,0.37699111843077515
22.567567567567565,0.18696947939949848,-0.9820400722849434,-0.02529249294969871,0.0,0.0,0.37699111843077515
22.61261261261261,0.20361831389027865,-0.9787235932830146,-0.02529249294969871,0.0,0.0,0.37699111843077515
22.657657657657655,0.22020843153917136,-0.9751248825044891,-0.02529249294969871,0.0,0.0,0.37699111843077515
22.7027027027027,0.23673504830049968,-0.9712449776994964,-0.02529249294969871,0.0,0.0,0.37699111843077515
22.747747747747745,0.25319339844015415,-0.9670849977053,-0.02529249294969871,0.0,0.0,0.37699111843077515
22.792792792792792,0.2695787359098849,-0.9626461421236586,-0.02529249294969871,0.0,0.0,0.37699111843077515
22.837837837837835,0.2858863357158949,-0.9579296909749028,-0.02529249294969871,0.0,0.0,0.37699111843077515
22.882882882882882,0.3021114952813852,-0.9529370043288172,-0.02529249294969871,0.0,0.0,0.37699111843077515
22.927927927927925,0.31824953580261195,-0.947669521912442,-0.02529249294969871,0.0,0.0,0.37699111843077515
22.972972972972972,0.334295803598111,-0.9421287626949021,-0.02529249294969871,0.0,0.0,0.37699111843077515
23.018018018018015,0.3502456714506565,-0.9363163244493885,-0.02529249294969871,0.0,0.0,0.37699111843077515
23.063063063063062,0.3660945399416089,-0.9302338832924093,-0.02529249294969871,0.0,0.0,0.37699111843077515
23.10810810810811,0.3818378387772273,-0.9238831932004552,-0.02529249294969871,0.0,0.0,0.37699111843077515
23.153153153153152,0.3974710281065959,-0.9172660855042117,-0.02529249294969871,0.0,0.0,0.37699111843077515
23.1981981981982,0.4129895998307724,-0.9103844683604578,-0.02529249294969871,0.0,0.0,0.37699111843077515
23.243243243243242,0.4283890789027664,-0.9032403262018219,-0.02529249294969871,0.0,0.0,0.37699111843077515
23.28828828828829,0.4436650246180067,-0.8958357191645342,-0.02529249294969871,0.0,0.0,0.37699111843077515
23.333333333333332,0.4588130318948845,-0.8881727824943513,-0.02529249294969871,0.0,0.0,0.37699111843077515
23.37837837837838,0.47382873254504443,-0.8802537259308196,-0.02529249294969871,0.0,0.0,0.37699111843077515
23.423423423423422,0.48870779653301727,-0.8720808330700638,-0.02529249294969871,0.0,0.0,0.37699111843077515
23.46846846846847,0.503445933224869,-0.8636564607062661,-0.02529249294969871,0.0,0.0,0.37699111843077515
23.513513513513512,0.5180388926254702,-0.8549830381520499,-0.02529249294969871,0.0,0.0,0.37699111843077515
23.55855855855856,0.5324824666040644,-0.8460630665379409,-0.02529249294969871,0.0,0.0,0.37699111843077515
23.603603603603602,0.5467724901077448,-0.836899118091129,-0.02529249294969871,0.0,0.0,0.37699111843077515
23.64864864864865,0.5609048423625297,-0.8274938353937139,-0.02529249294969871,0.0,0.0,0.37699111843077515
23.693693693693692,0.5748754480616485,-0.8178499306206809,-0.02529249294969871,0.0,0.0,0.37699111843077515
23.73873873873874,0.5886802785407343,-0.8079701847577897,-0.02529249294969871,0.0,0.0,0.37699111843077515
23.783783783783782,0.6023153529395526,-0.7978574467996369,-0.02529249294969871,0.0,0.0,0.37699111843077515
23.82882882882883,0.6157767393499567,-0.7875146329280924,-0.02529249294969871,0.0,0.0,0.37699111843077515
23.873873873873872,0.629060555949714,-0.7769447256713758,-0.02529249294969871,0.0,0.0,0.37699111843077515
23.91891891891892,0.6421629721219037,-0.7661507730439846,-0.02529249294969871,0.0,0.0,0.37699111843077515
23.963963963963963,0.6550802095595338,-0.7551358876677557,-0.02529249294969871,0.0,0.0,0.37699111843077515
24.00900900900901,0.6678085433550884,-0.7439032458742786,-0.02529249294969871,0.0,0.0,0.37699111843077515
24.054054054054053,0.6803443030746604,-0.7324560867889536,-0.02529249294969871,0.0,0.0,0.37699111843077515
24.0990990990991,0.6926838738163931,-0.7207977113969272,-0.02529249294969871,0.0,0.0,0.37699111843077515
24.144144144144143,0.7048236972528902,-0.7089314815912034,-0.02529249294969871,0.0,0.0,0.37699111843077515
24.18918918918919,0.7167602726573306,-0.6968608192031764,-0.02529249294969871,0.0,0.0,0.37699111843077515
24.234234234234233,0.7284901579129531,-0.6845892050158942,-0.02529249294969871,0.0,0.0,0.37699111843077515
24.27927927927928,0.7400099705056589,-0.6721201777603076,-0.02529249294969871,0.0,0.0,0.37699111843077515
24.324324324324323,0.7513163884994096,-0.659457333094824,-0.02529249294969871,0.0,0.0,0.37699111843077515
24.36936936936937,0.762406151494173,-0.6466043225684299,-0.02529249294969871,0.0,0.0,0.37699111843077515
24.414414414414413,0.7732760615661068,-0.6335648525677111,-0.02529249294969871,0.0,0.0,0.37699111843077515
24.45945945945946,0.7839229841897426,-0.6203426832480446,-0.02529249294969871,0.0,0.0,0.37699111843077515
24.504504504504503,0.7943438491418741,-0.606941627449302,-0.02529249294969871,0.0,0.0,0.37699111843077515
24.54954954954955,0.8045356513869142,-0.5933655495963425,-0.02529249294969871,0.0,0.0,0.37699111843077515
24.594594594594593,0.8144954519434432,-0.5796183645846483,-0.02529249294969871,0.0,0.0,0.37699111843077515
24.63963963963964,0.8242203787317199,-0.5657040366513896,-0.02529249294969871,0.0,0.0,0.37699111843077515
24.684684684684683,0.8337076274018907,-0.5516265782322741,-0.02529249294969871,0.0,0.0,0.37699111843077515
24.72972972972973,0.8429544621426759,-0.5373900488044877,-0.02529249294969871,0.0,0.0,0.37699111843077515
24.774774774774773,0.8377754084296382,-0.5230488604518957,-0.15669159074587835,0.0,6.283185307179586,0.37699111843077515
24.81981981981982,0.7693326964670413,-0.5093110836528125,-0.3856545373972613,0.0,6.283185307179586,0.37699111843077515
24.864864864864863,0.6394547974717928,-0.49726857817972,-0.5863629619488029,0.0,6.283185307179586,0.37699111843077515
24.90990990990991,0.45851313209559363,-0.4878830002568722,-0.7427892606629322,0.0,6.283185307179586,0.37699111843077515
24.954954954954953,0.24095682632185353,-0.48190383672884074,-0.8424419861301224,0.0,6.283185307179586,0.37699111843077515
25.0,0.004158874170841171,-0.4798085546671926,-0.877363353824259,0.0,6.283185307179586,0.37699111843077515
25.045045045045043,-0.23297118555039398,-0.48176447316019055,-0.8447647122742924,0.0,6.283185307179586,0.37699111843077515
25.09009009009009,-0.4514972935310848,-0.4876154020199102,-0.7472492312789658,0.0,6.283185307179586,0.37699111843077515
25.135135135135133,-0.6339690120386485,-0.4968941143749822,-0.5926040253611005,0.0,6.283185307179586,0.37699111843077515
25.18018018018018,-0.7658150324492068,-0.5088596571480544,-0.39317831247656737,0.0,6.283185307179586,0.37699111843077515
25.225225225225223,-0.8365067694567578,-0.5225565199837388,-0.16489726521515718,0.0,6.283185307179586,0.37699111843077515
25.27027027027027,-0.8429817645957343,-0.5368920758860694,-0.033595288505136656,0.0,0.0,0.37699111843077515
25.315315315315313,-0.8337433818798609,-0.5511291407299412,-0.033595288505136656,0.0,0.0,0.37699111843077515
25.36036036036036,-0.8242645749241816,-0.5652072780098012,-0.033595288505136656,0.0,0.0,0.37699111843077515
25.405405405405403,-0.8145480771056659,-0.5791224280526985,-0.033595288505136656,0.0,0.0,0.37699111843077515
25.45045045045045,-0.804596690343526,-0.592870578185859,-0.033595288505136656,0.0,0.0,0.37699111843077515
25.495495495495494,-0.794413284291244,-0.6064477638938,-0.033595288505136656,0.0,0.0,0.37699111843077515
25.54054054054054,-0.7840007955090497,-0.6198500699615741,-0.033595288505136656,0.0,0.0,0.37699111843077515
25.585585585585584,-0.7733622266171205,-0.6330736316037813,-0.033595288505136656,0.0,0.0,0.37699111843077515
25.63063063063063,-0.7625006454297181,-0.6461146355790539,-0.033595288505136656,0.0,0.0,0.37699111843077515
25.675675675675674,-0.7514191840705371,-0.6589693212896626,-0.033595288505136656,0.0,0.0,0.37699111843077515
25.72072072072072,-0.7401210380694966,-0.6716339818659578,-0.033595288505136656,0.0,0.0,0.37699111843077515
25.765765765765764,-0.7286094654412606,-0.6841049652353,-0.033595288505136656,0.0,0.0,0.37699111843077515
25.81081081081081,-0.7168877857457289,-0.6963786751752072,-0.033595288505136656,0.0,0.0,0.37699111843077515
25.855855855855854,-0.7049593791307897,-0.7084515723503777,-0.033595288505136656,0.0,0.0,0.37699111843077515
25.9009009009009,-0.692827685357589,-0.7203201753333279,-0.033595288505136656,0.0,0.0,0.37699111843077515
25.945945945945944,-0.6804962028086246,-0.731981061608314,-0.033595288505136656,0.0,0.0,0.37699111843077515
25.99099099099099,-0.6679684874789186,-0.7434308685582789,-0.033595288505136656,0.0,0.0,0.37699111843077515
26.036036036036034,-0.6552481519505935,-0.754666294434515,-0.033595288505136656,0.0,0.0,0.37699111843077515
26.08108108108108,-0.6423388643511149,-0.7656840993087883,-0.033595288505136656,0.0,0.0,0.37699111843077515
26.126126126126124,-0.6292443472955301,-0.7764811060076171,-0.033595288505136656,0.0,0.0,0.37699111843077515
26.17117117117117,-0.615968376812981,-0.7870542010284751,-0.033595288505136656,0.0,0.0,0.37699111843077515
26.216216216216214,-0.6025147812578294,-0.7974003354376145,-0.033595288505136656,0.0,0.0,0.37699111843077515
26.26126126126126,-0.5888874402056768,-0.8075165257492851,-0.033595288505136656,0.0,0.0,0.37699111843077515
26.306306306306304,-0.5750902833346305,-0.8173998547860677,-0.033595288505136656,0.0,0.0,0.37699111843077515
26.35135135135135,-0.5611272892921045,-0.8270474725200996,-0.033595288505136656,0.0,0.0,0.37699111843077515
26.396396396396394,-0.547002484547518,-0.8364565968949214,-0.033595288505136656,0.0,0.0,0.37699111843077515
26.44144144144144,-0.5327199422311819,-0.8456245146277379,-0.033595288505136656,0.0,0.0,0.37699111843077515
26.486486486486484,-0.5182837809597541,-0.8545485819918333,-0.033595288505136656,0.0,0.0,0.37699111843077515
26.53153153153153,-0.5036981636485555,-0.8632262255789409,-0.033595288505136656,0.0,0.0,0.37699111843077515
26.576576576576574,-0.48896729631112856,-0.871654943041325,-0.033595288505136656,0.0,0.0,0.37699111843077515
26.62162162162162,-0.4740954268463558,-0.8798323038133815,-0.033595288505136656,0.0,0.0,0.37699111843077515
26.666666666666664,-0.45908684381351056,-0.887755949812526,-0.033595288505136656,0.0,0.0,0.37699111843077515
26.71171171171171,-0.4439458751955704,-0.8954235961191943,-0.033595288505136656,0.0,0.0,0.37699111843077515
26.756756756756754,-0.428676887151177,-0.9028330316357327,-0.033595288505136656,0.0,0.0,0.37699111843077515
26.8018018018018,-0.41328428275557044,-0.9099821197240114,-0.033595288505136656,0.0,0.0,0.37699111843077515
26.846846846846844,-0.39777250073089554,-0.9168687988215554,-0.033595288505136656,0.0,0.0,0.37699111843077515
26.89189189189189,-0.3821460141662114,-0.9234910830360354,-0.033595288505136656,0.0,0.0,0.37699111843077515
26.936936936936934,-0.3664093292276078,-0.9298470627179323,-0.033595288505136656,0.0,0.0,0.37699111843077515
26.98198198198198,-0.3505669838587654,-0.9359349050112191,-0.033595288505136656,0.0,0.0,0.37699111843077515
27.027027027027025,-0.3346235464723722,-0.9417528543818932,-0.033595288505136656,0.0,0.0,0.37699111843077515
27.07207207207207,-0.31858361463273244,-0.9472992331242189,-0.033595288505136656,0.0,0.0,0.37699111843077515
27.117117117117115,-0.3024518137299902,-0.9525724418445196,-0.033595288505136656,0.0,0.0,0.37699111843077515
27.16216216216216,-0.2862327956463083,-0.9575709599223914,-0.033595288505136656,0.0,0.0,0.37699111843077515
27.207207207207205,-0.2699312374144286,-0.9622933459492002,-0.033595288505136656,0.0,0.0,0.37699111843077515
27.25225225225225,-0.25355183986895846,-0.9667382381437377,-0.033595288505136656,0.0,0.0,0.37699111843077515
27.297297297297295,-0.2370993262908153,-0.9709043547449119,-0.033595288505136656,0.0,0.0,0.37699111843077515
27.34234234234234,-0.22057844104517615,-0.9747904943813681,-0.033595288505136656,0.0,0.0,0.37699111843077515
27.387387387387385,-0.2039939482133694,-0.978395536417922,-0.033595288505136656,0.0,0.0,0.37699111843077515
27.43243243243243,-0.1873506302190595,-0.981718441278717,-0.033595288505136656,0.0,0.0,0.37699111843077515
27.477477477477475,-0.1706532864491631,-0.9847582507470005,-0.033595288505136656,0.0,0.0,0.37699111843077515
27.52252252252252,-0.15390673186985265,-0.9875140882414455,-0.033595288505136656,0.0,0.0,0.37699111843077515
27.567567567567565,-0.13711579563808934,-0.9899851590689259,-0.033595288505136656,0.0,0.0,0.37699111843077515
27.61261261261261,-0.12028531970904136,-0.9921707506536801,-0.033595288505136656,0.0,0.0,0.37699111843077515
27.657657657657655,-0.10342015743983383,-0.9940702327427948,-0.033595288505136656,0.0,0.0,0.37699111843077515
27.7027027027027,-0.08652517218998927,-0.995683057587949,-0.033595288505136656,0.0,0.0,0.37699111843077515
27.747747747747745,-0.06960523591900464,-0.9970087601033677,-0.033595288505136656,0.0,0.0,0.37699111843077515
27.792792792792792,-0.05266522778142767,-0.9980469579999356,-0.033595288505136656,0.0,0.0,0.37699111843077515
27.837837837837835,-0.03571003271987913,-0.9987973518954385,-0.033595288505136656,0.0,0.0,0.37699111843077515
27.882882882882882,-0.018744540056385206,-0.9992597254008939,-0.033595288505136656,0.0,0.0,0.37699111843077515
27.927927927927925,-0.0017736420824679862,-0.9994339451829515,-0.033595288505136656,0.0,0.0,0.37699111843077515
27.972972972972972,0.015197767351641606,-0.9993199610023418,-0.033595288505136656,0.0,0.0,0.37699111843077515
28.018018018018015,0.03216479424821893,-0.9989178057283623,-0.033595288505136656,0.0,0.0,0.37699111843077515
28.063063063063062,0.04912254587332478,-0.9982275953294015,-0.033595288505136656,0.0,0.0,0.37699111843077515
28.108108108108105,0.06606613216769858,-0.9972495288394956,-0.033595288505136656,0.0,0.0,0.37699111843077515
28.153153153153152,0.08299066715690176,-0.9959838883009344,-0.033595288505136656,0.0,0.0,0.37699111843077515
28.198198198198195,0.09989127036026192,-0.9944310386829287,-0.033595288505136656,0.0,0.0,0.37699111843077515
28.243243243243242,0.11676306819825386,-0.9925914277763661,-0.033595288505136656,0.0,0.0,0.37699111843077515
28.288288288288285,0.1336011953978695,-0.9904655860646827,-0.033595288505136656,0.0,0.0,0.37699111843077515
28.333333333333332,0.15040079639561343,-0.988054126570888,-0.033595288505136656,0.0,0.0,0.37699111843077515
28.378378378378375,0.16715702673767785,-0.9853577446807911,-0.033595288505136656,0.0,0.0,0.37699111843077515
28.423423423423422,0.18386505447693466,-0.9823772179424715,-0.033595288505136656,0.0,0.0,0.37699111843077515
28.468468468468465,0.20052006156629945,-0.9791134058420627,-0.033595288505136656,0.0,0.0,0.37699111843077515
28.513513513513512,0.2171172452481095,-0.9755672495559025,-0.033595288505136656,0.0,0.0,0.37699111843077515
28.558558558558556,0.23365181943907026,-0.9717397716791305,-0.033595288505136656,0.0,0.0,0.37699111843077515
28.603603603603602,0.2501190161104161,-0.9676320759308021,-0.033595288505136656,0.0,0.0,0.37699111843077515
28.648648648648646,0.266514086662842,-0.9632453468356166,-0.033595288505136656,0.0,0.0,0.37699111843077515
28.693693693693692,0.28283230329585485,-0.9585808493823342,-0.033595288505136656,0.0,0.0,0.37699111843077515
28.738738738738736,0.2990689603711054,-0.9536399286589996,-0.033595288505136656,0.0,0.0,0.37699111843077515
28.783783783783782,0.3152193757693508,-0.948424009465058,-0.033595288505136656,0.0,0.0,0.37699111843077515
28.828828828828826,0.33127889224061297,-0.9429345959004942,-0.033595288505136656,0.0,0.0,0.37699111843077515
28.873873873873872,0.3472428787471882,-0.9371732709320946,-0.033595288505136656,0.0,0.0,0.37699111843077515
28.91891891891892,0.3631067317990757,-0.9311416959369769,-0.033595288505136656,0.0,0.0,0.37699111843077515
28.963963963963963,0.3788658767814792,-0.9248416102235004,-0.033595288505136656,0.0,0.0,0.37699111843077515
29.00900900900901,0.39451576927397797,-0.9182748305297048,-0.033595288505136656,0.0,0.0,0.37699111843077515
29.054054054054053,0.41005189636097983,-0.911443250499427,-0.033595288505136656,0.0,0.0,0.37699111843077515
29.0990990990991,0.4254697779331091,-0.9043488401362314,-0.033595288505136656,0.0,0.0,0.37699111843077515
29.144144144144143,0.4407649679791122,-0.8969936452353315,-0.033595288505136656,0.0,0.0,0.37699111843077515
29.18918918918919,0.45593305586795135,-0.8893797867936437,-0.033595288505136656,0.0,0.0,0.37699111843077515
29.234234234234233,0.47096966762067666,-0.8815094603981655,-0.033595288505136656,0.0,0.0,0.37699111843077515
29.27927927927928,0.4858704671717479,-0.8733849355928363,-0.033595288505136656,0.0,0.0,0.37699111843077515
29.324324324324323,0.5006311576194029,-0.8650085552240807,-0.033595288505136656,0.0,0.0,0.37699111843077515
29.36936936936937,0.5152474824647539,-0.8563827347652031,-0.033595288505136656,0.0,0.0,0.37699111843077515
29.414414414414413,0.5297152268392118,-0.8475099616198489,-0.033595288505136656,0.0,0.0,0.37699111843077515
29.45945945945946,0.5440302187199253,-0.8383927944047145,-0.033595288505136656,0.0,0.0,0.37699111843077515
29.504504504504503,0.558188330132847,-0.829033862211731,-0.033595288505136656,0.0,0.0,0.37699111843077515
29.54954954954955,0.5721854783431142,-0.8194358638499155,-0.033595288505136656,0.0,0.0,0.37699111843077515
29.594594594594593,0.5860176270323676,-0.8096015670671273,-0.033595288505136656,0.0,0.0,0.37699111843077515
29.63963963963964,0.5996807874627004,-0.7995338077519369,-0.033595288505136656,0.0,0.0,0.37699111843077515
29.684684684684683,0.6131710196268711,-0.789235489115852,-0.033595288505136656,0.0,0.0,0.37699111843077515
29.72972972972973,0.6264844333844835,-0.7787095808561226,-0.033595288505136656,0.0,0.0,0.37699111843077515
29.774774774774773,0.6396171895837619,-0.7679591182993828,-0.033595288505136656,0.0,0.0,0.37699111843077515
29.81981981981982,0.6525655011686506,-0.7569872015263555,-0.033595288505136656,0.0,0.0,0.37699111843077515
29.864864864864863,0.6653256342708651,-0.7457969944778986,-0.033595288505136656,0.0,0.0,0.37699111843077515
29.90990990990991,0.6778939092866254,-0.7343917240426203,-0.033595288505136656,0.0,0.0,0.37699111843077515
29.954954954954953,0.6902667019377253,-0.7227746791263585,-0.033595288505136656,0.0,0.0,0.37699111843077515
30.0,0.702440444316665,-0.7109492097037602,-0.033595288505136656,0.0,0.0,0.37699111843077515
30.045045045045043,0.7144116259155089,-0.6989187258522653,-0.033595288505136656,0.0,0.0,0.37699111843077515
30.09009009009009,0.7261767946382081,-0.686686696768747,-0.033595288505136656,0.0,0.0,0.37699111843077515
30.135135135135133,0.7377325577960652,-0.6742566497691147,-0.033595288505136656,0.0,0.0,0.37699111843077515
30.18018018018018,0.7490755830860827,-0.6616321692711444,-0.033595288505136656,0.0,0.0,0.37699111843077515
30.225225225225223,0.7602025995518809,-0.6488168957608593,-0.033595288505136656,0.0,0.0,0.37699111843077515
30.27027027027027,0.7606239265868633,-0.6358466933583903,-0.13095886701068488,0.0,6.283185307179586,0.37699111843077515
30.315315315315313,0.7043374576039743,-0.6233240058963784,-0.33967032471088765,0.0,6.283185307179586,0.37699111843077515
30.36036036036036,0.5918060069106701,-0.6122443967768428,-0.5243304767031427,0.0,6.283185307179586,0.37699111843077515
30.405405405405403,0.4320157917211167,-0.6034926299798347,-0.6701932566532847,0.0,6.283185307179586,0.37699111843077515
30.45045045045045,0.2377268855395621,-0.5977675792598529,-0.765610768652983,0.0,6.283185307179586,0.37699111843077515
30.495495495495494,0.02445426042487082,-0.595526419469038,-0.8029634318332282,0.0,6.283185307179586,0.37699111843077515
30.54054054054054,-0.19077116361525126,-0.5969481187853334,-0.7792684432283072,0.0,6.283185307179586,0.37699111843077515
30.585585585585584,-0.3907625254986825,-0.6019191471796602,-0.6964179699895293,0.0,6.283185307179586,0.37699111843077515
30.63063063063063,-0.559549482643307,-0.6100425423747723,-0.561028050070998,0.0,6.283185307179586,0.37699111843077515
30.675675675675674,-0.6836535252594165,-0.6206696093321707,-0.3839102674476887,0.0,6.283185307179586,0.37699111843077515
30.72072072072072,-0.753164304931264,-0.6329517218994344,-0.17920839132663263,0.0,6.283185307179586,0.37699111843077515
30.765765765765764,-0.7624191819257398,-0.6459040388519731,-0.039050782659581895,0.0,0.0,0.37699111843077515
30.81081081081081,-0.7513413084059484,-0.6587573716144987,-0.039050782659581895,0.0,0.0,0.37699111843077515
30.855855855855854,-0.7400467727010864,-0.6714207403620418,-0.039050782659581895,0.0,0.0,0.37699111843077515
30.9009009009009,-0.7285388317847232,-0.6838904933944882,-0.039050782659581895,0.0,0.0,0.37699111843077515
30.945945945945944,-0.7168208041694948,-0.6961630348441403,-0.039050782659581895,0.0,0.0,0.37699111843077515
30.99099099099099,-0.7048960689501471,-0.708234825712655,-0.039050782659581895,0.0,0.0,0.37699111843077515
31.036036036036034,-0.6927680648291188,-0.7201023848915676,-0.039050782659581895,0.0,0.0,0.37699111843077515
31.08108108108108,-0.6804402891249297,-0.7317622901661358,-0.039050782659581895,0.0,0.0,0.37699111843077515
31.126126126126124,-0.6679162967636727,-0.7432111792021883,-0.039050782659581895,0.0,0.0,0.37699111843077515
31.17117117117117,-0.6551996992538849,-0.7544457505157174,-0.039050782659581895,0.0,0.0,0.37699111843077515
31.216216216216214,-0.6422941636451138,-0.7654627644249127,-0.039050782659581895,0.0,0.0,0.37699111843077515
31.26126126126126,-0.6292034114704517,-0.7762590439843849,-0.039050782659581895,0.0,0.0,0.37699111843077515
31.306306306306304,-0.6159312176733762,-0.786831475901287,-0.039050782659581895,0.0,0.0,0.37699111843077515
31.35135135135135,-0.6024814095191735,-0.7971770114330923,-0.039050782659581895,0.0,0.0,0.37699111843077515
31.396396396396394,-0.5888578654912862,-0.807292667266743,-0.039050782659581895,0.0,0.0,0.37699111843077515
31.44144144144144,-0.5750645141728803,-0.8171755263789503,-0.039050782659581895,0.0,0.0,0.37699111843077515
31.486486486486484,-0.5611053331139781,-0.8268227388773586,-0.039050782659581895,0.0,0.0,0.37699111843077515
31.53153153153153,-0.5469843476844536,-0.8362315228223685,-0.039050782659581895,0.0,0.0,0.37699111843077515
31.576576576576574,-0.5327056299132589,-0.8453991650293502,-0.039050782659581895,0.0,0.0,0.37699111843077515
31.62162162162162,-0.5182732973141737,-0.8543230218510435,-0.039050782659581895,0.0,0.0,0.37699111843077515
31.666666666666664,-0.5036915116984586,-0.8630005199398926,-0.039050782659581895,0.0,0.0,0.37699111843077515
31.71171171171171,-0.48896447797471776,-0.8714291569901224,-0.039050782659581895,0.0,0.0,0.37699111843077515
31.756756756756754,-0.47409644293634856,-0.8796065024593129,-0.039050782659581895,0.0,0.0,0.37699111843077515
31.8018018018018,-0.45909169403689765,-0.8875301982692956,-0.039050782659581895,0.0,0.0,0.37699111843077515
31.846846846846844,-0.443954558153709,-0.8951979594861394,-0.039050782659581895,0.0,0.0,0.37699111843077515
31.89189189189189,-0.42868940034018455,-0.9026075749790583,-0.039050782659581895,0.0,0.0,0.37699111843077515
31.936936936936934,-0.4133006225670558,-0.909756908058019,-0.039050782659581895,0.0,0.0,0.37699111843077515
31.98198198198198,-0.39779266245299083,-0.9166438970899026,-0.039050782659581895,0.0,0.0,0.37699111843077515
32.027027027027025,-0.3821699919849397,-0.9232665560930033,-0.039050782659581895,0.0,0.0,0.37699111843077515
32.07207207207207,-0.36643711622855146,-0.9296229753097259,-0.039050782659581895,0.0,0.0,0.37699111843077515
32.11711711711712,-0.3505985720290641,-0.9357113217572954,-0.039050782659581895,0.0,0.0,0.37699111843077515
32.16216216216216,-0.3346589267030349,-0.9415298397563283,-0.039050782659581895,0.0,0.0,0.37699111843077515
32.207207207207205,-0.31862277672126277,-0.9470768514371135,-0.039050782659581895,0.0,0.0,0.37699111843077515
32.25225225225225,-0.3024947463833251,-0.9523507572234571,-0.039050782659581895,0.0,0.0,0.37699111843077515
32.2972972972973,-0.28627948648407775,-0.9573500362939447,-0.039050782659581895,0.0,0.0,0.37699111843077515
32.34234234234234,-0.26998167297252795,-0.9620732470204953,-0.039050782659581895,0.0,0.0,0.37699111843077515
32.387387387387385,-0.25360600560342883,-0.9665190273840853,-0.039050782659581895,0.0,0.0,0.37699111843077515
32.43243243243243,-0.23715720658203412,-0.9706860953675038,-0.039050782659581895,0.0,0.0,0.37699111843077515
32.47747747747748,-0.2206400192023653,-0.9745732493250494,-0.039050782659581895,0.0,0.0,0.37699111843077515
32.52252252252252,-0.20405920647940978,-0.9781793683290394,-0.039050782659581895,0.0,0.0,0.37699111843077515
32.567567567567565,-0.18741954977560926,-0.9815034124930553,-0.039050782659581895,0.0,0.0,0.37699111843077515
32.61261261261261,-0.17072584742208163,-0.9845444232718079,-0.039050782659581895,0.0,0.0,0.37699111843077515
32.65765765765766,-0.15398291333493463,-0.9873015237375513,-0.039050782659581895,0.0,0.0,0.37699111843077515
32.7027027027027,-0.13719557562710058,-0.9897739188329586,-0.039050782659581895,0.0,0.0,0.37699111843077515
32.747747747747745,-0.12036867521605164,-0.9919608956003942,-0.039050782659581895,0.0,0.0,0.37699111843077515
32.79279279279279,-0.1035070644278482,-0.9938618233875032,-0.039050782659581895,0.0,0.0,0.37699111843077515
32.83783783783784,-0.08661560559788206,-0.9954761540290735,-0.039050782659581895,0.0,0.0,0.37699111843077515
32.88288288288288,-0.06969916966874914,-0.9968034220051065,-0.039050782659581895,0.0,0.0,0.37699111843077515
32.927927927927925,-0.052762634785613334,-0.99784324457506,-0.039050782659581895,0.0,0.0,0.37699111843077515
32.97297297297297,-0.03581088488952014,-0.9985953218882178,-0.039050782659581895,0.0,0.0,0.37699111843077515
33.01801801801802,-0.018848808309023024,-0.9990594370701538,-0.039050782659581895,0.0,0.0,0.37699111843077515
33.06306306306306,-0.0018812963505604782,-0.9992354562852761,-0.039050782659581895,0.0,0.0,0.37699111843077515
33.108108108108105,0.015086758112052335,-0.9991233287754173,-0.039050782659581895,0.0,0.0,0.37699111843077515
33.15315315315315,0.03205046204855719,-0.9987230868744734,-0.039050782659581895,0.0,0.0,0.37699111843077515
33.1981981981982,0.049004923683247534,-0.9980348459990775,-0.039050782659581895,0.0,0.0,0.37699111843077515
33.24324324324324,0.06594525390558544,-0.9970588046153201,-0.039050782659581895,0.0,0.0,0.37699111843077515
33.288288288288285,0.08286656768007669,-0.9957952441815165,-0.039050782659581895,0.0,0.0,0.37699111843077515
33.33333333333333,0.09976398545494425,-0.9942445290670443,-0.039050782659581895,0.0,0.0,0.37699111843077515
33.37837837837838,0.1166326345692359,-0.9924071064472695,-0.039050782659581895,0.0,0.0,0.37699111843077515
33.42342342342342,0.13346765065792954,-0.9902835061745985,-0.039050782659581895,0.0,0.0,0.37699111843077515
33.468468468468465,0.15026417905467224,-0.9878743406256838,-0.039050782659581895,0.0,0.0,0.37699111843077515
33.51351351351351,0.1670173761916961,-0.9851803045248344,-0.039050782659581895,0.0,0.0,0.37699111843077515
33.55855855855856,0.18372241099654962,-0.982202174743682,-0.039050782659581895,0.0,0.0,0.37699111843077515
33.6036036036036,0.20037446628521013,-0.9789408100771573,-0.039050782659581895,0.0,0.0,0.37699111843077515
33.648648648648646,0.21696874015121717,-0.9753971509958379,-0.039050782659581895,0.0,0.0,0.37699111843077515
33.69369369369369,0.23350044735037437,-0.9715722193747507,-0.039050782659581895,0.0,0.0,0.37699111843077515
33.73873873873874,0.24996482068066234,-0.9674671181986954,-0.039050782659581895,0.0,0.0,0.37699111843077515
33.78378378378378,0.2663571123569327,-0.9630830312441814,-0.039050782659581895,0.0,0.0,0.37699111843077515
33.828828828828826,0.28267259538002903,-0.9584212227380626,-0.039050782659581895,0.0,0.0,0.37699111843077515
33.87387387387387,0.29890656489988804,-0.9534830369929781,-0.039050782659581895,0.0,0.0,0.37699111843077515
33.91891891891892,0.31505433957226936,-0.9482698980196964,-0.039050782659581895,0.0,0.0,0.37699111843077515
33.96396396396396,0.3311112629086914,-0.9427833091164775,-0.039050782659581895,0.0,0.0,0.37699111843077515
34.009009009009006,0.3470727046192249,-0.9370248524355693,-0.039050782659581895,0.0,0.0,0.37699111843077515
34.05405405405405,0.36293406194770705,-0.930996188526968,-0.039050782659581895,0.0,0.0,0.37699111843077515
34.0990990990991,0.3786907609990292,-0.9246990558595698,-0.039050782659581895,0.0,0.0,0.37699111843077515
34.14414414414414,0.39433825805808975,-0.918135270319856,-0.039050782659581895,0.0,0.0,0.37699111843077515
34.189189189189186,0.40987204090006624,-0.9113067246882458,-0.039050782659581895,0.0,0.0,0.37699111843077515
34.23423423423423,0.4252876300915833,-0.9042153880932835,-0.039050782659581895,0.0,0.0,0.37699111843077515
34.27927927927928,0.44058058028243985,-0.8968633054438073,-0.039050782659581895,0.0,0.0,0.37699111843077515
34.32432432432432,0.45574648148749175,-0.8892525968392639,-0.039050782659581895,0.0,0.0,0.37699111843077515
34.369369369369366,0.4707809603583616,-0.8813854569583401,-0.039050782659581895,0.0,0.0,0.37699111843077515
34.41441441441441,0.48567968144456,-0.87326415442609,-0.039050782659581895,0.0,0.0,0.37699111843077515
34.45945945945946,0.5004383484436906,-0.8648910311597375,-0.039050782659581895,0.0,0.0,0.37699111843077515
34.5045045045045,0.5150527054403546,-0.85626850169335,-0.039050782659581895,0.0,0.0,0.37699111843077515
34.549549549549546,0.52951853813343,-0.8473990524815556,-0.039050782659581895,0.0,0.0,0.37699111843077515
34.5945945945946,0.543831675051333,-0.8382852411825374,-0.039050782659581895,0.0,0.0,0.37699111843077515
34.63963963963964,0.5579879887549238,-0.8289296959204915,-0.039050782659581895,0.0,0.0,0.37699111843077515
34.68468468468468,0.5719833970277404,-0.8193351145277554,-0.039050782659581895,0.0,0.0,0.37699111843077515
34.729729729729726,0.5858138640531656,-0.8095042637668457,-0.039050782659581895,0.0,0.0,0.37699111843077515
34.77477477477478,0.5994754015782302,-0.7994399785326123,-0.039050782659581895,0.0,0.0,0.37699111843077515
34.81981981981982,0.6129640700636831,-0.789145161034754,-0.039050782659581895,0.0,0.0,0.37699111843077515
34.86486486486486,0.6262759798200408,-0.7786227799609071,-0.039050782659581895,0.0,0.0,0.37699111843077515
34.909909909909906,0.6394072921292356,-0.7678758696205794,-0.039050782659581895,0.0,0.0,0.37699111843077515
34.95495495495496,0.652354220351582,-0.7569075290701517,-0.039050782659581895,0.0,0.0,0.37699111843077515
35.0,0.6651130310177089,-0.745720921219218,-0.039050782659581895,0.0,0.0,0.37699111843077515
35.04504504504504,0.6776800449051844,-0.7343192719184957,-0.039050782659581895,0.0,0.0,0.37699111843077515
35.09009009009009,0.6900516380994731,-0.7227058690296055,-0.039050782659581895,0.0,0.0,0.37699111843077515
35.13513513513514,0.702224243038958,-0.7108840614769516,-0.039050782659581895,0.0,0.0,0.37699111843077515
35.18018018018018,0.7141943495437006,-0.6988572582820138,-0.039050782659581895,0.0,0.0,0.37699111843077515
35.22522522522522,0.725958505827676,-0.6866289275802844,-0.039050782659581895,0.0,0.0,0.37699111843077515
35.27027027027027,0.7375133194941423,-0.6742025956211786,-0.039050782659581895,0.0,0.0,0.37699111843077515
35.31531531531532,0.7488554585139042,-0.6615818457511764,-0.039050782659581895,0.0,0.0,0.37699111843077515
35.36036036036036,0.7599816521861509,-0.6487703173805124,-0.039050782659581895,0.0,0.0,0.37699111843077515
35.4054054054054,0.7708886920816318,-0.635771704933676,-0.039050782659581895,0.0,0.0,0.37699111843077515
35.45045045045045,0.7815734329678542,-0.6225897567840681,-0.039050782659581895,0.0,0.0,0.37699111843077515
35.4954954954955,0.7920327937160682,-0.6092282741730904,-0.039050782659581895,0.0,0.0,0.37699111843077515
35.54054054054054,0.8022637581897575,-0.595691110113999,-0.039050782659581895,0.0,0.0,0.37699111843077515
35.585585585585584,0.8122633761144034,-0.5819821682808097,-0.039050782659581895,0.0,0.0,0.37699111843077515
35.63063063063063,0.8220287639282405,-0.5681054018826168,-0.039050782659581895,0.0,0.0,0.37699111843077515
35.67567567567568,0.8315571056137859,-0.5540648125236105,-0.039050782659581895,0.0,0.0,0.37699111843077515
35.72072072072072,0.8408456535098779,-0.5398644490491546,-0.039050782659581895,0.0,0.0,0.37699111843077515
35.765765765765764,0.8418735168716066,-0.5255281271900067,-0.12275654411201092,0.0,6.283185307179586,0.37699111843077515
35.81081081081081,0.7827850584217231,-0.5116403266032945,-0.3542198872238825,0.0,6.283185307179586,0.37699111843077515
35.85585585585586,0.6611871723973098,-0.4992970572546888,-0.5599410430339822,0.0,6.283185307179586,0.37699111843077515
35.9009009009009,0.48679007767378996,-0.48948399291642225,-0.7234921153384228,0.0,6.283185307179586,0.37699111843077515
35.945945945945944,0.273520282485484,-0.48298475742997743,-0.8318127067791703,0.0,6.283185307179586,0.37699111843077515
35.99099099099099,0.03840848085589876,-0.48031834829736153,-0.876252858989435,0.0,6.283185307179586,0.37699111843077515
36.03603603603604,-0.19977043623086943,-0.48169769205155644,-0.8532637964195208,0.0,6.283185307179586,0.37699111843077515
36.08108108108108,-0.42199665278920795,-0.4870126409737524,-0.7646813143829235,0.0,6.283185307179586,0.37699111843077515
36.126126126126124,-0.6105242583170845,-0.4958387689572678,-0.6175791813243339,0.0,6.283185307179586,0.37699111843077515
36.17117117117117,-0.7502983503521288,-0.5074712641230139,-0.4237042618952316,0.0,6.283185307179586,0.37699111843077515
36.21621621621622,-0.8301572461452247,-0.5209812116862116,-0.19853846917527196,0.0,6.283185307179586,0.37699111843077515
36.26126126126126,-0.8444342284163724,-0.5352897828193157,-0.01989176432627643,0.0,0.0,0.37699111843077515
36.306306306306304,-0.8352228444422669,-0.5495517426354617,-0.01989176432627643,0.0,0.0,0.37699111843077515
36.35135135135135,-0.8257706095998885,-0.5636552297574575,-0.01989176432627643,0.0,0.0,0.37699111843077515
36.3963963963964,-0.816080249603677,-0.5775961772022937,-0.01989176432627643,0.0,0.0,0.37699111843077515
36.44144144144144,-0.8061545588355596,-0.5913705648580654,-0.01989176432627643,0.0,0.0,0.37699111843077515
36.486486486486484,-0.795996399539133,-0.6049744206432532,-0.01989176432627643,0.0,0.0,0.37699111843077515
36.53153153153153,-0.7856087009942926,-0.6184038216521328,-0.01989176432627643,0.0,0.0,0.37699111843077515
36.57657657657658,-0.7749944586725221,-0.6316548952860157,-0.01989176432627643,0.0,0.0,0.37699111843077515
36.62162162162162,-0.7641567333731023,-0.6447238203699728,-0.01989176432627643,0.0,0.0,0.37699111843077515
36.666666666666664,-0.7530986503404681,-0.6576068282547465,-0.01989176432627643,0.0,0.0,0.37699111843077515
36.71171171171171,-0.7418233983629995,-0.6703002039034995,-0.01989176432627643,0.0,0.0,0.37699111843077515
36.75675675675676,-0.7303342288534713,-0.6828002869631113,-0.01989176432627643,0.0,0.0,0.37699111843077515
36.8018018018018,-0.7186344549114643,-0.6951034728196981,-0.01989176432627643,0.0,0.0,0.37699111843077515
36.846846846846844,-0.7067274503679621,-0.7072062136380741,-0.01989176432627643,0.0,0.0,0.37699111843077515
36.89189189189189,-0.6946166488124577,-0.7191050193848272,-0.01989176432627643,0.0,0.0,0.37699111843077515
36.93693693693694,-0.6823055426028142,-0.73079645883473,-0.01989176432627643,0.0,0.0,0.37699111843077515
36.98198198198198,-0.6697976818581926,-0.742277160560187,-0.01989176432627643,0.0,0.0,0.37699111843077515
37.027027027027025,-0.6570966734352995,-0.7535438139034554,-0.01989176432627643,0.0,0.0,0.37699111843077515
37.07207207207207,-0.6442061798882995,-0.7645931699313206,-0.01989176432627643,0.0,0.0,0.37699111843077515
37.11711711711712,-0.6311299184126482,-0.7754220423719884,-0.01989176432627643,0.0,0.0,0.37699111843077515
37.16216216216216,-0.6178716597731827,-0.7860273085338922,-0.01989176432627643,0.0,0.0,0.37699111843077515
37.207207207207205,-0.6044352272167468,-0.7964059102061851,-0.01989176432627643,0.0,0.0,0.37699111843077515
37.25225225225225,-0.5908244953696978,-0.8065548545406223,-0.01989176432627643,0.0,0.0,0.37699111843077515
37.2972972972973,-0.5770433891205892,-0.8164712149146023,-0.01989176432627643,0.0,0.0,0.37699111843077515
37.34234234234234,-0.5630958824883685,-0.8261521317751033,-0.01989176432627643,0.0,0.0,0.37699111843077515
37.387387387387385,-0.5489859974763888,-0.8355948134632936,-0.01989176432627643,0.0,0.0,0.37699111843077515
37.43243243243243,-0.5347178029126028,-0.8447965370195478,-0.01989176432627643,0.0,0.0,0.37699111843077515
37.47747747747748,-0.5202954132762432,-0.8537546489686632,-0.01989176432627643,0.0,0.0,0.37699111843077515
37.52252252252252,-0.505722987511348,-0.8624665660850273,-0.01989176432627643,0.0,0.0,0.37699111843077515
37.567567567567565,-0.49100472782744803,-0.8709297761375452,-0.01989176432627643,0.0,0.0,0.37699111843077515
37.61261261261261,-0.4761448784877929,-0.8791418386140804,-0.01989176432627643,0.0,0.0,0.37699111843077515
37.65765765765766,-0.46114772458544234,-0.887100385425218,-0.01989176432627643,0.0,0.0,0.37699111843077515
37.7027027027027,-0.44601759080759423,-0.8948031215871399,-0.01989176432627643,0.0,0.0,0.37699111843077515
37.747747747747745,-0.4307588401884732,-0.902247825883433,-0.01989176432627643,0.0,0.0,0.37699111843077515
37.79279279279279,-0.4153758728511843,-0.9094323515056064,-0.01989176432627643,0.0,0.0,0.37699111843077515
37.83783783783784,-0.39987312473885583,-0.9163546266721654,-0.01989176432627643,0.0,0.0,0.37699111843077515
37.88288288288288,-0.38425506633547013,-0.9230126552260394,-0.01989176432627643,0.0,0.0,0.37699111843077515
37.927927927927925,-0.368526201376707,-0.9294045172102159,-0.01989176432627643,0.0,0.0,0.37699111843077515
37.97297297297297,-0.3526910655512243,-0.9355283694213883,-0.01989176432627643,0.0,0.0,0.37699111843077515
38.01801801801802,-0.3367542251927088,-0.941382445941477,-0.01989176432627643,0.0,0.0,0.37699111843077515
38.06306306306306,-0.320720275963106,-0.9469650586468588,-0.01989176432627643,0.0,0.0,0.37699111843077515
38.108108108108105,-0.30459384152736646,-0.9522745976951719,-0.01989176432627643,0.0,0.0,0.37699111843077515
38.15315315315315,-0.2883795722201424,-0.9573095319895375,-0.01989176432627643,0.0,0.0,0.37699111843077515
38.1981981981982,-0.2720821437047791,-0.9620684096200807,-0.01989176432627643,0.0,0.0,0.37699111843077515
38.24324324324324,-0.2557062556250174,-0.9665498582826098,-0.01989176432627643,0.0,0.0,0.37699111843077515
38.288288288288285,-0.23925663024975416,-0.9707525856743479,-0.01989176432627643,0.0,0.0,0.37699111843077515
38.33333333333333,-0.22273801111130648,-0.9746753798665889,-0.01989176432627643,0.0,0.0,0.37699111843077515
38.37837837837838,-0.20615516163752654,-0.9783171096541778,-0.01989176432627643,0.0,0.0,0.37699111843077515
38.42342342342342,-0.1895128637781959,-0.9816767248817129,-0.01989176432627643,0.0,0.0,0.37699111843077515
38.468468468468465,-0.17281591662605245,-0.9847532567463777,-0.01989176432627643,0.0,0.0,0.37699111843077515
38.51351351351351,-0.15606913503289987,-0.9875458180773097,-0.01989176432627643,0.0,0.0,0.37699111843077515
38.55855855855856,-0.13927734822115728,-0.9900536035914331,-0.01989176432627643,0.0,0.0,0.37699111843077515
38.6036036036036,-0.1224453983912803,-0.9922758901256752,-0.01989176432627643,0.0,0.0,0.37699111843077515
38.648648648648646,-0.10557813932541338,-0.9942120368455032,-0.01989176432627643,0.0,0.0,0.37699111843077515
38.69369369369369,-0.08868043498772904,-0.9958614854297201,-0.01989176432627643,0.0,0.0,0.37699111843077515
38.73873873873874,-0.0717571581218147,-0.9972237602314653,-0.01989176432627643,0.0,0.0,0.37699111843077515
38.78378378378378,-0.05481318884554397,-0.9982984684153757,-0.01989176432627643,0.0,0.0,0.37699111843077515
38.828828828828826,-0.03785341324379482,-0.9990853000708683,-0.01989176432627643,0.0,0.0,0.37699111843077515
38.87387387387387,-0.02088272195947362,-0.9995840283015058,-0.01989176432627643,0.0,0.0,0.37699111843077515
38.91891891891892,-0.003906008783208796,-0.999794509290428,-0.01989176432627643,0.0,0.0,0.37699111843077515
38.96396396396396,0.0130718307578471,-0.9997166823418222,-0.01989176432627643,0.0,0.0,0.37699111843077515
39.009009009009006,0.030045900811742902,-0.9993505698984282,-0.01989176432627643,0.0,0.0,0.37699111843077515
39.05405405405405,0.04701130661352116,-0.9986962775350628,-0.01989176432627643,0.0,0.0,0.37699111843077515
39.0990990990991,0.06396315589671327,-0.9977539939281805,-0.01989176432627643,0.0,0.0,0.37699111843077515
39.14414414414414,0.08089656030409781,-0.9965239908014597,-0.01989176432627643,0.0,0.0,0.37699111843077515
39.189189189189186,0.09780663679735828,-0.995006622847452,-0.01989176432627643,0.0,0.0,0.37699111843077515
39.23423423423423,0.11468850906518097,-0.9932023276252967,-0.01989176432627643,0.0,0.0,0.37699111843077515
39.27927927927928,0.13153730892942792,-0.9911116254345449,-0.01989176432627643,0.0,0.0,0.37699111843077515
39.32432432432432,0.14834817774894954,-0.9887351191651219,-0.01989176432627643,0.0,0.0,0.37699111843077515
39.369369369369366,0.16511626782067307,-0.9860734941234728,-0.01989176432627643,0.0,0.0,0.37699111843077515
39.41441441441441,0.18183674377751077,-0.9831275178349419,-0.01989176432627643,0.0,0.0,0.37699111843077515
39.45945945945946,0.1985047839827259,-0.9798980398224466,-0.01989176432627643,0.0,0.0,0.37699111843077515
39.5045045045045,0.2151155819203249,-0.9763859913615014,-0.01989176432627643,0.0,0.0,0.37699111843077515
39.549549549549546,0.2316643475811137,-0.9725923852116664,-0.01989176432627643,0.0,0.0,0.37699111843077515
39.59459459459459,0.2481463088439696,-0.9685183153245039,-0.01989176432627643,0.0,0.0,0.37699111843077515
39.63963963963964,0.2645567128519691,-0.9641649565281154,-0.01989176432627643,0.0,0.0,0.37699111843077515
39.68468468468468,0.2808908273829457,-0.9595335641883643,-0.01989176432627643,0.0,0.0,0.37699111843077515
39.729729729729726,0.29714394221412344,-0.9546254738468648,-0.01989176432627643,0.0,0.0,0.37699111843077515
39.77477477477477,0.31331137048037944,-0.9494421008358581,-0.01989176432627643,0.0,0.0,0.37699111843077515
39.81981981981982,0.3293884500257883,-0.9439849398700755,-0.01989176432627643,0.0,0.0,0.37699111843077515
39.86486486486486,0.34537054474802353,-0.9382555646157155,-0.01989176432627643,0.0,0.0,0.37699111843077515
39.909909909909906,0.36125304593527324,-0.932255627236644,-0.01989176432627643,0.0,0.0,0.37699111843077515
39.95495495495495,0.37703137359523187,-0.9259868579179694,-0.01989176432627643,0.0,0.0,0.37699111843077515
40.0,0.3927009777758237,-0.9194510643671109,-0.01989176432627643,0.0,0.0,0.37699111843077515
40.04504504504504,0.40825733987725016,-0.9126501312925194,-0.01989176432627643,0.0,0.0,0.37699111843077515
40.09009009009009,0.42369597395502084,-0.9055860198601827,-0.01989176432627643,0.0,0.0,0.37699111843077515
40.13513513513513,0.43901242801354295,-0.8982607671280957,-0.01989176432627643,0.0,0.0,0.37699111843077515
40.18018018018018,0.45420228528993534,-0.8906764854588343,-0.01989176432627643,0.0,0.0,0.37699111843077515
40.22522522522522,0.4692611655276681,-0.882835361910427,-0.01989176432627643,0.0,0.0,0.37699111843077515
40.27027027027027,0.4841847262397006,-0.8747396576056707,-0.01989176432627643,0.0,0.0,0.37699111843077515
40.31531531531531,0.498968663960701,-0.8663917070801019,-0.01989176432627643,0.0,0.0,0.37699111843077515
40.36036036036036,0.5136087154880304,-0.8577939176087901,-0.01989176432627643,0.0,0.0,0.37699111843077515
40.4054054054054,0.5281006591111006,-0.8489487685121647,-0.01989176432627643,0.0,0.0,0.37699111843077515
40.45045045045045,0.5424403158287909,-0.8398588104410537,-0.01989176432627643,0.0,0.0,0.37699111843077515
40.4954954954955,0.556623550554529,-0.8305266646411601,-0.01989176432627643,0.0,0.0,0.37699111843077515
40.54054054054054,0.5706462733087061,-0.8209550221971881,-0.01989176432627643,0.0,0.0,0.37699111843077515
40.585585585585584,0.5845044403981074,-0.8111466432568127,-0.01989176432627643,0.0,0.0,0.37699111843077515
40.63063063063063,0.5981940555819711,-0.8011043562347502,-0.01989176432627643,0.0,0.0,0.37699111843077515
40.67567567567568,0.6117111712243783,-0.7908310569971314,-0.01989176432627643,0.0,0.0,0.37699111843077515
40.72072072072072,0.6250518894326105,-0.7803297080264369,-0.01989176432627643,0.0,0.0,0.37699111843077515
40.765765765765764,0.6382123631811909,-0.7696033375672043,-0.01989176432627643,0.0,0.0,0.37699111843077515
40.81081081081081,0.6511887974212283,-0.7586550387527882,-0.01989176432627643,0.0,0.0,0.37699111843077515
40.85585585585586,0.6639774501747915,-0.7474879687133981,-0.01989176432627643,0.0,0.0,0.37699111843077515
40.9009009009009,0.6765746336139629,-0.7361053476656938,-0.01989176432627643,0.0,0.0,0.37699111843077515
40.945945945945944,0.6889767151243,-0.7245104579841688,-0.01989176432627643,0.0,0.0,0.37699111843077515
40.99099099099099,0.7011801183523534,-0.7127066432546284,-0.01989176432627643,0.0,0.0,0.37699111843077515
41.03603603603604,0.7131813242369751,-0.700697307310007,-0.01989176432627643,0.0,0.0,0.37699111843077515
41.08108108108108,0.724976872024093,-0.6884859132488204,-0.01989176432627643,0.0,0.0,0.37699111843077515
41.126126126126124,0.7365633602646879,-0.67607598243651,-0.01989176432627643,0.0,0.0,0.37699111843077515
41.17117117117117,0.747937447795654,-0.6634710934900063,-0.01989176432627643,0.0,0.0,0.37699111843077515
41.21621621621622,0.7590958547032836,-0.6506748812457666,-0.01989176432627643,0.0,0.0,0.37699111843077515
41.26126126126126,0.7667068082068891,-0.637696742009424,-0.0741858172407941,0.0,6.283185307179586,0.37699111843077515
41.306306306306304,0.7260623014458987,-0.624936350360293,-0.2868590113929763,0.0,6.283185307179586,0.37699111843077515
41.35135135135135,0.6274379720522177,-0.6133664475030061,-0.47969072568109483,0.0,6.283185307179586,0.37699111843077515
41.3963963963964,0.4787094818170003,-0.6039109499034169,-0.6372823523409101,0.0,6.283185307179586,0.37699111843077515
41.44144144144144,0.2917535684074224,-0.5973249278532053,-0.7470493865110992,0.0,6.283185307179586,0.37699111843077515
41.486486486486484,0.08149962655726833,-0.5941343092094777,-0.8002263639065588,0.0,6.283185307179586,0.37699111843077515
41.53153153153153,-0.1352624811665448,-0.5945938813405955,-0.7925668283879316,0.0,6.283185307179586,0.37699111843077515
41.57657657657658,-0.3412231815576069,-0.5986669450396238,-0.7246824334041337,0.0,6.283185307179586,0.37699111843077515
41.62162162162162,-0.5199354495407358,-0.606028245145439,-0.6019940983072181,0.0,6.283185307179586,0.37699111843077515
41.666666666666664,-0.6571281880223506,-0.6160899438462846,-0.43429911995979353,0.0,6.283185307179586,0.37699111843077515
41.71171171171171,-0.7418458486592634,-0.6280485625633982,-0.23498880800789762,0.0,6.283185307179586,0.37699111843077515
41.75675675675676,-0.7657834791350091,-0.6409468890971732,-0.05256185347229081,0.0,0.0,0.37699111843077515
41.8018018018018,-0.7547892967375104,-0.6538580649421992,-0.05256185347229081,0.0,0.0,0.37699111843077515
41.846846846846844,-0.7435774578682192,-0.6665806895715627,-0.05256185347229081,0.0,0.0,0.37699111843077515
41.89189189189189,-0.7321511956536523,-0.6791110941976952,-0.05256185347229081,0.0,0.0,0.37699111843077515
41.93693693693694,-0.7205138050529843,-0.6914456654629728,-0.05256185347229081,0.0,0.0,0.37699111843077515
41.98198198198198,-0.7086686419078955,-0.7035808464816833,-0.05256185347229081,0.0,0.0,0.37699111843077515
42.027027027027025,-0.6966191219748462,-0.715513137865726,-0.05256185347229081,0.0,0.0,0.37699111843077515
42.07207207207207,-0.6843687199400922,-0.7272390987337125,-0.05256185347229081,0.0,0.0,0.37699111843077515
42.11711711711712,-0.6719209684176959,-0.7387553477032087,-0.05256185347229081,0.0,0.0,0.37699111843077515
42.16216216216216,-0.6592794569308424,-0.7500585638658064,-0.05256185347229081,0.0,0.0,0.37699111843077515
42.207207207207205,-0.64644783087673,-0.7611454877447763,-0.05256185347229081,0.0,0.0,0.37699111843077515
42.25225225225225,-0.6334297904753613,-0.7720129222349856,-0.05256185347229081,0.0,0.0,0.37699111843077515
42.2972972972973,-0.6202290897025208,-0.782657733524843,-0.05256185347229081,0.0,0.0,0.37699111843077515
42.34234234234234,-0.6068495352072578,-0.7930768519999793,-0.05256185347229081,0.0,0.0,0.37699111843077515
42.387387387387385,-0.5932949852141601,-0.8032672731284347,-0.05256185347229081,0.0,0.0,0.37699111843077515
42.43243243243243,-0.57956934841078,-0.8132260583270594,-0.05256185347229081,0.0,0.0,0.37699111843077515
42.47747747747748,-0.5656765828204904,-0.8229503358089085,-0.05256185347229081,0.0,0.0,0.37699111843077515
42.52252252252252,-0.5516206946611295,-0.8324373014113646,-0.05256185347229081,0.0,0.0,0.37699111843077515
42.567567567567565,-0.5374057371897274,-0.8416842194047762,-0.05256185347229081,0.0,0.0,0.37699111843077515
42.61261261261261,-0.5230358095336873,-0.8506884232813454,-0.05256185347229081,0.0,0.0,0.37699111843077515
42.65765765765766,-0.5085150555087279,-0.8594473165240657,-0.05256185347229081,0.0,0.0,0.37699111843077515
42.7027027027027,-0.4938476624239507,-0.867958373355463,-0.05256185347229081,0.0,0.0,0.37699111843077515
42.747747747747745,-0.4790378598743452,-0.8762191394659609,-0.05256185347229081,0.0,0.0,0.37699111843077515
42.79279279279279,-0.4640899185211209,-0.8842272327216132,-0.05256185347229081,0.0,0.0,0.37699111843077515
42.83783783783784,-0.4490081488601839,-0.8919803438510365,-0.05256185347229081,0.0,0.0,0.37699111843077515
42.88288288288288,-0.4337968999791415,-0.899476237111325,-0.05256185347229081,0.0,0.0,0.37699111843077515
42.927927927927925,-0.4184605583031532,-0.9067127509327717,-0.05256185347229081,0.0,0.0,0.37699111843077515
42.97297297297297,-0.40300354633003904,-0.9136877985421901,-0.05256185347229081,0.0,0.0,0.37699111843077515
43.01801801801802,-0.3874303213549711,-0.9203993685646714,-0.05256185347229081,0.0,0.0,0.37699111843077515
43.06306306306306,-0.37174537418514697,-0.9268455256035966,-0.05256185347229081,0.0,0.0,0.37699111843077515
43.108108108108105,-0.3559532278447725,-0.9330244107987469,-0.05256185347229081,0.0,0.0,0.37699111843077515
43.15315315315315,-0.34005843627078003,-0.938934242362335,-0.05256185347229081,0.0,0.0,0.37699111843077515
43.1981981981982,-0.3240655829996171,-0.944573316092816,-0.05256185347229081,0.0,0.0,0.37699111843077515
43.24324324324324,-0.3079792798455155,-0.949940005866317,-0.05256185347229081,0.0,0.0,0.37699111843077515
43.288288288288285,-0.29180416557058036,-0.9550327641055663,-0.05256185347229081,0.0,0.0,0.37699111843077515
43.33333333333333,-0.2755449045471326,-0.9598501222261595,-0.05256185347229081,0.0,0.0,0.37699111843077515
43.37837837837838,-0.2592061854126522,-0.9643906910600513,-0.05256185347229081,0.0,0.0,0.37699111843077515
43.42342342342342,-0.24279271971773997,-0.9686531612561458,-0.05256185347229081,0.0,0.0,0.37699111843077515
43.468468468468465,-0.22630924056744461,-0.9726363036578722,-0.05256185347229081,0.0,0.0,0.37699111843077515
43.51351351351351,-0.20976050125640094,-0.9763389696576312,-0.05256185347229081,0.0,0.0,0.37699111843077515
43.55855855855856,-0.19315127389813108,-0.9797600915280187,-0.05256185347229081,0.0,0.0,0.37699111843077515
43.6036036036036,-0.17648634804893293,-0.9828986827297173,-0.05256185347229081,0.0,0.0,0.37699111843077515
43.648648648648646,-0.15977052932671443,-0.9857538381959892,-0.05256185347229081,0.0,0.0,0.37699111843077515
43.69369369369369,-0.143008638025221,-0.9883247345936628,-0.05256185347229081,0.0,0.0,0.37699111843077515
43.73873873873874,-0.12620550772401595,-0.9906106305605575,-0.05256185347229081,0.0,0.0,0.37699111843077515
43.78378378378378,-0.10936598389464514,-0.9926108669192668,-0.05256185347229081,0.0,0.0,0.37699111843077515
43.828828828828826,-0.09249492250334589,-0.9943248668672438,-0.05256185347229081,0.0,0.0,0.37699111843077515
43.87387387387387,-0.07559718861075679,-0.9957521361431325,-0.05256185347229081,0.0,0.0,0.37699111843077515
43.91891891891892,-0.05867765496898777,-0.9968922631692969,-0.05256185347229081,0.0,0.0,0.37699111843077515
43.96396396396396,-0.041741200616489504,-0.9977449191705048,-0.05256185347229081,0.0,0.0,0.37699111843077515
44.009009009009006,-0.02479270947108246,-0.9983098582687372,-0.05256185347229081,0.0,0.0,0.37699111843077515
44.05405405405405,-0.00783706892160596,-0.9985869175540913,-0.05256185347229081,0.0,0.0,0.37699111843077515
44.0990990990991,0.009120831581449725,-0.9985760171317584,-0.05256185347229081,0.0,0.0,0.37699111843077515
44.14414414414414,0.026076101935889842,-0.9982771601450631,-0.05256185347229081,0.0,0.0,0.37699111843077515
44.189189189189186,0.043023852797976256,-0.9976904327745566,-0.05256185347229081,0.0,0.0,0.37699111843077515
44.23423423423423,0.05995919699234302,-0.9968160042131631,-0.05256185347229081,0.0,0.0,0.37699111843077515
44.27927927927928,0.07676211164925656,-0.9692293096719331,-0.23388485091582978,6.283185307179586,0.0,0.37699111843077515
44.32432432432432,0.09243222155346945,-0.8639319798145335,-0.49505334931937806,6.283185307179586,0.0,0.37699111843077515
44.369369369369366,0.1057124089729728,-0.6896452218369796,-0.7163898063111006,6.283185307179586,0.0,0.37699111843077515
44.41441441441441,0.1155421823912971,-0.4602867330148933,-0.8802193632831726,6.283185307179586,0.0,0.37699111843077515
44.45945945945946,0.12113658366066546,-0.1941719726066499,-0.973459384439312,6.283185307179586,0.0,0.37699111843077515
44.5045045045045,0.12207266458152391,0.0594353702007292,-0.9907399766492551,0.0,0.0,0.37699111843077515
44.549549549549546,0.12104580560709065,0.0614996879167805,-0.9907399766492551,0.0,0.0,0.37699111843077515
44.59459459459459,0.1199840409933119,0.0635462711403765,-0.9907399766492551,0.0,0.0,0.37699111843077515
44.63963963963964,0.11888767691827011,0.06557452970405539,-0.9907399766492551,0.0,0.0,0.37699111843077515
44.68468468468468,0.1177570295373978,0.06758387872458518,-0.9907399766492551,0.0,0.0,0.37699111843077515
44.729729729729726,0.11659242489230787,0.06957373877162679,-0.9907399766492551,0.0,0.0,0.37699111843077515
44.77477477477477,0.11539419881677432,0.07154353603482141,-0.9907399766492551,0.0,0.0,0.37699111843077515
44.81981981981982,0.11416269683988842,0.07349270248925913,-0.9907399766492551,0.0,0.0,0.37699111843077515
44.86486486486486,0.11289827408642047,0.07542067605927763,-0.9907399766492551,0.0,0.0,0.37699111843077515
44.909909909909906,0.11160129517441214,0.07732690078054813,-0.9907399766492551,0.0,0.0,0.37699111843077515
44.95495495495495,0.11027213411003325,0.07921082696039616,-0.9907399766492551,0.0,0.0,0.37699111843077515
45.0,0.10891117417973065,0.08107191133631518,-0.9907399766492551,0.0,0.0,0.37699111843077515
