Time,Sx,Sy,Sz,Hx,Hy,Hz
0.0,0.0,0.0,1.0,0.0,0.0,0.12566370614359174
0.04504504504504504,0.0007957040546577768,-0.2792613649689783,0.9602147972671108,6.283185307179586,0.0,0.12566370614359174
0.09009009009009009,0.003119476610410463,-0.5362929181888156,0.8440261694794763,6.283185307179586,0.0,0.12566370614359174
0.13513513513513514,0.006786340155733254,-0.7506343513238103,0.6606829922133367,6.283185307179586,0.0,0.12566370614359174
0.18018018018018017,0.011504404121544552,-0.905223605172075,0.42477979392277226,6.283185307179586,0.0,0.12566370614359174
0.2252252252252252,0.016898100025700913,-0.9877550281264693,0.15509499871495475,6.283185307179586,0.0,0.12566370614359174
0.2702702702702703,0.022544943082563464,-0.9997458267822513,8.586540710758817e-05,0.0,0.0,0.12566370614359174
0.3153153153153153,0.028203640224210985,-0.9996021945280166,8.586540710758817e-05,0.0,0.0,0.12566370614359174
0.36036036036036034,0.03386143367937712,-0.9994265335362579,8.586540710758817e-05,0.0,0.0,0.12566370614359174
0.4054054054054054,0.039518142163964515,-0.9992188494354138,8.586540710758817e-05,0.0,0.0,0.12566370614359174
0.4504504504504504,0.04517358442863987,-0.9989791488799916,8.586540710758817e-05,0.0,0.0,0.12566370614359174
0.4954954954954955,0.05082757926464155,-0.9987074395503519,8.586540710758817e-05,0.0,0.0,0.12566370614359174
0.5405405405405406,0.0564799455095855,-0.9984037301524656,8.586540710758817e-05,0.0,0.0,0.12566370614359174
0.5855855855855856,0.062130502053270316,-0.9980680304176325,8.586540710758817e-05,0.0,0.0,0.12566370614359174
0.6306306306306306,0.06777906784348,-0.9977003511021698,8.586540710758817e-05,0.0,0.0,0.12566370614359174
0.6756756756756757,0.0734254618917853,-0.9973007039870682,8.586540710758817e-05,0.0,0.0,0.12566370614359174
0.7207207207207207,0.07906950327934271,-0.9968691018776143,8.586540710758817e-05,0.0,0.0,0.12566370614359174
0.7657657657657657,0.08471101116269167,-0.9964055586029809,8.586540710758817e-05,0.0,0.0,0.12566370614359174
0.8108108108108107,0.09034980477954864,-0.9959100890157816,8.586540710758817e-05,0.0,0.0,0.12566370614359174
0.8558558558558558,0.09598570345459925,-0.9953827089915971,8.586540710758817e-05,0.0,0.0,0.12566370614359174
0.9009009009009008,0.10161852660528745,-0.9948234354284657,8.586540710758817e-05,0.0,0.0,0.12566370614359174
0.9459459459459459,0.10724809374760147,-0.994232286246343,8.586540710758817e-05,0.0,0.0,0.12566370614359174
0.990990990990991,0.11287422450185694,-0.9936092803865253,8.586540710758817e-05,0.0,0.0,0.12566370614359174
1.036036036036036,0.1184967385984764,-0.9929544378110449,8.586540710758817e-05,0.0,0.0,0.12566370614359174
1.0810810810810811,0.1241154558837656,-0.9922677795020302,8.586540710758817e-05,0.0,0.0,0.12566370614359174
1.1261261261261262,0.12973019632568542,-0.9915493274610312,8.586540710758817e-05,0.0,0.0,0.12566370614359174
1.1711711711711712,0.1353407800196212,-0.9907991047083182,8.586540710758817e-05,0.0,0.0,0.12566370614359174
1.2162162162162162,0.14094702719414637,-0.9900171352821407,8.586540710758817e-05,0.0,0.0,0.12566370614359174
1.2612612612612613,0.1465487582167827,-0.98920344423796,8.586540710758817e-05,0.0,0.0,0.12566370614359174
1.3063063063063063,0.15214579359975647,-0.9883580576476445,8.586540710758817e-05,0.0,0.0,0.12566370614359174
1.3513513513513513,0.1577379540057491,-0.9874810025986342,8.586540710758817e-05,0.0,0.0,0.12566370614359174
1.3963963963963963,0.16332506025364363,-0.986572307193075,8.586540710758817e-05,0.0,0.0,0.12566370614359174
1.4414414414414414,0.16890693332426565,-0.9856320005469157,8.586540710758817e-05,0.0,0.0,0.12566370614359174
1.4864864864864864,0.1744833943661196,-0.9846601127889769,8.586540710758817e-05,0.0,0.0,0.12566370614359174
1.5315315315315314,0.18005426470111927,-0.9836566750599841,8.586540710758817e-05,0.0,0.0,0.12566370614359174
1.5765765765765765,0.1856193658303131,-0.9826217195115714,8.586540710758817e-05,0.0,0.0,0.12566370614359174
1.6216216216216215,0.19117851943960357,-0.9815552793052492,8.586540710758817e-05,0.0,0.0,0.12566370614359174
1.6666666666666665,0.19673154740546003,-0.980457388611345,8.586540710758817e-05,0.0,0.0,0.12566370614359174
1.7117117117117115,0.20227827180062716,-0.9793280826079055,8.586540710758817e-05,0.0,0.0,0.12566370614359174
1.7567567567567566,0.20781851489982492,-0.9781673974795708,8.586540710758817e-05,0.0,0.0,0.12566370614359174
1.8018018018018016,0.21335209918544387,-0.976975370416414,8.586540710758817e-05,0.0,0.0,0.12566370614359174
1.8468468468468469,0.2188788473532328,-0.9757520396127518,8.586540710758817e-05,0.0,0.0,0.12566370614359174
1.8918918918918919,0.22439858231797977,-0.9744974442659177,8.586540710758817e-05,0.0,0.0,0.12566370614359174
1.936936936936937,0.22991112721918616,-0.9732116245750088,8.586540710758817e-05,0.0,0.0,0.12566370614359174
1.981981981981982,0.23541630542673403,-0.9718946217395953,8.586540710758817e-05,0.0,0.0,0.12566370614359174
2.0270270270270268,0.24091394054654483,-0.9705464779584028,8.586540710758817e-05,0.0,0.0,0.12566370614359174
2.072072072072072,0.2464038564262322,-0.9691672364279577,8.586540710758817e-05,0.0,0.0,0.12566370614359174
2.117117117117117,0.25188587716074506,-0.9677569413412057,8.586540710758817e-05,0.0,0.0,0.12566370614359174
2.1621621621621623,0.2573598270980053,-0.9663156378860936,8.586540710758817e-05,0.0,0.0,0.12566370614359174
2.2072072072072073,0.2628255308445342,-0.9648433722441235,8.586540710758817e-05,0.0,0.0,0.12566370614359174
2.2522522522522523,0.2682828132710741,-0.9633401915888706,8.586540710758817e-05,0.0,0.0,0.12566370614359174
2.2972972972972974,0.273731499518198,-0.961806144084473,8.586540710758817e-05,0.0,0.0,0.12566370614359174
2.3423423423423424,0.2791714150019145,-0.9602412788840896,8.586540710758817e-05,0.0,0.0,0.12566370614359174
2.3873873873873874,0.28460238541925914,-0.9586456461283235,8.586540710758817e-05,0.0,0.0,0.12566370614359174
2.4324324324324325,0.2900242367538815,-0.9570192969436158,8.586540710758817e-05,0.0,0.0,0.12566370614359174
2.4774774774774775,0.29543679528161987,-0.9553622834406067,8.586540710758817e-05,0.0,0.0,0.12566370614359174
2.5225225225225225,0.30083988757606783,-0.9536746587124683,8.586540710758817e-05,0.0,0.0,0.12566370614359174
2.5675675675675675,0.30623334051413115,-0.9519564768332008,8.586540710758817e-05,0.0,0.0,0.12566370614359174
2.6126126126126126,0.31161698128157483,-0.9502077928559014,8.586540710758817e-05,0.0,0.0,0.12566370614359174
2.6576576576576576,0.3169906373785606,-0.9484286628109987,8.586540710758817e-05,0.0,0.0,0.12566370614359174
2.7027027027027026,0.3223541366251733,-0.9466191437044597,8.586540710758817e-05,0.0,0.0,0.12566370614359174
2.7477477477477477,0.327707307166939,-0.9447792935159609,8.586540710758817e-05,0.0,0.0,0.12566370614359174
2.7927927927927927,0.32122783070463146,-0.9429303654335136,-0.0877211874304602,0.0,6.283185307179586,0.12566370614359174
2.8378378378378377,0.2892119430924215,-0.9411910291041192,-0.17468800390017492,0.0,6.283185307179586,0.12566370614359174
2.8828828828828827,0.2341741356266302,-0.9396997363343955,-0.24925264238635558,0.0,6.283185307179586,0.12566370614359174
2.9279279279279278,0.1604955413228791,-0.9385751973762625,-0.3054795902929977,0.0,6.283185307179586,0.12566370614359174
2.972972972972973,0.07404114167138126,-0.9379069280549989,-0.33889305635616807,0.0,6.283185307179586,0.12566370614359174
3.018018018018018,-0.01830709905458933,-0.937748124108617,-0.3468332536752587,0.0,6.283185307179586,0.12566370614359174
3.063063063063063,-0.1091980536025417,-0.9381114266877104,-0.32866812472060103,0.0,6.283185307179586,0.12566370614359174
3.108108108108108,-0.1913965979708721,-0.9389679160914908,-0.2858436545315827,0.0,6.283185307179586,0.12566370614359174
3.153153153153153,-0.25835954351980833,-0.9402494138408869,-0.22176876706176546,0.0,6.283185307179586,0.12566370614359174
3.198198198198198,-0.3047564894743911,-0.9418539098385166,-0.14154396718029227,0.0,6.283185307179586,0.12566370614359174
3.243243243243243,-0.32689413479111507,-0.9436536826014145,-0.05155532903539023,0.0,6.283185307179586,0.12566370614359174
3.288288288288288,-0.32344108997307824,-0.9454989053254484,-0.03765210944152658,0.0,0.0,0.12566370614359174
3.333333333333333,-0.31808391441873407,-0.9473145950752845,-0.03765210944152658,0.0,0.0,0.12566370614359174
3.378378378378378,-0.3127165469837986,-0.949099931459867,-0.03765210944152658,0.0,0.0,0.12566370614359174
3.423423423423423,-0.30733915964668834,-0.9508548572743699,-0.03765210944152658,0.0,0.0,0.12566370614359174
3.468468468468468,-0.301951924706873,-0.9525793162883657,-0.03765210944152658,0.0,0.0,0.12566370614359174
3.513513513513513,-0.29655501477935303,-0.9542732532476292,-0.03765210944152658,0.0,0.0,0.12566370614359174
3.558558558558558,-0.2911486027891309,-0.9559366138759059,-0.03765210944152658,0.0,0.0,0.12566370614359174
3.603603603603603,-0.28573286196566855,-0.9575693448766541,-0.03765210944152658,0.0,0.0,0.12566370614359174
3.6486486486486487,-0.28030796583733797,-0.9591713939347493,-0.03765210944152658,0.0,0.0,0.12566370614359174
3.6936936936936937,-0.2748740882258606,-0.9607427097181627,-0.03765210944152658,0.0,0.0,0.12566370614359174
3.7387387387387387,-0.26943140324073783,-0.9622832418796052,-0.03765210944152658,0.0,0.0,0.12566370614359174
3.7837837837837838,-0.26398008527367256,-0.9637929410581403,-0.03765210944152658,0.0,0.0,0.12566370614359174
3.828828828828829,-0.25852030899298106,-0.9652717588807671,-0.03765210944152658,0.0,0.0,0.12566370614359174
3.873873873873874,-0.25305224933799647,-0.9667196479639668,-0.03765210944152658,0.0,0.0,0.12566370614359174
3.918918918918919,-0.24757608151346377,-0.9681365619152257,-0.03765210944152658,0.0,0.0,0.12566370614359174
3.963963963963964,-0.2420919809839257,-0.9695224553345181,-0.03765210944152658,0.0,0.0,0.12566370614359174
4.0090090090090085,-0.23660012346810033,-0.9708772838157632,-0.03765210944152658,0.0,0.0,0.12566370614359174
4.0540540540540535,-0.23110068493325142,-0.9722010039482454,-0.03765210944152658,0.0,0.0,0.12566370614359174
4.0990990990990985,-0.22559384158954982,-0.9734935733180078,-0.03765210944152658,0.0,0.0,0.12566370614359174
4.144144144144144,-0.22007976988442707,-0.9747549505092092,-0.03765210944152658,0.0,0.0,0.12566370614359174
4.189189189189189,-0.21455864649692255,-0.9759850951054543,-0.03765210944152658,0.0,0.0,0.12566370614359174
4.234234234234234,-0.2090306483320217,-0.9771839676910833,-0.03765210944152658,0.0,0.0,0.12566370614359174
4.279279279279279,-0.20349595251498842,-0.9783515298524406,-0.03765210944152658,0.0,0.0,0.12566370614359174
4.324324324324325,-0.19795473638568878,-0.979487744179102,-0.03765210944152658,0.0,0.0,0.12566370614359174
4.36936936936937,-0.19240717749290986,-0.9805925742650743,-0.03765210944152658,0.0,0.0,0.12566370614359174
4.414414414414415,-0.18685345358867006,-0.9816659847099621,-0.03765210944152658,0.0,0.0,0.12566370614359174
4.45945945945946,-0.18129374262252387,-0.9827079411201022,-0.03765210944152658,0.0,0.0,0.12566370614359174
4.504504504504505,-0.17572822273586003,-0.9837184101096654,-0.03765210944152658,0.0,0.0,0.12566370614359174
4.54954954954955,-0.17015707225619395,-0.9846973593017261,-0.03765210944152658,0.0,0.0,0.12566370614359174
4.594594594594595,-0.1645804696914533,-0.9856447573292992,-0.03765210944152658,0.0,0.0,0.12566370614359174
4.63963963963964,-0.1589985937242591,-0.986560573836346,-0.03765210944152658,0.0,0.0,0.12566370614359174
4.684684684684685,-0.1534116232061996,-0.9874447794787466,-0.03765210944152658,0.0,0.0,0.12566370614359174
4.72972972972973,-0.14781973715210026,-0.9882973459252405,-0.03765210944152658,0.0,0.0,0.12566370614359174
4.774774774774775,-0.14222311473428728,-0.9891182458583345,-0.03765210944152658,0.0,0.0,0.12566370614359174
4.81981981981982,-0.13662193527684743,-0.989907452975176,-0.03765210944152658,0.0,0.0,0.12566370614359174
4.864864864864865,-0.13101637824988147,-0.9906649419883978,-0.03765210944152658,0.0,0.0,0.12566370614359174
4.90990990990991,-0.12540662326375399,-0.9913906886269281,-0.03765210944152658,0.0,0.0,0.12566370614359174
4.954954954954955,-0.11979285006333863,-0.9920846696367677,-0.03765210944152658,0.0,0.0,0.12566370614359174
5.0,-0.11417523852225837,-0.9927468627817353,-0.03765210944152658,0.0,0.0,0.12566370614359174
5.045045045045045,-0.10855396863712252,-0.99337724684418,-0.03765210944152658,0.0,0.0,0.12566370614359174
5.09009009009009,-0.10292922052175896,-0.9939758016256609,-0.03765210944152658,0.0,0.0,0.12566370614359174
5.135135135135135,-0.09730117440144338,-0.9945425079475947,-0.03765210944152658,0.0,0.0,0.12566370614359174
5.18018018018018,-0.09167001060712432,-0.9950773476518704,-0.03765210944152658,0.0,0.0,0.12566370614359174
5.225225225225225,-0.08603590956964528,-0.9955803036014295,-0.03765210944152658,0.0,0.0,0.12566370614359174
5.27027027027027,-0.08039905181396342,-0.9960513596808181,-0.03765210944152658,0.0,0.0,0.12566370614359174
5.315315315315315,-0.07475961795336525,-0.9964905007967001,-0.03765210944152658,0.0,0.0,0.12566370614359174
5.36036036036036,-0.06911778868367936,-0.9968977128783426,-0.03765210944152658,0.0,0.0,0.12566370614359174
5.405405405405405,-0.06347374477748695,-0.9972729828780657,-0.03765210944152658,0.0,0.0,0.12566370614359174
5.45045045045045,-0.05782766707832946,-0.9976162987716621,-0.03765210944152658,0.0,0.0,0.12566370614359174
5.495495495495495,-0.05217973649491398,-0.9979276495587814,-0.03765210944152658,0.0,0.0,0.12566370614359174
5.54054054054054,-0.046530133995316844,-0.998207025263282,-0.03765210944152658,0.0,0.0,0.12566370614359174
5.585585585585585,-0.04087904060118498,-0.9984544169335519,-0.03765210944152658,0.0,0.0,0.12566370614359174
5.63063063063063,-0.03522663738193587,-0.9986698166427952,-0.03765210944152658,0.0,0.0,0.12566370614359174
5.675675675675675,-0.02957310544895572,-0.9988532174892853,-0.03765210944152658,0.0,0.0,0.12566370614359174
5.7207207207207205,-0.02391862594979636,-0.999004613596587,-0.03765210944152658,0.0,0.0,0.12566370614359174
5.7657657657657655,-0.018263380062371073,-0.9991240001137445,-0.03765210944152658,0.0,0.0,0.12566370614359174
5.8108108108108105,-0.01260754898914936,-0.9992113732154367,-0.03765210944152658,0.0,0.0,0.12566370614359174
5.8558558558558556,-0.0069513139513509275,-0.9992667301020995,-0.03765210944152658,0.0,0.0,0.12566370614359174
5.900900900900901,-0.0012948561831391222,-0.9992900690000164,-0.03765210944152658,0.0,0.0,0.12566370614359174
5.945945945945946,0.004361643074186097,-0.9992813891613743,-0.03765210944152658,0.0,0.0,0.12566370614359174
5.990990990990991,0.01001800257799541,-0.999240690864288,-0.03765210944152658,0.0,0.0,0.12566370614359174
6.036036036036036,0.01567404109013739,-0.9991679754127917,-0.03765210944152658,0.0,0.0,0.12566370614359174
6.081081081081081,0.02132957738274569,-0.9990632451367965,-0.03765210944152658,0.0,0.0,0.12566370614359174
6.126126126126126,0.026984430244045766,-0.9989265033920149,-0.03765210944152658,0.0,0.0,0.12566370614359174
6.171171171171171,0.0326384184841613,-0.9987577545598564,-0.03765210944152658,0.0,0.0,0.12566370614359174
6.216216216216216,0.038291360940919644,-0.9985570040472829,-0.03765210944152658,0.0,0.0,0.12566370614359174
6.261261261261261,0.043943076485656686,-0.9983242582866396,-0.03765210944152658,0.0,0.0,0.12566370614359174
6.306306306306306,0.04959338402902032,-0.9980595247354453,-0.03765210944152658,0.0,0.0,0.12566370614359174
6.351351351351351,0.05524210252677292,-0.9977628118761563,-0.03765210944152658,0.0,0.0,0.12566370614359174
6.396396396396396,0.060889050985592254,-0.9974341292158926,-0.03765210944152658,0.0,0.0,0.12566370614359174
6.441441441441441,0.06653404846887072,-0.9970734872861343,-0.03765210944152658,0.0,0.0,0.12566370614359174
6.486486486486486,0.07217691410251294,-0.9966808976423845,-0.03765210944152658,0.0,0.0,0.12566370614359174
6.531531531531531,0.07781746708073108,-0.9962563728637978,-0.03765210944152658,0.0,0.0,0.12566370614359174
6.576576576576576,0.08345552667183821,-0.9957999265527775,-0.03765210944152658,0.0,0.0,0.12566370614359174
6.621621621621621,0.08909091222403935,-0.9953115733345411,-0.03765210944152658,0.0,0.0,0.12566370614359174
6.666666666666666,0.09472344317121964,-0.9947913288566502,-0.03765210944152658,0.0,0.0,0.12566370614359174
6.711711711711711,0.1003529390387299,-0.9942392097885099,-0.03765210944152658,0.0,0.0,0.12566370614359174
6.756756756756756,0.10597921944916948,-0.9936552338208338,-0.03765210944152658,0.0,0.0,0.12566370614359174
6.801801801801801,0.11160210412816579,-0.993039419665079,-0.03765210944152658,0.0,0.0,0.12566370614359174
6.846846846846846,0.11722141291015045,-0.9923917870528447,-0.03765210944152658,0.0,0.0,0.12566370614359174
6.891891891891891,0.12283696574413222,-0.9917123567352412,-0.03765210944152658,0.0,0.0,0.12566370614359174
6.936936936936936,0.12844858269946588,-0.9910011504822231,-0.03765210944152658,0.0,0.0,0.12566370614359174
6.981981981981981,0.13405608397161756,-0.9902581910818946,-0.03765210944152658,0.0,0.0,0.12566370614359174
7.027027027027026,0.13965928988792609,-0.9894835023397771,-0.03765210944152658,0.0,0.0,0.12566370614359174
7.072072072072071,0.14525802091336,-0.9886771090780473,-0.03765210944152658,0.0,0.0,0.12566370614359174
7.117117117117116,0.1508520976562698,-0.9878390371347423,-0.03765210944152658,0.0,0.0,0.12566370614359174
7.162162162162161,0.15644134087413614,-0.98696931336293,-0.03765210944152658,0.0,0.0,0.12566370614359174
7.207207207207206,0.16202557147931293,-0.9860679656298511,-0.03765210944152658,0.0,0.0,0.12566370614359174
7.252252252252252,0.1676046105447659,-0.9851350228160244,-0.03765210944152658,0.0,0.0,0.12566370614359174
7.297297297297297,0.1731782793098048,-0.9841705148143217,-0.03765210944152658,0.0,0.0,0.12566370614359174
7.342342342342342,0.1787463991858124,-0.9831744725290105,-0.03765210944152658,0.0,0.0,0.12566370614359174
7.387387387387387,0.184308791761966,-0.9821469278747637,-0.03765210944152658,0.0,0.0,0.12566370614359174
7.4324324324324325,0.18986527881095383,-0.9810879137756363,-0.03765210944152658,0.0,0.0,0.12566370614359174
7.4774774774774775,0.19541568229468603,-0.9799974641640119,-0.03765210944152658,0.0,0.0,0.12566370614359174
7.5225225225225225,0.20095982436999946,-0.9788756139795141,-0.03765210944152658,0.0,0.0,0.12566370614359174
7.5675675675675675,0.20649752739435565,-0.9777223991678872,-0.03765210944152658,0.0,0.0,0.12566370614359174
7.612612612612613,0.21202861393153274,-0.9765378566798452,-0.03765210944152658,0.0,0.0,0.12566370614359174
7.657657657657658,0.21755290675731104,-0.975322024469886,-0.03765210944152658,0.0,0.0,0.12566370614359174
7.702702702702703,0.22307022886515157,-0.9740749414950788,-0.03765210944152658,0.0,0.0,0.12566370614359174
7.747747747747748,0.22858040347186726,-0.9727966477138115,-0.03765210944152658,0.0,0.0,0.12566370614359174
7.792792792792793,0.23408325402328772,-0.9714871840845151,-0.03765210944152658,0.0,0.0,0.12566370614359174
7.837837837837838,0.23957860419991608,-0.9701465925643463,-0.03765210944152658,0.0,0.0,0.12566370614359174
7.882882882882883,0.24506627792257885,-0.9687749161078463,-0.03765210944152658,0.0,0.0,0.12566370614359174
7.927927927927928,0.2505460993580673,-0.9673721986655643,-0.03765210944152658,0.0,0.0,0.12566370614359174
7.972972972972973,0.2560178929247716,-0.9659384851826489,-0.03765210944152658,0.0,0.0,0.12566370614359174
8.018018018018017,0.2614814832983066,-0.9644738215974076,-0.03765210944152658,0.0,0.0,0.12566370614359174
8.063063063063062,0.2669366954171304,-0.962978254839834,-0.03765210944152658,0.0,0.0,0.12566370614359174
8.108108108108107,0.2723833544881517,-0.9614518328301072,-0.03765210944152658,0.0,0.0,0.12566370614359174
8.153153153153152,0.2778212859923326,-0.9598946044770525,-0.03765210944152658,0.0,0.0,0.12566370614359174
8.198198198198197,0.2832503156902785,-0.9583066196765773,-0.03765210944152658,0.0,0.0,0.12566370614359174
8.243243243243242,0.28867026962782255,-0.9566879293100709,-0.03765210944152658,0.0,0.0,0.12566370614359174
8.288288288288287,0.2767292567811419,-0.9550737209480755,-0.106090084342233,0.0,6.283185307179586,0.12566370614359174
8.333333333333332,0.24142256218567124,-0.9535973422428272,-0.17990901960466016,0.0,6.283185307179586,0.12566370614359174
8.378378378378377,0.1868980897278645,-0.952376920994931,-0.24093008199948485,0.0,6.283185307179586,0.12566370614359174
8.423423423423422,0.11749610980444351,-0.951509605475154,-0.2842958579883418,0.0,6.283185307179586,0.12566370614359174
8.468468468468467,0.038741175801387515,-0.9510644359457017,-0.30655433446095387,0.0,6.283185307179586,0.12566370614359174
8.513513513513512,-0.04309764275635304,-0.9510768489003745,-0.3059336867273169,0.0,6.283185307179586,0.12566370614359174
8.558558558558557,-0.12150579221099221,-0.9515458562401176,-0.2824833197401733,0.0,6.283185307179586,0.12566370614359174
8.603603603603602,-0.1902418078660479,-0.9524341239279239,-0.23806993534987703,0.0,6.283185307179586,0.12566370614359174
8.64864864864865,-0.24383414858617034,-0.9536709438619818,-0.17622893864698608,0.0,6.283185307179586,0.12566370614359174
8.693693693693694,-0.27801674375327473,-0.9551578623992966,-0.10188301178126774,0.0,6.283185307179586,0.12566370614359174
8.73873873873874,-0.2900685820636465,-0.9567765174866658,-0.020950257412803153,0.0,6.283185307179586,0.12566370614359174
8.783783783783784,-0.28540454523389674,-0.9584070394000057,-0.0004386209516891171,0.0,0.0,0.12566370614359174
8.82882882882883,-0.27997491259804447,-0.9600072166017132,-0.0004386209516891171,0.0,0.0,0.12566370614359174
8.873873873873874,-0.2745363091505654,-0.9615766337477407,-0.0004386209516891171,0.0,0.0,0.12566370614359174
8.91891891891892,-0.26908890915238365,-0.9631152405516338,-0.0004386209516891171,0.0,0.0,0.12566370614359174
8.963963963963964,-0.2636328871462783,-0.964622987714148,-0.0004386209516891171,0.0,0.0,0.12566370614359174
9.00900900900901,-0.2581684179512897,-0.9660998269248264,-0.0004386209516891171,0.0,0.0,0.12566370614359174
9.054054054054054,-0.2526956766571194,-0.9675457108635499,-0.0004386209516891171,0.0,0.0,0.12566370614359174
9.0990990990991,-0.24721483861851865,-0.9689605932020513,-0.0004386209516891171,0.0,0.0,0.12566370614359174
9.144144144144144,-0.24172607944967078,-0.9703444286054013,-0.0004386209516891171,0.0,0.0,0.12566370614359174
9.18918918918919,-0.23622957501856384,-0.9716971727334602,-0.0004386209516891171,0.0,0.0,0.12566370614359174
9.234234234234235,-0.23072550144135548,-0.9730187822422988,-0.0004386209516891171,0.0,0.0,0.12566370614359174
9.27927927927928,-0.22521403507673005,-0.9743092147855877,-0.0004386209516891171,0.0,0.0,0.12566370614359174
9.324324324324325,-0.21969535252024777,-0.9755684290159533,-0.0004386209516891171,0.0,0.0,0.12566370614359174
9.36936936936937,-0.21416963059868652,-0.9767963845863036,-0.0004386209516891171,0.0,0.0,0.12566370614359174
9.414414414414415,-0.2086370463643757,-0.9779930421511196,-0.0004386209516891171,0.0,0.0,0.12566370614359174
9.45945945945946,-0.20309777708952328,-0.979158363367717,-0.0004386209516891171,0.0,0.0,0.12566370614359174
9.504504504504505,-0.1975520002605362,-0.9802923108974759,-0.0004386209516891171,0.0,0.0,0.12566370614359174
9.54954954954955,-0.19199989357233274,-0.9813948484070341,-0.0004386209516891171,0.0,0.0,0.12566370614359174
9.594594594594595,-0.1864416349226495,-0.9824659405694538,-0.0004386209516891171,0.0,0.0,0.12566370614359174
9.63963963963964,-0.18087740240634104,-0.9835055530653535,-0.0004386209516891171,0.0,0.0,0.12566370614359174
9.684684684684685,-0.17530737430967325,-0.9845136525840062,-0.0004386209516891171,0.0,0.0,0.12566370614359174
9.72972972972973,-0.16973172910461115,-0.9854902068244069,-0.0004386209516891171,0.0,0.0,0.12566370614359174
9.774774774774775,-0.16415064544310026,-0.9864351844963087,-0.0004386209516891171,0.0,0.0,0.12566370614359174
9.81981981981982,-0.15856430215134248,-0.9873485553212256,-0.0004386209516891171,0.0,0.0,0.12566370614359174
9.864864864864865,-0.1529728782240658,-0.9882302900334005,-0.0004386209516891171,0.0,0.0,0.12566370614359174
9.90990990990991,-0.1473765528187894,-0.9890803603807452,-0.0004386209516891171,0.0,0.0,0.12566370614359174
9.954954954954955,-0.1417755052500831,-0.9898987391257442,-0.0004386209516891171,0.0,0.0,0.12566370614359174
10.0,-0.13616991498382183,-0.9906854000463281,-0.0004386209516891171,0.0,0.0,0.12566370614359174
10.045045045045045,-0.13055996163143538,-0.9914403179367139,-0.0004386209516891171,0.0,0.0,0.12566370614359174
10.09009009009009,-0.12494582494415318,-0.9921634686082127,-0.0004386209516891171,0.0,0.0,0.12566370614359174
10.135135135135135,-0.11932768480724502,-0.992854828890003,-0.0004386209516891171,0.0,0.0,0.12566370614359174
10.18018018018018,-0.11370572123425701,-0.9935143766298764,-0.0004386209516891171,0.0,0.0,0.12566370614359174
10.225225225225225,-0.10808011436124391,-0.9941420906949443,-0.0004386209516891171,0.0,0.0,0.12566370614359174
10.27027027027027,-0.10245104444099724,-0.994737950972317,-0.0004386209516891171,0.0,0.0,0.12566370614359174
10.315315315315315,-0.09681869183726974,-0.9953019383697463,-0.0004386209516891171,0.0,0.0,0.12566370614359174
10.36036036036036,-0.09118323701899592,-0.9958340348162403,-0.0004386209516891171,0.0,0.0,0.12566370614359174
10.405405405405405,-0.08554486055451019,-0.9963342232626387,-0.0004386209516891171,0.0,0.0,0.12566370614359174
10.45045045045045,-0.07990374310576068,-0.9968024876821612,-0.0004386209516891171,0.0,0.0,0.12566370614359174
10.495495495495495,-0.07426006542252081,-0.9972388130709208,-0.0004386209516891171,0.0,0.0,0.12566370614359174
10.54054054054054,-0.0686140083365976,-0.9976431854484056,-0.0004386209516891171,0.0,0.0,0.12566370614359174
10.585585585585585,-0.06296575275603775,-0.998015591857924,-0.0004386209516891171,0.0,0.0,0.12566370614359174
10.63063063063063,-0.05731547965933085,-0.998356020367022,-0.0004386209516891171,0.0,0.0,0.12566370614359174
10.675675675675675,-0.05166337008961091,-0.9986644600678652,-0.0004386209516891171,0.0,0.0,0.12566370614359174
10.72072072072072,-0.046009605148855076,-0.9989409010775879,-0.0004386209516891171,0.0,0.0,0.12566370614359174
10.765765765765765,-0.040354365992081156,-0.9991853345386098,-0.0004386209516891171,0.0,0.0,0.12566370614359174
10.81081081081081,-0.03469783382154297,-0.9993977526189206,-0.0004386209516891171,0.0,0.0,0.12566370614359174
10.855855855855856,-0.02904018988092445,-0.9995781485123294,-0.0004386209516891171,0.0,0.0,0.12566370614359174
10.9009009009009,-0.023381615449532267,-0.9997265164386839,-0.0004386209516891171,0.0,0.0,0.12566370614359174
10.945945945945946,-0.017722291836487415,-0.9998428516440567,-0.0004386209516891171,0.0,0.0,0.12566370614359174
10.99099099099099,-0.012062400374915731,-0.999927150400894,-0.0004386209516891171,0.0,0.0,0.12566370614359174
11.036036036036036,-0.006402122416137828,-0.999979410008139,-0.0004386209516891171,0.0,0.0,0.12566370614359174
11.08108108108108,-0.0007416393238582343,-0.9999996287913159,-0.0004386209516891171,0.0,0.0,0.12566370614359174
11.126126126126126,0.00491886753164574,-0.9999878061025856,-0.0004386209516891171,0.0,0.0,0.12566370614359174
11.17117117117117,0.010579216779335371,-0.999943942320764,-0.0004386209516891171,0.0,0.0,0.12566370614359174
11.216216216216216,0.016239227053221936,-0.9998680388513125,-0.0004386209516891171,0.0,0.0,0.12566370614359174
11.26126126126126,0.021898716998177914,-0.9997600981262901,-0.0004386209516891171,0.0,0.0,0.12566370614359174
11.306306306306306,0.02755750527574794,-0.9996201236042783,-0.0004386209516891171,0.0,0.0,0.12566370614359174
11.35135135135135,0.03321541056995905,-0.999448119770268,-0.0004386209516891171,0.0,0.0,0.12566370614359174
11.396396396396396,0.03887225159313042,-0.999244092135518,-0.0004386209516891171,0.0,0.0,0.12566370614359174
11.441441441441441,0.04452784709168204,-0.9990080472373759,-0.0004386209516891171,0.0,0.0,0.12566370614359174
11.486486486486486,0.050182015851942346,-0.9987399926390708,-0.0004386209516891171,0.0,0.0,0.12566370614359174
11.531531531531531,0.055834576705954604,-0.9984399369294688,-0.0004386209516891171,0.0,0.0,0.12566370614359174
11.576576576576576,0.061485348537281756,-0.9981078897228013,-0.0004386209516891171,0.0,0.0,0.12566370614359174
11.621621621621621,0.06713415028680975,-0.9977438616583528,-0.0004386209516891171,0.0,0.0,0.12566370614359174
11.666666666666666,0.07278080095854876,-0.997347864400123,-0.0004386209516891171,0.0,0.0,0.12566370614359174
11.711711711711711,0.07842511962543279,-0.9969199106364516,-0.0004386209516891171,0.0,0.0,0.12566370614359174
11.756756756756756,0.0840669254351167,-0.9964600140796119,-0.0004386209516891171,0.0,0.0,0.12566370614359174
11.801801801801801,0.08970603761577105,-0.9959681894653724,-0.0004386209516891171,0.0,0.0,0.12566370614359174
11.846846846846846,0.09534227548187421,-0.9954444525525232,-0.0004386209516891171,0.0,0.0,0.12566370614359174
11.891891891891891,0.10097545844000197,-0.9948888201223723,-0.0004386209516891171,0.0,0.0,0.12566370614359174
11.936936936936936,0.1066054059946138,-0.9943013099782071,-0.0004386209516891171,0.0,0.0,0.12566370614359174
11.981981981981981,0.11223193775383623,-0.9936819409447241,-0.0004386209516891171,0.0,0.0,0.12566370614359174
12.027027027027026,0.11785487343524315,-0.993030732867426,-0.0004386209516891171,0.0,0.0,0.12566370614359174
12.072072072072071,0.12347403287163189,-0.9923477066119872,-0.0004386209516891171,0.0,0.0,0.12566370614359174
12.117117117117116,0.12908923601679637,-0.991632884063581,-0.0004386209516891171,0.0,0.0,0.12566370614359174
12.162162162162161,0.13470030295129612,-0.9908862881261828,-0.0004386209516891171,0.0,0.0,0.12566370614359174
12.207207207207206,0.14030705388822085,-0.9901079427218343,-0.0004386209516891171,0.0,0.0,0.12566370614359174
12.252252252252251,0.14590930917895123,-0.9892978727898776,-0.0004386209516891171,0.0,0.0,0.12566370614359174
12.297297297297296,0.15150688931891504,-0.9884561042861548,-0.0004386209516891171,0.0,0.0,0.12566370614359174
12.342342342342342,0.15709961495333888,-0.9875826641821778,-0.0004386209516891171,0.0,0.0,0.12566370614359174
12.387387387387387,0.1626873068829949,-0.9866775804642639,-0.0004386209516891171,0.0,0.0,0.12566370614359174
12.432432432432432,0.16826978606994275,-0.985740882132638,-0.0004386209516891171,0.0,0.0,0.12566370614359174
12.477477477477477,0.17384687364326587,-0.9847725992005048,-0.0004386209516891171,0.0,0.0,0.12566370614359174
12.522522522522522,0.17941839090480327,-0.9837727626930859,-0.0004386209516891171,0.0,0.0,0.12566370614359174
12.567567567567567,0.18498415933487472,-0.9827414046466266,-0.0004386209516891171,0.0,0.0,0.12566370614359174
12.612612612612612,0.19054400059800125,-0.981678558107369,-0.0004386209516891171,0.0,0.0,0.12566370614359174
12.657657657657657,0.19609773654861914,-0.9805842571304935,-0.0004386209516891171,0.0,0.0,0.12566370614359174
12.702702702702702,0.20164518923678793,-0.9794585367790272,-0.0004386209516891171,0.0,0.0,0.12566370614359174
12.747747747747747,0.20718618091389213,-0.9783014331227209,-0.0004386209516891171,0.0,0.0,0.12566370614359174
12.792792792792792,0.21272053403833652,-0.9771129832368919,-0.0004386209516891171,0.0,0.0,0.12566370614359174
12.837837837837837,0.21824807128123544,-0.9758932252012377,-0.0004386209516891171,0.0,0.0,0.12566370614359174
12.882882882882882,0.22376861553209373,-0.9746421980986166,-0.0004386209516891171,0.0,0.0,0.12566370614359174
12.927927927927927,0.22928198990448198,-0.9733599420137928,-0.0004386209516891171,0.0,0.0,0.12566370614359174
12.972972972972972,0.23478801774170469,-0.9720464980321536,-0.0004386209516891171,0.0,0.0,0.12566370614359174
13.018018018018017,0.24028652262246028,-0.9707019082383938,-0.0004386209516891171,0.0,0.0,0.12566370614359174
13.063063063063062,0.2457773283664934,-0.9693262157151648,-0.0004386209516891171,0.0,0.0,0.12566370614359174
13.108108108108107,0.251260259040241,-0.9679194645416963,-0.0004386209516891171,0.0,0.0,0.12566370614359174
13.153153153153152,0.2567351389624684,-0.9664816997923835,-0.0004386209516891171,0.0,0.0,0.12566370614359174
13.198198198198197,0.2622017927098996,-0.9650129675353424,-0.0004386209516891171,0.0,0.0,0.12566370614359174
13.243243243243242,0.267660045122837,-0.9635133148309336,-0.0004386209516891171,0.0,0.0,0.12566370614359174
13.288288288288287,0.2731097213107742,-0.961982789730255,-0.0004386209516891171,0.0,0.0,0.12566370614359174
13.333333333333332,0.27855064665799983,-0.9604214412736024,-0.0004386209516891171,0.0,0.0,0.12566370614359174
13.378378378378377,0.2839826468291929,-0.9588293194888957,-0.0004386209516891171,0.0,0.0,0.12566370614359174
13.423423423423422,0.28940554777500743,-0.9572064753900805,-0.0004386209516891171,0.0,0.0,0.12566370614359174
13.468468468468467,0.2948191757376509,-0.9555529609754894,-0.0004386209516891171,0.0,0.0,0.12566370614359174
13.513513513513512,0.30022335725645066,-0.9538688292261773,-0.0004386209516891171,0.0,0.0,0.12566370614359174
13.558558558558557,0.3056179191734119,-0.9521541341042252,-0.0004386209516891171,0.0,0.0,0.12566370614359174
13.603603603603602,0.31100268863876646,-0.9504089305510087,-0.0004386209516891171,0.0,0.0,0.12566370614359174
13.648648648648647,0.3163774931165109,-0.9486332744854383,-0.0004386209516891171,0.0,0.0,0.12566370614359174
13.693693693693692,0.32174216038993436,-0.9468272228021706,-0.0004386209516891171,0.0,0.0,0.12566370614359174
13.738738738738737,0.3270965185671374,-0.9449908333697802,-0.0004386209516891171,0.0,0.0,0.12566370614359174
13.783783783783782,0.3249463550812932,-0.9431348413091567,-0.07004668035051675,0.0,6.283185307179586,0.12566370614359174
13.828828828828827,0.29771941537727403,-0.9413606692415465,-0.15875528373101394,0.0,6.283185307179586,0.12566370614359174
13.873873873873872,0.2467933419293889,-0.9398091798706772,-0.23632975227449038,0.0,6.283185307179586,0.12566370614359174
13.918918918918918,0.17622196449597577,-0.9386038752330407,-0.2965949841563256,0.0,6.283185307179586,0.12566370614359174
13.963963963963963,0.09162292312971271,-0.9378407002832956,-0.3347537316435737,0.0,6.283185307179586,0.12566370614359174
14.009009009009008,-0.00026950858028528825,-0.9375804054605129,-0.3477684727827102,0.0,6.283185307179586,0.12566370614359174
14.054054054054053,-0.09214048680233637,-0.9378437108168597,-0.33460320496534857,0.0,6.283185307179586,0.12566370614359174
14.099099099099098,-0.1766768754505554,-0.9386096566549401,-0.2963059130613446,0.0,6.283185307179586,0.12566370614359174
14.144144144144143,-0.24714938823281804,-0.9398172719667517,-0.23592514747078103,0.0,6.283185307179586,0.12566370614359174
14.189189189189188,-0.2979482549445955,-0.9413704278627846,-0.1582673526691522,0.0,6.283185307179586,0.12566370614359174
14.234234234234233,-0.32502977176928005,-0.9431454896474029,-0.06951426343826839,0.0,6.283185307179586,0.12566370614359174
14.279279279279278,-0.3249702472661695,-0.9449954174671011,-0.037121413738424314,0.0,0.0,0.12566370614359174
14.324324324324323,-0.3196158972051407,-0.9468197710735707,-0.037121413738424314,0.0,0.0,0.12566370614359174
14.369369369369368,-0.3142513061765189,-0.9486137871696826,-0.037121413738424314,0.0,0.0,0.12566370614359174
14.414414414414413,-0.3088766460697607,-0.9503774082724993,-0.037121413738424314,0.0,0.0,0.12566370614359174
14.45945945945946,-0.30349208909695047,-0.952110577872983,-0.037121413738424314,0.0,0.0,0.12566370614359174
14.504504504504505,-0.2980978077872839,-0.9538132404378084,-0.037121413738424314,0.0,0.0,0.12566370614359174
14.54954954954955,-0.29269397498153754,-0.9554853414111406,-0.037121413738424314,0.0,0.0,0.12566370614359174
14.594594594594595,-0.2872807638265331,-0.9571268272163831,-0.037121413738424314,0.0,0.0,0.12566370614359174
14.63963963963964,-0.2818583477695881,-0.9587376452578954,-0.037121413738424314,0.0,0.0,0.12566370614359174
14.684684684684685,-0.2764269005529586,-0.960317743922677,-0.037121413738424314,0.0,0.0,0.12566370614359174
14.72972972972973,-0.27098659620827253,-0.9618670725820223,-0.037121413738424314,0.0,0.0,0.12566370614359174
14.774774774774775,-0.2655376090509538,-0.9633855815931425,-0.037121413738424314,0.0,0.0,0.12566370614359174
14.81981981981982,-0.26008011367463574,-0.9648732223007551,-0.037121413738424314,0.0,0.0,0.12566370614359174
14.864864864864865,-0.2546142849455683,-0.9663299470386449,-0.037121413738424314,0.0,0.0,0.12566370614359174
14.90990990990991,-0.24914029799701423,-0.9677557091311899,-0.037121413738424314,0.0,0.0,0.12566370614359174
14.954954954954955,-0.24365832822363762,-0.9691504628948568,-0.037121413738424314,0.0,0.0,0.12566370614359174
15.0,-0.23816855127588415,-0.970514163639666,-0.037121413738424314,0.0,0.0,0.12566370614359174
15.045045045045045,-0.23267114305435288,-0.9718467676706214,-0.037121413738424314,0.0,0.0,0.12566370614359174
15.09009009009009,-0.22716627970416037,-0.9731482322891126,-0.037121413738424314,0.0,0.0,0.12566370614359174
15.135135135135135,-0.2216541376092964,-0.974418515794283,-0.037121413738424314,0.0,0.0,0.12566370614359174
15.18018018018018,-0.21613489338697278,-0.9756575774843635,-0.037121413738424314,0.0,0.0,0.12566370614359174
15.225225225225225,-0.21060872388196364,-0.9768653776579789,-0.037121413738424314,0.0,0.0,0.12566370614359174
15.27027027027027,-0.2050758061609398,-0.9780418776154199,-0.037121413738424314,0.0,0.0,0.12566370614359174
15.315315315315315,-0.19953631750679465,-0.9791870396598817,-0.037121413738424314,0.0,0.0,0.12566370614359174
15.36036036036036,-0.1939904354129644,-0.9803008270986734,-0.037121413738424314,0.0,0.0,0.12566370614359174
15.405405405405405,-0.18843833757774017,-0.981383204244393,-0.037121413738424314,0.0,0.0,0.12566370614359174
15.45045045045045,-0.18288020189857485,-0.9824341364160706,-0.037121413738424314,0.0,0.0,0.12566370614359174
15.495495495495495,-0.17731620646638255,-0.9834535899402803,-0.037121413738424314,0.0,0.0,0.12566370614359174
15.54054054054054,-0.17174652955983324,-0.9844415321522183,-0.037121413738424314,0.0,0.0,0.12566370614359174
15.585585585585585,-0.166171349639639,-0.9853979313967505,-0.037121413738424314,0.0,0.0,0.12566370614359174
15.63063063063063,-0.16059084534283694,-0.9863227570294253,-0.037121413738424314,0.0,0.0,0.12566370614359174
15.675675675675675,-0.15500519547706526,-0.987215979417458,-0.037121413738424314,0.0,0.0,0.12566370614359174
15.72072072072072,-0.1494145790148335,-0.9880775699406773,-0.037121413738424314,0.0,0.0,0.12566370614359174
15.765765765765765,-0.14381917508778844,-0.9889075009924448,-0.037121413738424314,0.0,0.0,0.12566370614359174
15.81081081081081,-0.1382191629809745,-0.9897057459805382,-0.037121413738424314,0.0,0.0,0.12566370614359174
15.855855855855856,-0.13261472212708886,-0.9904722793280031,-0.037121413738424314,0.0,0.0,0.12566370614359174
15.9009009009009,-0.12700603210073236,-0.9912070764739737,-0.037121413738424314,0.0,0.0,0.12566370614359174
15.945945945945946,-0.12139327261265563,-0.9919101138744596,-0.037121413738424314,0.0,0.0,0.12566370614359174
15.99099099099099,-0.11577662350400082,-0.9925813690030992,-0.037121413738424314,0.0,0.0,0.12566370614359174
16.036036036036034,-0.1101562647405396,-0.9932208203518821,-0.037121413738424314,0.0,0.0,0.12566370614359174
16.08108108108108,-0.10453237640690564,-0.9938284474318383,-0.037121413738424314,0.0,0.0,0.12566370614359174
16.126126126126124,-0.09890513870082676,-0.9944042307736947,-0.037121413738424314,0.0,0.0,0.12566370614359174
16.17117117117117,-0.09327473192734785,-0.9949481519284987,-0.037121413738424314,0.0,0.0,0.12566370614359174
16.216216216216214,-0.0876413364930572,-0.9954601934682091,-0.037121413738424314,0.0,0.0,0.12566370614359174
16.26126126126126,-0.08200513290030255,-0.9959403389862554,-0.037121413738424314,0.0,0.0,0.12566370614359174
16.306306306306304,-0.0763663017414108,-0.996388573098063,-0.037121413738424314,0.0,0.0,0.12566370614359174
16.35135135135135,-0.07072502369289843,-0.9968048814415453,-0.037121413738424314,0.0,0.0,0.12566370614359174
16.396396396396394,-0.06508147950968549,-0.9971892506775657,-0.037121413738424314,0.0,0.0,0.12566370614359174
16.44144144144144,-0.059435850019300615,-0.9975416684903632,-0.037121413738424314,0.0,0.0,0.12566370614359174
16.486486486486484,-0.053788316116090557,-0.9978621235879481,-0.037121413738424314,0.0,0.0,0.12566370614359174
16.53153153153153,-0.04813905875542051,-0.9981506057024643,-0.037121413738424314,0.0,0.0,0.12566370614359174
16.576576576576574,-0.04248825894787953,-0.9984071055905164,-0.037121413738424314,0.0,0.0,0.12566370614359174
16.62162162162162,-0.036836097753477265,-0.998631615033467,-0.037121413738424314,0.0,0.0,0.12566370614359174
16.666666666666664,-0.031182756275846008,-0.9988241268377008,-0.037121413738424314,0.0,0.0,0.12566370614359174
16.71171171171171,-0.02552841565643419,-0.9989846348348538,-0.037121413738424314,0.0,0.0,0.12566370614359174
16.756756756756754,-0.019873257068706077,-0.9991131338820118,-0.037121413738424314,0.0,0.0,0.12566370614359174
16.8018018018018,-0.01421746171233307,-0.9992096198618745,-0.037121413738424314,0.0,0.0,0.12566370614359174
16.846846846846844,-0.008561210807391348,-0.9992740896828882,-0.037121413738424314,0.0,0.0,0.12566370614359174
16.89189189189189,-0.0029046855885517782,-0.9993065412793437,-0.037121413738424314,0.0,0.0,0.12566370614359174
16.936936936936934,0.002751932700723579,-0.9993069736114442,-0.037121413738424314,0.0,0.0,0.12566370614359174
16.98198198198198,0.00840846281399233,-0.999275386665337,-0.037121413738424314,0.0,0.0,0.12566370614359174
17.027027027027025,0.014064723507635584,-0.9992117814531144,-0.037121413738424314,0.0,0.0,0.12566370614359174
17.07207207207207,0.019720533546668848,-0.999116160012782,-0.037121413738424314,0.0,0.0,0.12566370614359174
17.117117117117115,0.02537571171054548,-0.9989885254081925,-0.037121413738424314,0.0,0.0,0.12566370614359174
17.16216216216216,0.031030076798966806,-0.9988288817289489,-0.037121413738424314,0.0,0.0,0.12566370614359174
17.207207207207205,0.03668344763768459,-0.9986372340902706,-0.037121413738424314,0.0,0.0,0.12566370614359174
17.25225225225225,0.04233564308430954,-0.9984135886328326,-0.037121413738424314,0.0,0.0,0.12566370614359174
17.2972972972973,0.04798648203411241,-0.9981579525225674,-0.037121413738424314,0.0,0.0,0.12566370614359174
17.34234234234234,0.053635783425828,-0.9978703339504346,-0.037121413738424314,0.0,0.0,0.12566370614359174
17.38738738738739,0.059283366247458225,-0.9975507421321602,-0.037121413738424314,0.0,0.0,0.12566370614359174
17.43243243243243,0.06492904954206871,-0.9971991873079407,-0.037121413738424314,0.0,0.0,0.12566370614359174
17.47747747747748,0.07057265241359043,-0.9968156807421141,-0.037121413738424314,0.0,0.0,0.12566370614359174
17.52252252252252,0.07621399403261257,-0.9964002347227999,-0.037121413738424314,0.0,0.0,0.12566370614359174
17.56756756756757,0.08185289364217992,-0.9959528625615045,-0.037121413738424314,0.0,0.0,0.12566370614359174
17.61261261261261,0.08748917056358112,-0.9954735785926965,-0.037121413738424314,0.0,0.0,0.12566370614359174
17.65765765765766,0.09312264420214131,-0.994962398173345,-0.037121413738424314,0.0,0.0,0.12566370614359174
17.7027027027027,0.09875313405300527,-0.9944193376824293,-0.037121413738424314,0.0,0.0,0.12566370614359174
17.74774774774775,0.10438045970692456,-0.9938444145204134,-0.037121413738424314,0.0,0.0,0.12566370614359174
17.792792792792792,0.11000444085603447,-0.9932376471086884,-0.037121413738424314,0.0,0.0,0.12566370614359174
17.83783783783784,0.11562489729963507,-0.992599054888982,-0.037121413738424314,0.0,0.0,0.12566370614359174
17.882882882882882,0.12124164894996137,-0.9919286583227375,-0.037121413738424314,0.0,0.0,0.12566370614359174
17.92792792792793,0.12685451583795718,-0.9912264788904551,-0.037121413738424314,0.0,0.0,0.12566370614359174
17.972972972972972,0.13246331811903825,-0.9904925390910055,-0.037121413738424314,0.0,0.0,0.12566370614359174
18.01801801801802,0.13806787607885782,-0.9897268624409084,-0.037121413738424314,0.0,0.0,0.12566370614359174
18.063063063063062,0.14366801013906214,-0.9889294734735812,-0.037121413738424314,0.0,0.0,0.12566370614359174
18.10810810810811,0.14926354086304716,-0.9881003977385482,-0.037121413738424314,0.0,0.0,0.12566370614359174
18.153153153153152,0.15485428896170506,-0.9872396618006268,-0.037121413738424314,0.0,0.0,0.12566370614359174
18.1981981981982,0.16044007529917198,-0.9863472932390739,-0.037121413738424314,0.0,0.0,0.12566370614359174
18.243243243243242,0.16602072089856476,-0.9854233206467019,-0.037121413738424314,0.0,0.0,0.12566370614359174
18.28828828828829,0.1715960469477184,-0.9844677736289634,-0.037121413738424314,0.0,0.0,0.12566370614359174
18.333333333333332,0.17716587480491297,-0.983480682803003,-0.037121413738424314,0.0,0.0,0.12566370614359174
18.37837837837838,0.18273002600460014,-0.9824620797966755,-0.037121413738424314,0.0,0.0,0.12566370614359174
18.423423423423422,0.1882883222631187,-0.9814119972475327,-0.037121413738424314,0.0,0.0,0.12566370614359174
18.46846846846847,0.19384058548440994,-0.9803304688017775,-0.037121413738424314,0.0,0.0,0.12566370614359174
18.513513513513512,0.19938663776572063,-0.9792175291131857,-0.037121413738424314,0.0,0.0,0.12566370614359174
18.55855855855856,0.20492630140330773,-0.9780732138419965,-0.037121413738424314,0.0,0.0,0.12566370614359174
18.603603603603602,0.21045939889812737,-0.9768975596537689,-0.037121413738424314,0.0,0.0,0.12566370614359174
18.64864864864865,0.21598575296152686,-0.9756906042182085,-0.037121413738424314,0.0,0.0,0.12566370614359174
18.693693693693692,0.22150518652092097,-0.9744523862079575,-0.037121413738424314,0.0,0.0,0.12566370614359174
18.73873873873874,0.2270175227254697,-0.9731829452973583,-0.037121413738424314,0.0,0.0,0.12566370614359174
18.783783783783782,0.23252258495174086,-0.9718823221611814,-0.037121413738424314,0.0,0.0,0.12566370614359174
18.82882882882883,0.23802019680937325,-0.9705505584733215,-0.037121413738424314,0.0,0.0,0.12566370614359174
18.873873873873872,0.24351018214672462,-0.969187696905464,-0.037121413738424314,0.0,0.0,0.12566370614359174
18.91891891891892,0.2489923650565197,-0.9677937811257155,-0.037121413738424314,0.0,0.0,0.12566370614359174
18.963963963963963,0.2544665698814827,-0.966368855797206,-0.037121413738424314,0.0,0.0,0.12566370614359174
19.00900900900901,0.25993262121996935,-0.9649129665766573,-0.037121413738424314,0.0,0.0,0.12566370614359174
19.054054054054053,0.2653903439315831,-0.9634261601129201,-0.037121413738424314,0.0,0.0,0.12566370614359174
19.0990990990991,0.2708395631427911,-0.9619084840454791,-0.037121413738424314,0.0,0.0,0.12566370614359174
19.144144144144143,0.2762801042525234,-0.9603599870029282,-0.037121413738424314,0.0,0.0,0.12566370614359174
19.18918918918919,0.2817117929377711,-0.9587807186014102,-0.037121413738424314,0.0,0.0,0.12566370614359174
19.234234234234233,0.28713445515916813,-0.9571707294430282,-0.037121413738424314,0.0,0.0,0.12566370614359174
19.27927927927928,0.2808602729339448,-0.9555486056590851,-0.08969040812951096,0.0,6.283185307179586,0.12566370614359174
19.324324324324323,0.24997160787367442,-0.9540360974400575,-0.16531581908088744,0.0,6.283185307179586,0.12566370614359174
19.36936936936937,0.1991846417245709,-0.9527563089727344,-0.2293052424470386,0.0,6.283185307179586,0.12566370614359174
19.414414414414413,0.132542130991748,-0.951811114291809,-0.2765649764933008,0.0,6.283185307179586,0.12566370614359174
19.45945945945946,0.05534896911952401,-0.9512757530155267,-0.30333304030741054,0.0,6.283185307179586,0.12566370614359174
19.504504504504503,-0.02625009493440568,-0.9511928411031857,-0.30747863592447094,0.0,6.283185307179586,0.12566370614359174
19.54954954954955,-0.10575959250893893,-0.9515689785291174,-0.2886717646278982,0.0,6.283185307179586,0.12566370614359174
19.594594594594593,-0.17685038912508264,-0.9523742239099154,-0.2484094955879954,0.0,6.283185307179586,0.12566370614359174
19.63963963963964,-0.23386349779730267,-0.9535444779057638,-0.18989679579556895,0.0,6.283185307179586,0.12566370614359174
19.684684684684683,-0.27226054710005076,-0.954986585671767,-0.11779140749541278,0.0,6.283185307179586,0.12566370614359174
19.72972972972973,-0.2889850457203883,-0.9565857521927045,-0.03783308144852504,0.0,6.283185307179586,0.12566370614359174
19.774774774774773,-0.28603704217728165,-0.9582180644895234,-0.0009753914146106712,0.0,0.0,0.12566370614359174
19.81981981981982,-0.28060846910028703,-0.9598218249658474,-0.0009753914146106712,0.0,0.0,0.12566370614359174
19.864864864864863,-0.2751709049115755,-0.9613948313267143,-0.0009753914146106712,0.0,0.0,0.12566370614359174
19.90990990990991,-0.2697245238387713,-0.9629370331706664,-0.0009753914146106712,0.0,0.0,0.12566370614359174
19.954954954954953,-0.2642695003920059,-0.9644483810832681,-0.0009753914146106712,0.0,0.0,0.12566370614359174
20.0,-0.2588060093583241,-0.9659288266386901,-0.0009753914146106712,0.0,0.0,0.12566370614359174
20.045045045045043,-0.25333422579608594,-0.9673783224012594,-0.0009753914146106712,0.0,0.0,0.12566370614359174
20.09009009009009,-0.2478543250293553,-0.9687968219269815,-0.0009753914146106712,0.0,0.0,0.12566370614359174
20.135135135135133,-0.24236648264228447,-0.9701842797650271,-0.0009753914146106712,0.0,0.0,0.12566370614359174
20.18018018018018,-0.23687087447348557,-0.9715406514591878,-0.0009753914146106712,0.0,0.0,0.12566370614359174
20.225225225225223,-0.2313676766103996,-0.9728658935493021,-0.0009753914146106712,0.0,0.0,0.12566370614359174
20.27027027027027,-0.22585706538365086,-0.9741599635726477,-0.0009753914146106712,0.0,0.0,0.12566370614359174
20.315315315315313,-0.22033921736140058,-0.9754228200652997,-0.0009753914146106712,0.0,0.0,0.12566370614359174
20.36036036036036,-0.21481430934368595,-0.9766544225634629,-0.0009753914146106712,0.0,0.0,0.12566370614359174
20.405405405405403,-0.2092825183567586,-0.9778547316047661,-0.0009753914146106712,0.0,0.0,0.12566370614359174
20.45045045045045,-0.20374402164740893,-0.979023708729526,-0.0009753914146106712,0.0,0.0,0.12566370614359174
20.495495495495494,-0.19819899667729038,-0.9801613164819819,-0.0009753914146106712,0.0,0.0,0.12566370614359174
20.54054054054054,-0.19264762111722994,-0.9812675184114924,-0.0009753914146106712,0.0,0.0,0.12566370614359174
20.585585585585584,-0.18709007284153847,-0.9823422790737063,-0.0009753914146106712,0.0,0.0,0.12566370614359174
20.63063063063063,-0.1815265299223081,-0.9833855640316982,-0.0009753914146106712,0.0,0.0,0.12566370614359174
20.675675675675674,-0.17595717062371022,-0.9843973398570696,-0.0009753914146106712,0.0,0.0,0.12566370614359174
20.72072072072072,-0.17038217339627956,-0.9853775741310214,-0.0009753914146106712,0.0,0.0,0.12566370614359174
20.765765765765764,-0.16480171687120032,-0.986326235445393,-0.0009753914146106712,0.0,0.0,0.12566370614359174
20.81081081081081,-0.15921597985457894,-0.9872432934036686,-0.0009753914146106712,0.0,0.0,0.12566370614359174
20.855855855855854,-0.15362514132171862,-0.9881287186219506,-0.0009753914146106712,0.0,0.0,0.12566370614359174
20.9009009009009,-0.14802938041138056,-0.988982482729901,-0.0009753914146106712,0.0,0.0,0.12566370614359174
20.945945945945944,-0.14242887642004848,-0.9898045583716512,-0.0009753914146106712,0.0,0.0,0.12566370614359174
20.99099099099099,-0.1368238087961791,-0.9905949192066774,-0.0009753914146106712,0.0,0.0,0.12566370614359174
21.036036036036034,-0.13121435713445714,-0.9913535399106455,-0.0009753914146106712,0.0,0.0,0.12566370614359174
21.08108108108108,-0.12560070117003602,-0.9920803961762232,-0.0009753914146106712,0.0,0.0,0.12566370614359174
21.126126126126124,-0.11998302077278339,-0.9927754647138569,-0.0009753914146106712,0.0,0.0,0.12566370614359174
21.17117117117117,-0.11436149594151372,-0.9934387232525194,-0.0009753914146106712,0.0,0.0,0.12566370614359174
21.216216216216214,-0.10873630679822475,-0.9940701505404228,-0.0009753914146106712,0.0,0.0,0.12566370614359174
21.26126126126126,-0.10310763358232244,-0.9946697263457005,-0.0009753914146106712,0.0,0.0,0.12566370614359174
21.306306306306304,-0.09747565664484927,-0.9952374314570535,-0.0009753914146106712,0.0,0.0,0.12566370614359174
21.35135135135135,-0.09184055644270227,-0.9957732476843674,-0.0009753914146106712,0.0,0.0,0.12566370614359174
21.396396396396394,-0.08620251353285414,-0.9962771578592953,-0.0009753914146106712,0.0,0.0,0.12566370614359174
21.44144144144144,-0.08056170856656455,-0.9967491458358083,-0.0009753914146106712,0.0,0.0,0.12566370614359174
21.486486486486484,-0.07491832228359531,-0.9971891964907103,-0.0009753914146106712,0.0,0.0,0.12566370614359174
21.53153153153153,-0.06927253550641577,-0.9975972957241263,-0.0009753914146106712,0.0,0.0,0.12566370614359174
21.576576576576574,-0.0636245291344123,-0.9979734304599508,-0.0009753914146106712,0.0,0.0,0.12566370614359174
21.62162162162162,-0.05797448413808875,-0.9983175886462687,-0.0009753914146106712,0.0,0.0,0.12566370614359174
21.666666666666664,-0.05232258155327127,-0.998629759255741,-0.0009753914146106712,0.0,0.0,0.12566370614359174
21.71171171171171,-0.046669002475304054,-0.9989099322859587,-0.0009753914146106712,0.0,0.0,0.12566370614359174
21.756756756756754,-0.04101392805325041,-0.9991580987597616,-0.0009753914146106712,0.0,0.0,0.12566370614359174
21.8018018018018,-0.035357539484084974,-0.9993742507255279,-0.0009753914146106712,0.0,0.0,0.12566370614359174
21.846846846846844,-0.02970001800689134,-0.9995583812574279,-0.0009753914146106712,0.0,0.0,0.12566370614359174
21.89189189189189,-0.02404154489705138,-0.9997104844556458,-0.0009753914146106712,0.0,0.0,0.12566370614359174
21.936936936936934,-0.018382301460440467,-0.9998305554465698,-0.0009753914146106712,0.0,0.0,0.12566370614359174
21.98198198198198,-0.01272246902761462,-0.9999185903829476,-0.0009753914146106712,0.0,0.0,0.12566370614359174
22.027027027027025,-0.0070622289480039725,-0.9999745864440082,-0.0009753914146106712,0.0,0.0,0.12566370614359174
22.07207207207207,-0.0014017625840984371,-0.9999985418355553,-0.0009753914146106712,0.0,0.0,0.12566370614359174
22.117117117117115,0.004258748694359784,-0.9999904557900228,-0.0009753914146106712,0.0,0.0,0.12566370614359174
22.16216216216216,0.009919123516191144,-0.9999503285664985,-0.0009753914146106712,0.0,0.0,0.12566370614359174
22.207207207207205,0.015579180514586585,-0.9998781614507201,-0.0009753914146106712,0.0,0.0,0.12566370614359174
22.25225225225225,0.021238738332922377,-0.9997739567550273,-0.0009753914146106712,0.0,0.0,0.12566370614359174
22.297297297297295,0.026897615630567456,-0.9996377178182942,-0.0009753914146106712,0.0,0.0,0.12566370614359174
22.34234234234234,0.03255563108869747,-0.9994694490058188,-0.0009753914146106712,0.0,0.0,0.12566370614359174
22.387387387387385,0.03821260341610083,-0.9992691557091821,-0.0009753914146106712,0.0,0.0,0.12566370614359174
22.43243243243243,0.04386835135499126,-0.9990368443460795,-0.0009753914146106712,0.0,0.0,0.12566370614359174
22.477477477477475,0.049522693686811926,-0.9987725223601119,-0.0009753914146106712,0.0,0.0,0.12566370614359174
22.52252252252252,0.05517544923804547,-0.9984761982205473,-0.0009753914146106712,0.0,0.0,0.12566370614359174
22.567567567567565,0.060826436886015564,-0.9981478814220512,-0.0009753914146106712,0.0,0.0,0.12566370614359174
22.61261261261261,0.06647547556469391,-0.9977875824843806,-0.0009753914146106712,0.0,0.0,0.12566370614359174
22.657657657657655,0.07212238427049827,-0.997395312952049,-0.0009753914146106712,0.0,0.0,0.12566370614359174
22.7027027027027,0.07776698206809572,-0.9969710853939533,-0.0009753914146106712,0.0,0.0,0.12566370614359174
22.747747747747745,0.08340908809619652,-0.9965149134029743,-0.0009753914146106712,0.0,0.0,0.12566370614359174
22.792792792792792,0.08904852157335269,-0.9960268115955395,-0.0009753914146106712,0.0,0.0,0.12566370614359174
22.837837837837835,0.09468510180374685,-0.995506795611155,-0.0009753914146106712,0.0,0.0,0.12566370614359174
22.882882882882882,0.10031864818298575,-0.9949548821119047,-0.0009753914146106712,0.0,0.0,0.12566370614359174
22.927927927927925,0.10594898020388345,-0.994371088781916,-0.0009753914146106712,0.0,0.0,0.12566370614359174
22.972972972972972,0.11157591746224854,-0.9937554343267934,-0.0009753914146106712,0.0,0.0,0.12566370614359174
23.018018018018015,0.11719927966266118,-0.9931079384730188,-0.0009753914146106712,0.0,0.0,0.12566370614359174
23.063063063063062,0.12281888662425341,-0.9924286219673203,-0.0009753914146106712,0.0,0.0,0.12566370614359174
23.10810810810811,0.12843455828647932,-0.9917175065760073,-0.0009753914146106712,0.0,0.0,0.12566370614359174
23.153153153153152,0.13404611471488587,-0.990974615084271,-0.0009753914146106712,0.0,0.0,0.12566370614359174
23.1981981981982,0.13965337610687964,-0.990199971295458,-0.0009753914146106712,0.0,0.0,0.12566370614359174
23.243243243243242,0.14525616279748457,-0.9893936000303045,-0.0009753914146106712,0.0,0.0,0.12566370614359174
23.28828828828829,0.1508542952651026,-0.9885555271261426,-0.0009753914146106712,0.0,0.0,0.12566370614359174
23.333333333333332,0.15644759413726209,-0.9876857794360713,-0.0009753914146106712,0.0,0.0,0.12566370614359174
23.37837837837838,0.16203588019636858,-0.9867843848280967,-0.0009753914146106712,0.0,0.0,0.12566370614359174
23.423423423423422,0.16761897438544415,-0.9858513721842396,-0.0009753914146106712,0.0,0.0,0.12566370614359174
23.46846846846847,0.17319669781386754,-0.9848867713996101,-0.0009753914146106712,0.0,0.0,0.12566370614359174
23.513513513513512,0.178768871763103,-0.9838906133814491,-0.0009753914146106712,0.0,0.0,0.12566370614359174
23.55855855855856,0.18433531769243006,-0.9828629300481365,-0.0009753914146106712,0.0,0.0,0.12566370614359174
23.603603603603602,0.18989585724466068,-0.9818037543281712,-0.0009753914146106712,0.0,0.0,0.12566370614359174
23.64864864864865,0.19545031225185788,-0.9807131201591155,-0.0009753914146106712,0.0,0.0,0.12566370614359174
23.693693693693692,0.2009985047410406,-0.9795910624865062,-0.0009753914146106712,0.0,0.0,0.12566370614359174
23.73873873873874,0.20654025693988998,-0.9784376172627361,-0.0009753914146106712,0.0,0.0,0.12566370614359174
23.783783783783782,0.21207539128244177,-0.9772528214459019,-0.0009753914146106712,0.0,0.0,0.12566370614359174
23.82882882882883,0.21760373041477954,-0.976036712998619,-0.0009753914146106712,0.0,0.0,0.12566370614359174
23.873873873873872,0.22312509720071363,-0.9747893308868072,-0.0009753914146106712,0.0,0.0,0.12566370614359174
23.91891891891892,0.22863931472746038,-0.9735107150784394,-0.0009753914146106712,0.0,0.0,0.12566370614359174
23.963963963963963,0.23414620631130761,-0.9722009065422639,-0.0009753914146106712,0.0,0.0,0.12566370614359174
24.00900900900901,0.2396455955032785,-0.9708599472464895,-0.0009753914146106712,0.0,0.0,0.12566370614359174
24.054054054054053,0.24513730609478251,-0.9694878801574419,-0.0009753914146106712,0.0,0.0,0.12566370614359174
24.0990990990991,0.2506211621232645,-0.9680847492381863,-0.0009753914146106712,0.0,0.0,0.12566370614359174
24.144144144144143,0.25609698787783963,-0.9666505994471195,-0.0009753914146106712,0.0,0.0,0.12566370614359174
24.18918918918919,0.2615646079049263,-0.9651854767365282,-0.0009753914146106712,0.0,0.0,0.12566370614359174
24.234234234234233,0.2670238470138654,-0.963689428051119,-0.0009753914146106712,0.0,0.0,0.12566370614359174
24.27927927927928,0.2724745302825362,-0.9621625013265108,-0.0009753914146106712,0.0,0.0,0.12566370614359174
24.324324324324323,0.2779164830629582,-0.9606047454877021,-0.0009753914146106712,0.0,0.0,0.12566370614359174
24.36936936936937,0.28334953098689025,-0.9590162104475011,-0.0009753914146106712,0.0,0.0,0.12566370614359174
24.414414414414413,0.28877349997141466,-0.957396947104928,-0.0009753914146106712,0.0,0.0,0.12566370614359174
24.45945945945946,0.2941882162245179,-0.9557470073435818,-0.0009753914146106712,0.0,0.0,0.12566370614359174
24.504504504504503,0.2995935062506559,-0.9540664440299822,-0.0009753914146106712,0.0,0.0,0.12566370614359174
24.54954954954955,0.3049891968563167,-0.9523553110118704,-0.0009753914146106712,0.0,0.0,0.12566370614359174
24.594594594594593,0.3103751151555664,-0.9506136631164872,-0.0009753914146106712,0.0,0.0,0.12566370614359174
24.63963963963964,0.31575108857559187,-0.9488415561488157,-0.0009753914146106712,0.0,0.0,0.12566370614359174
24.684684684684683,0.3211169448622271,-0.9470390468897922,-0.0009753914146106712,0.0,0.0,0.12566370614359174
24.72972972972973,0.3264725120854756,-0.9452061930944886,-0.0009753914146106712,0.0,0.0,0.12566370614359174
24.774774774774773,0.3276779799958485,-0.9433474286622637,-0.05218017115844098,0.0,6.283185307179586,0.12566370614359174
24.81981981981982,0.30533293198623934,-0.9415437800086627,-0.14236260383848576,0.0,6.283185307179586,0.12566370614359174
24.864864864864863,0.25868269722091225,-0.9399367207763916,-0.22271556545204857,0.0,6.283185307179586,0.12566370614359174
24.90990990990991,0.19144073910124842,-0.9386541764876454,-0.28684277988936036,0.0,6.283185307179586,0.12566370614359174
24.954954954954953,0.10895966842913653,-0.9377982405466883,-0.3296395769371992,0.0,6.283185307179586,0.12566370614359174
25.0,0.017805163572293805,-0.9374370473757089,-0.34769923548616516,0.0,6.283185307179586,0.12566370614359174
25.045045045045043,-0.074766672271493,-0.9375993487618739,-0.3395841661779059,0.0,6.283185307179586,0.12566370614359174
25.09009009009009,-0.1613869131764729,-0.9382722251505327,-0.3059403467449552,0.0,6.283185307179586,0.12566370614359174
25.135135135135133,-0.23516039353332388,-0.9394021140707672,-0.24944590073322742,0.0,6.283185307179586,0.12566370614359174
25.18018018018018,-0.29021457870903034,-0.9408990738283065,-0.17459791285625437,0.0,6.283185307179586,0.12566370614359174
25.225225225225223,-0.32216703198549057,-0.9426439430662802,-0.08735445095758382,0.0,6.283185307179586,0.12566370614359174
25.27027027027027,-0.3264855117295331,-0.9444941597884768,-0.03657858329884123,0.0,0.0,0.12566370614359174
25.315315315315313,-0.32113397476046746,-0.9463270985755288,-0.03657858329884123,0.0,0.0,0.12566370614359174
25.36036036036036,-0.31577214818235066,-0.9481297156381817,-0.03657858329884123,0.0,0.0,0.12566370614359174
25.405405405405403,-0.3104002037960635,-0.9499019532179088,-0.03657858329884123,0.0,0.0,0.12566370614359174
25.45045045045045,-0.3050183137266738,-0.9516437545295889,-0.03657858329884123,0.0,0.0,0.12566370614359174
25.495495495495494,-0.29962665041792613,-0.9533550637633234,-0.03657858329884123,0.0,0.0,0.12566370614359174
25.54054054054054,-0.29422538662671216,-0.9550358260862251,-0.03657858329884123,0.0,0.0,0.12566370614359174
25.585585585585584,-0.288814695417539,-0.9566859876441753,-0.03657858329884123,0.0,0.0,0.12566370614359174
25.63063063063063,-0.2833947501569806,-0.9583054955635494,-0.03657858329884123,0.0,0.0,0.12566370614359174
25.675675675675674,-0.27796572450812623,-0.9598942979529098,-0.03657858329884123,0.0,0.0,0.12566370614359174
25.72072072072072,-0.272527792425012,-0.9614523439046712,-0.03657858329884123,0.0,0.0,0.12566370614359174
25.765765765765764,-0.26708112814705176,-0.9629795834967293,-0.03657858329884123,0.0,0.0,0.12566370614359174
25.81081081081081,-0.26162590619344994,-0.964475967794062,-0.03657858329884123,0.0,0.0,0.12566370614359174
25.855855855855854,-0.25616230135761336,-0.9659414488502954,-0.03657858329884123,0.0,0.0,0.12566370614359174
25.9009009009009,-0.2506904887015463,-0.9673759797092423,-0.03657858329884123,0.0,0.0,0.12566370614359174
25.945945945945944,-0.24521064355024708,-0.968779514406405,-0.03657858329884123,0.0,0.0,0.12566370614359174
25.99099099099099,-0.23972294148608408,-0.9701520079704494,-0.03657858329884123,0.0,0.0,0.12566370614359174
26.036036036036034,-0.2342275583431751,-0.9714934164246456,-0.03657858329884123,0.0,0.0,0.12566370614359174
26.08108108108108,-0.22872467020174914,-0.9728036967882764,-0.03657858329884123,0.0,0.0,0.12566370614359174
26.126126126126124,-0.22321445338250825,-0.9740828070780144,-0.03657858329884123,0.0,0.0,0.12566370614359174
26.17117117117117,-0.2176970844409746,-0.9753307063092679,-0.03657858329884123,0.0,0.0,0.12566370614359174
26.216216216216214,-0.2121727401618365,-0.976547354497494,-0.03657858329884123,0.0,0.0,0.12566370614359174
26.26126126126126,-0.20664159755328101,-0.9777327126594793,-0.03657858329884123,0.0,0.0,0.12566370614359174
26.306306306306304,-0.20110383384132532,-0.9788867428145898,-0.03657858329884123,0.0,0.0,0.12566370614359174
26.35135135135135,-0.19555962646413466,-0.9800094079859865,-0.03657858329884123,0.0,0.0,0.12566370614359174
26.396396396396394,-0.19000915306634078,-0.9811006722018122,-0.03657858329884123,0.0,0.0,0.12566370614359174
26.44144144144144,-0.18445259149334645,-0.9821605004963416,-0.03657858329884123,0.0,0.0,0.12566370614359174
26.486486486486484,-0.1788901197856301,-0.9831888589111037,-0.03657858329884123,0.0,0.0,0.12566370614359174
26.53153153153153,-0.1733219161730378,-0.9841857144959698,-0.03657858329884123,0.0,0.0,0.12566370614359174
26.576576576576574,-0.16774815906907647,-0.9851510353102064,-0.03657858329884123,0.0,0.0,0.12566370614359174
26.62162162162162,-0.16216902706519318,-0.9860847904235033,-0.03657858329884123,0.0,0.0,0.12566370614359174
26.666666666666664,-0.15658469892505647,-0.9869869499169606,-0.03657858329884123,0.0,0.0,0.12566370614359174
26.71171171171171,-0.15099535357882513,-0.9878574848840501,-0.03657858329884123,0.0,0.0,0.12566370614359174
26.756756756756754,-0.1454011701174184,-0.9886963674315392,-0.03657858329884123,0.0,0.0,0.12566370614359174
26.8018018018018,-0.13980232778677418,-0.9895035706803865,-0.03657858329884123,0.0,0.0,0.12566370614359174
26.846846846846844,-0.13419900598210918,-0.9902790687666027,-0.03657858329884123,0.0,0.0,0.12566370614359174
26.89189189189189,-0.12859138424216748,-0.9910228368420777,-0.03657858329884123,0.0,0.0,0.12566370614359174
26.936936936936934,-0.12297964224347087,-0.9917348510753791,-0.03657858329884123,0.0,0.0,0.12566370614359174
26.98198198198198,-0.11736395979455902,-0.992415088652514,-0.03657858329884123,0.0,0.0,0.12566370614359174
27.027027027027025,-0.1117445168302309,-0.9930635277776617,-0.03657858329884123,0.0,0.0,0.12566370614359174
27.07207207207207,-0.10612149340577645,-0.99368014767387,-0.03657858329884123,0.0,0.0,0.12566370614359174
27.117117117117115,-0.10049506969121048,-0.9942649285837223,-0.03657858329884123,0.0,0.0,0.12566370614359174
27.16216216216216,-0.09486542596549644,-0.9948178517699713,-0.03657858329884123,0.0,0.0,0.12566370614359174
27.207207207207205,-0.0892327426107734,-0.9953388995161374,-0.03657858329884123,0.0,0.0,0.12566370614359174
27.25225225225225,-0.083597200106573,-0.9958280551270773,-0.03657858329884123,0.0,0.0,0.12566370614359174
27.297297297297295,-0.07795897902403998,-0.9962853029295202,-0.03657858329884123,0.0,0.0,0.12566370614359174
27.34234234234234,-0.07231826002014295,-0.9967106282725673,-0.03657858329884123,0.0,0.0,0.12566370614359174
27.387387387387385,-0.06667522383188933,-0.9971040175281636,-0.03657858329884123,0.0,0.0,0.12566370614359174
27.43243243243243,-0.061030051270530926,-0.9974654580915339,-0.03657858329884123,0.0,0.0,0.12566370614359174
27.477477477477475,-0.05538292321577374,-0.997794938381586,-0.03657858329884123,0.0,0.0,0.12566370614359174
27.52252252252252,-0.04973402060997902,-0.9980924478412825,-0.03657858329884123,0.0,0.0,0.12566370614359174
27.567567567567565,-0.04408352445236895,-0.9983579769379791,-0.03657858329884123,0.0,0.0,0.12566370614359174
27.61261261261261,-0.0384316157932238,-0.9985915171637301,-0.03657858329884123,0.0,0.0,0.12566370614359174
27.657657657657655,-0.03277847572808417,-0.9987930610355588,-0.03657858329884123,0.0,0.0,0.12566370614359174
27.7027027027027,-0.02712428539194503,-0.9989626020957012,-0.03657858329884123,0.0,0.0,0.12566370614359174
27.747747747747745,-0.021469225953455313,-0.99910013491181,-0.03657858329884123,0.0,0.0,0.12566370614359174
27.792792792792792,-0.01581347860910953,-0.9992056550771306,-0.03657858329884123,0.0,0.0,0.12566370614359174
27.837837837837835,-0.01015722457744549,-0.9992791592106386,-0.03657858329884123,0.0,0.0,0.12566370614359174
27.882882882882882,-0.004500645093234235,-0.999320644957154,-0.03657858329884123,0.0,0.0,0.12566370614359174
27.927927927927925,0.001156078598323428,-0.9993301109874119,-0.03657858329884123,0.0,0.0,0.12566370614359174
27.972972972972972,0.006812765247407856,-0.9993075569981057,-0.03657858329884123,0.0,0.0,0.12566370614359174
28.018018018018015,0.012469233605384522,-0.9992529837118992,-0.03657858329884123,0.0,0.0,0.12566370614359174
28.063063063063062,0.01812530243061505,-0.9991663928774014,-0.03657858329884123,0.0,0.0,0.12566370614359174
28.108108108108105,0.02378079049426089,-0.9990477872691108,-0.03657858329884123,0.0,0.0,0.12566370614359174
28.153153153153152,0.02943551658609378,-0.9988971706873279,-0.03657858329884123,0.0,0.0,0.12566370614359174
28.198198198198195,0.03508929952029835,-0.9987145479580307,-0.03657858329884123,0.0,0.0,0.12566370614359174
28.243243243243242,0.04074195814128115,-0.9984999249327227,-0.03657858329884123,0.0,0.0,0.12566370614359174
28.288288288288285,0.04639331132947167,-0.9982533084882442,-0.03657858329884123,0.0,0.0,0.12566370614359174
28.333333333333332,0.05204317800712918,-0.9979747065265515,-0.03657858329884123,0.0,0.0,0.12566370614359174
28.378378378378375,0.057691377144141145,-0.9976641279744655,-0.03657858329884123,0.0,0.0,0.12566370614359174
28.423423423423422,0.0633377277638273,-0.9973215827833833,-0.03657858329884123,0.0,0.0,0.12566370614359174
28.468468468468465,0.06898204894873484,-0.9969470819289618,-0.03657858329884123,0.0,0.0,0.12566370614359174
28.513513513513512,0.07462415984643883,-0.9965406374107632,-0.03657858329884123,0.0,0.0,0.12566370614359174
28.558558558558556,0.08026387967533345,-0.9961022622518738,-0.03657858329884123,0.0,0.0,0.12566370614359174
28.603603603603602,0.08590102773042804,-0.9956319704984837,-0.03657858329884123,0.0,0.0,0.12566370614359174
28.648648648648646,0.09153542338913365,-0.9951297772194387,-0.03657858329884123,0.0,0.0,0.12566370614359174
28.693693693693692,0.09716688611705386,-0.9945956985057565,-0.03657858329884123,0.0,0.0,0.12566370614359174
28.738738738738736,0.10279523547376611,-0.9940297514701109,-0.03657858329884123,0.0,0.0,0.12566370614359174
28.783783783783782,0.10842029111860646,-0.9934319542462857,-0.03657858329884123,0.0,0.0,0.12566370614359174
28.828828828828826,0.1140418728164447,-0.9928023259885906,-0.03657858329884123,0.0,0.0,0.12566370614359174
28.873873873873872,0.1196598004434629,-0.9921408868712492,-0.03657858329884123,0.0,0.0,0.12566370614359174
28.91891891891892,0.12527389399292346,-0.9914476580877521,-0.03657858329884123,0.0,0.0,0.12566370614359174
28.963963963963963,0.13088397358093845,-0.9907226618501781,-0.03657858329884123,0.0,0.0,0.12566370614359174
29.00900900900901,0.13648985945223444,-0.9899659213884827,-0.03657858329884123,0.0,0.0,0.12566370614359174
29.054054054054053,0.14209137198590935,-0.9891774609497533,-0.03657858329884123,0.0,0.0,0.12566370614359174
29.0990990990991,0.14768833170119086,-0.9883573057974315,-0.03657858329884123,0.0,0.0,0.12566370614359174
29.144144144144143,0.15328055926318407,-0.9875054822105059,-0.03657858329884123,0.0,0.0,0.12566370614359174
29.18918918918919,0.15886787548862097,-0.9866220174826681,-0.03657858329884123,0.0,0.0,0.12566370614359174
29.234234234234233,0.16445010135159846,-0.9857069399214392,-0.03657858329884123,0.0,0.0,0.12566370614359174
29.27927927927928,0.17002705798931766,-0.9847602788472616,-0.03657858329884123,0.0,0.0,0.12566370614359174
29.324324324324323,0.17559856670781215,-0.9837820645925608,-0.03657858329884123,0.0,0.0,0.12566370614359174
29.36936936936937,0.18116444898767625,-0.982772328500773,-0.03657858329884123,0.0,0.0,0.12566370614359174
29.414414414414413,0.1867245264897822,-0.9817311029253412,-0.03657858329884123,0.0,0.0,0.12566370614359174
29.45945945945946,0.19227862106099772,-0.980658421228677,-0.03657858329884123,0.0,0.0,0.12566370614359174
29.504504504504503,0.19782655473989078,-0.9795543177810944,-0.03657858329884123,0.0,0.0,0.12566370614359174
29.54954954954955,0.20336814976243503,-0.9784188279597057,-0.03657858329884123,0.0,0.0,0.12566370614359174
29.594594594594593,0.2089032285677024,-0.9772519881472896,-0.03657858329884123,0.0,0.0,0.12566370614359174
29.63963963963964,0.21443161380355594,-0.9760538357311259,-0.03657858329884123,0.0,0.0,0.12566370614359174
29.684684684684683,0.2199531283323288,-0.9748244091017949,-0.03657858329884123,0.0,0.0,0.12566370614359174
29.72972972972973,0.2254675952365036,-0.9735637476519496,-0.03657858329884123,0.0,0.0,0.12566370614359174
29.774774774774773,0.23097483782437733,-0.9722718917750547,-0.03657858329884123,0.0,0.0,0.12566370614359174
29.81981981981982,0.23647467963572674,-0.9709488828640884,-0.03657858329884123,0.0,0.0,0.12566370614359174
29.864864864864863,0.24196694444745875,-0.9695947633102198,-0.03657858329884123,0.0,0.0,0.12566370614359174
29.90990990990991,0.2474514562792601,-0.9682095765014485,-0.03657858329884123,0.0,0.0,0.12566370614359174
29.954954954954953,0.25292803939923286,-0.966793366821215,-0.03657858329884123,0.0,0.0,0.12566370614359174
30.0,0.2583965183295288,-0.965346179646979,-0.03657858329884123,0.0,0.0,0.12566370614359174
30.045045045045043,0.263856717851968,-0.9638680613487649,-0.03657858329884123,0.0,0.0,0.12566370614359174
30.09009009009009,0.26930846301365674,-0.9623590592876762,-0.03657858329884123,0.0,0.0,0.12566370614359174
30.135135135135133,0.2747515791325896,-0.9608192218143785,-0.03657858329884123,0.0,0.0,0.12566370614359174
30.18018018018018,0.2801858918032507,-0.9592485982675482,-0.03657858329884123,0.0,0.0,0.12566370614359174
30.225225225225223,0.2856112269021977,-0.957647238972295,-0.03657858329884123,0.0,0.0,0.12566370614359174
30.27027027027027,0.28403722870391196,-0.9560231106250755,-0.07309353364659626,0.0,6.283185307179586,0.12566370614359174
30.315315315315313,0.25765963359372995,-0.9544796446312843,-0.1502668333361401,0.0,6.283185307179586,0.12566370614359174
30.36036036036036,0.21077175329036932,-0.953144935190633,-0.21700230536871495,0.0,6.283185307179586,0.12566370614359174
30.405405405405403,0.14710596831348768,-0.9521252281705699,-0.26798765637185634,0.0,6.283185307179586,0.12566370614359174
30.45045045045045,0.07173021805548405,-0.9515016945387916,-0.29916433796077635,0.0,6.283185307179586,0.12566370614359174
30.495495495495494,-0.009355418569915478,-0.9513239689720102,-0.30805061629984126,0.0,6.283185307179586,0.12566370614359174
30.54054054054054,-0.08969634287739144,-0.951606198824276,-0.29393912368655967,0.0,6.283185307179586,0.12566370614359174
30.585585585585584,-0.1628972369537351,-0.9523259179658371,-0.2579531666085007,0.0,6.283185307179586,0.12566370614359174
30.63063063063063,-0.22313114531912256,-0.9534258351374982,-0.20295730802542777,0.0,6.283185307179586,0.12566370614359174
30.675675675675674,-0.26560331366281853,-0.9548183944634518,-0.13332934172774585,0.0,6.283185307179586,0.12566370614359174
30.72072072072072,-0.2869328620489553,-0.9563927450955252,-0.05461181012407734,0.0,6.283185307179586,0.12566370614359174
30.765765765765764,-0.2866827933836353,-0.9580243487921443,-0.0015241716213358902,0.0,0.0,0.12566370614359174
30.81081081081081,-0.28125530648836566,-0.9596317676447522,-0.0015241716213358902,0.0,0.0,0.12566370614359174
30.855855855855854,-0.27581880775574946,-0.9612084384716216,-0.0015241716213358902,0.0,0.0,0.12566370614359174
30.9009009009009,-0.270373471379272,-0.9627543107538801,-0.0015241716213358902,0.0,0.0,0.12566370614359174
30.945945945945944,-0.2649194718355913,-0.9642693349594854,-0.0015241716213358902,0.0,0.0,0.12566370614359174
30.99099099099099,-0.2594569838789448,-0.9657534625448138,-0.0015241716213358902,0.0,0.0,0.12566370614359174
31.036036036036034,-0.25398618253555244,-0.9672066459562159,-0.0015241716213358902,0.0,0.0,0.12566370614359174
31.08108108108108,-0.24850724309800606,-0.9686288386315393,-0.0015241716213358902,0.0,0.0,0.12566370614359174
31.126126126126124,-0.2430203411196559,-0.9700199950016195,-0.0015241716213358902,0.0,0.0,0.12566370614359174
31.17117117117117,-0.23752565240898174,-0.9713800704917427,-0.0015241716213358902,0.0,0.0,0.12566370614359174
31.216216216216214,-0.232023353023964,-0.9727090215230718,-0.0015241716213358902,0.0,0.0,0.12566370614359174
31.26126126126126,-0.22651361926643832,-0.9740068055140445,-0.0015241716213358902,0.0,0.0,0.12566370614359174
31.306306306306304,-0.22099662767645042,-0.9752733808817361,-0.0015241716213358902,0.0,0.0,0.12566370614359174
31.35135135135135,-0.21547255502659632,-0.9765087070431916,-0.0015241716213358902,0.0,0.0,0.12566370614359174
31.396396396396394,-0.20994157831636107,-0.9777127444167281,-0.0015241716213358902,0.0,0.0,0.12566370614359174
31.44144144144144,-0.2044038747664445,-0.9788854544232017,-0.0015241716213358902,0.0,0.0,0.12566370614359174
31.486486486486484,-0.19885962181308592,-0.9800267994872442,-0.0015241716213358902,0.0,0.0,0.12566370614359174
31.53153153153153,-0.19330899710237584,-0.9811367430384652,-0.0015241716213358902,0.0,0.0,0.12566370614359174
31.576576576576574,-0.18775217848456688,-0.9822152495126274,-0.0015241716213358902,0.0,0.0,0.12566370614359174
31.62162162162162,-0.18218934400837183,-0.9832622843527827,-0.0015241716213358902,0.0,0.0,0.12566370614359174
31.666666666666664,-0.17662067191526237,-0.9842778140103813,-0.0015241716213358902,0.0,0.0,0.12566370614359174
31.71171171171171,-0.17104634063375432,-0.9852618059463459,-0.0015241716213358902,0.0,0.0,0.12566370614359174
31.756756756756754,-0.16546652877369397,-0.986214228632115,-0.0015241716213358902,0.0,0.0,0.12566370614359174
31.8018018018018,-0.1598814151205318,-0.9871350515506527,-0.0015241716213358902,0.0,0.0,0.12566370614359174
31.846846846846844,-0.15429117862959724,-0.9880242451974259,-0.0015241716213358902,0.0,0.0,0.12566370614359174
31.89189189189189,-0.14869599842036152,-0.9888817810813514,-0.0015241716213358902,0.0,0.0,0.12566370614359174
31.936936936936934,-0.14309605377070148,-0.9897076317257063,-0.0015241716213358902,0.0,0.0,0.12566370614359174
31.98198198198198,-0.13749152411115204,-0.9905017706690113,-0.0015241716213358902,0.0,0.0,0.12566370614359174
32.027027027027025,-0.1318825890191603,-0.9912641724658757,-0.0015241716213358902,0.0,0.0,0.12566370614359174
32.07207207207207,-0.1262694282133287,-0.9919948126878149,-0.0015241716213358902,0.0,0.0,0.12566370614359174
32.11711711711712,-0.1206522215476576,-0.9926936679240321,-0.0015241716213358902,0.0,0.0,0.12566370614359174
32.16216216216216,-0.11503114900578507,-0.9933607157821686,-0.0015241716213358902,0.0,0.0,0.12566370614359174
32.207207207207205,-0.10940639069521496,-0.9939959348890213,-0.0015241716213358902,0.0,0.0,0.12566370614359174
32.25225225225225,-0.10377812684154962,-0.9945993048912273,-0.0015241716213358902,0.0,0.0,0.12566370614359174
32.2972972972973,-0.09814653778271315,-0.9951708064559168,-0.0015241716213358902,0.0,0.0,0.12566370614359174
32.34234234234234,-0.09251180396317708,-0.9957104212713316,-0.0015241716213358902,0.0,0.0,0.12566370614359174
32.387387387387385,-0.08687410592817292,-0.9962181320474117,-0.0015241716213358902,0.0,0.0,0.12566370614359174
32.43243243243243,-0.08123362431791085,-0.996693922516351,-0.0015241716213358902,0.0,0.0,0.12566370614359174
32.47747747747748,-0.07559053986179017,-0.9971377774331169,-0.0015241716213358902,0.0,0.0,0.12566370614359174
32.52252252252252,-0.06994503337261185,-0.9975496825759395,-0.0015241716213358902,0.0,0.0,0.12566370614359174
32.567567567567565,-0.06429728574077974,-0.997929624746766,-0.0015241716213358902,0.0,0.0,0.12566370614359174
32.61261261261261,-0.058647477928508024,-0.9982775917716865,-0.0015241716213358902,0.0,0.0,0.12566370614359174
32.65765765765766,-0.05299579096402143,-0.9985935725013211,-0.0015241716213358902,0.0,0.0,0.12566370614359174
32.7027027027027,-0.04734240593575797,-0.9988775568111776,-0.0015241716213358902,0.0,0.0,0.12566370614359174
32.747747747747745,-0.04168750398656159,-0.999129535601978,-0.0015241716213358902,0.0,0.0,0.12566370614359174
32.79279279279279,-0.03603126630788149,-0.9993495007999477,-0.0015241716213358902,0.0,0.0,0.12566370614359174
32.83783783783784,-0.030373874133964734,-0.9995374453570756,-0.0015241716213358902,0.0,0.0,0.12566370614359174
32.88288288288288,-0.02471550873605284,-0.9996933632513385,-0.0015241716213358902,0.0,0.0,0.12566370614359174
32.927927927927925,-0.01905635141656814,-0.9998172494868961,-0.0015241716213358902,0.0,0.0,0.12566370614359174
32.97297297297297,-0.0133965835033082,-0.99990910009425,-0.0015241716213358902,0.0,0.0,0.12566370614359174
33.01801801801802,-0.0077363863436340444,-0.9999689121303702,-0.0015241716213358902,0.0,0.0,0.12566370614359174
33.06306306306306,-0.002075941298663069,-0.9999966836787905,-0.0015241716213358902,0.0,0.0,0.12566370614359174
33.108108108108105,0.0035845702625474036,-0.9999924138496691,-0.0015241716213358902,0.0,0.0,0.12566370614359174
33.15315315315315,0.009244966968807871,-0.9999561027798175,-0.0015241716213358902,0.0,0.0,0.12566370614359174
33.1981981981982,0.01490506745260986,-0.9998877516326964,-0.0015241716213358902,0.0,0.0,0.12566370614359174
33.24324324324324,0.0205646903559336,-0.9997873625983774,-0.0015241716213358902,0.0,0.0,0.12566370614359174
33.288288288288285,0.026223654336064422,-0.9996549388934756,-0.0015241716213358902,0.0,0.0,0.12566370614359174
33.33333333333333,0.031881778071399615,-0.9994904847610414,-0.0015241716213358902,0.0,0.0,0.12566370614359174
33.37837837837838,0.03753888026726006,-0.9992940054704302,-0.0015241716213358902,0.0,0.0,0.12566370614359174
33.42342342342342,0.04319477966169562,-0.9990655073171297,-0.0015241716213358902,0.0,0.0,0.12566370614359174
33.468468468468465,0.04884929503129832,-0.9988049976225597,-0.0015241716213358902,0.0,0.0,0.12566370614359174
33.51351351351351,0.054502245197005576,-0.9985124847338371,-0.0015241716213358902,0.0,0.0,0.12566370614359174
33.55855855855856,0.060153449029907075,-0.9981879780235091,-0.0015241716213358902,0.0,0.0,0.12566370614359174
33.6036036036036,0.06580272545704499,-0.9978314878892526,-0.0015241716213358902,0.0,0.0,0.12566370614359174
33.648648648648646,0.07144989346722105,-0.9974430257535402,-0.0015241716213358902,0.0,0.0,0.12566370614359174
33.69369369369369,0.07709477211679297,-0.9970226040632754,-0.0015241716213358902,0.0,0.0,0.12566370614359174
33.73873873873874,0.08273718053547381,-0.9965702362893922,-0.0015241716213358902,0.0,0.0,0.12566370614359174
33.78378378378378,0.08837693793212387,-0.9960859369264263,-0.0015241716213358902,0.0,0.0,0.12566370614359174
33.828828828828826,0.09401386360054867,-0.9955697214920475,-0.0015241716213358902,0.0,0.0,0.12566370614359174
33.87387387387387,0.09964777692528584,-0.9950216065265642,-0.0015241716213358902,0.0,0.0,0.12566370614359174
33.91891891891892,0.10527849738739366,-0.9944416095923928,-0.0015241716213358902,0.0,0.0,0.12566370614359174
33.96396396396396,0.11090584457023193,-0.9938297492734958,-0.0015241716213358902,0.0,0.0,0.12566370614359174
34.009009009009006,0.11652963816524795,-0.9931860451747861,-0.0015241716213358902,0.0,0.0,0.12566370614359174
34.05405405405405,0.12214969797775023,-0.9925105179214976,-0.0015241716213358902,0.0,0.0,0.12566370614359174
34.0990990990991,0.12776584393268428,-0.9918031891585268,-0.0015241716213358902,0.0,0.0,0.12566370614359174
34.14414414414414,0.13337789608039866,-0.9910640815497364,-0.0015241716213358902,0.0,0.0,0.12566370614359174
34.189189189189186,0.13898567460241626,-0.9902932187772305,-0.0015241716213358902,0.0,0.0,0.12566370614359174
34.23423423423423,0.14458899981719248,-0.9894906255405962,-0.0015241716213358902,0.0,0.0,0.12566370614359174
34.27927927927928,0.15018769218587402,-0.9886563275561114,-0.0015241716213358902,0.0,0.0,0.12566370614359174
34.32432432432432,0.15578157231804837,-0.9877903515559223,-0.0015241716213358902,0.0,0.0,0.12566370614359174
34.369369369369366,0.16137046097749666,-0.9868927252871846,-0.0015241716213358902,0.0,0.0,0.12566370614359174
34.41441441441441,0.16695417908793356,-0.9859634775111753,-0.0015241716213358902,0.0,0.0,0.12566370614359174
34.45945945945946,0.17253254773874643,-0.9850026380023723,-0.0015241716213358902,0.0,0.0,0.12566370614359174
34.5045045045045,0.17810538819072477,-0.9840102375474999,-0.0015241716213358902,0.0,0.0,0.12566370614359174
34.549549549549546,0.18367252188179237,-0.9829863079445403,-0.0015241716213358902,0.0,0.0,0.12566370614359174
34.5945945945946,0.18923377043272624,-0.9819308820017172,-0.0015241716213358902,0.0,0.0,0.12566370614359174
34.63963963963964,0.19478895565286924,-0.9808439935364442,-0.0015241716213358902,0.0,0.0,0.12566370614359174
34.68468468468468,0.2003378995458449,-0.9797256773742401,-0.0015241716213358902,0.0,0.0,0.12566370614359174
34.729729729729726,0.2058804243152575,-0.9785759693476148,-0.0015241716213358902,0.0,0.0,0.12566370614359174
34.77477477477478,0.21141635237039014,-0.9773949062949191,-0.0015241716213358902,0.0,0.0,0.12566370614359174
34.81981981981982,0.2169455063318921,-0.9761825260591653,-0.0015241716213358902,0.0,0.0,0.12566370614359174
34.86486486486486,0.22246770903746713,-0.9749388674868158,-0.0015241716213358902,0.0,0.0,0.12566370614359174
34.909909909909906,0.2279827835475466,-0.9736639704265356,-0.0015241716213358902,0.0,0.0,0.12566370614359174
34.95495495495496,0.23349055315096076,-0.9723578757279189,-0.0015241716213358902,0.0,0.0,0.12566370614359174
35.0,0.23899084137059756,-0.9710206252401781,-0.0015241716213358902,0.0,0.0,0.12566370614359174
35.04504504504504,0.24448347196906192,-0.9696522618108028,-0.0015241716213358902,0.0,0.0,0.12566370614359174
35.09009009009009,0.2499682689543194,-0.9682528292841872,-0.0015241716213358902,0.0,0.0,0.12566370614359174
35.13513513513514,0.2554450565853369,-0.9668223725002261,-0.0015241716213358902,0.0,0.0,0.12566370614359174
35.18018018018018,0.26091365937771094,-0.9653609372928778,-0.0015241716213358902,0.0,0.0,0.12566370614359174
35.22522522522522,0.2663739021092945,-0.9638685704886948,-0.0015241716213358902,0.0,0.0,0.12566370614359174
35.27027027027027,0.2718256098258085,-0.9623453199053235,-0.0015241716213358902,0.0,0.0,0.12566370614359174
35.31531531531532,0.2772686078464492,-0.9607912343499725,-0.0015241716213358902,0.0,0.0,0.12566370614359174
35.36036036036036,0.2827027217694819,-0.9592063636178497,-0.0015241716213358902,0.0,0.0,0.12566370614359174
35.4054054054054,0.28812777747783447,-0.957590758490565,-0.0015241716213358902,0.0,0.0,0.12566370614359174
35.45045045045045,0.29354360114467215,-0.9559444707345032,-0.0015241716213358902,0.0,0.0,0.12566370614359174
35.4954954954955,0.2989500192389696,-0.9542675530991669,-0.0015241716213358902,0.0,0.0,0.12566370614359174
35.54054054054054,0.30434685853106724,-0.9525600593154863,-0.0015241716213358902,0.0,0.0,0.12566370614359174
35.585585585585584,0.3097339460982271,-0.9508220440940944,-0.0015241716213358902,0.0,0.0,0.12566370614359174
35.63063063063063,0.3151111093301701,-0.9490535631235789,-0.0015241716213358902,0.0,0.0,0.12566370614359174
35.67567567567568,0.3204781759346087,-0.9472546730686932,-0.0015241716213358902,0.0,0.0,0.12566370614359174
35.72072072072072,0.32583497394276384,-0.945425431568545,-0.0015241716213358902,0.0,0.0,0.12566370614359174
35.765765765765764,0.3294131309668182,-0.9435671146875051,-0.03417732035893711,0.0,6.283185307179586,0.12566370614359174
35.81081081081081,0.3120277500266301,-0.9417394463812103,-0.1255607356736685,0.0,6.283185307179586,0.12566370614359174
35.85585585585586,0.26980425978708766,-0.940081622635587,-0.20845192295482817,0.0,6.283185307179586,0.12566370614359174
35.9009009009009,0.20610374484878874,-0.9387256099420435,-0.276252557632008,0.0,6.283185307179586,0.12566370614359174
35.945945945945944,0.12599690918702275,-0.937779349954777,-0.3235655569953246,0.0,6.283185307179586,0.12566370614359174
35.99099099099099,0.035860436733337046,-0.9373181670928096,-0.3466247000937066,0.0,6.283185307179586,0.12566370614359174
36.03603603603604,-0.05713060697894139,-0.9373787725471533,-0.34359442737650886,0.0,6.283185307179586,0.12566370614359174
36.08108108108108,-0.14557392613670694,-0.937956341987604,-0.3147159553539638,0.0,6.283185307179586,0.12566370614359174
36.126126126126124,-0.22242923400954706,-0.939004899590253,-0.2622880752215121,0.0,6.283185307179586,0.12566370614359174
36.17117117117117,-0.2815786755764979,-0.9404409778162705,-0.19048416392063322,0.0,6.283185307179586,0.12566370614359174
36.21621621621622,-0.31831382251825535,-0.9421502616153535,-0.10501997396646445,0.0,6.283185307179586,0.12566370614359174
36.26126126126126,-0.3279865905083259,-0.9439952737498857,-0.03602387520217909,0.0,0.0,0.12566370614359174
36.306306306306304,-0.32263785343382684,-0.9458367173814992,-0.03602387520217909,0.0,0.0,0.12566370614359174
36.35135135135135,-0.3172787785637729,-0.9476478550012538,-0.03602387520217909,0.0,0.0,0.12566370614359174
36.3963963963964,-0.31190953761087425,-0.9494286285776131,-0.03602387520217909,0.0,0.0,0.12566370614359174
36.44144144144144,-0.3065303026135796,-0.9511789810519486,-0.03602387520217909,0.0,0.0,0.12566370614359174
36.486486486486484,-0.3011412459305592,-0.9528988563403712,-0.03602387520217909,0.0,0.0,0.12566370614359174
36.53153153153153,-0.2957425402351851,-0.9545881993355232,-0.03602387520217909,0.0,0.0,0.12566370614359174
36.57657657657658,-0.29033435850999806,-0.9562469559083494,-0.03602387520217909,0.0,0.0,0.12566370614359174
36.62162162162162,-0.28491687404116656,-0.9578750729098271,-0.03602387520217909,0.0,0.0,0.12566370614359174
36.666666666666664,-0.2794902604129304,-0.9594724981726722,-0.03602387520217909,0.0,0.0,0.12566370614359174
36.71171171171171,-0.2740546915020426,-0.9610391805130093,-0.03602387520217909,0.0,0.0,0.12566370614359174
36.75675675675676,-0.26861034147219554,-0.9625750697320116,-0.03602387520217909,0.0,0.0,0.12566370614359174
36.8018018018018,-0.2631573847684441,-0.9640801166175088,-0.03602387520217909,0.0,0.0,0.12566370614359174
36.846846846846844,-0.25769599611161126,-0.9655542729455661,-0.03602387520217909,0.0,0.0,0.12566370614359174
36.89189189189189,-0.25222635049269343,-0.9669974914820273,-0.03602387520217909,0.0,0.0,0.12566370614359174
36.93693693693694,-0.24674862316725096,-0.9684097259840295,-0.03602387520217909,0.0,0.0,0.12566370614359174
36.98198198198198,-0.24126298964979712,-0.9697909312014829,-0.03602387520217909,0.0,0.0,0.12566370614359174
37.027027027027025,-0.23576962570816856,-0.9711410628785234,-0.03602387520217909,0.0,0.0,0.12566370614359174
37.07207207207207,-0.23026870735789698,-0.9724600777549283,-0.03602387520217909,0.0,0.0,0.12566370614359174
37.11711711711712,-0.22476041085656764,-0.9737479335675046,-0.03602387520217909,0.0,0.0,0.12566370614359174
37.16216216216216,-0.21924491269817548,-0.9750045890514405,-0.03602387520217909,0.0,0.0,0.12566370614359174
37.207207207207205,-0.21372238960746454,-0.9762300039416297,-0.03602387520217909,0.0,0.0,0.12566370614359174
37.25225225225225,-0.20819301853426891,-0.9774241389739606,-0.03602387520217909,0.0,0.0,0.12566370614359174
37.2972972972973,-0.2026569766478415,-0.9785869558865762,-0.03602387520217909,0.0,0.0,0.12566370614359174
37.34234234234234,-0.19711444133118045,-0.9797184174210956,-0.03602387520217909,0.0,0.0,0.12566370614359174
37.387387387387385,-0.1915655901753404,-0.980818487323813,-0.03602387520217909,0.0,0.0,0.12566370614359174
37.43243243243243,-0.18601060097374578,-0.9818871303468568,-0.03602387520217909,0.0,0.0,0.12566370614359174
37.47747747747748,-0.18044965171649224,-0.9829243122493186,-0.03602387520217909,0.0,0.0,0.12566370614359174
37.52252252252252,-0.17488292058464722,-0.9839299997983514,-0.03602387520217909,0.0,0.0,0.12566370614359174
37.567567567567565,-0.16931058594453502,-0.9849041607702337,-0.03602387520217909,0.0,0.0,0.12566370614359174
37.61261261261261,-0.16373282634202585,-0.9858467639514022,-0.03602387520217909,0.0,0.0,0.12566370614359174
37.65765765765766,-0.15814982049681275,-0.9867577791394532,-0.03602387520217909,0.0,0.0,0.12566370614359174
37.7027027027027,-0.1525617472966888,-0.9876371771441075,-0.03602387520217909,0.0,0.0,0.12566370614359174
37.747747747747745,-0.14696878579181025,-0.9884849297881484,-0.03602387520217909,0.0,0.0,0.12566370614359174
37.79279279279279,-0.14137111518896228,-0.9893010099083236,-0.03602387520217909,0.0,0.0,0.12566370614359174
37.83783783783784,-0.13576891484581616,-0.9900853913562149,-0.03602387520217909,0.0,0.0,0.12566370614359174
37.88288288288288,-0.13016236426518513,-0.9908380489990768,-0.03602387520217909,0.0,0.0,0.12566370614359174
37.927927927927925,-0.12455164308926776,-0.991558958720642,-0.03602387520217909,0.0,0.0,0.12566370614359174
37.97297297297297,-0.118936931093896,-0.9922480974218928,-0.03602387520217909,0.0,0.0,0.12566370614359174
38.01801801801802,-0.11331840818277233,-0.9929054430218032,-0.03602387520217909,0.0,0.0,0.12566370614359174
38.06306306306306,-0.10769625438170931,-0.993530974458044,-0.03602387520217909,0.0,0.0,0.12566370614359174
38.108108108108105,-0.10207064983285606,-0.9941246716876606,-0.03602387520217909,0.0,0.0,0.12566370614359174
38.15315315315315,-0.09644177478892955,-0.9946865156877126,-0.03602387520217909,0.0,0.0,0.12566370614359174
38.1981981981982,-0.09080980960743751,-0.9952164884558843,-0.03602387520217909,0.0,0.0,0.12566370614359174
38.24324324324324,-0.08517493474490276,-0.995714573011062,-0.03602387520217909,0.0,0.0,0.12566370614359174
38.288288288288285,-0.07953733075107611,-0.9961807533938777,-0.03602387520217909,0.0,0.0,0.12566370614359174
38.33333333333333,-0.07389717826315459,-0.9966150146672199,-0.03602387520217909,0.0,0.0,0.12566370614359174
38.37837837837838,-0.06825465799999185,-0.9970173429167133,-0.03602387520217909,0.0,0.0,0.12566370614359174
38.42342342342342,-0.06260995075631132,-0.997387725251164,-0.03602387520217909,0.0,0.0,0.12566370614359174
38.468468468468465,-0.0569632373969078,-0.9977261498029721,-0.03602387520217909,0.0,0.0,0.12566370614359174
38.51351351351351,-0.05131469885085594,-0.998032605728513,-0.03602387520217909,0.0,0.0,0.12566370614359174
38.55855855855856,-0.045664516105711164,-0.9983070832084842,-0.03602387520217909,0.0,0.0,0.12566370614359174
38.6036036036036,-0.04001287020171417,-0.9985495734482194,-0.03602387520217909,0.0,0.0,0.12566370614359174
38.648648648648646,-0.03435994222598478,-0.9987600686779717,-0.03602387520217909,0.0,0.0,0.12566370614359174
38.69369369369369,-0.028705913306723105,-0.9989385621531619,-0.03602387520217909,0.0,0.0,0.12566370614359174
38.73873873873874,-0.02305096460740431,-0.9990850481545939,-0.03602387520217909,0.0,0.0,0.12566370614359174
38.78378378378378,-0.017395277320977336,-0.9991995219886391,-0.03602387520217909,0.0,0.0,0.12566370614359174
38.828828828828826,-0.01173903266405385,-0.9992819799873863,-0.03602387520217909,0.0,0.0,0.12566370614359174
38.87387387387387,-0.006082411871105419,-0.9993324195087585,-0.03602387520217909,0.0,0.0,0.12566370614359174
38.91891891891892,-0.00042559618865465243,-0.9993508389365984,-0.03602387520217909,0.0,0.0,0.12566370614359174
38.96396396396396,0.005231233130528605,-0.9993372376807204,-0.03602387520217909,0.0,0.0,0.12566370614359174
39.009009009009006,0.010887894833240245,-0.9992916161769289,-0.03602387520217909,0.0,0.0,0.12566370614359174
39.05405405405405,0.016544207671645956,-0.9992139758870048,-0.03602387520217909,0.0,0.0,0.12566370614359174
39.0990990990991,0.022199990409090445,-0.9991043192986578,-0.03602387520217909,0.0,0.0,0.12566370614359174
39.14414414414414,0.02785506182590095,-0.9989626499254481,-0.03602387520217909,0.0,0.0,0.12566370614359174
39.189189189189186,0.033509240725199146,-0.9987889723066725,-0.03602387520217909,0.0,0.0,0.12566370614359174
39.23423423423423,0.03916234593870347,-0.9985832920072197,-0.03602387520217909,0.0,0.0,0.12566370614359174
39.27927927927928,0.044814196332535666,-0.9983456156173913,-0.03602387520217909,0.0,0.0,0.12566370614359174
39.32432432432432,0.05046461081302109,-0.9980759507526916,-0.03602387520217909,0.0,0.0,0.12566370614359174
39.369369369369366,0.0561134083324966,-0.9977743060535832,-0.03602387520217909,0.0,0.0,0.12566370614359174
39.41441441441441,0.06176040789510796,-0.9974406911852093,-0.03602387520217909,0.0,0.0,0.12566370614359174
39.45945945945946,0.06740542856261104,-0.9970751168370865,-0.03602387520217909,0.0,0.0,0.12566370614359174
39.5045045045045,0.07304828946016585,-0.9966775947227584,-0.03602387520217909,0.0,0.0,0.12566370614359174
39.549549549549546,0.07868880978213713,-0.9962481375794234,-0.03602387520217909,0.0,0.0,0.12566370614359174
39.59459459459459,0.0843268087978845,-0.9957867591675258,-0.03602387520217909,0.0,0.0,0.12566370614359174
39.63963963963964,0.08996210585755453,-0.9952934742703147,-0.03602387520217909,0.0,0.0,0.12566370614359174
39.68468468468468,0.09559452039786609,-0.9947682986933702,-0.03602387520217909,0.0,0.0,0.12566370614359174
39.729729729729726,0.10122387194790088,-0.9942112492640968,-0.03602387520217909,0.0,0.0,0.12566370614359174
39.77477477477477,0.10684998013488226,-0.9936223438311846,-0.03602387520217909,0.0,0.0,0.12566370614359174
39.81981981981982,0.11247266468995687,-0.9930016012640376,-0.03602387520217909,0.0,0.0,0.12566370614359174
39.86486486486486,0.11809174545396682,-0.9923490414521686,-0.03602387520217909,0.0,0.0,0.12566370614359174
39.909909909909906,0.12370704238322769,-0.9916646853045623,-0.03602387520217909,0.0,0.0,0.12566370614359174
39.95495495495495,0.12931837555529388,-0.9909485547490047,-0.03602387520217909,0.0,0.0,0.12566370614359174
40.0,0.13492556517472531,-0.9902006727313826,-0.03602387520217909,0.0,0.0,0.12566370614359174
40.04504504504504,0.14052843157884495,-0.9894210632149449,-0.03602387520217909,0.0,0.0,0.12566370614359174
40.09009009009009,0.14612679524350056,-0.9886097511795372,-0.03602387520217909,0.0,0.0,0.12566370614359174
40.13513513513513,0.15172047678881334,-0.9877667626208008,-0.03602387520217909,0.0,0.0,0.12566370614359174
40.18018018018018,0.15730929698492768,-0.98689212454934,-0.03602387520217909,0.0,0.0,0.12566370614359174
40.22522522522522,0.1628930767577499,-0.9859858649898567,-0.03602387520217909,0.0,0.0,0.12566370614359174
40.27027027027027,0.16847163719469171,-0.9850480129802521,-0.03602387520217909,0.0,0.0,0.12566370614359174
40.31531531531531,0.1740447995503994,-0.9840785985706956,-0.03602387520217909,0.0,0.0,0.12566370614359174
40.36036036036036,0.17961238525248235,-0.9830776528226635,-0.03602387520217909,0.0,0.0,0.12566370614359174
40.4054054054054,0.18517421590723185,-0.9820452078079425,-0.03602387520217909,0.0,0.0,0.12566370614359174
40.45045045045045,0.19073011330534195,-0.9809812966076036,-0.03602387520217909,0.0,0.0,0.12566370614359174
40.4954954954955,0.1962798994276169,-0.9798859533109394,-0.03602387520217909,0.0,0.0,0.12566370614359174
40.54054054054054,0.20182339645067285,-0.978759213014375,-0.03602387520217909,0.0,0.0,0.12566370614359174
40.585585585585584,0.20736042675264071,-0.9776011118203409,-0.03602387520217909,0.0,0.0,0.12566370614359174
40.63063063063063,0.21289081291885364,-0.976411686836118,-0.03602387520217909,0.0,0.0,0.12566370614359174
40.67567567567568,0.2184143777475338,-0.9751909761726477,-0.03602387520217909,0.0,0.0,0.12566370614359174
40.72072072072072,0.22393094425546642,-0.973939018943311,-0.03602387520217909,0.0,0.0,0.12566370614359174
40.765765765765764,0.229440335683676,-0.9726558552626751,-0.03602387520217909,0.0,0.0,0.12566370614359174
40.81081081081081,0.23494237550308641,-0.9713415262452084,-0.03602387520217909,0.0,0.0,0.12566370614359174
40.85585585585586,0.2404368874201787,-0.9699960740039625,-0.03602387520217909,0.0,0.0,0.12566370614359174
40.9009009009009,0.24592369538263656,-0.9686195416492241,-0.03602387520217909,0.0,0.0,0.12566370614359174
40.945945945945944,0.2514026235849923,-0.9672119732871322,-0.03602387520217909,0.0,0.0,0.12566370614359174
40.99099099099099,0.2568734964742569,-0.9657734140182651,-0.03602387520217909,0.0,0.0,0.12566370614359174
41.03603603603604,0.26233613875554607,-0.9643039099361967,-0.03602387520217909,0.0,0.0,0.12566370614359174
41.08108108108108,0.26779037539769374,-0.9628035081260187,-0.03602387520217909,0.0,0.0,0.12566370614359174
41.126126126126124,0.27323603163886606,-0.9612722566628307,-0.03602387520217909,0.0,0.0,0.12566370614359174
41.17117117117117,0.27867293299215656,-0.959710204610202,-0.03602387520217909,0.0,0.0,0.12566370614359174
41.21621621621622,0.2841009052511793,-0.9581174020185977,-0.03602387520217909,0.0,0.0,0.12566370614359174
41.26126126126126,0.2862507984596663,-0.9564960432849923,-0.05635423286095331,0.0,6.283185307179586,0.12566370614359174
41.306306306306304,0.26446238252889764,-0.9549268869424891,-0.13481204998609625,0.0,6.283185307179586,0.12566370614359174
41.35135135135135,0.2216221673198355,-0.953541878047262,-0.20406249474743438,0.0,6.283185307179586,0.12566370614359174
41.3963963963964,0.16114033012496734,-0.9524512664162494,-0.25859307629804307,0.0,6.283185307179586,0.12566370614359174
41.44144144144144,0.08783136094638165,-0.9517418671833365,-0.29406303794368405,0.0,6.283185307179586,0.12566370614359174
41.486486486486484,0.0075308182846352285,-0.9514701501198248,-0.3076488911192545,0.0,6.283185307179586,0.12566370614359174
41.53153153153153,-0.07336919441671916,-0.9516577445138834,-0.29826917141631415,0.0,6.283185307179586,0.12566370614359174
41.57657657657658,-0.14842885455337868,-0.9522897174306588,-0.26667052557752174,0.0,6.283185307179586,0.12566370614359174
41.62162162162162,-0.21167324469478033,-0.9533157624074097,-0.21536827673997472,0.0,6.283185307179586,0.12566370614359174
41.666666666666664,-0.2580679694233218,-0.9546542039608608,-0.14844619906741174,0.0,6.283185307179586,0.12566370614359174
41.71171171171171,-0.28391990451007776,-0.9561984991390067,-0.07123144016009786,0.0,6.283185307179586,0.12566370614359174
41.75675675675676,-0.2873420923689828,-0.9578257544477348,-0.00208472291328482,0.0,0.0,0.12566370614359174
41.8018018018018,-0.2819157190539603,-0.9594369084419496,-0.00208472291328482,0.0,0.0,0.12566370614359174
41.846846846846844,-0.27648031274099233,-0.9610173206540039,-0.00208472291328482,0.0,0.0,0.12566370614359174
41.89189189189189,-0.27103604758856237,-0.9625669404451459,-0.00208472291328482,0.0,0.0,0.12566370614359174
41.93693693693694,-0.26558309803900315,-0.9640857181632574,-0.00208472291328482,0.0,0.0,0.12566370614359174
41.98198198198198,-0.26012163881291106,-0.9655736051444469,-0.00208472291328482,0.0,0.0,0.12566370614359174
42.027027027027025,-0.25465184490354226,-0.9670305537146077,-0.00208472291328482,0.0,0.0,0.12566370614359174
42.07207207207207,-0.24917389157120992,-0.9684565171909462,-0.00208472291328482,0.0,0.0,0.12566370614359174
42.11711711711712,-0.2436879543376662,-0.9698514498834765,-0.00208472291328482,0.0,0.0,0.12566370614359174
42.16216216216216,-0.23819420898048177,-0.9712153070964856,-0.00208472291328482,0.0,0.0,0.12566370614359174
42.207207207207205,-0.23269283152740866,-0.9725480451299644,-0.00208472291328482,0.0,0.0,0.12566370614359174
42.25225225225225,-0.22718399825074354,-0.973849621281009,-0.00208472291328482,0.0,0.0,0.12566370614359174
42.2972972972973,-0.22166788566167744,-0.9751199938451879,-0.00208472291328482,0.0,0.0,0.12566370614359174
42.34234234234234,-0.21614467050464453,-0.9763591221178792,-0.00208472291328482,0.0,0.0,0.12566370614359174
42.387387387387385,-0.21061452975165285,-0.9775669663955747,-0.00208472291328482,0.0,0.0,0.12566370614359174
42.43243243243243,-0.20507764059661765,-0.9787434879771519,-0.00208472291328482,0.0,0.0,0.12566370614359174
42.47747747747748,-0.19953418044968246,-0.9798886491651135,-0.00208472291328482,0.0,0.0,0.12566370614359174
42.52252252252252,-0.19398432693153733,-0.9810024132667952,-0.00208472291328482,0.0,0.0,0.12566370614359174
42.567567567567565,-0.1884282578677231,-0.9820847445955428,-0.00208472291328482,0.0,0.0,0.12566370614359174
42.61261261261261,-0.18286615128293665,-0.9831356084718548,-0.00208472291328482,0.0,0.0,0.12566370614359174
42.65765765765766,-0.17729818539532513,-0.9841549712244935,-0.00208472291328482,0.0,0.0,0.12566370614359174
42.7027027027027,-0.1717245386107791,-0.9851428001915625,-0.00208472291328482,0.0,0.0,0.12566370614359174
42.747747747747745,-0.16614538951721095,-0.9860990637215579,-0.00208472291328482,0.0,0.0,0.12566370614359174
42.79279279279279,-0.16056091687883586,-0.9870237311743757,-0.00208472291328482,0.0,0.0,0.12566370614359174
42.83783783783784,-0.1549712996304424,-0.9879167729222995,-0.00208472291328482,0.0,0.0,0.12566370614359174
42.88288288288288,-0.14937671687166307,-0.9887781603509461,-0.00208472291328482,0.0,0.0,0.12566370614359174
42.927927927927925,-0.14377734786122975,-0.9896078658601846,-0.00208472291328482,0.0,0.0,0.12566370614359174
42.97297297297297,-0.13817337201123384,-0.9904058628650192,-0.00208472291328482,0.0,0.0,0.12566370614359174
43.01801801801802,-0.132564968881376,-0.991172125796442,-0.00208472291328482,0.0,0.0,0.12566370614359174
43.06306306306306,-0.12695231817321592,-0.9919066301022512,-0.00208472291328482,0.0,0.0,0.12566370614359174
43.108108108108105,-0.12133559972440963,-0.9926093522478399,-0.00208472291328482,0.0,0.0,0.12566370614359174
43.15315315315315,-0.11571499350295017,-0.9932802697169469,-0.00208472291328482,0.0,0.0,0.12566370614359174
43.1981981981982,-0.11009067960139994,-0.9939193610123813,-0.00208472291328482,0.0,0.0,0.12566370614359174
43.24324324324324,-0.10446283823112341,-0.9945266056567099,-0.00208472291328482,0.0,0.0,0.12566370614359174
43.288288288288285,-0.09883164971650778,-0.995101984192913,-0.00208472291328482,0.0,0.0,0.12566370614359174
43.33333333333333,-0.09319729448918868,-0.9956454781850086,-0.00208472291328482,0.0,0.0,0.12566370614359174
43.37837837837838,-0.08755995308226698,-0.996157070218643,-0.00208472291328482,0.0,0.0,0.12566370614359174
43.42342342342342,-0.08191980612452783,-0.9966367439016477,-0.00208472291328482,0.0,0.0,0.12566370614359174
43.468468468468465,-0.0762770343346477,-0.997084483864567,-0.00208472291328482,0.0,0.0,0.12566370614359174
43.51351351351351,-0.07063181851540745,-0.9975002757611476,-0.00208472291328482,0.0,0.0,0.12566370614359174
43.55855855855856,-0.0649843395478975,-0.9978841062688005,-0.00208472291328482,0.0,0.0,0.12566370614359174
43.6036036036036,-0.059334778385725484,-0.9982359630890264,-0.00208472291328482,0.0,0.0,0.12566370614359174
43.648648648648646,-0.05368331604921297,-0.9985558349478109,-0.00208472291328482,0.0,0.0,0.12566370614359174
43.69369369369369,-0.048030133619598826,-0.9988437115959848,-0.00208472291328482,0.0,0.0,0.12566370614359174
43.73873873873874,-0.042375412233235446,-0.9990995838095535,-0.00208472291328482,0.0,0.0,0.12566370614359174
43.78378378378378,-0.03671933307578829,-0.9993234433899914,-0.00208472291328482,0.0,0.0,0.12566370614359174
43.828828828828826,-0.031062077376425194,-0.9995152831645054,-0.00208472291328482,0.0,0.0,0.12566370614359174
43.87387387387387,-0.025403826402012993,-0.9996750969862641,-0.00208472291328482,0.0,0.0,0.12566370614359174
43.91891891891892,-0.019744761451307744,-0.9998028797345961,-0.00208472291328482,0.0,0.0,0.12566370614359174
43.96396396396396,-0.01408506384914918,-0.9998986273151523,-0.00208472291328482,0.0,0.0,0.12566370614359174
44.009009009009006,-0.008424914940645439,-0.9999623366600383,-0.00208472291328482,0.0,0.0,0.12566370614359174
44.05405405405405,-0.002764496085366101,-0.9999940057279119,-0.00208472291328482,0.0,0.0,0.12566370614359174
44.0990990990991,0.0028960113484706703,-0.9999936335040492,-0.00208472291328482,0.0,0.0,0.12566370614359174
44.14414414414414,0.008556425989805836,-0.999961220000377,-0.00208472291328482,0.0,0.0,0.12566370614359174
44.189189189189186,0.014216566470556252,-0.999896766255472,-0.00208472291328482,0.0,0.0,0.12566370614359174
44.23423423423423,0.019876251431422385,-0.9998002743345277,-0.00208472291328482,0.0,0.0,0.12566370614359174
44.27927927927928,0.025513882608292904,-0.9824206651980955,-0.18492884681944088,6.283185307179586,0.0,0.12566370614359174
44.32432432432432,0.03085337101595524,-0.8915332335861579,-0.4519032672025574,6.283185307179586,0.0,0.12566370614359174
44.369369369369366,0.035472714793634556,-0.7296777553888681,-0.6828704560865229,6.283185307179586,0.0,0.12566370614359174
44.41441441441441,0.039004203807756335,-0.5097382899817765,-0.8594449067926108,6.283185307179586,0.0,0.12566370614359174
44.45945945945946,0.04116672360579306,-0.249222512501281,-0.9675708966944453,6.283185307179586,0.0,0.12566370614359174
44.5045045045045,0.041796135368478524,0.002859062658234217,-0.999122069033086,0.0,0.0,0.12566370614359174
44.549549549549546,0.04177928204756682,0.0030956037559337693,-0.999122069033086,0.0,0.0,0.12566370614359174
44.59459459459459,0.04176109005646613,0.0033320456658957184,-0.999122069033086,0.0,0.0,0.12566370614359174
44.63963963963964,0.04174155997807489,0.003568380812170476,-0.999122069033086,0.0,0.0,0.12566370614359174
44.68468468468468,0.04172069243816579,0.003804601622229205,-0.999122069033086,0.0,0.0,0.12566370614359174
44.729729729729726,0.04169848810536568,0.004040700527206684,-0.999122069033086,0.0,0.0,0.12566370614359174
44.77477477477477,0.041674947691134404,0.00427666996214367,-0.999122069033086,0.0,0.0,0.12566370614359174
44.81981981981982,0.041650071949741754,0.004512502366229376,-0.999122069033086,0.0,0.0,0.12566370614359174
44.86486486486486,0.04162386167824342,0.0047481901830435744,-0.999122069033086,0.0,0.0,0.12566370614359174
44.909909909909906,0.04159631771645535,0.004983725860798938,-0.999122069033086,0.0,0.0,0.12566370614359174
44.95495495495495,0.04156744094692695,0.005219101852582863,-0.999122069033086,0.0,0.0,0.12566370614359174
45.0,0.04153723229491277,0.005454310616599353,-0.999122069033086,0.0,0.0,0.12566370614359174
