Time,Sx,Sy,Sz,Hx,Hy,Hz
0.0,0.0,0.0,1.0,6.283185307179586,0.0,2.5132741228718345
0.03003003003003003,-0.0016952102513052055,-0.1876097837901752,0.9822421775144901,6.283185307179586,-0.5892580203039531,2.5132741228718345
0.06006006006006006,-0.005784630310885692,-0.36878209839767156,0.9294978762501693,6.283185307179586,-1.1575995933644796,2.5132741228718345
0.09009009009009009,-0.009445072539590286,-0.5371385067580571,0.8434411746899984,6.283185307179586,-1.6848507272806554,2.5132741228718345
0.12012012012012012,-0.00850934945076677,-0.6864730681425889,0.7271054378058399,6.283185307179586,-2.152295986459588,2.5132741228718345
0.15015015015015015,0.001780486706910007,-0.8109562713452614,0.5851040555600957,6.283185307179586,-2.543342819309424,2.5132741228718345
0.18018018018018017,0.02584565481131383,-0.9054331385908613,0.4237013496188897,6.283185307179586,-2.8441105315210837,2.5132741228718345
0.21021021021021022,0.06681977724880163,-0.9657816466990202,0.2506011338117598,6.283185307179586,-3.04392299859862,2.5132741228718345
0.24024024024024024,0.12576217306710502,-0.989266521056321,0.0744017885709215,6.283185307179586,-3.1356876281933515,2.5132741228718345
0.2702702702702703,0.2012138206558839,-0.9748102685985306,-0.096218182335301,6.283185307179586,-3.1161471205018056,2.5132741228718345
0.3003003003003003,0.2892071686444476,-0.9231146433390159,-0.2534138292550901,6.283185307179586,-2.985995090178611,2.5132741228718345
0.3303303303303303,0.38373012687003005,-0.8365996160026429,-0.39096326200363624,6.283185307179586,-2.749851445620561,2.5132741228718345
0.36036036036036034,0.477529377069402,-0.7191724429918156,-0.5047342778897357,6.283185307179586,-2.4160983995648206,2.5132741228718345
0.39039039039039036,0.5630633728260654,-0.5758807759776461,-0.5927233503423814,6.283185307179586,-1.996582932009316,2.5132741228718345
0.42042042042042044,0.6334078130027374,-0.4125268346495262,-0.6546878287558953,6.283185307179586,-1.5061962669044628,2.5132741228718345
0.45045045045045046,0.682971250197731,-0.23531787982117267,-0.691502542901899,6.283185307179586,-0.9623452896147663,2.5132741228718345
0.4804804804804805,0.7079641544946188,-0.050604359741920096,-0.7044330732765222,6.283185307179586,-0.38433466784572373,2.5132741228718345
0.5105105105105106,0.7066407674886567,0.13527903667670949,-0.6945202718127379,6.283185307179586,0.20731839157680915,2.5132741228718345
0.5405405405405406,0.6793702367227744,0.3160904117534243,-0.6622257417624045,6.283185307179586,0.7916124265133072,2.5132741228718345
0.5705705705705706,0.6285851268395467,0.4857227018685971,-0.6074159984767886,6.283185307179586,1.3478071925626962,2.5132741228718345
0.6006006006006006,0.5586168498911248,0.6382669571299472,-0.5296815141703234,6.283185307179586,1.8561598638655326,2.5132741228718345
0.6306306306306306,0.4753871868607211,0.7681439080943816,-0.4289078677596276,6.283185307179586,2.2986258292939485,2.5132741228718345
0.6606606606606606,0.385911317983409,0.8703256586839737,-0.3059504902571408,6.283185307179586,2.659499208394895,2.5132741228718345
0.6906906906906907,0.29759663867244684,0.9406345938097607,-0.16322622822075938,6.283185307179586,2.9259703511756086,2.5132741228718345
0.7207207207207207,0.2173881323344519,0.976072226847668,-0.005040624637823066,6.283185307179586,3.088580532582176,2.5132741228718345
0.7507507507507507,0.15088872822933505,0.9751081033564851,0.16247085419180946,6.283185307179586,3.141557701724429,2.5132741228718345
0.7807807807807807,0.10163411379424653,0.9378571357714052,0.3318049122539874,6.283185307179586,3.08302136801032,2.5132741228718345
0.8108108108108109,0.0706952366274337,0.8660955302447682,0.4948542371326992,6.283185307179586,2.915049351501293,2.5132741228718345
0.8408408408408409,0.056712217483695,0.7631046998307316,0.6437817498844549,6.283185307179586,2.6436040281016613,2.5132741228718345
0.8708708708708709,0.05635465097090363,0.633376005340021,0.7717894720540207,6.283185307179586,2.2783206876008335,2.5132741228718345
0.9009009009009009,0.06509772038254105,0.4822417296286567,0.8736161634297499,6.283185307179586,1.832165517063263,2.5132741228718345
0.9309309309309309,0.07813971142571258,0.3155087706303803,0.9456999530261005,6.283185307179586,1.3209753498715757,2.5132741228718345
0.960960960960961,0.0912800625214586,0.1391590507483765,0.9860541104730735,6.283185307179586,0.7628955176037927,2.5132741228718345
0.990990990990991,0.10161662445324099,-0.04084915457213113,0.9939846116542372,6.283185307179586,0.17773575889228446,2.5132741228718345
1.021021021021021,0.10797895252529592,-0.2186808809782206,0.9698037008106757,6.283185307179586,-0.4137329519183821,2.5132741228718345
1.0510510510510511,0.11106553377542527,-0.3886583211585105,0.9146634116446224,6.283185307179586,-0.9905156963722297,2.5132741228718345
1.0810810810810811,0.11328582526810366,-0.5452803697380457,0.8305634474088153,6.283185307179586,-1.5321388526778013,2.5132741228718345
1.1111111111111112,0.11832851835605702,-0.6832808578391468,0.7205037342402951,6.283185307179586,-2.019376832409775,2.5132741228718345
1.1411411411411412,0.13049985064920255,-0.7977632480503718,0.588679529999647,6.283185307179586,-2.434934516712067,2.5132741228718345
1.1711711711711712,0.15391043825030531,-0.8844215139780889,0.4405793488240808,6.283185307179586,-2.764061168079525,2.5132741228718345
1.2012012012012012,0.19163257462023803,-0.9398233547730903,0.28285865404370847,6.283185307179586,-2.9950740261550113,2.5132741228718345
1.2312312312312312,0.2449836953826659,-0.9617026564872175,0.12292676479118053,6.283185307179586,-3.1197730018570096,2.5132741228718345
1.2612612612612613,0.3130912322257092,-0.949193296836099,-0.03171695989131379,6.283185307179586,-3.1337317497532857,2.5132741228718345
1.2912912912912913,0.39284452036160755,-0.9029426061032934,-0.17426368785605933,6.283185307179586,-3.0364547867042035,2.5132741228718345
1.3213213213213213,0.4792483838104609,-0.8250696877460875,-0.29930084693761855,6.283185307179586,-2.8313950796537966,2.5132741228718345
1.3513513513513513,0.5660911338121823,-0.7189730644988346,-0.4032599171059918,6.283185307179586,-2.525831478268057,2.5132741228718345
1.3813813813813813,0.6467666219282653,-0.589030289093045,-0.4844958774751349,6.283185307179586,-2.1306103431015666,2.5132741228718345
1.4114114114114114,0.7150735135533313,-0.4402561695412308,-0.5429957415996113,6.283185307179586,-1.6597605405224636,2.5132741228718345
1.4414414414414414,0.7658565563168418,-0.27798882199498764,-0.5798154447686614,6.283185307179586,-1.1299954706303221,2.5132741228718345
1.4714714714714714,0.7954300364561967,-0.10765479480051751,-0.5964071614758537,6.283185307179586,-0.5601198043061486,2.5132741228718345
1.5015015015015014,0.8017970119721645,0.06536633815957762,-0.5940107687812137,6.283185307179586,0.029638011998307946,2.5132741228718345
1.5315315315315314,0.7847199396235137,0.2357907310478346,-0.5732515569181897,6.283185307179586,0.6183437901581791,2.5132741228718345
1.5615615615615615,0.7456980621474557,0.39843129323899423,-0.5340289361798316,6.283185307179586,1.185100685452659,2.5132741228718345
1.5915915915915915,0.6878736776106398,0.5482027043751712,-0.47571377798639825,6.283185307179586,1.7097909560915587,2.5132741228718345
1.6216216216216217,0.6158462342130826,0.6801791039505867,-0.3976050834112556,6.283185307179586,2.1737900675130883,2.5132741228718345
1.6516516516516517,0.5353465772369765,0.7897352446598629,-0.29953678502415976,6.283185307179586,2.5606277934315944,2.5132741228718345
1.6816816816816818,0.45273274109930717,0.8727733394519449,-0.18248222674698,6.283185307179586,2.8565728470301943,2.5132741228718345
1.7117117117117118,0.3743164812680723,0.9260059539174784,-0.04899127637035888,6.283185307179586,3.051120290086149,2.5132741228718345
1.7417417417417418,0.30559980699686473,0.9472396153092837,0.09667403556345705,6.283185307179586,3.137364418835041,2.5132741228718345
1.7717717717717718,0.2505621207019855,0.935593479807797,0.2487638723978725,6.283185307179586,3.1122438905256944,2.5132741228718345
1.8018018018018018,0.21115938706979434,0.8915975310485942,0.40058152214035275,6.283185307179586,2.9766503895934577,2.5132741228718345
1.8318318318318318,0.1871611786932128,0.8171434406387508,0.5452038981987861,6.283185307179586,2.735396976210745,2.5132741228718345
1.8618618618618619,0.17636956494870545,0.7152992206996382,0.6761958306779289,6.283185307179586,2.3970472407224332,2.5132741228718345
1.8918918918918919,0.17516755001698153,0.5900330627274406,0.7881480281707512,6.283185307179586,1.97361132834219,2.5132741228718345
1.921921921921922,0.17927111687466168,0.44591076011097464,0.8769409676093839,6.283185307179586,1.4801196240916814,2.5132741228718345
1.951951951951952,0.1845308876344698,0.2878295006107158,0.9397353510893042,6.283185307179586,0.9340892305666434,2.5132741228718345
1.981981981981982,0.1876463726369027,0.12083086077146171,0.9747762522350226,6.283185307179586,0.35490217656590745,2.5132741228718345
2.012012012012012,0.18669823607658864,-0.049994559814336995,0.9811443892897603,6.283185307179586,-0.23688257215757866,2.5132741228718345
2.042042042042042,0.18144766750320132,-0.21952945108359204,0.9585841455315751,6.283185307179586,-0.8202588789885494,2.5132741228718345
2.0720720720720722,0.1733817630081827,-0.38262084566466303,0.9074910758343288,6.283185307179586,-1.3745190754279022,2.5132741228718345
2.1021021021021022,0.16550016558824532,-0.5340916431948735,0.8290692443092903,6.283185307179586,-1.8799890055736523,2.5132741228718345
2.1321321321321323,0.16185327344390954,-0.6688188289565582,0.7255927865604668,6.283185307179586,-2.31872638478523,2.5132741228718345
2.1621621621621623,0.1668697432271935,-0.7819046917642098,0.6006492668707075,6.283185307179586,-2.675157683420622,2.5132741228718345
2.1921921921921923,0.18455467225137562,-0.8689374237055959,0.4592247016809738,6.283185307179586,-2.936630928664985,2.5132741228718345
2.2222222222222223,0.21768793664683228,-0.9263053340168342,0.30752299167755826,6.283185307179586,-3.0938648020614243,2.5132741228718345
2.2522522522522523,0.2671808376328244,-0.9515044701841202,0.15249145294529626,6.283185307179586,-3.1412780914677945,2.5132741228718345
2.2822822822822824,0.3317353353593486,-0.9433718256041145,0.0011251356757243647,6.283185307179586,-3.077187803132065,2.5132741228718345
2.3123123123123124,0.4078867767983392,-0.9021898640333275,-0.14029193329801565,6.283185307179586,-2.903868901651407,2.5132741228718345
2.3423423423423424,0.49041554102685125,-0.8296395768576055,-0.2668159845863433,6.283185307179586,-2.627473557270765,2.5132741228718345
2.3723723723723724,0.573021160953844,-0.7286183453536116,-0.37518269671345134,6.283185307179586,-2.2578127669386086,2.5132741228718345
2.4024024024024024,0.6491003508592645,-0.6029720172461093,-0.46378171690186276,6.283185307179586,-1.808008100752468,2.5132741228718345
2.4324324324324325,0.7124754449344894,-0.45720685608244704,-0.5322975024518781,6.283185307179586,-1.2940259354877925,2.5132741228718345
2.4624624624624625,0.7579726195973435,-0.2962421863824037,-0.5811351606537114,6.283185307179586,-0.7341107081711238,2.5132741228718345
2.4924924924924925,0.7818204362242556,-0.1252420251709091,-0.6107955800700459,6.283185307179586,-0.1481373070677407,2.5132741228718345
2.5225225225225225,0.7818953738144724,0.050467700107611174,-0.6213635293878084,6.283185307179586,0.4430944122278452,2.5132741228718345
2.5525525525525525,0.7578605766392201,0.225420651024758,-0.6122359646962441,6.283185307179586,1.018597943568614,2.5132741228718345
2.5825825825825826,0.7112249836741948,0.3940163610424512,-0.5821598833897799,6.283185307179586,1.5579450724255957,2.5132741228718345
2.6126126126126126,0.645308393195591,0.5505646425725417,-0.5295806378826445,6.283185307179586,2.0419910008021107,2.5132741228718345
2.6426426426426426,0.5650601687204544,0.6894122592631029,-0.4532303415518974,6.283185307179586,2.4535539156800694,2.5132741228718345
2.6726726726726726,0.4766708564966804,0.8051719231596217,-0.35282158199584424,6.283185307179586,2.778024878869778,2.5132741228718345
2.7027027027027026,0.38695066477737505,0.89304025021457,-0.2296699687049602,6.283185307179586,3.0038863894637697,2.5132741228718345
2.7327327327327327,0.3025201687553543,0.9491577916218739,-0.08706913402354344,6.283185307179586,3.123121211874452,2.5132741228718345
2.7627627627627627,0.2289398057553943,0.9709417208441435,0.06970466314949364,6.283185307179586,3.131496957595261,2.5132741228718345
2.7927927927927927,0.16995841435284403,0.957319272956737,0.23378183636916394,6.283185307179586,3.028716319101383,2.5132741228718345
2.8228228228228227,0.12705778211022317,0.9088103939105481,0.3973914794321479,6.283185307179586,2.818427623150587,2.5132741228718345
2.8528528528528527,0.09940495893691373,0.8274454927051302,0.552677673459494,6.283185307179586,2.508095328881622,2.5132741228718345
2.8828828828828827,0.08422079950424304,0.71654599911199,0.6924367755162556,6.283185307179586,2.1087350675415046,2.5132741228718345
2.9129129129129128,0.07747225429881587,0.5804271503720387,0.8106185125721818,6.283185307179586,1.6345226289364116,2.5132741228718345
2.942942942942943,0.07473295049404505,0.42409387946580035,0.9025294275036039,6.283185307179586,1.102290774119225,2.5132741228718345
2.972972972972973,0.07204527520796014,0.2529896629074704,0.9647827262042238,6.283185307179586,0.5309317355737732,2.5132741228718345
3.003003003003003,0.06664643193736512,0.0728302958498751,0.9951150692841093,6.283185307179586,-0.05927338610391175,2.5132741228718345
3.033033033033033,0.057466217985416165,-0.11048009638599135,0.9922155925467374,6.283185307179586,-0.6473745251277233,2.5132741228718345
3.063063063063063,0.04534397024172231,-0.2908843128803444,0.9556831278633757,6.283185307179586,-1.2124962991959352,2.5132741228718345
3.093093093093093,0.03293905771984908,-0.46221077550740053,0.8861581221662715,6.283185307179586,-1.7345790071825455,2.5132741228718345
3.123123123123123,0.02433153339637989,-0.6182696394344607,0.7855893516564736,6.283185307179586,-2.1950906732093376,2.5132741228718345
3.153153153153153,0.02434160660562875,-0.7530443384505068,0.6575193613235806,6.283185307179586,-2.5776848622079296,2.5132741228718345
3.183183183183183,0.03764645727104818,-0.860986265295612,0.5072330778124831,6.283185307179586,-2.868780916988949,2.5132741228718345
3.2132132132132134,0.06783241838882284,-0.9373833380620445,0.3416302687688142,6.283185307179586,-3.0580460205812225,2.5132741228718345
3.2432432432432434,0.11656541282920238,-0.978740817632409,0.16875697446940946,6.283185307179586,-3.138761972437784,2.5132741228718345
3.2732732732732734,0.18306395456424113,-0.9830965597226917,-0.0029568227163416227,6.283185307179586,-3.1080636593305817,2.5132741228718345
3.3033033033033035,0.26400171880259626,-0.9502004197503826,-0.16559666293538955,6.283185307179586,-2.967040756112472,2.5132741228718345
3.3333333333333335,0.35386218845751044,-0.8815181099470532,-0.31258178676196036,6.283185307179586,-2.720699046351326,2.5132741228718345
3.3633633633633635,0.44565306330558374,-0.7800637264750099,-0.439196914611352,6.283185307179586,-2.377782735808521,2.5132741228718345
3.3933933933933935,0.5318076325659442,-0.6501071889504471,-0.5427165787217233,6.283185307179586,-1.9504640659661023,2.5132741228718345
3.4234234234234235,0.6050831977701276,-0.4968286076945013,-0.6221218999138977,6.283185307179586,-1.453911245157124,2.5132741228718345
3.4534534534534536,0.6593117384180317,-0.3259934970064665,-0.6775221557215267,6.283185307179586,-0.9057500341216349,2.5132741228718345
3.4834834834834836,0.6899367748954919,-0.14370224555993313,-0.7094624100455901,6.283185307179586,-0.32543809767952214,2.5132741228718345
3.5135135135135136,0.6943436475161978,0.04376696361337283,-0.7183114589436985,6.283185307179586,0.2664256693131484,2.5132741228718345
3.5435435435435436,0.6720281196610576,0.23003882276946389,-0.7038894418895046,6.283185307179586,0.8488323253892766,2.5132741228718345
3.5735735735735736,0.624641515554138,0.408689817980679,-0.6654288915616778,6.283185307179586,1.4011086210107981,2.5132741228718345
3.6036036036036037,0.555912971016921,0.573321884780442,-0.6018827004382116,6.283185307179586,1.903650821305862,2.5132741228718345
3.6336336336336337,0.47140858978030653,0.717710370411835,-0.5125092835105527,6.283185307179586,2.3386205650508805,2.5132741228718345
3.6636636636636637,0.3780729159436138,0.836051633410782,-0.3975909160190985,6.283185307179586,2.69057805951664,2.5132741228718345
3.6936936936936937,0.28352823764877544,0.9232999911407225,-0.25909238664069145,6.283185307179586,2.947030135138588,2.5132741228718345
3.7237237237237237,0.19517849328191794,0.9755467840676026,-0.10106348428292694,6.283185307179586,3.098873706128532,2.5132741228718345
3.7537537537537538,0.11925038205441406,0.9903682652999142,0.07035655951338138,6.283185307179586,3.140718895840872,2.5132741228718345
3.7837837837837838,0.05996466189789046,0.9670642257940456,0.24736819220077105,6.283185307179586,3.071080357156266,2.5132741228718345
3.813813813813814,0.019031393200667844,0.9067295945247724,0.42128286042233504,6.283185307179586,2.8924299967273472,2.5132741228718345
3.843843843843844,-0.0044049416434956985,0.8121412484385115,0.5834442467568712,6.283185307179586,2.611109231573777,2.5132741228718345
3.873873873873874,-0.013357813294874036,0.6874884526876274,0.7260724455899632,6.283185307179586,2.237103892588082,2.5132741228718345
3.903903903903904,-0.012230639219730211,0.5380116298168317,0.8428486801591082,6.283185307179586,1.7836897650325672,2.5132741228718345
3.933933933933934,-0.005865034872581759,0.3696286090654396,0.9291610693125965,6.283185307179586,1.2669613480089286,2.5132741228718345
3.963963963963964,0.001402600223902819,0.18861696455081212,0.9820497306125003,6.283185307179586,0.7052605601698269,2.5132741228718345
3.993993993993994,0.006518157475320408,0.0013913076968365525,0.9999777886962561,6.283185307179586,0.11852567047488166,2.5132741228718345
4.024024024024024,0.00821903566085652,-0.18562329971229258,0.9825866058809061,6.283185307179586,-0.4724164354955431,2.5132741228718345
4.054054054054054,0.007226511162510184,-0.36605432056853826,0.9305654259262786,6.283185307179586,-1.0465895317800589,2.5132741228718345
4.084084084084084,0.006109123573802192,-0.5336340800322461,0.8456934120809562,6.283185307179586,-1.5836126292988353,2.5132741228718345
4.114114114114114,0.008831547970970044,-0.6822968193092502,0.7310219245144072,6.283185307179586,-2.0644234244416975,2.5132741228718345
4.1441441441441444,0.020034030129342767,-0.8063597276322753,0.5910859728410147,6.283185307179586,-2.4719549392734486,2.5132741228718345
4.1741741741741745,0.0441316727335954,-0.9007966388538862,0.43199283662012655,6.283185307179586,-2.7917413351694,2.5132741228718345
4.2042042042042045,0.08437512397797875,-0.9615761638843499,0.2612510660322442,6.283185307179586,-3.012431395771959,2.5132741228718345
4.2342342342342345,0.1420527832057942,-0.9860039903320044,0.08727621573301447,6.283185307179586,-3.126191452551057,2.5132741228718345
4.2642642642642645,0.21601218662309232,-0.9729933535370358,-0.08137978374808869,6.283185307179586,-3.1289834506240446,2.5132741228718345
4.2942942942942945,0.3026194205824162,-0.9231955895827828,-0.23692064000648305,6.283185307179586,-3.0207082845424,2.5132741228718345
4.324324324324325,0.39617062039134265,-0.8389535084287282,-0.37310300217726144,6.283185307179586,-2.805209316163046,2.5132741228718345
4.354354354354355,0.4896546047558471,-0.724084409851246,-0.4857366935404255,6.283185307179586,-2.490135949733022,2.5132741228718345
4.384384384384385,0.5756850227516968,-0.5835416659244097,-0.5727703542514726,6.283185307179586,-2.0866721067598366,2.5132741228718345
4.414414414414415,0.647403998492047,-0.4230294461777074,-0.6339669947267798,6.283185307179586,-1.6091392387899899,2.5132741228718345
4.444444444444445,0.699207029618945,-0.24864666354750425,-0.670286779250463,6.283185307179586,-1.074487969651651,2.5132741228718345
4.474474474474475,0.7272224778385008,-0.06661512731762212,-0.6831616884301256,6.283185307179586,-0.501696411952915,2.5132741228718345
4.504504504504505,0.7295584083158729,0.11688781808096216,-0.673855894713175,6.283185307179586,0.08890348465890067,2.5132741228718345
4.534534534534535,0.7063733574473886,0.29580825819508433,-0.6430662129764747,6.283185307179586,0.6763476413697829,2.5132741228718345
4.564564564564565,0.6598256814775512,0.46424981269162985,-0.5908486959266993,6.283185307179586,1.239783996283354,2.5132741228718345
4.594594594594595,0.5939206943482945,0.6165181956034217,-0.5168786349952463,6.283185307179586,1.7592126743253858,2.5132741228718345
4.624624624624625,0.5142324196341086,0.747225349423839,-0.4209742222220719,6.283185307179586,2.216195907715652,2.5132741228718345
4.654654654654655,0.42745611271811346,0.8514799225689829,-0.30374860190895286,6.283185307179586,2.5945125074962196,2.5132741228718345
4.684684684684685,0.3407671397012195,0.9251580613546904,-0.1672133906422702,6.283185307179586,2.880733654833958,2.5132741228718345
4.714714714714715,0.26102039282028316,0.9652143263933513,-0.015154492956762522,6.283185307179586,3.0646995736682063,2.5132741228718345
4.744744744744745,0.19389988556690738,0.9699679028985995,0.14685061022492757,6.283185307179586,3.1398801646141417,2.5132741228718345
4.774774774774775,0.14318483578149782,0.9392935789848061,0.311810319392957,6.283185307179586,3.1036067989725087,2.5132741228718345
4.804804804804805,0.11030413941163189,0.8746641079621742,0.4720123886840162,6.283185307179586,2.9571670450285774,2.5132741228718345
4.834834834834835,0.09429465188182917,0.7790262044602826,0.6198602192353424,6.283185307179586,2.7057589642124342,2.5132741228718345
4.864864864864865,0.09217835111729959,0.6565347506671169,0.748642286243275,6.283185307179586,2.3583065994352728,2.5132741228718345
4.894894894894895,0.09966834898013117,0.5122041154268956,0.8530610554650355,6.283185307179586,1.927143205073034,2.5132741228718345
4.924924924924925,0.11204329857727688,0.35155040922545955,0.9294399437387706,6.283185307179586,1.4275734627434808,2.5132741228718345
4.954954954954955,0.12501394149953468,0.18029037974358153,0.975636660546568,6.283185307179586,0.8773302225730643,2.5132741228718345
4.984984984984985,0.13543760799569082,0.00413622413929959,0.990777243375153,6.283185307179586,0.29594505359860096,2.5132741228718345
5.015015015015015,0.14179144922258763,-0.171309086407752,0.9749607078448298,6.283185307179586,-0.2959450535985933,2.5132741228718345
5.045045045045045,0.14436658363567562,-0.3405833334307502,0.929064735375503,6.283185307179586,-0.8773302225730569,2.5132741228718345
5.075075075075075,0.14517932054612687,-0.49837156012797945,0.8547214475729269,6.283185307179586,-1.427573462743474,2.5132741228718345
5.105105105105105,0.14761511333273575,-0.639540725039607,0.7544517475169421,6.283185307179586,-1.9271432050730188,2.5132741228718345
5.135135135135135,0.15583942009688498,-0.7592443135543863,0.6318719391450963,6.283185307179586,-2.358306599435275,2.5132741228718345
5.165165165165165,0.17403949303087696,-0.8531138769889164,0.4918403884943588,6.283185307179586,-2.7057589642124307,2.5132741228718345
5.195195195195195,0.20560260631330468,-0.9175223520191208,0.34041195898831367,6.283185307179586,-2.9571670450285743,2.5132741228718345
5.225225225225225,0.2523742439990554,-0.9498736312037173,0.18451917436828252,6.283185307179586,-3.103606798972506,2.5132741228718345
5.255255255255255,0.314150396492728,-0.948854173825974,0.031389252878517626,6.283185307179586,-3.139880164614141,2.5132741228718345
5.285285285285285,0.3885230336923087,-0.9145830448779932,-0.11219494780071287,6.283185307179586,-3.064699573668208,2.5132741228718345
5.315315315315315,0.4711183218865954,-0.8486182038128929,-0.2406131146465575,6.283185307179586,-2.8807336548339655,2.5132741228718345
5.345345345345345,0.556168110627411,-0.7538129253851309,-0.34991871376538974,6.283185307179586,-2.5945125074962174,2.5132741228718345
5.375375375375375,0.637274616688478,-0.6340547372360079,-0.4380133024383009,6.283185307179586,-2.2161959077156577,2.5132741228718345
5.405405405405405,0.70819750149628,-0.4939469422188674,-0.5044528889270357,6.283185307179586,-1.759212674325392,2.5132741228718345
5.435435435435435,0.7635199406694282,-0.3385008500473804,-0.5499586118219513,6.283185307179586,-1.2397839962833712,2.5132741228718345
5.465465465465465,0.7991176725423667,-0.1728941196636647,-0.5757764920661235,6.283185307179586,-0.6763476413697794,2.5132741228718345
5.495495495495495,0.8124289420630306,-0.002323082203524846,-0.5830555868758944,6.283185307179586,-0.08890348465890836,2.5132741228718345
5.525525525525525,0.8025724268483105,0.16805567502531488,-0.5723939113533367,6.283185307179586,0.5016964119529074,2.5132741228718345
5.555555555555555,0.7703690699972019,0.33312719364205523,-0.5436522499241461,6.283185307179586,1.0744879696516334,2.5132741228718345
5.585585585585585,0.7182966239070192,0.48781269407218747,-0.496073316744191,6.283185307179586,1.609139238789993,2.5132741228718345
5.615615615615615,0.6503625358084293,0.6271074140736,-0.42867804146062893,6.283185307179586,2.086672106759831,2.5132741228718345
5.645645645645645,0.5718477653435947,0.7461985903292154,-0.3408486424529175,6.283185307179586,2.490135949733017,2.5132741228718345
5.675675675675675,0.48887306482795045,0.8406745221834042,-0.23295809545323531,6.283185307179586,2.8052093161630376,2.5132741228718345
5.7057057057057055,0.4077782050531483,0.906803911464223,-0.10688125016383432,6.283185307179586,3.020708284542401,2.5132741228718345
5.7357357357357355,0.33437242447872173,0.9418361227995555,0.033760917314061833,6.283185307179586,3.128983450624044,2.5132741228718345
5.7657657657657655,0.2731829520222114,0.9442573090001525,0.1837095782042495,6.283185307179586,3.126191452551058,2.5132741228718345
5.7957957957957955,0.22686438461357833,0.9139412330499739,0.33651741934817647,6.283185307179586,3.0124313957719644,2.5132741228718345
5.8258258258258255,0.19591306461183722,0.8521574279839885,0.4852275641859923,6.283185307179586,2.7917413351694034,2.5132741228718345
5.8558558558558556,0.17875987728743303,0.7614358128362785,0.6231054559240325,6.283185307179586,2.4719549392734534,2.5132741228718345
5.885885885885886,0.17221904690377304,0.6453235779829324,0.7442432932735237,6.283185307179586,2.0644234244417117,2.5132741228718345
5.915915915915916,0.17218701811432646,0.5080945390849012,0.8439144329520353,6.283185307179586,1.5836126292988326,2.5132741228718345
5.945945945945946,0.1744426737302528,0.3544757736602977,0.9186493778746764,6.283185307179586,1.0465895317800662,2.5132741228718345
5.975975975975976,0.17540411218886573,0.18944127797341753,0.9660980279592694,6.283185307179586,0.47241643549555074,2.5132741228718345
6.006006006006006,0.17273286127722098,0.018094142635931076,0.9848024982893824,6.283185307179586,-0.1185256704748628,2.5132741228718345
6.036036036036036,0.1657196888766015,-0.15437308399137978,0.9740153672593604,6.283185307179586,-0.7052605601698194,2.5132741228718345
6.066066066066066,0.15541899886093488,-0.3226764884196016,0.9336620473244125,6.283185307179586,-1.2669613480089112,2.5132741228718345
6.096096096096096,0.14451774619956975,-0.4814482467127633,0.8644779966953213,6.283185307179586,-1.7836897650325514,2.5132741228718345
6.126126126126126,0.13693994406455628,-0.6253032310278219,0.7682729469306555,6.283185307179586,-2.2371038925880606,2.5132741228718345
6.156156156156156,0.13721357740808726,-0.7489980012366515,0.6482086302403921,6.283185307179586,-2.6111092315737725,2.5132741228718345
6.186186186186186,0.14967002800308443,-0.8476868496872914,0.5089458591879286,6.283185307179586,-2.89242999672734,2.5132741228718345
6.216216216216216,0.1775984796674344,-0.9172461146024657,0.3565365973728941,6.283185307179586,-3.071080357156262,2.5132741228718345
6.246246246246246,0.2225164169080734,-0.9546096073232557,0.1980074286795218,6.283185307179586,-3.1407188958408714,2.5132741228718345
6.276276276276276,0.2837164085806261,-0.9580448352536814,0.040682836007350454,6.283185307179586,-3.098873706128533,2.5132741228718345
6.306306306306306,0.35819622204095725,-0.9273079539384315,-0.10860674508448953,6.283185307179586,-2.947030135138595,2.5132741228718345
6.336336336336336,0.44098570963359623,-0.8636438667616868,-0.24423528676998335,6.283185307179586,-2.6905780595166497,2.5132741228718345
6.366366366366366,0.5257836149840107,-0.7696375111491061,-0.362228783569576,6.283185307179586,-2.3386205650508853,2.5132741228718345
6.396396396396396,0.6057498565932691,-0.6489594488452717,-0.4603463315715816,6.283185307179586,-1.9036508213058683,2.5132741228718345
6.426426426426427,0.6742882700851969,-0.5060708769159676,-0.5377988437722345,6.283185307179586,-1.4011086210107953,2.5132741228718345
6.456456456456457,0.725698373610295,-0.34595373727410167,-0.5947082328379101,6.283185307179586,-0.8488323253892733,2.5132741228718345
6.486486486486487,0.7556458625272786,-0.17391236335608415,-0.6314695719645101,6.283185307179586,-0.2664256693131561,2.5132741228718345
6.516516516516517,0.7614652239569863,0.00453810578610309,-0.6481898782762234,6.283185307179586,0.32543809767953663,2.5132741228718345
6.546546546546547,0.7423378709762523,0.18371420440982394,-0.6443474035116803,6.283185307179586,0.9057500341216382,2.5132741228718345
6.576576576576577,0.6993784670976207,0.3577804352691053,-0.6187591776277458,6.283185307179586,1.453911245157127,2.5132741228718345
6.606606606606607,0.635623415605878,0.5207935079266783,-0.569874543767901,6.283185307179586,1.9504640659660963,2.5132741228718345
6.636636636636637,0.55587452703652,0.6668228505990355,-0.49633738133514793,6.283185307179586,2.3777827358085233,2.5132741228718345
6.666666666666667,0.46633528818297554,0.7901737363488222,-0.39768940818127596,6.283185307179586,2.720699046351328,2.5132741228718345
6.696696696696697,0.3740044865783165,0.8857061149149408,-0.2750369466477202,6.283185307179586,2.9670407561124694,2.5132741228718345
6.726726726726727,0.28586007959891585,0.9492067290020275,-0.13149372802038994,6.283185307179586,3.108063659330581,2.5132741228718345
6.756756756756757,0.20795090880805672,0.9777457528779404,0.02774278743705677,6.283185307179586,3.138761972437784,2.5132741228718345
6.786786786786787,0.14457727046308388,0.969942229360183,0.19572808834953953,6.283185307179586,3.0580460205812217,2.5132741228718345
6.816816816816817,0.09774984294111483,0.926079422523999,0.36444735063150796,6.283185307179586,2.868780916988952,2.5132741228718345
6.846846846846847,0.06705928254991766,0.8480475357463026,0.5256599944243748,6.283185307179586,2.577684862207928,2.5132741228718345
6.876876876876877,0.04998555939700932,0.7391349026602314,0.6717001113003757,6.283185307179586,2.195090673209343,2.5132741228718345
6.906906906906907,0.04256719691356517,0.6037245661334072,0.7960557028208944,6.283185307179586,1.7345790071825522,2.5132741228718345
6.936936936936937,0.04027569177357241,0.4469693210137745,0.8936421513807198,6.283185307179586,1.2124962991959527,2.5132741228718345
6.966966966966967,0.03891884748233359,0.2745109119104264,0.9607960670987717,6.283185307179586,0.6473745251277199,2.5132741228718345
6.996996996996997,0.035421440250929026,0.0922826948951927,0.9951026207347382,6.283185307179586,0.05927338610391945,2.5132741228718345
7.027027027027027,0.028378425072440507,-0.09360029277669538,0.9952053306640983,6.283185307179586,-0.5309317355737656,2.5132741228718345
7.057057057057057,0.018320581669490348,-0.276893018282079,0.9607260862044099,6.283185307179586,-1.1022907741192074,2.5132741228718345
7.087087087087087,0.007664245818128648,-0.4512647438360754,0.8923572100377241,6.283185307179586,-1.634522628936415,2.5132741228718345
7.117117117117117,0.0003410714550200003,-0.6103915159757181,0.7920997922577915,6.283185307179586,-2.108735067541499,2.5132741228718345
7.147147147147147,0.0011348615753226177,-0.7481388141751725,0.6635412773998908,6.283185307179586,-2.5080953288816175,2.5132741228718345
7.177177177177177,0.014800313194526188,-0.8588472011120336,0.5120180034638186,6.283185307179586,-2.8184276231505785,2.5132741228718345
7.207207207207207,0.04509773395099336,-0.9376965936298081,0.34451602674947224,6.283185307179586,-3.028716319101384,2.5132741228718345
7.237237237237237,0.09392603157241675,-0.9810905232315896,0.16923145634876668,6.283185307179586,-3.1314969575952607,2.5132741228718345
7.267267267267267,0.16074422027086369,-0.9869825149310392,-0.00517792136021844,6.283185307179586,-3.123121211874453,2.5132741228718345
7.297297297297297,0.2424209188022978,-0.9550709762311854,-0.170503749189156,6.283185307179586,-3.0038863894637755,2.5132741228718345
7.327327327327327,0.33354936371802063,-0.8868173587040201,-0.31984339021500097,6.283185307179586,-2.778024878869777,2.5132741228718345
7.357357357357357,0.42714690447857817,-0.7852860963898988,-0.44818664506071265,6.283185307179586,-2.4535539156800743,2.5132741228718345
7.387387387387387,0.5155686026448502,-0.6548488373598721,-0.5525957077058715,6.283185307179586,-2.041991000802125,2.5132741228718345
7.4174174174174174,0.5914375764085007,-0.5008245941523188,-0.6319622766462369,6.283185307179586,-1.5579450724255928,2.5132741228718345
7.4474474474474475,0.648433606663164,-0.32913269621929664,-0.6864441171930222,6.283185307179586,-1.0185979435686214,2.5132741228718345
7.4774774774774775,0.6818602445629254,-0.14601712099638897,-0.7167604950471275,6.283185307179586,-0.44309441222785284,2.5132741228718345
7.5075075075075075,0.6889894524934048,0.04213292010711151,-0.7235456802412517,6.283185307179586,0.14813730706772746,2.5132741228718345
7.5375375375375375,0.6692285936850821,0.22887850072745214,-0.7069283706987073,6.283185307179586,0.7341107081711272,2.5132741228718345
7.5675675675675675,0.6241549421429351,0.40778456682464803,-0.6664400612642294,6.283185307179586,1.2940259354877905,2.5132741228718345
7.597597597597598,0.5574285625827007,0.5724877713802867,-0.6012746038514366,6.283185307179586,1.8080081007524618,2.5132741228718345
7.627627627627628,0.47455212209234465,0.7168301594203599,-0.5108373576420552,6.283185307179586,2.2578127669385992,2.5132741228718345
7.657657657657658,0.3824262000215737,0.8350879812278423,-0.39544691824004397,6.283185307179586,2.6274735572707635,2.5132741228718345
7.687687687687688,0.28867132949059215,0.9222903437726838,-0.2570007496360259,6.283185307179586,2.9038689016514043,2.5132741228718345
7.717717717717718,0.20075327747306404,0.974585222574221,-0.09940706978609781,6.283185307179586,3.077187803132063,2.5132741228718345
7.747747747747748,0.12503241573742283,0.9895825651819921,0.0713669510513748,6.283185307179586,3.141278091467794,2.5132741228718345
7.777777777777778,0.06592261861546755,0.9665965625800909,0.2476798206614877,6.283185307179586,3.0938648020614243,2.5132741228718345
7.807807807807808,0.025354092554137578,0.9067264673523474,0.42095639132000534,6.283185307179586,2.936630928664988,2.5132741228718345
7.837837837837838,0.00267489131828225,0.812753342633592,0.5826017928173838,6.283185307179586,2.675157683420629,2.5132741228718345
7.867867867867868,-0.004983374807631299,0.6888762100751885,0.7248618717849913,6.283185307179586,2.318726384785243,2.5132741228718345
7.897897897897898,-0.001966674411230913,0.540349160380767,0.8414385997012669,6.283185307179586,1.8799890055736541,2.5132741228718345
7.927927927927928,0.0068418960282249745,0.37309837645877814,0.9277665600474236,6.283185307179586,1.3745190754279093,2.5132741228718345
7.957957957957958,0.016970642158016996,0.19339034779972647,0.9809751121625416,6.283185307179586,0.8202588789885622,2.5132741228718345
7.987987987987988,0.025152844543298823,0.007594650398787195,0.9996547682557042,6.283185307179586,0.23688257215757522,2.5132741228718345
8.018018018018019,0.029859198660199256,-0.17795263619410828,0.9835859329649858,6.283185307179586,-0.35490217656592193,2.5132741228718345
8.048048048048049,0.03151833289228631,-0.35701341460943964,0.9335673604407245,6.283185307179586,-0.9340892305666519,2.5132741228718345
8.078078078078079,0.03241395284446126,-0.5234908655185235,0.8514144991596782,6.283185307179586,-1.4801196240916847,2.5132741228718345
8.108108108108109,0.036273508720172584,-0.6715073026320618,0.7401095696426314,6.283185307179586,-1.9736113283421883,2.5132741228718345
8.138138138138139,0.047590355152425864,-0.7955588484209697,0.6040043681921728,6.283185307179586,-2.397047240722443,2.5132741228718345
8.168168168168169,0.07076053543069805,-0.8907608206199743,0.4489299578705437,6.283185307179586,-2.7353969762107497,2.5132741228718345
8.198198198198199,0.10916427601399119,-0.9531619150193533,0.28207361556628385,6.283185307179586,-2.9766503895934586,2.5132741228718345
8.228228228228229,0.1643622681914515,-0.9800726143531622,0.1115469201258954,6.283185307179586,-3.112243890525694,2.5132741228718345
8.258258258258259,0.23558127858926592,-0.9703350142514804,-0.054326984965833325,6.283185307179586,-3.1373644188350402,2.5132741228718345
8.288288288288289,0.3196147430436825,-0.9244653701534814,-0.20787062181981647,6.283185307179586,-3.0511202900861467,2.5132741228718345
8.318318318318319,0.411167423888084,-0.8446277430288756,-0.3428488373012698,6.283185307179586,-2.8565728470301956,2.5132741228718345
8.348348348348349,0.503560402691301,-0.7344389719589326,-0.45500144758992467,6.283185307179586,-2.560627793431599,2.5132741228718345
8.378378378378379,0.589627008771493,-0.5986474843181582,-0.5421818698982527,6.283185307179586,-2.1737900675130817,2.5132741228718345
8.408408408408409,0.6626044272907088,-0.4427565583766031,-0.6040877444121011,6.283185307179586,-1.709790956091556,2.5132741228718345
8.438438438438439,0.7168645250459187,-0.27266780657309897,-0.6416833486922859,6.283185307179586,-1.185100685452666,2.5132741228718345
8.468468468468469,0.7484067749798954,-0.09440299908641978,-0.656487146048819,6.283185307179586,-0.6183437901581702,2.5132741228718345
8.498498498498499,0.7551174584296341,0.08607022734719648,-0.6499150251677621,6.283185307179586,-0.02963801199830448,2.5132741228718345
8.528528528528529,0.7368493957957363,0.26291924851583337,-0.622837407896289,6.283185307179586,0.5601198043061465,2.5132741228718345
8.558558558558559,0.6953815683198731,0.4304731755357827,-0.5754453228455093,6.283185307179586,1.1299954706303148,2.5132741228718345
8.588588588588589,0.634286720085804,0.5832490720774453,-0.5074454420361171,6.283185307179586,1.6597605405224714,2.5132741228718345
8.618618618618619,0.5586915871876663,0.7160284429669392,-0.41852954407986986,6.283185307179586,2.1306103431015697,2.5132741228718345
8.64864864864865,0.47488720511214355,0.8240157462881694,-0.308998693022421,6.283185307179586,2.5258314782680555,2.5132741228718345
8.67867867867868,0.38975637145819064,0.903080296880185,-0.18037723884730528,6.283185307179586,2.8313950796537934,2.5132741228718345
8.70870870870871,0.3100350491109819,0.9500493110592254,-0.03584096648078522,6.283185307179586,3.0364547867042058,2.5132741228718345
8.73873873873874,0.2414966846922607,0.9629932582390749,0.1196801398243253,6.283185307179586,3.133731749753286,2.5132741228718345
8.76876876876877,0.18821024058803998,0.941434773142701,0.2797811166879811,6.283185307179586,3.11977300185701,2.5132741228718345
8.7987987987988,0.15204085321673944,0.8864242785517853,0.4371905503858728,6.283185307179586,2.9950740261550135,2.5132741228718345
8.82882882882883,0.13252038871283298,0.8004567342235032,0.5845574079688598,6.283185307179586,2.764061168079522,2.5132741228718345
8.85885885885886,0.12712543787220076,0.6872444846025204,0.7152161501454259,6.283185307179586,2.4349345167120666,2.5132741228718345
8.88888888888889,0.13189715579436267,0.551397011733856,0.8237502508308924,6.283185307179586,2.0193768324097787,2.5132741228718345
8.91891891891892,0.14226040914218474,0.3980774125264763,0.9062540204746954,6.283185307179586,1.5321388526777908,2.5132741228718345
8.94894894894895,0.15387309885093645,0.2327023171075624,0.9602982354781279,6.283185307179586,0.9905156963722238,2.5132741228718345
8.97897897897898,0.16335893971300425,0.06072967582322698,0.9846957719467837,6.283185307179586,0.4137329519183814,2.5132741228718345
9.00900900900901,0.1688268285634996,-0.11245378279521193,0.9792097061875258,6.283185307179586,-0.17773575889227675,2.5132741228718345
9.03903903903904,0.17013070743191028,-0.281565952816563,0.9443390051262529,6.283185307179586,-0.7628955176038015,2.5132741228718345
9.06906906906907,0.16885897818779325,-0.4414273572302334,0.8812653027174779,6.283185307179586,-1.3209753498715788,2.5132741228718345
9.0990990990991,0.16806184842617616,-0.5869763310562874,0.7919684349031203,6.283185307179586,-1.8321655170632614,2.5132741228718345
9.12912912912913,0.17174060910223155,-0.7133468203649351,0.6794420336276314,6.283185307179586,-2.2783206876008286,2.5132741228718345
9.15915915915916,0.18414842183736652,-0.8160329737292108,0.5478864339633602,6.283185307179586,-2.643604028101665,2.5132741228718345
9.18918918918919,0.2089916226527171,-0.8911343956684405,0.40274308251942087,6.283185307179586,-2.915049351501293,2.5132741228718345
9.21921921921922,0.24866238765038215,-0.9356446682271891,0.25047169857223495,6.283185307179586,-3.0830213680103187,2.5132741228718345
9.24924924924925,0.30365510427863907,-0.9477232763344804,0.09805186963532436,6.283185307179586,-3.141557701724429,2.5132741228718345
9.27927927927928,0.3722986513776834,-0.9268858646441482,-0.047710670764966434,6.283185307179586,-3.0885805325821756,2.5132741228718345
9.30930930930931,0.4508700216111026,-0.8740632823519504,-0.18091324455703334,6.283185307179586,-2.9259703511756094,2.5132741228718345
9.33933933933934,0.5340598928080613,-0.7915121669761116,-0.29713384260672077,6.283185307179586,-2.659499208394899,2.5132741228718345
9.36936936936937,0.6156733417330367,-0.6825982035052981,-0.39370805027358347,6.283185307179586,-2.298625829293958,2.5132741228718345
9.3993993993994,0.6894033569176441,-0.5515044304250232,-0.4696444130316725,6.283185307179586,-1.85615986386553,2.5132741228718345
9.42942942942943,0.7495263302467337,-0.402930775550583,-0.5252209729063371,6.283185307179586,-1.3478071925626993,2.5132741228718345
9.45945945945946,0.7914260146443535,-0.2418440486332604,-0.5613878512084473,6.283185307179586,-0.7916124265133161,2.5132741228718345
9.48948948948949,0.8119253679147475,-0.0733139617341316,-0.5791392405552893,6.283185307179586,-0.20731839157680151,2.5132741228718345
9.51951951951952,0.8094615637245514,0.09756080071372039,-0.5790111113064329,6.283185307179586,0.38433466784572434,2.5132741228718345
9.54954954954955,0.7841580382395459,0.2656621504859167,-0.5608206423297137,6.283185307179586,0.9623452896147617,2.5132741228718345
9.57957957957958,0.73782786254367,0.42584360934042775,-0.5237053232856842,6.283185307179586,1.5061962669044522,2.5132741228718345
9.60960960960961,0.6739012329126335,0.5729545326825218,-0.4664549621956991,6.283185307179586,1.9965829320093185,2.5132741228718345
9.63963963963964,0.5972318324407796,0.701939803304188,-0.3880652662327706,6.283185307179586,2.4160983995648193,2.5132741228718345
9.66966966966967,0.513726381117807,0.8080342024219372,-0.2883850430579744,6.283185307179586,2.7498514456205574,2.5132741228718345
9.6996996996997,0.4297715850819394,0.8870393788643345,-0.16869358316111754,6.283185307179586,2.985995090178607,2.5132741228718345
9.72972972972973,0.35149708260677975,0.9356403146009642,-0.03204688146971302,6.283185307179586,3.116147120501806,2.5132741228718345
9.75975975975976,0.28398717929599804,0.951697456996966,0.11671860323278371,6.283185307179586,3.1356876281933515,2.5132741228718345
9.78978978978979,0.2306038982388502,0.9344484612808814,0.2713446430767295,6.283185307179586,3.0439229985986223,2.5132741228718345
9.81981981981982,0.19258181061703603,0.8845722816299662,0.4247871523375182,6.283185307179586,2.844110531521091,2.5132741228718345
9.84984984984985,0.16899623257044802,0.8041029011100203,0.5699638565760476,6.283185307179586,2.5433428193094234,2.5132741228718345
9.87987987987988,0.1571121574772366,0.6962186661844694,0.7004251129341115,6.283185307179586,2.1522959864595914,2.5132741228718345
9.90990990990991,0.15302886092300275,0.564962666428112,0.8108016732016783,6.283185307179586,1.6848507272806654,2.5132741228718345
9.93993993993994,0.15247755591553191,0.414960408757497,0.8969718245883931,6.283185307179586,1.1575995933644962,2.5132741228718345
9.96996996996997,0.15161976845328848,0.25119103397549225,0.9559887605323022,6.283185307179586,0.5892580203039546,2.5132741228718345
10.0,0.14772209070470832,0.07884254951442039,0.9858813500130171,6.283185307179586,0.0,2.5132741228718345
10.03003003003003,0.13962549884005027,-0.09675076334593244,0.9854663920526358,6.283185307179586,-0.5892580203039395,2.5132741228718345
10.06006006006006,0.12796371417544786,-0.27011974803675126,0.9542853920995433,6.283185307179586,-1.1575995933644818,2.5132741228718345
10.09009009009009,0.11510777074000735,-0.4356699076746565,0.8927160425698726,6.283185307179586,-1.6848507272806525,2.5132741228718345
10.12012012012012,0.10483045581623357,-0.5877415089307052,0.8022284551253521,6.283185307179586,-2.1522959864595803,2.5132741228718345
10.15015015015015,0.10170909396828354,-0.7207594561215824,0.6856829198799257,6.283185307179586,-2.543342819309414,2.5132741228718345
10.18018018018018,0.11032773615000252,-0.8294851267633254,0.5475237119194318,6.283185307179586,-2.844110531521084,2.5132741228718345
10.21021021021021,0.13439498941133937,-0.9093480791277051,0.39373094596115304,6.283185307179586,-3.043922998598613,2.5132741228718345
10.24024024024024,0.17594029235353376,-0.9568039032020096,0.23145475658006365,6.283185307179586,-3.135687628193351,2.5132741228718345
10.27027027027027,0.23476178984842433,-0.9696464040109223,0.0683575395653972,6.283185307179586,-3.116147120501805,2.5132741228718345
10.3003003003003,0.3082555683604507,-0.947205600872408,-0.0882046158106144,6.283185307179586,-2.9859950901786187,2.5132741228718345
10.33033033033033,0.39166524184928486,-0.8903884141274025,-0.23196295030545577,6.283185307179586,-2.7498514456205645,2.5132741228718345
10.36036036036036,0.47868396394373613,-0.8015586079972794,-0.3582812590802864,6.283185307179586,-2.4160983995648153,2.5132741228718345
10.39039039039039,0.5622595664572835,-0.684292919147729,-0.4643354183466142,6.283185307179586,-1.9965829320093302,2.5132741228718345
10.42042042042042,0.6354280417336848,-0.5430774842674021,-0.5489062304800887,6.283185307179586,-1.506196266904466,2.5132741228718345
10.45045045045045,0.6920345375148393,-0.38301434579390387,-0.6118727071885663,6.283185307179586,-0.9623452896147975,2.5132741228718345
10.48048048048048,0.7272711521716654,-0.20959188648410693,-0.6535655379061124,6.283185307179586,-0.38433466784573966,2.5132741228718345
10.51051051051051,0.7380310834485275,-0.02854257417994162,-0.6741627706441149,6.283185307179586,0.20731839157680845,2.5132741228718345
10.54054054054054,0.7231187482341561,0.15422308781105865,-0.6732863544866055,6.283185307179586,0.7916124265132795,2.5132741228718345
10.57057057057057,0.6833534812456641,0.3326458386552218,-0.6499036587790286,6.283185307179586,1.3478071925626856,2.5132741228718345
10.6006006006006,0.6215697043242234,0.500564341911881,-0.6025665459284915,6.283185307179586,1.8561598638655354,2.5132741228718345
10.63063063063063,0.5424737261740252,0.651830807958321,-0.5299423121499547,6.283185307179586,2.298625829293932,2.5132741228718345
10.66066066066066,0.4522956294248306,0.7805272107531177,-0.43151585935712955,6.283185307179586,2.6594992083948905,2.5132741228718345
10.69069069069069,0.35819481336875125,0.8812810350721848,-0.30828592718025694,6.283185307179586,2.925970351175612,2.5132741228718345
10.72072072072072,0.2674414961340713,0.9496426429486916,-0.16326021204983887,6.283185307179586,3.088580532582173,2.5132741228718345
10.75075075075075,0.18648254528866282,0.982456985432477,-0.001591250186193216,6.283185307179586,3.141557701724429,2.5132741228718345
10.78078078078078,0.12007076057717873,0.9781515577095554,0.16971311853934534,6.283185307179586,3.0830213680103262,2.5132741228718345
10.81081081081081,0.0706554627792585,0.9368759998035345,0.34244877948553987,6.283185307179586,2.915049351501299,2.5132741228718345
10.84084084084084,0.038183073202892395,0.8604636396717464,0.5080791057730989,6.283185307179586,2.643604028101661,2.5132741228718345
10.87087087087087,0.020354638450631297,0.7522300699139064,0.6585860692501939,6.283185307179586,2.2783206876008544,2.5132741228718345
10.9009009009009,0.013272497063637763,0.6166629474831358,0.7871153981613264,6.283185307179586,1.8321655170632738,2.5132741228718345
10.93093093093093,0.01232327970578892,0.45907748970101697,0.888310753749306,6.283185307179586,1.3209753498715726,2.5132741228718345
10.96096096096096,0.013113552199550394,0.28530816598917974,0.9583461197125775,6.283185307179586,0.7628955176038165,2.5132741228718345
10.99099099099099,0.012294518682783457,0.10148235299299557,0.994761366781459,6.283185307179586,0.17773575889229212,2.5132741228718345
11.02102102102102,0.008160083849412247,-0.08611396385085171,0.9962518749096618,6.283185307179586,-0.4137329519183441,2.5132741228718345
11.05105105105105,0.0009519208481899998,-0.2711032840819856,0.9625497925854083,6.283185307179586,-0.9905156963722092,2.5132741228718345
11.08108108108108,-0.0071582852937474625,-0.4470655835674225,0.894472538952831,6.283185307179586,-1.5321388526777968,2.5132741228718345
11.11111111111111,-0.012412778388758917,-0.6076257165337215,0.7941265085231083,6.283185307179586,-2.0193768324097494,2.5132741228718345
11.14114114114114,-0.010111228413823888,-0.7466243741321112,0.6651690063520279,6.283185307179586,-2.434934516712057,2.5132741228718345
11.17117117117117,0.004517829657071169,-0.8583900791103665,0.5129776421050282,6.283185307179586,-2.7640611680795253,2.5132741228718345
11.2012012012012,0.035346726005300394,-0.9380927175693662,0.34457606156489073,6.283185307179586,-2.9950740261550024,2.5132741228718345
11.23123123123123,0.0844586486675505,-0.9821236449958474,0.1682256894914213,6.283185307179586,-3.119773001857008,2.5132741228718345
11.26126126126126,0.1515303665093869,-0.9884256493892827,-0.007299565360105786,6.283185307179586,-3.1337317497532857,2.5132741228718345
11.29129129129129,0.23363608003209396,-0.9566972398024544,-0.17362192678674293,6.283185307179586,-3.0364547867042098,2.5132741228718345
11.32132132132132,0.32552293428780343,-0.8884216133330926,-0.3236384652893105,6.283185307179586,-2.8313950796537997,2.5132741228718345
11.35135135135135,0.42028874484653767,-0.7867135602964704,-0.4521494719675211,6.283185307179586,-2.5258314782680777,2.5132741228718345
11.381381381381381,0.5102963209190127,-0.6560227879352084,-0.5560861143436053,6.283185307179586,-2.130610343101581,2.5132741228718345
11.411411411411411,0.5881228283068377,-0.5017639936342458,-0.6343062616087829,6.283185307179586,-1.6597605405224654,2.5132741228718345
11.441441441441441,0.647374855283595,-0.3299524142557143,-0.6870496350867965,6.283185307179586,-1.12999547063035,2.5132741228718345
11.471471471471471,0.6832772525859525,-0.14690764716934948,-0.7152274738160497,6.283185307179586,-0.5601198043061617,2.5132741228718345
11.501501501501501,0.693026784233103,0.04094421529173317,-0.7197481834427903,6.283185307179586,0.02963801199831141,2.5132741228718345
11.531531531531531,0.6759546940150363,0.22717784751074044,-0.7010531201263943,6.283185307179586,0.6183437901581551,2.5132741228718345
11.561561561561561,0.633549651495402,0.4054242548951793,-0.6589734536627925,6.283185307179586,1.1851006854526516,2.5132741228718345
11.591591591591591,0.5693620500336956,0.569429956626885,-0.5929387662118706,6.283185307179586,1.7097909560915243,2.5132741228718345
11.621621621621621,0.48876750005803193,0.7131729108251008,-0.5024845571276763,6.283185307179586,2.173790067513071,2.5132741228718345
11.651651651651651,0.39854206489509997,0.8310681673300957,-0.3879303078637549,6.283185307179586,2.56062779343159,2.5132741228718345
11.681681681681681,0.3062166240031374,0.9182631651985478,-0.2510460886434724,6.283185307179586,2.8565728470301797,2.5132741228718345
11.711711711711711,0.21923591101291245,0.9709856560603911,-0.09551162780954447,6.283185307179586,3.051120290086143,2.5132741228718345
11.741741741741741,0.1440291759029828,0.9868780746275623,0.07298809702697612,6.283185307179586,3.1373644188350407,2.5132741228718345
11.771771771771771,0.08516716516859069,0.9652417043492809,0.24709311233127296,6.283185307179586,3.112243890525699,2.5132741228718345
11.801801801801801,0.044797366306399605,0.9071278887600303,0.41846408376979255,6.283185307179586,2.9766503895934635,2.5132741228718345
11.831831831831831,0.02249942519330579,0.8152488580733563,0.5786735481042569,6.283185307179586,2.735396976210746,2.5132741228718345
11.861861861861861,0.015599718666062263,0.6937259609075239,0.7200700937686421,6.283185307179586,2.397047240722453,2.5132741228718345
11.891891891891891,0.01986781052369584,0.5477324794009424,0.8364175997154762,6.283185307179586,1.9736113283422005,2.5132741228718345
11.921921921921921,0.03043197225866706,0.38310843869602795,0.9232019385074133,6.283185307179586,1.480119624091718,2.5132741228718345
11.951951951951951,0.04272213140479924,0.20602036659281675,0.9776146623474392,6.283185307179586,0.9340892305666666,2.5132741228718345
11.981981981981981,0.05327413039032994,0.02271349060902625,0.9983215736299664,6.283185307179586,0.35490217656591505,2.5132741228718345
12.012012012012011,0.0602848670776784,-0.16063244761361323,0.9851715340866231,6.283185307179586,-0.2368825721575376,2.5132741228718345
12.042042042042041,0.06386501855620091,-0.3379677240701664,0.9389883262805513,6.283185307179586,-0.8202588789885258,2.5132741228718345
12.072072072072071,0.06597741222012785,-0.5034056210277538,0.8615275745986888,6.283185307179586,-1.3745190754278953,2.5132741228718345
12.102102102102101,0.07007516731239774,-0.6512794374577429,0.75559550373885,6.283185307179586,-1.8799890055736237,2.5132741228718345
12.132132132132131,0.08047727732072021,-0.7762685582004878,0.6252443789302546,6.283185307179586,-2.3187263847852173,2.5132741228718345
12.162162162162161,0.10155316459183925,-0.8736129179115157,0.475906949328342,6.283185307179586,-2.6751576834205975,2.5132741228718345
12.192192192192191,0.1368329004249213,-0.9394009598297828,0.3143287992400375,6.283185307179586,-2.9366309286649748,2.5132741228718345
12.222222222222221,0.18820087590239498,-0.9708832178255915,0.14821001198870531,6.283185307179586,-3.0938648020614217,2.5132741228718345
12.252252252252251,0.25534245613640527,-0.9667428910573712,-0.014436505247418574,6.283185307179586,-3.1412780914677954,2.5132741228718345
12.282282282282281,0.3355755518709086,-0.9272547029433942,-0.16609564971842866,6.283185307179586,-3.07718780313207,2.5132741228718345
12.312312312312311,0.4241127658023799,-0.8542859398861911,-0.3005393398470756,6.283185307179586,-2.90386890165141,2.5132741228718345
12.342342342342342,0.5146911263157268,-0.7511323796187777,-0.41339229888759677,6.283185307179586,-2.6274735572707844,2.5132741228718345
12.372372372372372,0.6004166169157599,-0.6222237114537568,-0.5023321003436221,6.283185307179586,-2.2578127669386254,2.5132741228718345
12.402402402402402,0.6746346532893053,-0.4727635027306271,-0.5668886619668583,6.283185307179586,-1.8080081007524744,2.5132741228718345
12.432432432432432,0.7316654551671448,-0.30837797045255433,-0.6079216142350141,6.283185307179586,-1.294025935487825,2.5132741228718345
12.462462462462462,0.7673159943364816,-0.13483433375210746,-0.6269337024570691,6.283185307179586,-0.7341107081711422,2.5132741228718345
12.492492492492492,0.7791616633760148,0.04214016686603238,-0.6254049157634687,6.283185307179586,-0.1481373070677874,2.5132741228718345
12.522522522522522,0.7666466154895009,0.21694263529878538,-0.6043085800711404,6.283185307179586,0.4430944122278154,2.5132741228718345
12.552552552552552,0.7310644844059593,0.38411625149993367,-0.5639143773423176,6.283185307179586,1.0185979435686068,2.5132741228718345
12.582582582582582,0.6754553124553424,0.538360481202353,-0.5039128031266028,6.283185307179586,1.55794507242556,2.5132741228718345
12.612612612612612,0.604411227759609,0.674581663454854,-0.42382383968824455,6.283185307179586,2.0419910008020965,2.5132741228718345
12.642642642642642,0.5237503922480061,0.7880206089430325,-0.3235877724831304,6.283185307179586,2.4535539156800645,2.5132741228718345
12.672672672672672,0.44001850102384654,0.8744663084498103,-0.2041871546948284,6.283185307179586,2.778024878869759,2.5132741228718345
12.702702702702702,0.3598171643889477,0.9305321196813127,-0.06812916007100245,6.283185307179586,3.0038863894637644,2.5132741228718345
12.732732732732732,0.2890263461665339,0.9539424160872743,0.08035943012911145,6.283185307179586,3.123121211874451,2.5132741228718345
12.762762762762762,0.23205430013698788,0.9437633981042419,0.23550254815212496,6.283185307179586,3.131496957595264,2.5132741228718345
12.792792792792792,0.19127933756950932,0.9005179447640315,0.39048642252504717,6.283185307179586,3.0287163191013877,2.5132741228718345
12.822822822822824,0.16682233611829478,0.8261506077402044,0.5381872178916919,6.283185307179586,2.818427623150585,2.5132741228718345
12.852852852852854,0.15671174073000538,0.7238470097601418,0.6719277764597514,6.283185307179586,2.508095328881613,2.5132741228718345
12.882882882882884,0.15740318536807785,0.5977489363088494,0.7860791603757817,6.283185307179586,2.1087350675415104,2.5132741228718345
12.912912912912914,0.16453266860433863,0.4526296589514898,0.8763876954857731,6.283185307179586,1.634522628936409,2.5132741228718345
12.942942942942944,0.17374364387412525,0.29359648252827697,0.9400075806395577,6.283185307179586,1.102290774119201,2.5132741228718345
12.972972972972974,0.18143910084501402,0.12587006565666567,0.9753135799606244,6.283185307179586,0.5309317355737807,2.5132741228718345
13.003003003003004,0.18535253393545942,-0.04533989645780506,0.9816255558777844,6.283185307179586,-0.05927338610392638,2.5132741228718345
13.033033033033034,0.1848808537602493,-0.2148753979291186,0.9589826032192417,6.283185307179586,-0.6473745251277485,2.5132741228718345
13.063063063063064,0.1811588047537441,-0.3776256335723647,0.9080640772152225,6.283185307179586,-1.2124962991959385,2.5132741228718345
13.093093093093094,0.1768746495727368,-0.5285284296822025,0.8302849254055228,6.283185307179586,-1.7345790071825578,2.5132741228718345
13.123123123123124,0.17584084400815353,-0.6626260544422609,0.7280155970528711,6.283185307179586,-2.1950906732093642,2.5132741228718345
13.153153153153154,0.18235555199142617,-0.7752064725246348,0.6048151598738906,6.283185307179586,-2.577684862207932,2.5132741228718345
13.183183183183184,0.2004282584249263,-0.862032925283337,0.46554027640115764,6.283185307179586,-2.868780916988955,2.5132741228718345
13.213213213213214,0.23298778513192986,-0.9196328867018558,0.31621518887490346,6.283185307179586,-3.058046020581218,2.5132741228718345
13.243243243243244,0.28122264278605147,-0.9455914197447159,0.16361751767174043,6.283185307179586,-3.1387619724377847,2.5132741228718345
13.273273273273274,0.3441982350872463,-0.9387829849500415,0.014631545734326568,6.283185307179586,-3.1080636593305795,2.5132741228718345
13.303303303303304,0.41884202576505025,-0.8994851572175074,-0.12449019799921807,6.283185307179586,-2.9670407561124748,2.5132741228718345
13.333333333333334,0.5002983614551751,-0.8293458065271836,-0.24877114527312139,6.283185307179586,-2.7206990463513243,2.5132741228718345
13.363363363363364,0.5825614153440286,-0.7312131080489281,-0.35489376997806726,6.283185307179586,-2.377782735808504,2.5132741228718345
13.393393393393394,0.6592344479759313,-0.6088722591303998,-0.4412306819145376,6.283185307179586,-1.950464065966108,2.5132741228718345
13.423423423423424,0.7242581901984222,-0.46675237983693396,-0.5075355059959046,6.283185307179586,-1.453911245157121,2.5132741228718345
13.453453453453454,0.7724967088702972,-0.30966619202905626,-0.5543966849632457,6.283185307179586,-0.905750034121653,2.5132741228718345
13.483483483483484,0.800139545342988,-0.14262572060038484,-0.582610171384769,6.283185307179586,-0.32543809767952975,2.5132741228718345
13.513513513513514,0.8049407738877659,0.02925286015460566,-0.5926336310952929,6.283185307179586,0.26642566931316297,2.5132741228718345
13.543543543543544,0.7863442990728537,0.200773258934005,-0.5842540045323547,6.283185307179586,0.8488323253892585,2.5132741228718345
13.573573573573574,0.7455338558503939,0.36665362718225536,-0.5565468421026121,6.283185307179586,1.4011086210108012,2.5132741228718345
13.603603603603604,0.6854079823508598,0.5215437122189657,-0.5081417656265158,6.283185307179586,1.9036508213058738,2.5132741228718345
13.633633633633634,0.610438797309029,0.6601114295074395,-0.4377412196412382,6.283185307179586,2.3386205650508756,2.5132741228718345
13.663663663663664,0.5263546705411434,0.7772256107490809,-0.34477690003056993,6.283185307179586,2.6905780595166413,2.5132741228718345
13.693693693693694,0.4396078196878602,0.8682311626092429,-0.2300426333159442,6.283185307179586,2.947030135138597,2.5132741228718345
13.723723723723724,0.35664783180378395,0.92927985600196,-0.09613154163998944,6.283185307179586,3.0988737061285305,2.5132741228718345
13.753753753753754,0.2831000997902804,0.9576547391555005,0.05245697352293738,6.283185307179586,3.140718895840872,2.5132741228718345
13.783783783783784,0.2230098251185346,0.9520181981645611,0.20959000039015202,6.283185307179586,3.07108035715627,2.5132741228718345
13.813813813813814,0.17832568784804748,0.9125275110054214,0.36809440461817733,6.283185307179586,2.892429996727346,2.5132741228718345
13.843843843843844,0.14875042117761073,0.8407940564871913,0.5205176911256092,6.283185307179586,2.6111092315737685,2.5132741228718345
13.873873873873874,0.13199406243463094,0.73970247753567,0.6598619645115417,6.283185307179586,2.2371038925880873,2.5132741228718345
13.903903903903904,0.12436557890972799,0.6131401700382189,0.7801232817109021,6.283185307179586,1.7836897650325643,2.5132741228718345
13.933933933933934,0.1215670168825663,0.46570419095052346,0.8765506642156096,6.283185307179586,1.266961348008905,2.5132741228718345
13.963963963963964,0.11953087910342565,0.30244774261280183,0.9456414394095762,6.283185307179586,0.7052605601698344,2.5132741228718345
13.993993993993994,0.11516125798196081,0.1287052841389409,0.984973519691854,6.283185307179586,0.11852567047487819,2.5132741228718345
14.024024024024024,0.10688068425600719,-0.04999716456176588,0.993013999331421,6.283185307179586,-0.47241643549551343,2.5132741228718345
14.054054054054054,0.09492465760879844,-0.22797156971364846,0.9690295520672109,6.283185307179586,-1.0465895317800515,2.5132741228718345
14.084084084084084,0.08135311617874896,-0.3993844166338108,0.9131668841112828,6.283185307179586,-1.5836126292988386,2.5132741228718345
14.114114114114114,0.06976705462269298,-0.5583143989946422,0.8266907462672823,6.283185307179586,-2.0644234244416833,2.5132741228718345
14.144144144144144,0.06474303373046827,-0.6988953999872841,0.7122875539130374,6.283185307179586,-2.471954939273444,2.5132741228718345
14.174174174174174,0.07103990218814016,-0.8155635849194143,0.5742903196554162,6.283185307179586,-2.7917413351694065,2.5132741228718345
14.204204204204204,0.09268857806306183,-0.9033927801275571,0.4186768590565718,6.283185307179586,-3.0124313957719537,2.5132741228718345
14.234234234234235,0.13212807023131395,-0.9584681184750303,0.2527469859826388,6.283185307179586,-3.1261914525510566,2.5132741228718345
14.264264264264265,0.18957059652341834,-0.9782256681095046,0.0844839108049052,6.283185307179586,-3.1289834506240437,2.5132741228718345
14.294294294294295,0.26274424565270754,-0.9616845727015395,-0.07828310164824215,6.283185307179586,-3.020708284542405,2.5132741228718345
14.324324324324325,0.3470744911545174,-0.9095205280840029,-0.2287175257452943,6.283185307179586,-2.8052093161630447,2.5132741228718345
14.354354354354355,0.43625427538229233,-0.8239687301139345,-0.3616043957206818,6.283185307179586,-2.49013594973304,2.5132741228718345
14.384384384384385,0.5230593031291974,-0.7085873420552227,-0.4736168747928328,6.283185307179586,-2.086672106759842,2.5132741228718345
14.414414414414415,0.6002260543183531,-0.5679441980430406,-0.563176767654778,6.283185307179586,-1.6091392387899865,2.5132741228718345
14.444444444444445,0.6612343946348774,-0.40729979525552673,-0.6299809141046001,6.283185307179586,-1.074487969651669,2.5132741228718345
14.474474474474475,0.7009048989481872,-0.23234692896297476,-0.6743494844895483,6.283185307179586,-0.5016964119529226,2.5132741228718345
14.504504504504505,0.7157967535656771,-0.04903781713433376,-0.6965847400531754,6.283185307179586,0.08890348465891529,2.5132741228718345
14.534534534534535,0.7044415319670538,0.136506111539763,-0.6965114568703203,6.283185307179586,0.6763476413697644,2.5132741228718345
14.564564564564565,0.6674548965997862,0.3180375177510618,-0.6733172345240553,6.283185307179586,1.2397839962833572,2.5132741228718345
14.594594594594595,0.6075383021985468,0.4892331485857935,-0.6257380743457656,6.283185307179586,1.7592126743253609,2.5132741228718345
14.624624624624625,0.5293394056041769,0.6438043919408144,-0.5525537970114245,6.283185307179586,2.2161959077156466,2.5132741228718345
14.654654654654655,0.4391130238292787,0.7757044695327572,-0.4532795255135816,6.283185307179586,2.594512507496222,2.5132741228718345
14.684684684684685,0.3441375516264522,0.8794364905357468,-0.32887810002206835,6.283185307179586,2.880733654833951,2.5132741228718345
14.714714714714715,0.25190012000154527,0.9504290270212589,-0.18229370295771125,6.283185307179586,3.0646995736682046,2.5132741228718345
14.744744744744745,0.16914923514443864,0.9854142287277513,-0.01863690077090624,6.283185307179586,3.1398801646141417,2.5132741228718345
14.774774774774775,0.10098951343022586,0.9827293842423726,0.1550615217361625,6.283185307179586,3.1036067989725113,2.5132741228718345
14.804804804804805,0.05022063044882531,0.9424731753343611,0.33048782436254504,6.283185307179586,2.9571670450285796,2.5132741228718345
14.834834834834835,0.017081467611042345,0.866480994774268,0.4989177378673219,6.283185307179586,2.705758964212427,2.5132741228718345
14.864864864864865,-0.000538297747970264,0.7581289186732831,0.6521044800537785,6.283185307179586,2.3583065994352848,2.5132741228718345
14.894894894894895,-0.006475324803467204,0.6220175154748837,0.7829765517629106,6.283185307179586,1.927143205073031,2.5132741228718345
14.924924924924925,-0.005407850304956184,0.4636104944094636,0.8860226095466672,6.283185307179586,1.4275734627435077,2.5132741228718345
14.954954954954955,-0.0018977010902107845,0.2889024267714122,0.9573566663138422,6.283185307179586,0.8773302225730718,2.5132741228718345
14.984984984984985,0.0004677416328606807,0.10416685934752737,0.9945597250194825,6.283185307179586,0.2959450535985975,2.5132741228718345
15.015015015015015,-0.0002911716060383597,-0.08419945792376404,0.9964488780182509,6.283185307179586,-0.29594505359857454,2.5132741228718345
15.045045045045045,-0.004209212473690314,-0.26975677293596634,0.9629192935988538,6.283185307179586,-0.8773302225730496,2.5132741228718345
15.075075075075075,-0.00936567122911773,-0.44607393483999247,0.8949471095311634,6.283185307179586,-1.427573462743487,2.5132741228718345
15.105105105105105,-0.012202165139913861,-0.6068082215405883,0.7947546095720589,6.283185307179586,-1.9271432050730128,2.5132741228718345
15.135135135135135,-0.008142080456069052,-0.7458611196752818,0.6660517222273127,6.283185307179586,-2.35830659943527,2.5132741228718345
15.165165165165165,0.007556612720784658,-0.857631841401773,0.5142086368560703,6.283185307179586,-2.705758964212415,2.5132741228718345
15.195195195195195,0.03883802493574998,-0.9373541162251744,0.34620639597528435,6.283185307179586,-2.957167045028572,2.5132741228718345
15.225225225225225,0.08794775105613685,-0.9814656854166496,0.17026538530533664,6.283185307179586,-3.103606798972508,2.5132741228718345
15.255255255255255,0.15478631648356816,-0.9879360872293197,-0.004846006484688692,6.283185307179586,-3.1398801646141425,2.5132741228718345
15.285285285285285,0.23667099502077227,-0.9564765104997099,-0.17070303154177757,6.283185307179586,-3.0646995736682094,2.5132741228718345
15.315315315315315,0.32856819218953476,-0.8885785369164412,-0.3201111163519825,6.283185307179586,-2.8807336548339597,2.5132741228718345
15.345345345345345,0.42373945125635043,-0.7873699761954882,-0.44776489147124443,6.283185307179586,-2.5945125074962347,2.5132741228718345
15.375375375375375,0.5146430433638736,-0.6573216758603537,-0.5505186212660529,6.283185307179586,-2.216195907715663,2.5132741228718345
15.405405405405405,0.5938888925348823,-0.5038732605401546,-0.6272222258782708,6.283185307179586,-1.7592126743253802,2.5132741228718345
15.435435435435435,0.6550694838567828,-0.3330571805220818,-0.678201213373772,6.283185307179586,-1.2397839962833783,2.5132741228718345
15.465465465465465,0.6933639985435966,-0.1511871782596203,-0.7045486517288183,6.283185307179586,-0.6763476413697871,2.5132741228718345
15.495495495495495,0.7058985608143062,0.03535401678999553,-0.7074300780546938,6.283185307179586,-0.08890348465893837,2.5132741228718345
15.525525525525525,0.6919049771981887,0.22023070322368443,-0.6875797698342653,6.283185307179586,0.5016964119528997,2.5132741228718345
15.555555555555555,0.652734683574806,0.3972093018943228,-0.6451063504155624,6.283185307179586,1.074487969651647,2.5132741228718345
15.585585585585585,0.5917585226242918,0.560206380440976,-0.5796470151860513,6.283185307179586,1.6091392387899672,2.5132741228718345
15.615615615615615,0.5141396982346129,0.7033837774944292,-0.4908274974532801,6.283185307179586,2.086672106759825,2.5132741228718345
15.645645645645645,0.42643698919437906,0.8213273760521851,-0.3789100626711113,6.283185307179586,2.4901359497330264,2.5132741228718345
15.675675675675675,0.3360019588313271,0.9093149673725593,-0.24545666373743275,6.283185307179586,2.805209316163034,2.5132741228718345
15.705705705705705,0.2501839076034181,0.963642421676272,-0.0938152200953079,6.283185307179586,3.020708284542399,2.5132741228718345
15.735735735735735,0.17543345518479336,0.9819471389567407,0.07073131623228623,6.283185307179586,3.1289834506240415,2.5132741228718345
15.765765765765765,0.11646566735091043,0.9634544107053902,0.24122882667747003,6.283185307179586,3.1261914525510583,2.5132741228718345
15.795795795795796,0.0756694265867151,0.909082374556046,0.40968692211361785,6.283185307179586,3.0124313957719604,2.5132741228718345
15.825825825825826,0.052910883284232185,0.8213731322059228,0.5679318763017831,6.283185307179586,2.7917413351694167,2.5132741228718345
15.855855855855856,0.04578455767448089,0.7042611862045173,0.7084630942284202,6.283185307179586,2.471954939273458,2.5132741228718345
15.885885885885886,0.050251783217145685,0.5627305437054594,0.8251115642528608,6.283185307179586,2.0644234244417006,2.5132741228718345
15.915915915915916,0.0615164995000549,0.4024349013796911,0.9133793683021995,6.283185307179586,1.5836126292988584,2.5132741228718345
15.945945945945946,0.07495208432614853,0.22935453038613107,0.9704528244308781,6.283185307179586,1.0465895317800735,2.5132741228718345
15.975975975975976,0.08691182394103242,0.049541138963306766,0.9949834221778799,6.283185307179586,0.47241643549553625,2.5132741228718345
16.006006006006007,0.09530830058023276,-0.1310326583516716,0.9867860813191203,6.283185307179586,-0.11852567047489973,2.5132741228718345
16.036036036036037,0.09990457597391339,-0.3065378879877888,0.9466010769731892,6.283185307179586,-0.7052605601698554,2.5132741228718345
16.066066066066067,0.1023029868175309,-0.4713122294078568,0.8760130600043299,6.283185307179586,-1.2669613480089246,2.5132741228718345
16.096096096096097,0.10564329413383647,-0.6198961934800001,0.7775398405952577,6.283185307179586,-1.7836897650325823,2.5132741228718345
16.126126126126128,0.11404225127603931,-0.7471299826142301,0.6548214672734032,6.283185307179586,-2.237103892588071,2.5132741228718345
16.156156156156158,0.13183527250713528,-0.8483359897110394,0.5127821267198169,6.283185307179586,-2.611109231573781,2.5132741228718345
16.186186186186188,0.16272199459811015,-0.9195796734875482,0.357623791968435,6.283185307179586,-2.892429996727355,2.5132741228718345
16.216216216216218,0.20895944858886803,-0.957968555243016,0.19655074665434197,6.283185307179586,-3.0710803571562653,2.5132741228718345
16.246246246246248,0.27076583486603256,-0.961925812034768,0.037210143911120375,6.283185307179586,-3.1407188958408723,2.5132741228718345
16.276276276276278,0.34607271768535,-0.9313703175332989,-0.11306195510042677,6.283185307179586,-3.098873706128527,2.5132741228718345
16.306306306306308,0.4306893529126086,-0.867752444945409,-0.24801688567175267,6.283185307179586,-2.9470301351385895,2.5132741228718345
16.336336336336338,0.5188402630634201,-0.7739299490488147,-0.36309394843333676,6.283185307179586,-2.69057805951663,2.5132741228718345
16.366366366366368,0.6039441549314193,-0.6539091664736916,-0.4556909695453535,6.283185307179586,-2.338620565050861,2.5132741228718345
16.396396396396398,0.679455382828926,-0.5125094372540824,-0.5250471021438252,6.283185307179586,-1.9036508213058565,2.5132741228718345
16.426426426426428,0.7396039658929924,-0.35502227345386894,-0.5717911847749401,6.283185307179586,-1.401108621010782,2.5132741228718345
16.456456456456458,0.779933835732181,-0.18692819103539454,-0.5972947875845289,6.283185307179586,-0.8488323253892808,2.5132741228718345
16.486486486486488,0.7976187365744736,-0.013708079710877187,-0.6030061688036912,6.283185307179586,-0.2664256693131415,2.5132741228718345
16.516516516516518,0.791596069827545,0.15924771417602931,-0.5899286632827889,6.283185307179586,0.3254380976795512,2.5132741228718345
16.546546546546548,0.7625799311411667,0.3266602645777072,-0.558359131891007,6.283185307179586,0.9057500341216309,2.5132741228718345
16.576576576576578,0.7129954082523569,0.48336052208186253,-0.5079371550724817,6.283185307179586,1.45391124515714,2.5132741228718345
16.606606606606608,0.646834520224763,0.6243176977233347,-0.43798688993434126,6.283185307179586,1.9504640659661252,2.5132741228718345
16.636636636636638,0.5693963825631748,0.7447387843787906,-0.34806881872022405,6.283185307179586,2.3777827358085184,2.5132741228718345
16.666666666666668,0.4868643895704997,0.8402561286373265,-0.23860575109346682,6.283185307179586,2.7206990463513354,2.5132741228718345
16.696696696696698,0.4057031143885351,0.9071884629856004,-0.11141847064372257,6.283185307179586,2.967040756112467,2.5132741228718345
16.726726726726728,0.331920096964095,0.9428308420303503,0.029984204958683702,6.283185307179586,3.1080636593305826,2.5132741228718345
16.756756756756758,0.2703074089510969,0.9457102719143362,0.18046048393255787,6.283185307179586,3.1387619724377833,2.5132741228718345
16.786786786786788,0.22382125386734944,0.9157439992134675,0.3336419850994268,6.283185307179586,3.0580460205812234,2.5132741228718345
16.816816816816818,0.19324941125849163,0.8542580916010548,0.48259483832888556,6.283185307179586,2.868780916988946,2.5132741228718345
16.846846846846848,0.1772532825686551,0.7638591344985244,0.6205646593716998,6.283185307179586,2.5776848622079194,2.5132741228718345
16.876876876876878,0.17277668497935206,0.648189708756286,0.7416187151018355,6.283185307179586,2.1950906732093487,2.5132741228718345
16.906906906906908,0.17572464880325145,0.511625789946988,0.8410469064584952,6.283185307179586,1.73457900718254,2.5132741228718345
16.936936936936938,0.18176416826386166,0.35898258366977887,0.9154743534127138,6.283185307179586,1.2124962991959187,2.5132741228718345
16.966966966966968,0.18709618217637225,0.1952832877325579,0.9627354029777329,6.283185307179586,0.6473745251277274,2.5132741228718345
16.996996996996998,0.1890820982618304,0.02561852947431588,0.9816270427528909,6.283185307179586,0.05927338610390482,2.5132741228718345
17.027027027027028,0.18665474119316788,-0.14490779398699943,0.9716798540832475,6.283185307179586,-0.530931735573758,2.5132741228718345
17.057057057057058,0.1804816299221982,-0.3111783953177236,0.9330564760760311,6.283185307179586,-1.102290774119221,2.5132741228718345
17.087087087087088,0.17287065186913703,-0.46805702907097047,0.8666246911200393,6.283185307179586,-1.6345226289364274,2.5132741228718345
17.117117117117118,0.16742191794549965,-0.6104282022431409,0.7741752458564947,6.283185307179586,-2.1087350675414935,2.5132741228718345
17.147147147147148,0.1684492826691652,-0.7333195297869493,0.6586860453968917,6.283185307179586,-2.508095328881626,2.5132741228718345
17.177177177177178,0.1802305527046042,-0.832118293604206,0.5244960374686547,6.283185307179586,-2.818427623150595,2.5132741228718345
17.207207207207208,0.206192902449534,-0.9028617098332942,0.3772601488305375,6.283185307179586,-3.028716319101382,2.5132741228718345
17.237237237237238,0.24818056722518594,-0.9425512084670786,0.22361490439667858,6.283185307179586,-3.1314969575952616,2.5132741228718345
17.26726726726727,0.30596029846716544,-0.9494245689688898,0.0705782090975805,6.283185307179586,-3.123121211874454,2.5132741228718345
17.2972972972973,0.3770800347878085,-0.9231230678161535,-0.07519607057166666,6.283185307179586,-3.003886389463771,2.5132741228718345
17.32732732732733,0.4571131673464055,-0.8647144434412082,-0.20812612412188602,6.283185307179586,-2.7780248788697697,2.5132741228718345
17.35735735735736,0.5402229791942188,-0.776569280264571,-0.32419019988147013,6.283185307179586,-2.453553915680079,2.5132741228718345
17.38738738738739,0.619907561574757,-0.6621257878347198,-0.4210748819224287,6.283185307179586,-2.041991000802114,2.5132741228718345
17.41741741741742,0.6897629172538311,-0.5256031302966482,-0.4979643234240231,6.283185307179586,-1.5579450724255801,2.5132741228718345
17.44744744744745,0.7441346215468314,-0.37172871436754673,-0.5550508336443609,6.283185307179586,-1.0185979435686288,2.5132741228718345
17.47747747747748,0.77859497573842,-0.20553005542905406,-0.5929142097045019,6.283185307179586,-0.44309441222783824,2.5132741228718345
17.50750750750751,0.79024954864368,-0.03221347876454625,-0.611937858490256,6.283185307179586,0.14813730706776435,2.5132741228718345
17.53753753753754,0.7779157266452408,0.14288036308124,-0.611908754703733,6.283185307179586,0.7341107081711197,2.5132741228718345
17.56756756756757,0.7422146011782975,0.314281049908687,-0.5918994065424683,6.283185307179586,1.2940259354878039,2.5132741228718345
17.5975975975976,0.6855840823467485,0.47640459115867584,-0.5504662855752314,6.283185307179586,1.8080081007524555,2.5132741228718345
17.62762762762763,0.6121779207545939,0.6236317117558234,-0.48612928468913813,6.283185307179586,2.257812766938609,2.5132741228718345
17.65765765765766,0.52758955068957,0.7504816132460511,-0.3980284087625791,6.283185307179586,2.6274735572707715,2.5132741228718345
17.68768768768769,0.43835205476349515,0.8518851055501754,-0.28659944700867157,6.283185307179586,2.903868901651401,2.5132741228718345
17.71771771771772,0.3512202641383664,0.923526523508869,-0.15408791786991444,6.283185307179586,3.0771878031320656,2.5132741228718345
17.74774774774775,0.2723208972734267,0.9621947808080404,-0.004746861410306891,6.283185307179586,3.141278091467795,2.5132741228718345
17.77777777777778,0.2063279749196047,0.9660707672658533,0.15535777868914186,6.283185307179586,3.093864802061426,2.5132741228718345
17.80780780780781,0.15584807931561773,0.9348873743489078,0.3188996291247766,6.283185307179586,2.9366309286649828,2.5132741228718345
17.83783783783784,0.12116486756375969,0.8699283043507586,0.4780625692908316,6.283185307179586,2.6751576834206094,2.5132741228718345
17.86786786786787,0.10040452078968856,0.773872871634603,0.6253316805922164,6.283185307179586,2.3187263847852333,2.5132741228718345
17.8978978978979,0.09007768191948069,0.6505320293205585,0.7541180876012504,6.283185307179586,1.8799890055736423,2.5132741228718345
17.92792792792793,0.08586920764624595,0.5045430004001799,0.8591058374406889,6.283185307179586,1.3745190754279162,2.5132741228718345
17.95795795795796,0.08351042478710899,0.34108982152690376,0.9363139124256877,6.283185307179586,0.8202588789885481,2.5132741228718345
17.98798798798799,0.07958011414785149,0.16569676247994114,0.9829606240003498,6.283185307179586,0.23688257215756062,2.5132741228718345
18.01801801801802,0.07212048977878363,-0.015890771870890774,0.997269330884436,6.283185307179586,-0.3549021765658921,2.5132741228718345
18.04804804804805,0.060998202424630166,-0.19775692619858942,0.9783513772876921,6.283185307179586,-0.9340892305666446,2.5132741228718345
18.07807807807808,0.0479728332952612,-0.37384214340047833,0.9262508618525737,6.283185307179586,-1.4801196240916976,2.5132741228718345
18.10810810810811,0.03645754309334545,-0.5380010622808991,0.842155392154853,6.283185307179586,-1.9736113283421826,2.5132741228718345
18.13813813813814,0.03098131913721141,-0.6841396190628946,0.7286927606970357,6.283185307179586,-2.397047240722438,2.5132741228718345
18.16816816816817,0.036402509333056346,-0.8064558772155574,0.5901726657665636,6.283185307179586,-2.735396976210735,2.5132741228718345
18.1981981981982,0.05697983000338469,-0.8997745375552295,0.4326188629028164,6.283185307179586,-2.976650389593456,2.5132741228718345
18.22822822822823,0.09546301722486758,-0.9599290434160441,0.26348253063144256,6.283185307179586,-3.1122438905256957,2.5132741228718345
18.25825825825826,0.15239230401382958,-0.9841195222196784,0.09102390709441616,6.283185307179586,-3.1373644188350416,2.5132741228718345
18.28828828828829,0.22576957653059054,-0.9711696659170309,-0.07653481766531739,6.283185307179586,-3.051120290086149,2.5132741228718345
18.31831831831832,0.3111812538048274,-0.9216249214934574,-0.23189163711073124,6.283185307179586,-2.8565728470301894,2.5132741228718345
18.34834834834835,0.40233865782444367,-0.8376728450227259,-0.3693613530552661,6.283185307179586,-2.560627793431603,2.5132741228718345
18.37837837837838,0.4918991674368969,-0.7229111814739508,-0.48521606813262214,6.283185307179586,-2.1737900675130875,2.5132741228718345
18.40840840840841,0.5723802508227009,-0.5820246176092833,-0.5776055686748225,6.283185307179586,-1.7097909560915439,2.5132741228718345
18.43843843843844,0.6369935765556223,-0.4204456524391631,-0.646115033698441,6.283185307179586,-1.185100685452673,2.5132741228718345
18.46846846846847,0.6802919980819047,-0.24406543059183788,-0.6911113245599476,6.283185307179586,-0.6183437901581778,2.5132741228718345
18.4984984984985,0.6986022668275755,-0.05903204756712324,-0.7130708871792903,6.283185307179586,-0.029638011998334494,2.5132741228718345
18.52852852852853,0.6902742205856423,0.12836260563503582,-0.7120706017444628,6.283185307179586,0.560119804306139,2.5132741228718345
18.55855855855856,0.655792503677936,0.31173943245540925,-0.6875716096316481,6.283185307179586,1.1299954706303286,2.5132741228718345
18.58858858858859,0.5977721356944017,0.48468468634143125,-0.6385524478167096,6.283185307179586,1.6597605405224458,2.5132741228718345
18.61861861861862,0.5208161478227221,0.6408539197105224,-0.5639652416222191,6.283185307179586,2.130610343101564,2.5132741228718345
18.64864864864865,0.43118229198722297,0.7741670897421249,-0.4634081874935973,6.283185307179586,2.5258314782680644,2.5132741228718345
18.67867867867868,0.3362120073263324,0.8791038979648222,-0.33784289649465626,6.283185307179586,2.83139507965379,2.5132741228718345
18.70870870870871,0.24352697937846957,0.9510707375408525,-0.19015536413033812,6.283185307179586,3.036454786704204,2.5132741228718345
18.73873873873874,0.16008173693488073,0.9867773593184299,-0.025382683776542736,6.283185307179586,3.133731749753284,2.5132741228718345
18.76876876876877,0.09123976341735085,0.984544474293322,0.1494907479052528,6.283185307179586,3.1197730018570105,2.5132741228718345
18.7987987987988,0.040075626280097906,0.9444707909963184,0.3261424062158806,6.283185307179586,2.9950740261550095,2.5132741228718345
18.82882882882883,0.007072692329116248,0.8684189704031436,0.4957806660877348,6.283185307179586,2.7640611680795364,2.5132741228718345
18.85885885885886,-0.009708183005771611,0.7598249168796274,0.6500552644743591,6.283185307179586,2.4349345167120715,2.5132741228718345
18.88888888888889,-0.014033438744914107,0.6233781398681235,0.7817945748921418,6.283185307179586,2.019376832409767,2.5132741228718345
18.91891891891892,-0.01061905721240064,0.4646477467098794,0.8854319325055903,6.283185307179586,1.532138852677817,2.5132741228718345
18.94894894894895,-0.0041610850801481625,0.28973092552490703,0.9570990942241391,6.283185307179586,0.9905156963722311,2.5132741228718345
18.97897897897898,0.001545407160780022,0.10497991539285675,0.9944731414573478,6.283185307179586,0.41373295191836695,2.5132741228718345
19.00900900900901,0.0042668214415492,-0.08317159819510284,0.9965261057732943,6.283185307179586,-0.17773575889226909,2.5132741228718345
19.03903903903904,0.0036955015776726705,-0.2682988515553976,0.9633286404552559,6.283185307179586,-0.762895517603794,2.5132741228718345
19.06906906906907,0.001487621383460785,-0.4440375667658608,0.8960069342825981,6.283185307179586,-1.3209753498715517,2.5132741228718345
19.0990990990991,0.0009742923849858411,-0.6041532745535376,0.7968675370472889,6.283185307179586,-1.832165517063255,2.5132741228718345
19.12912912912913,0.006572749970594656,-0.7426782243323679,0.6696161990719529,6.283185307179586,-2.2783206876008384,2.5132741228718345
19.15915915915916,0.02296188350905727,-0.8541417996476861,0.5195329999139142,6.283185307179586,-2.6436040281016484,2.5132741228718345
19.18918918918919,0.054137115137474094,-0.9338853165649033,0.3534506871803803,6.283185307179586,-2.9150493515012905,2.5132741228718345
19.21921921921922,0.10250946190170718,-0.9784158184691134,0.17942769125543645,6.283185307179586,-3.083021368010322,2.5132741228718345
19.24924924924925,0.1682358782564566,-0.9857278741797083,0.006103059204086103,6.283185307179586,-3.141557701724429,2.5132741228718345
19.27927927927928,0.24893872913868165,-0.9555175428895901,-0.15816363161066338,6.283185307179586,-3.088580532582177,2.5132741228718345
19.30930930930931,0.33988758860036444,-0.8892324219247976,-0.30617336087975067,6.283185307179586,-2.92597035117562,2.5132741228718345
19.33933933933934,0.4346005201603617,-0.7899408237352659,-0.4325689342428607,6.283185307179586,-2.6594992083949034,2.5132741228718345
19.36936936936937,0.5257177172708051,-0.6620485275116548,-0.5341466362024876,6.283185307179586,-2.2986258292939477,2.5132741228718345
19.3993993993994,0.6059483489726903,-0.510927400698652,-0.6097374759614149,6.283185307179586,-1.8561598638655539,2.5132741228718345
19.42942942942943,0.6689080651395094,-0.3425346424059966,-0.6597211677233952,6.283185307179586,-1.3478071925627064,2.5132741228718345
19.45945945945946,0.7097346219514997,-0.16309119544859044,-0.6853305978647948,6.283185307179586,-0.7916124265133018,2.5132741228718345
19.48948948948949,0.7254557177345955,0.02114136378702532,-0.6879440706500876,6.283185307179586,-0.20731839157683146,2.5132741228718345
19.51951951951952,0.7151481347985866,0.20398333199983304,-0.668546143179028,6.283185307179586,0.38433466784571674,2.5132741228718345
19.54954954954955,0.6799486212469944,0.37938997623374715,-0.6274815681730198,6.283185307179586,0.9623452896147756,2.5132741228718345
19.57957957957958,0.6229559393984205,0.5414869068116089,-0.5645509962076326,6.283185307179586,1.5061962669044455,2.5132741228718345
19.60960960960961,0.5490209102825703,0.6846424344561216,-0.47941712215324,6.283185307179586,1.9965829320093125,2.5132741228718345
19.63963963963964,0.4643865059389539,0.803616902803828,-0.37221639758209657,6.283185307179586,2.4160983995648,2.5132741228718345
19.66966966966967,0.37613827558850893,0.8938003140735304,-0.24421506136714988,6.283185307179586,2.7498514456205534,2.5132741228718345
19.6996996996997,0.29146632343861256,0.9515144897520027,-0.09832374124473725,6.283185307179586,2.9859950901786116,2.5132741228718345
19.72972972972973,0.21681171004522176,0.9743249276933568,0.060692813922221645,6.283185307179586,3.1161471205018025,2.5132741228718345
19.75975975975976,0.15704163756124812,0.9612912139591112,0.22640036668762947,6.283185307179586,3.1356876281933523,2.5132741228718345
19.78978978978979,0.11483234481539223,0.9130905662910309,0.3912533071217618,6.283185307179586,3.0439229985986187,2.5132741228718345
19.81981981981982,0.0904124956639042,0.8319767818041042,0.5473940218580222,6.283185307179586,2.844110531521094,2.5132741228718345
19.84984984984985,0.08173657045745737,0.7215780339260877,0.6874912901298496,6.283185307179586,2.543342819309428,2.5132741228718345
19.87987987987988,0.08504835082405246,0.5865774786832446,0.8054151969778724,6.283185307179586,2.1522959864596136,2.5132741228718345
19.90990990990991,0.09570161709567718,0.4323465443136216,0.8966145582715739,6.283185307179586,1.684850727280672,2.5132741228718345
19.93993993993994,0.1090606185431551,0.2646041347516877,0.9581703571674931,6.283185307179586,1.1575995933644825,2.5132741228718345
19.96996996996997,0.12131330580506779,0.0891565143258186,0.9886021433251608,6.283185307179586,0.5892580203039842,2.5132741228718345
20.0,0.13007792140453484,-0.08825963320883584,0.9875677047717298,6.283185307179586,0.0,2.5132741228718345
20.03003003003003,0.13474019069390464,-0.2620433847072131,0.9556036550485466,6.283185307179586,-0.5892580203039539,2.5132741228718345
20.06006006006006,0.13650243383001426,-0.42674480203947285,0.8940111629560096,6.283185307179586,-1.157599593364454,2.5132741228718345
20.09009009009009,0.138152064614741,-0.5770822426696358,0.8049162019969848,6.283185307179586,-1.6848507272806459,2.5132741228718345
20.12012012012012,0.14357466485821324,-0.708011325885292,0.6914522962780466,6.283185307179586,-2.1522959864595914,2.5132741228718345
20.15015015015015,0.15706059548298054,-0.8148761569617227,0.5579505517167309,6.283185307179586,-2.5433428193094096,2.5132741228718345
20.18018018018018,0.1824911319726671,-0.8936436369856164,0.4099976058779261,6.283185307179586,-2.8441105315210806,2.5132741228718345
20.21021021021021,0.22253260383589532,-0.9411889793418962,0.2542489830747645,6.283185307179586,-3.043922998598611,2.5132741228718345
20.24024024024024,0.27799382225887653,-0.9555748454266948,0.09795993861177776,6.283185307179586,-3.13568762819335,2.5132741228718345
20.27027027027027,0.34749005802908306,-0.9362570950740793,-0.05170407617939854,6.283185307179586,-3.1161471205018065,2.5132741228718345
20.3003003003003,0.4274964129130457,-0.8841619153020192,-0.18842644314192586,6.283185307179586,-2.985995090178621,2.5132741228718345
20.33033033033033,0.5127785979429182,-0.8016095799699821,-0.3073763016096332,6.283185307179586,-2.7498514456205685,2.5132741228718345
20.36036036036036,0.5970939266867551,-0.6920994643512677,-0.40555785549986706,6.283185307179586,-2.41609839956482,2.5132741228718345
20.39039039039039,0.6739972408662351,-0.5600056081230567,-0.481789827803157,6.283185307179586,-1.996582932009302,2.5132741228718345
20.42042042042042,0.7375865631035459,-0.4102504251854744,-0.5363400512393264,6.283185307179586,-1.5061962669045117,2.5132741228718345
20.45045045045045,0.7830755043063697,-0.2480210418458375,-0.5703317607815611,6.283185307179586,-0.9623452896148048,2.5132741228718345
20.48048048048048,0.8071555041900873,-0.07857106921813024,-0.5850868133334844,6.283185307179586,-0.38433466784574727,2.5132741228718345
20.51051051051051,0.8081760569852321,0.0928810841812957,-0.5815707739529858,6.283185307179586,0.2073183915768008,2.5132741228718345
20.54054054054054,0.7862006205270504,0.2611777478394032,-0.5600667534460355,6.283185307179586,0.7916124265133152,2.5132741228718345
20.57057057057057,0.7429847079826022,0.42121452767979034,-0.5201461769297764,6.283185307179586,1.3478071925627189,2.5132741228718345
20.6006006006006,0.6818841645187969,0.5679518571055273,-0.4609389050492999,6.283185307179586,1.8561598638654933,2.5132741228718345
20.63063063063063,0.6076604152182623,0.6964908313499696,-0.38164033018191307,6.283185307179586,2.298625829293927,2.5132741228718345
20.66066066066066,0.526130841544461,0.8022378411836201,-0.28213610855033094,6.283185307179586,2.659499208394887,2.5132741228718345
20.69069069069069,0.44363207603007565,0.8811525689569668,-0.16358707570264852,6.283185307179586,2.925970351175609,2.5132741228718345
20.72072072072072,0.36632019534093774,0.9300426575827399,-0.028812663205115274,6.283185307179586,3.088580532582179,2.5132741228718345
20.75075075075075,0.2994037202693365,0.9468455137809415,0.11764771702393406,6.283185307179586,3.1415577017244294,2.5132741228718345
20.78078078078078,0.24646028425730884,0.9308318362453852,0.2698322088168995,6.283185307179586,3.0830213680103276,2.5132741228718345
20.81081081081081,0.20899637330646906,0.8826802600539707,0.4209466408643172,6.283185307179586,2.915049351501302,2.5132741228718345
20.84084084084084,0.18636157328351666,0.8044042619416163,0.5640949808078507,6.283185307179586,2.6436040281016653,2.5132741228718345
20.87087087087087,0.1760405097648822,0.6991506955512956,0.6929632341120363,6.283185307179586,2.2783206876008286,2.5132741228718345
20.9009009009009,0.17425193827589647,0.5709208398696946,0.8023002284735611,6.283185307179586,1.8321655170633164,2.5132741228718345
20.93093093093093,0.1767202009639653,0.42427927346418837,0.8881199629999927,6.283185307179586,1.32097534987162,2.5132741228718345
20.96096096096096,0.17946704389408386,0.2641096622910265,0.9476484930814749,6.283185307179586,0.7628955176038239,2.5132741228718345
20.99099099099099,0.17949560768065476,0.09545347360487375,0.9791169292782488,6.283185307179586,0.17773575889229978,2.5132741228718345
21.02102102102102,0.17528146944337736,-0.07656368628319161,0.9815367585636565,6.283185307179586,-0.4137329519183807,2.5132741228718345
21.05105105105105,0.16702524975446129,-0.24674328394166564,0.9545786074353919,6.283185307179586,-0.9905156963722443,2.5132741228718345
21.08108108108108,0.15664645166172064,-0.40980834800596533,0.8986206135436483,6.283185307179586,-1.532138852677751,2.5132741228718345
21.11111111111111,0.14751311115537516,-0.5604333861530509,0.814956625668775,6.283185307179586,-2.019376832409744,2.5132741228718345
21.14114114114114,0.1439202562546287,-0.6933525957516258,0.7060801213766266,6.283185307179586,-2.434934516712052,2.5132741228718345
21.17117117117117,0.15036408741509344,-0.8035659715874403,0.5759100368301493,6.283185307179586,-2.7640611680795217,2.5132741228718345
21.2012012012012,0.17070789183646387,-0.8866309887035133,0.42981892179675374,6.283185307179586,-2.9950740261550135,2.5132741228718345
21.23123123123123,0.20738361599610752,-0.938995656712371,0.27437053867138184,6.283185307179586,-3.119773001857002,2.5132741228718345
21.26126126126126,0.2607937800242216,-0.9583072815701327,0.11676368609067478,6.283185307179586,-3.1337317497532893,2.5132741228718345
21.29129129129129,0.32905116688843083,-0.9436287692623424,-0.03591761947762956,6.283185307179586,-3.0364547867042115,2.5132741228718345
21.32132132132132,0.40811759180216167,-0.8955134387667519,-0.17747031371159128,6.283185307179586,-2.831395079653803,2.5132741228718345
21.35135135135135,0.4923020820813372,-0.8159247101360363,-0.3031592442379805,6.283185307179586,-2.525831478268056,2.5132741228718345
21.38138138138138,0.5749918242337158,-0.7080267488005589,-0.40997868852713526,6.283185307179586,-2.1306103431015533,2.5132741228718345
21.41141141141141,0.6494499185793108,-0.5759024764773948,-0.4965391634540667,6.283185307179586,-1.65976054052251,2.5132741228718345
21.44144144144144,0.709533217419865,-0.42426655867210067,-0.5626370949106367,6.283185307179586,-1.1299954706303572,2.5132741228718345
21.47147147147147,0.7502451086279747,-0.258230823315428,-0.6086453145048991,6.283185307179586,-0.5601198043061693,2.5132741228718345
21.5015015015015,0.7681091531982123,-0.08315320885325628,-0.6348967417066056,6.283185307179586,0.029638011998303716,2.5132741228718345
21.53153153153153,0.7613978746746115,0.09543173605161273,-0.6412223172927554,6.283185307179586,0.6183437901581914,2.5132741228718345
21.56156156156156,0.7302597155337989,0.2718325557396106,-0.6267597701733068,6.283185307179586,1.1851006854526032,2.5132741228718345
21.59159159159159,0.6767596508662816,0.44022114047978905,-0.5900861991549633,6.283185307179586,1.709790956091518,2.5132741228718345
21.62162162162162,0.6048055016371127,0.5947066497984149,-0.5296548931843765,6.283185307179586,2.1737900675130652,2.5132741228718345
21.65165165165165,0.5199005584882328,0.7295020997428868,-0.444443579944034,6.283185307179586,2.560627793431585,2.5132741228718345
21.68168168168168,0.42866754971825366,0.8391943634773451,-0.334659456949191,6.283185307179586,2.856572847030195,2.5132741228718345
21.71171171171171,0.33813782123516356,0.9190929206035612,-0.20231415458607083,6.283185307179586,3.051120290086152,2.5132741228718345
21.74174174174174,0.25487954031398785,0.9656005315230409,-0.051497897538380466,6.283185307179586,3.137364418835038,2.5132741228718345
21.77177177177177,0.18411731351265892,0.9765313816857597,0.11174647845414848,6.283185307179586,3.1122438905257,2.5132741228718345
21.8018018018018,0.12903482919569043,0.9513069435693455,0.27993769301455,6.283185307179586,2.9766503895934657,2.5132741228718345
21.83183183183183,0.09042800589600841,0.8909871126751456,0.44493228787715183,6.283185307179586,2.7353969762107497,2.5132741228718345
21.86186186186186,0.0667929698232275,0.7981355940267192,0.5987639540995485,6.283185307179586,2.3970472407224293,2.5132741228718345
21.89189189189189,0.05482276484574551,0.6765597538268726,0.7343441726843793,6.283185307179586,1.973611328342241,2.5132741228718345
21.92192192192192,0.05019154489967906,0.5309920780059825,0.8458890127638417,6.283185307179586,1.4801196240917247,2.5132741228718345
21.95195195195195,0.04845620380395421,0.36678483203260204,0.9290429932478038,6.283185307179586,0.9340892305666741,2.5132741228718345
21.98198198198198,0.0459088401195577,0.18967193614558026,0.9807736410797222,6.283185307179586,0.3549021765659227,2.5132741228718345
22.01201201201201,0.040251865101274015,0.005620120757195342,0.9991737594621144,6.283185307179586,-0.2368825721575745,2.5132741228718345
22.04204204204204,0.031014906999400196,-0.1792438858167144,0.9833156690200022,6.283185307179586,-0.8202588789884754,2.5132741228718345
22.07207207207207,0.01967044820912074,-0.3586716443753045,0.9332565161773466,6.283185307179586,-1.3745190754278482,2.5132741228718345
22.1021021021021,0.009431044217127867,-0.5263520576316187,0.8502144240313999,6.283185307179586,-1.879989005573618,2.5132741228718345
22.13213213213213,0.004736307913591891,-0.6760422378167078,0.7368476505182286,6.283185307179586,-2.3187263847852124,2.5132741228718345
22.16216216216216,0.010476410820545408,-0.8017995613766431,0.5975012202428104,6.283185307179586,-2.6751576834206166,2.5132741228718345
22.19219219219219,0.031054059413462457,-0.8983101867881188,0.4382629960488832,6.283185307179586,-2.9366309286649876,2.5132741228718345
22.22222222222222,0.0694446016137629,-0.961272106872369,0.26670842479187606,6.283185307179586,-3.093864802061413,2.5132741228718345
22.25225225225225,0.12644641148009958,-0.9877624631477075,0.0913051007297992,6.283185307179586,-3.1412780914677954,2.5132741228718345
22.28228228228228,0.20029459570132427,-0.976510278193564,-0.07943394434540885,6.283185307179586,-3.077187803132072,2.5132741228718345
22.31231231231231,0.28673327069587606,-0.9280120672042937,-0.23786053602553592,6.283185307179586,-2.903868901651413,2.5132741228718345
22.34234234234234,0.3795266842167767,-0.8444650098950948,-0.3779396023565027,6.283185307179586,-2.627473557270764,2.5132741228718345
22.37237237237237,0.4712799638067152,-0.7295381093564145,-0.4956504238978335,6.283185307179586,-2.257812766938662,2.5132741228718345
22.4024024024024,0.5543787035337623,-0.588040090356059,-0.588959340872826,6.283185307179586,-1.8080081007525173,2.5132741228718345
22.43243243243243,0.6218628557810963,-0.4255609335296062,-0.6574073930617748,6.283185307179586,-1.2940259354878318,2.5132741228718345
22.46246246246246,0.6681126056498627,-0.24815731992496626,-0.7014581175939857,6.283185307179586,-0.7341107081711495,2.5132741228718345
22.49249249249249,0.6893070206919635,-0.062125324222450755,-0.72180071717484,6.283185307179586,-0.1481373070677505,2.5132741228718345
22.52252252252252,0.6836815813189077,0.12613308112975485,-0.7187975662236764,6.283185307179586,0.44309441222785206,2.5132741228718345
22.55255255255255,0.6516341759596088,0.31017783287668854,-0.6922157270045584,6.283185307179586,1.0185979435685573,2.5132741228718345
22.58258258258258,0.5957099647273935,0.48358389520566747,-0.6413082365144598,6.283185307179586,1.5579450724255532,2.5132741228718345
22.61261261261261,0.5204534273002777,0.6400360405591793,-0.5652274734970033,6.283185307179586,2.0419910008020903,2.5132741228718345
22.64264264264264,0.43208101207437233,0.7735081530376099,-0.46367136658220903,6.283185307179586,2.4535539156800596,2.5132741228718345
22.67267267267267,0.33792718129502,0.8785407234369279,-0.33759653049757954,6.283185307179586,2.7780248788697763,2.5132741228718345
22.7027027027027,0.24566178868347807,0.9505928857225632,-0.1897984488702789,6.283185307179586,3.0038863894637493,2.5132741228718345
22.73273273273273,0.16235594461840291,0.9864110315208614,-0.025175864237282852,6.283185307179586,3.123121211874446,2.5132741228718345
22.762762762762762,0.09355403124468695,0.9843367467678307,0.14942828446939793,6.283185307179586,3.1314969575952643,2.5132741228718345
22.792792792792792,0.042551127840320994,0.9444810376237877,0.3257989734294499,6.283185307179586,3.02871631910139,2.5132741228718345
22.822822822822822,0.010050769509390212,0.8687202218261656,0.49520112905933317,6.283185307179586,2.8184276231505887,2.5132741228718345
22.852852852852852,-0.005709954627712822,0.7605127872455849,0.6492978491056102,6.283185307179586,2.5080953288816175,2.5132741228718345
22.882882882882882,-0.008399952990332148,0.6245808324038332,0.7809149919053702,6.283185307179586,2.108735067541549,2.5132741228718345
22.912912912912912,-0.00273439315332352,0.46652908625082956,0.8845016307362676,6.283185307179586,1.6345226289364536,2.5132741228718345
22.942942942942942,0.006494581724670434,0.29247984184923276,0.9562496339968637,6.283185307179586,1.10229077411925,2.5132741228718345
22.972972972972972,0.015312246745805651,0.10878366639780247,0.9939475081832599,6.283185307179586,0.5309317355737884,2.5132741228718345
23.003003003003002,0.021242988330679426,-0.07816825290908391,0.9967138303861282,6.283185307179586,-0.059273386103918684,2.5132741228718345
23.033033033033032,0.023700233975011333,-0.26204176551668323,0.9647654699632918,6.283185307179586,-0.6473745251276536,2.5132741228718345
23.063063063063062,0.02405374472306107,-0.43660879510775863,0.8993298490533994,6.283185307179586,-1.2124962991958903,2.5132741228718345
23.093093093093092,0.025375293259512252,-0.5958034765231597,0.8027292892712777,6.283185307179586,-1.7345790071825142,2.5132741228718345
23.123123123123122,0.03188903832672087,-0.7338368995501046,0.6785768151744839,6.283185307179586,-2.1950906732093265,2.5132741228718345
23.153153153153152,0.04818583721161837,-0.8454004540279305,0.5319550708665551,6.283185307179586,-2.5776848622079274,2.5132741228718345
23.183183183183182,0.07830691707372606,-0.9259544077344979,0.3694272073555477,6.283185307179586,-2.8687809169889156,2.5132741228718345
23.213213213213212,0.12485084202066082,-0.9720623724437706,0.1987637072626014,6.283185307179586,-3.058046020581206,2.5132741228718345
23.243243243243242,0.18828397864206436,-0.9817051714434784,0.028356652603874044,6.283185307179586,-3.138761972437782,2.5132741228718345
23.273273273273272,0.26661393630336133,-0.9544996152034324,-0.13359451165514663,6.283185307179586,-3.108063659330587,2.5132741228718345
23.303303303303302,0.35551010582916465,-0.8917636292238509,-0.27994677037946175,6.283185307179586,-2.9670407561124774,2.5132741228718345
23.333333333333332,0.4488447110070291,-0.7964052820160121,-0.40531105607552675,6.283185307179586,-2.7206990463513283,2.5132741228718345
23.363363363363362,0.5395219684552137,-0.672657648751314,-0.5064066874850777,6.283185307179586,-2.3777827358085677,2.5132741228718345
23.393393393393392,0.6204033473426805,-0.525718675715262,-0.5819961860779074,6.283185307179586,-1.9504640659661494,2.5132741228718345
23.423423423423422,0.6851440101334922,-0.36137278935564066,-0.6324455648437753,6.283185307179586,-1.4539112451571674,2.5132741228718345
23.453453453453452,0.7288188720817363,-0.18566436455078913,-0.6590537120997784,6.283185307179586,-0.9057500341216603,2.5132741228718345
23.483483483483482,0.7483024239323856,-0.004666687696617082,-0.6633413181476779,6.283185307179586,-0.3254380976795374,2.5132741228718345
23.513513513513512,0.7424359599829746,0.17564595172752573,-0.6464807382783577,6.283185307179586,0.2664256693130664,2.5132741228718345
23.543543543543542,0.7120442612584881,0.3494492643174092,-0.608997686100624,6.283185307179586,0.848832325389208,2.5132741228718345
23.573573573573572,0.6598486902692235,0.5110917486326427,-0.5508038947108623,6.283185307179586,1.4011086210107546,2.5132741228718345
23.603603603603602,0.5902827596097966,0.655143918874957,-0.4715429028918183,6.283185307179586,1.903650821305832,2.5132741228718345
23.633633633633632,0.5091776184956389,0.7765172233162647,-0.37115920400192604,6.283185307179586,2.3386205650508707,2.5132741228718345
23.663663663663662,0.4232746931581199,0.870670143590661,-0.25054347964126317,6.283185307179586,2.6905780595166378,2.5132741228718345
23.693693693693692,0.33955382023989233,0.9338854653253962,-0.11207649536587266,6.283185307179586,2.9470301351385637,2.5132741228718345
23.723723723723722,0.2644302454070326,0.9635710331827743,0.040093756672200775,6.283185307179586,3.098873706128522,2.5132741228718345
23.753753753753752,0.20294593732894456,0.9585169646514007,0.20014538464869047,6.283185307179586,3.140718895840873,2.5132741228718345
23.783783783783782,0.15812409740193073,0.9190432368708636,0.3610488866923409,6.283185307179586,3.0710803571562715,2.5132741228718345
23.813813813813812,0.13064365564466077,0.8469943370134652,0.5152987757660086,6.283185307179586,2.892429996727349,2.5132741228718345
23.843843843843842,0.11892044915654164,0.7455756627511789,0.6557246814666753,6.283185307179586,2.6111092315738227,2.5132741228718345
23.873873873873872,0.11957887713652941,0.619066702084212,0.7761812356095513,6.283185307179586,2.237103892588124,2.5132741228718345
23.903903903903903,0.128202469405513,0.47247477039222163,0.8719700213769795,6.283185307179586,1.7836897650326073,2.5132741228718345
23.933933933933933,0.14019830516024412,0.3112010630156248,0.9399459205758403,6.283185307179586,1.266961348008953,2.5132741228718345
23.963963963963963,0.15161025309924292,0.14077694877482083,0.978364033398539,6.283185307179586,0.7052605601698418,2.5132741228718345
23.993993993993993,0.15975635079393485,-0.0333007332270472,0.9865946328389225,6.283185307179586,0.1185256704748859,2.5132741228718345
24.024024024024023,0.16361980272674775,-0.20564068646192296,0.9648525629473916,6.283185307179586,-0.4724164354954617,2.5132741228718345
24.054054054054053,0.16396786298368948,-0.37096860436600443,0.9140551594309405,6.283185307179586,-1.0465895317800025,2.5132741228718345
24.084084084084083,0.16319975197140527,-0.5241295395249419,0.8358552905574416,6.283185307179586,-1.583612629298793,2.5132741228718345
24.114114114114113,0.16494080983959475,-0.6601322420344233,0.7328164519680788,6.283185307179586,-2.0644234244416775,2.5132741228718345
24.144144144144143,0.17341976041643223,-0.7742715287512146,0.6086289398815854,6.283185307179586,-2.4719549392734392,2.5132741228718345
24.174174174174173,0.192699101461083,-0.8623378040290437,0.4682313189412628,6.283185307179586,-2.7917413351693616,2.5132741228718345
24.204204204204203,0.22587141199409483,-0.920890752031921,0.3177142238945128,6.283185307179586,-3.0124313957719386,2.5132741228718345
24.234234234234233,0.2743683760513608,-0.9475462387905333,0.16394547744865656,6.283185307179586,-3.1261914525510512,2.5132741228718345
24.264264264264263,0.33753065145773786,-0.9412111665471619,0.013949885033946063,6.283185307179586,-3.128983450624048,2.5132741228718345
24.294294294294293,0.4125409614827957,-0.9022067240621947,-0.12582917847155894,6.283185307179586,-3.0207082845424074,2.5132741228718345
24.324324324324323,0.494737187194965,-0.8322458813761224,-0.25020373406068186,6.283185307179586,-2.805209316163088,2.5132741228718345
24.354354354354353,0.5782259884490095,-0.734268242953428,-0.35567520812008113,6.283185307179586,-2.490135949733072,2.5132741228718345
24.384384384384383,0.65664823825205,-0.6121717529994162,-0.4405210960091592,6.283185307179586,-2.086672106759881,2.5132741228718345
24.414414414414413,0.7239316350974019,-0.47050383793681744,-0.5045286178116517,6.283185307179586,-1.6091392387900316,2.5132741228718345
24.444444444444443,0.7749045839287131,-0.3141774028388358,-0.5484664487010307,6.283185307179586,-1.074487969651676,2.5132741228718345
24.474474474474473,0.8057158417244854,-0.14826039625080892,-0.5734464554749336,6.283185307179586,-0.5016964119529301,2.5132741228718345
24.504504504504503,0.8140726567238135,0.02214151277812864,-0.5803408162326131,6.283185307179586,0.08890348465881835,2.5132741228718345
24.534534534534533,0.799348412952432,0.1919214298786649,-0.5693929042961142,6.283185307179586,0.6763476413697134,2.5132741228718345
24.564564564564563,0.7626086946760386,0.35596468685988136,-0.5401084340317797,6.283185307179586,1.239783996283309,2.5132741228718345
24.594594594594593,0.7065709920333496,0.5091500774318054,-0.49145053857656895,6.283185307179586,1.7592126743253547,2.5132741228718345
24.624624624624623,0.6354702134551027,0.6464075063734221,-0.42229722176972073,6.283185307179586,2.2161959077156412,2.5132741228718345
24.654654654654653,0.5547757900055337,0.7628636700350311,-0.3320584944906883,6.283185307179586,2.594512507496167,2.5132741228718345
24.684684684684683,0.47071575434666835,0.8540792633761307,-0.22130361605661886,6.283185307179586,2.8807336548339295,2.5132741228718345
24.714714714714713,0.38961237406710725,0.9163490253347635,-0.09223156585910658,6.283185307179586,3.0646995736681935,2.5132741228718345
24.744744744744743,0.3171066548576123,0.9470092392819753,0.051155353176268625,6.283185307179586,3.13988016461414,2.5132741228718345
24.774774774774773,0.25741412265006214,0.9446855872351143,0.2032415083823771,6.283185307179586,3.1036067989725127,2.5132741228718345
24.804804804804803,0.21277907937306462,0.909423125565265,0.357315885551218,6.283185307179586,2.9571670450285823,2.5132741228718345
24.834834834834833,0.18326196266264758,0.8426681330984976,0.5062859572418749,6.283185307179586,2.7057589642124764,2.5132741228718345
24.864864864864863,0.16691364902030703,0.7471097391539002,0.6434025733793041,6.283185307179586,2.3583065994353194,2.5132741228718345
24.894894894894893,0.16029308818018517,0.6264244320555076,0.7628227558250916,6.283185307179586,1.9271432050730726,2.5132741228718345
24.924924924924923,0.15920787880358403,0.48498691937879274,0.8599072853263452,6.283185307179586,1.4275734627435146,2.5132741228718345
24.954954954954953,0.1595251188102068,0.3276105320259759,0.9312481279300581,6.283185307179586,0.8773302225730791,2.5132741228718345
24.984984984984983,0.15791247188854685,0.15936126293463126,0.9745089220201726,6.283185307179586,0.29594505359869405,2.5132741228718345
25.015015015015013,0.15240818974510592,-0.014540741333080845,0.988210661012668,6.283185307179586,-0.2959450535985224,2.5132741228718345
25.045045045045043,0.14276007877624447,-0.1887500205348726,0.9715930164708242,6.283185307179586,-0.8773302225729992,2.5132741228718345
25.075075075075073,0.1305024063949043,-0.3577969235426336,0.924635324561827,6.283185307179586,-1.4275734627434404,2.5132741228718345
25.105105105105103,0.1187571873860869,-0.5161137394415749,0.8482472153816766,6.283185307179586,-1.927143205073007,2.5132741228718345
25.135135135135133,0.11176457105257208,-0.6581332613394757,0.7445597967759792,6.283185307179586,-2.3583065994352648,2.5132741228718345
25.165165165165163,0.11417964072639614,-0.778486571365028,0.6171885188877866,6.283185307179586,-2.7057589642123885,2.5132741228718345
25.195195195195193,0.1302227750946736,-0.8722953694508231,0.47132029160675626,6.283185307179586,-2.9571670450285543,2.5132741228718345
25.225225225225223,0.16282420633916178,-0.9355201721065664,0.31351281538512116,6.283185307179586,-3.1036067989725,2.5132741228718345
25.255255255255253,0.21293459320348934,-0.9652998949288045,0.15117860915713255,6.283185307179586,-3.1398801646141425,2.5132741228718345
25.285285285285283,0.2791578498931696,-0.9602105020057159,-0.008166191274638968,6.283185307179586,-3.064699573668211,2.5132741228718345
25.315315315315313,0.35779356147815017,-0.9203851334922161,-0.15771801866076196,6.283185307179586,-2.8807336548339983,2.5132741228718345
25.345345345345343,0.44327360944428196,-0.8474718132676589,-0.29206169363003276,6.283185307179586,-2.594512507496264,2.5132741228718345
25.375375375375373,0.5288797363010008,-0.7444463080342162,-0.40753640203469627,6.283185307179586,-2.2161959077157003,2.5132741228718345
25.405405405405403,0.6075739024725308,-0.6153325798286275,-0.5022148636138923,6.283185307179586,-1.7592126743254233,2.5132741228718345
25.435435435435434,0.6727791822810367,-0.4649000135264084,-0.575531188825921,6.283185307179586,-1.2397839962833854,2.5132741228718345
25.465465465465464,0.7190047500793108,-0.29840097095238716,-0.6276854545845658,6.283185307179586,-0.6763476413697945,2.5132741228718345
25.495495495495494,0.742282572138267,-0.1213880327083393,-0.6590004010726926,6.283185307179586,-0.08890348465899069,2.5132741228718345
25.525525525525524,0.7404407799101769,0.06038325619808739,-0.6694037001809126,6.283185307179586,0.5016964119528481,2.5132741228718345
25.555555555555554,0.713257474069118,0.24099259121655314,-0.6581689347441455,6.283185307179586,1.0744879696515979,2.5132741228718345
25.585585585585584,0.6625179172787272,0.4143826252960757,-0.6239848148283401,6.283185307179586,1.6091392387899606,2.5132741228718345
25.615615615615614,0.5919557023582183,0.5744310917142983,-0.5653471210826806,6.283185307179586,2.0866721067598193,2.5132741228718345
25.645645645645647,0.5070227068465387,0.7151109042074049,-0.4811905749540855,6.283185307179586,2.4901359497330215,2.5132741228718345
25.675675675675677,0.4144297965403615,0.8307549808420066,-0.3716101526394006,6.283185307179586,2.8052093161630505,2.5132741228718345
25.705705705705707,0.32144274248136595,0.9164067045065765,-0.2384812681122352,6.283185307179586,3.020708284542409,2.5132741228718345
25.735735735735737,0.23499611833716824,0.9682024278429344,-0.08579558895697781,6.283185307179586,3.128983450624049,2.5132741228718345
25.765765765765767,0.16077135325716296,0.9837110569527798,0.08040602216045312,6.283185307179586,3.1261914525510597,2.5132741228718345
25.795795795795797,0.10243409825882836,0.9621565139281281,0.2525115803652035,6.283185307179586,3.012431395771962,2.5132741228718345
25.825825825825827,0.061212088300392604,0.9044735657362639,0.42211449765341064,6.283185307179586,2.7917413351694,2.5132741228718345
25.855855855855857,0.035916820853458736,0.8131887590052855,0.5808907162334243,6.283185307179586,2.4719549392734352,2.5132741228718345
25.885885885885887,0.023399518403129697,0.6921618670675564,0.7213628853184865,6.283185307179586,2.064423424441673,2.5132741228718345
25.915915915915917,0.019327792207928962,0.5462542408147931,0.837396406034308,6.283185307179586,1.583612629298788,2.5132741228718345
25.945945945945947,0.019109830677173027,0.38099900750614357,0.9243779371284112,6.283185307179586,1.0465895317800809,2.5132741228718345
25.975975975975977,0.018788700009325032,0.20233320224631124,0.9791364869208304,6.283185307179586,0.47241643549554385,2.5132741228718345
26.006006006006007,0.01576587425492323,0.016420642508201754,0.9997408662786311,6.283185307179586,-0.11852567047489204,2.5132741228718345
26.036036036036037,0.009263665478426965,-0.1704421502732511,0.9853241385001617,6.283185307179586,-0.7052605601698478,2.5132741228718345
26.066066066066067,0.00047922890390042516,-0.35187531187362553,0.9360467591057869,6.283185307179586,-1.2669613480089585,2.5132741228718345
26.096096096096097,-0.007587410773475734,-0.5214751795106906,0.8532327164091859,6.283185307179586,-1.783689765032539,2.5132741228718345
26.126126126126128,-0.010622875235047772,-0.6729372652513258,0.7396232767813337,6.283185307179586,-2.2371038925880655,2.5132741228718345
26.156156156156158,-0.003762548066686063,-0.8002761558293137,0.5996198109152581,6.283185307179586,-2.611109231573776,2.5132741228718345
26.186186186186188,0.017472444859196586,-0.8981425974912881,0.4393570168339075,6.283185307179586,-2.8924299967273517,2.5132741228718345
26.216216216216218,0.05621885622705375,-0.9622002705547335,0.26647716515278247,6.283185307179586,-3.071080357156273,2.5132741228718345
26.246246246246248,0.11348739227387539,-0.989494405784262,0.08956245148201131,6.283185307179586,-3.140718895840873,2.5132741228718345
26.276276276276278,0.18773055323760918,-0.9787328323041535,-0.08269995374805766,6.283185307179586,-3.0988737061285354,2.5132741228718345
26.306306306306308,0.27486953895236466,-0.9304133990159513,-0.24244101032341026,6.283185307179586,-2.947030135138592,2.5132741228718345
26.336336336336338,0.36877384012512526,-0.8467672111899422,-0.3833942421214894,6.283185307179586,-2.6905780595166346,2.5132741228718345
26.366366366366368,0.4620729664292125,-0.7315331541030721,-0.5013460064089985,6.283185307179586,-2.338620565050866,2.5132741228718345
26.396396396396398,0.5471094618254859,-0.5896196984249482,-0.594154734062795,6.283185307179586,-1.9036508213058272,2.5132741228718345
26.426426426426428,0.6168401014979494,-0.4267313114316208,-0.6613687904843844,6.283185307179586,-1.4011086210108288,2.5132741228718345
26.456456456456458,0.6655501469270391,-0.24903309537611465,-0.7035804995391192,6.283185307179586,-0.8488323253892881,2.5132741228718345
26.486486486486488,0.6893303384557982,-0.0629020265532442,-0.7217111745974547,6.283185307179586,-0.26642566931314915,2.5132741228718345
26.516516516516518,0.6863378971432966,0.12522347566314906,-0.7164212253183779,6.283185307179586,0.32543809767954357,2.5132741228718345
26.546546546546548,0.6568939934830966,0.3089197846430329,-0.6877927362082694,6.283185307179586,0.9057500341216662,2.5132741228718345
26.576576576576578,0.6034567679384082,0.48182911573009946,-0.6353586644274282,6.283185307179586,1.4539112451570937,2.5132741228718345
26.606606606606608,0.5304685598041794,0.6377420895752046,-0.5584694568572701,6.283185307179586,1.9504640659660841,2.5132741228718345
26.636636636636638,0.44403799065763894,0.7707573192864192,-0.4569063554143899,6.283185307179586,2.377782735808513,2.5132741228718345
26.666666666666668,0.35141015884733817,0.8755361866995188,-0.33158300022388654,6.283185307179586,2.7206990463513314,2.5132741228718345
26.696696696696698,0.2602155825990389,0.9476345327893589,-0.18513952262187244,6.283185307179586,2.967040756112479,2.5132741228718345
26.726726726726728,0.17756247038883888,0.9838581061410855,-0.022244012425954307,6.283185307179586,3.108063659330588,2.5132741228718345
26.756756756756758,0.10911744996701184,0.9825671881296352,0.150516121803058,6.283185307179586,3.1387619724377855,2.5132741228718345
26.786786786786788,0.058367386770771724,0.9438568637469722,0.325157606274547,6.283185307179586,3.058046020581225,2.5132741228718345
26.816816816816818,0.026239831874372357,0.8695647231014736,0.4931213477021383,6.283185307179586,2.8687809169889493,2.5132741228718345
26.846846846846848,0.011179854135739528,0.7630999394617347,0.6461837921628105,6.283185307179586,2.577684862207924,2.5132741228718345
26.876876876876878,0.009665159545359053,0.6291322828656373,0.7772381587043597,6.283185307179586,2.195090673209322,2.5132741228718345
26.906906906906908,0.01703451281725616,0.4732112047024318,0.8807842988587271,6.283185307179586,1.7345790071825835,2.5132741228718345
26.936936936936938,0.02844435406849747,0.3013935933978491,0.9530754537701955,6.283185307179586,1.212496299195967,2.5132741228718345
26.966966966966968,0.03976767359495732,0.1199431740311224,0.991983955081477,6.283185307179586,0.647374525127735,2.5132741228718345
26.996996996996998,0.048292950397902136,-0.06486781836706407,0.9967246144653331,6.283185307179586,0.059273386103912515,2.5132741228718345
27.027027027027028,0.05314049187786106,-0.24686141063708794,0.967592647791491,6.283185307179586,-0.5309317355737944,2.5132741228718345
27.057057057057058,0.05536416837340707,-0.41999877768320404,0.9058343312128532,6.283185307179586,-1.1022907741192558,2.5132741228718345
27.087087087087088,0.05773972963759401,-0.5784214522245491,0.8136920469236024,6.283185307179586,-1.6345226289363828,2.5132741228718345
27.117117117117118,0.06426438859621676,-0.7165416172435166,0.6945777127977109,6.283185307179586,-2.1087350675414873,2.5132741228718345
27.147147147147148,0.07942064949436312,-0.8292155323880179,0.5532575903494206,6.283185307179586,-2.5080953288816215,2.5132741228718345
27.177177177177178,0.1072985224127379,-0.9120029385526827,0.39590108254235734,6.283185307179586,-2.8184276231505914,2.5132741228718345
27.207207207207208,0.15071694266179128,-0.9614800087292253,0.22987082461161634,6.283185307179586,-3.0287163191013917,2.5132741228718345
27.237237237237238,0.2105153904942248,-0.9755449199398087,0.06320901473356866,6.283185307179586,-3.1314969575952576,2.5132741228718345
27.26726726726727,0.2851753217077633,-0.9536437744148882,-0.09611757075316874,6.283185307179586,-3.1231212118744547,2.5132741228718345
27.2972972972973,0.370866758646929,-0.8968561609027005,-0.24105367448035336,6.283185307179586,-3.0038863894637733,2.5132741228718345
27.32732732732733,0.46191219270965184,-0.8078119316851146,-0.3661652758689899,6.283185307179586,-2.7780248788697732,2.5132741228718345
27.35735735735736,0.5515541765116632,-0.6904534101071622,-0.4680406807562974,6.283185307179586,-2.4535539156800557,2.5132741228718345
27.38738738738739,0.6328459764559581,-0.5496954716476441,-0.5452897014729541,6.283185307179586,-2.041991000802086,2.5132741228718345
27.41741741741742,0.6994808433621396,-0.3910567719608141,-0.5981648191525986,6.283185307179586,-1.5579450724256254,2.5132741228718345
27.44744744744745,0.7464298901331734,-0.22033291260901514,-0.6279297944323786,6.283185307179586,-1.0185979435686359,2.5132741228718345
27.47747747747748,0.7703412185355707,-0.04335937740741355,-0.6361559332544618,6.283185307179586,-0.44309441222784596,2.5132741228718345
27.50750750750751,0.7697257639151744,0.1341220812429197,-0.6241262017309884,6.283185307179586,0.14813730706775666,2.5132741228718345
27.53753753753754,0.7449908498051121,0.306513945283594,-0.5924844597558857,6.283185307179586,0.7341107081711556,2.5132741228718345
27.56756756756757,0.69837420522379,0.4683750698188841,-0.5412007607617292,6.283185307179586,1.2940259354877561,2.5132741228718345
27.5975975975976,0.6337932449502687,0.6144483502074654,-0.46985034594178066,6.283185307179586,1.808008100752449,2.5132741228718345
27.62762762762763,0.5565829093685568,0.7397501211171298,-0.3781338695553498,6.283185307179586,2.2578127669386037,2.5132741228718345
27.65765765765766,0.47307699184181345,0.839745100502387,-0.2665076471154515,6.283185307179586,2.627473557270767,2.5132741228718345
27.68768768768769,0.390008664966073,0.9105991813995779,-0.13675661623730073,6.283185307179586,2.9038689016514154,2.5132741228718345
27.71771771771772,0.31376331117416584,0.9494703605367099,0.007656306040687788,6.283185307179586,3.077187803132055,2.5132741228718345
27.74774774774775,0.24958845932430124,0.9547757121620075,0.1615826118012894,6.283185307179586,3.1412780914677936,2.5132741228718345
27.77777777777778,0.20091769012868244,0.9263681358728385,0.3185500881050083,6.283185307179586,3.0938648020614274,2.5132741228718345
27.80780780780781,0.16896825600109516,0.8655738386900458,0.4714145290911144,6.283185307179586,2.9366309286649854,2.5132741228718345
27.83783783783784,0.1527171057219583,0.7750756203672786,0.613135603542198,6.283185307179586,2.6751576834206134,2.5132741228718345
27.86786786786787,0.14926556998501334,0.658666688004607,0.7374808361774283,6.283185307179586,2.3187263847852084,2.5132741228718345
27.8978978978979,0.15450623638991723,0.520931220239083,0.839498949788331,6.283185307179586,1.8799890055736845,2.5132741228718345
27.92792792792793,0.16394261102429575,0.3669208837471344,0.9156920253882447,6.283185307179586,1.374519075427923,2.5132741228718345
27.95795795795796,0.17350004650543221,0.20188798319233175,0.9639185526298437,6.283185307179586,0.8202588789885555,2.5132741228718345
27.98798798798799,0.1801973535418009,0.031110583701073422,0.9831383653164882,6.283185307179586,0.2368825721575683,2.5132741228718345
28.01801801801802,0.18259861456768406,-0.14018779620041383,0.9731418846978585,6.283185307179586,-0.3549021765659288,2.5132741228718345
28.04804804804805,0.18100976356622123,-0.30685135732987384,0.9343862745125168,6.283185307179586,-0.9340892305665948,2.5132741228718345
28.07807807807808,0.17741273862194185,-0.4637850494333408,0.8680023894527258,6.283185307179586,-1.4801196240916514,2.5132741228718345
28.10810810810811,0.1751455686488661,-0.6059792674967682,0.7759595074136342,6.283185307179586,-1.9736113283421766,2.5132741228718345
28.13813813813814,0.17835337550776953,-0.7286073165751199,0.6613028441471055,6.283185307179586,-2.3970472407224332,2.5132741228718345
28.16816816816817,0.1912649577987945,-0.8272129616366084,0.5283336370301233,6.283185307179586,-2.735396976210753,2.5132741228718345
28.1981981981982,0.21739238306810485,-0.8979742071564161,0.38260015037194695,6.283185307179586,-2.976650389593468,2.5132741228718345
28.22822822822823,0.25879156047557667,-0.9379994610266652,0.23061643336753085,6.283185307179586,-3.112243890525689,2.5132741228718345
28.25825825825826,0.3155360348439227,-0.9455931710217249,0.07931308612651572,6.283185307179586,-3.137364418835042,2.5132741228718345
28.28828828828829,0.38552550219394677,-0.9204275160708457,-0.06467824067347727,6.283185307179586,-3.0511202900861503,2.5132741228718345
28.31831831831832,0.4646752535845113,-0.8635766699081305,-0.19573513709962997,6.283185307179586,-2.8565728470301925,2.5132741228718345
28.34834834834835,0.547436668804999,-0.77740482119225,-0.30976577866766913,6.283185307179586,-2.5606277934315815,2.5132741228718345
28.37837837837838,0.627519008200817,-0.6653368437302432,-0.4044091723991866,6.283185307179586,-2.1737900675131256,2.5132741228718345
28.40840840840841,0.6986502015341356,-0.5315682984882515,-0.47887685258056617,6.283185307179586,-1.7097909560915878,2.5132741228718345
28.43843843843844,0.7552379795053739,-0.38078046445053826,-0.5334996084387733,6.283185307179586,-1.1851006854526802,2.5132741228718345
28.46846846846847,0.7928556805247506,-0.21791480425332327,-0.5691159881304695,6.283185307179586,-0.6183437901581853,2.5132741228718345
28.4984984984985,0.8085472793413269,-0.04803508396317718,-0.5864673288233867,6.283185307179586,-0.029638011998297544,2.5132741228718345
28.52852852852853,0.8009930519307463,0.12372646137462667,-0.5857490021444604,6.283185307179586,0.5601198043061754,2.5132741228718345
28.55855855855856,0.7705851392632334,0.29217057541135627,-0.5664228967911773,6.283185307179586,1.12999547063028,2.5132741228718345
28.58858858858859,0.7194348755256124,0.4520288617672622,-0.5273361053499819,6.283185307179586,1.6597605405224392,2.5132741228718345
28.61861861861862,0.6512905266552369,0.598009257702382,-0.4671247987318128,6.283185307179586,2.130610343101558,2.5132741228718345
28.64864864864865,0.5713113204660325,0.7249270699642736,-0.38481699330878977,6.283185307179586,2.5258314782680595,2.5132741228718345
28.67867867867868,0.48564381066410695,0.8279334682381071,-0.280492889987802,6.283185307179586,2.831395079653806,2.5132741228718345
28.70870870870871,0.4007883535185437,0.9028206052450608,-0.15583212257965467,6.283185307179586,3.0364547867041902,2.5132741228718345
28.73873873873874,0.3228155673939515,0.9463524847126443,-0.01439041782464695,6.283185307179586,3.133731749753284,2.5132741228718345
28.76876876876877,0.25656600855012435,0.9565535629289506,0.13848886057524007,6.283185307179586,3.119773001857012,2.5132741228718345
28.7987987987988,0.20500588534416314,0.9328901839247243,0.29612242689466883,6.283185307179586,2.9950740261550113,2.5132741228718345
28.82882882882883,0.16889411728391635,0.8763039927899988,0.4511829887817463,6.283185307179586,2.7640611680795186,2.5132741228718345
28.85885885885886,0.1468434832175821,0.7890941219302863,0.5964624532780203,6.283185307179586,2.434934516712105,2.5132741228718345
28.88888888888889,0.1357587084097409,0.6746833135909261,0.7255149891295992,6.283185307179586,2.0193768324098076,2.5132741228718345
28.91891891891892,0.13154599999212235,0.5373290996122244,0.8330504718171781,6.283185307179586,1.532138852677824,2.5132741228718345
28.94894894894895,0.1299413964387395,0.3818467304404355,0.9150455223333607,6.283185307179586,0.9905156963722385,2.5132741228718345
28.97897897897898,0.12730622679941178,0.2133955596371078,0.96863587572632,6.283185307179586,0.4137329519183746,2.5132741228718345
29.00900900900901,0.12127194216389536,0.037351642317199035,0.9919163124270297,6.283185307179586,-0.17773575889230597,2.5132741228718345
29.03903903903904,0.11115935705065813,-0.14074369512785634,0.983785957218679,6.283185307179586,-0.7628955176037433,2.5132741228718345
29.06906906906907,0.09813082136299613,-0.3151970029132787,0.9439391883230303,6.283185307179586,-1.3209753498715446,2.5132741228718345
29.0990990990991,0.08505493269024647,-0.4801900872661502,0.873031006617299,6.283185307179586,-1.8321655170632487,2.5132741228718345
29.12912912912913,0.076082571524649,-0.6298726142425916,0.7729630858820029,6.283185307179586,-2.278320687600833,2.5132741228718345
29.15915915915916,0.07596460253725221,-0.7585529190293968,0.6471683306467992,6.283185307179586,-2.6436040281016684,2.5132741228718345
29.18918918918919,0.08919131351375836,-0.8609892899897588,0.5007418018454683,6.283185307179586,-2.915049351501271,2.5132741228718345
29.21921921921922,0.11909085945300335,-0.9327484792900838,0.34029052525100395,6.283185307179586,-3.0830213680103116,2.5132741228718345
29.24924924924925,0.16706342315152375,-0.9705687717273969,0.17345337123068272,6.283185307179586,-3.141557701724429,2.5132741228718345
29.27927927927928,0.23212244419285527,-0.9726524121402951,0.008152058538864415,6.283185307179586,-3.0885805325821782,2.5132741228718345
29.30930930930931,0.310852562874547,-0.9388227668476115,-0.14826495405772877,6.283185307179586,-2.9259703511756068,2.5132741228718345
29.33933933933934,0.3977909089171464,-0.8705133425026974,-0.2897739003196633,6.283185307179586,-2.6594992083948834,2.5132741228718345
29.36936936936937,0.4861316344913933,-0.7705983951687081,-0.41213365224033116,6.283185307179586,-2.2986258292939836,2.5132741228718345
29.3993993993994,0.5685848532009345,-0.6431135442498385,-0.5129485684858638,6.283185307179586,-1.85615986386556,2.5132741228718345
29.42942942942943,0.6382143049224904,-0.49293651527423593,-0.5913510741517329,6.283185307179586,-1.347807192562713,2.5132741228718345
29.45945945945946,0.6891275909282373,-0.3254967819706597,-0.6474218163971626,6.283185307179586,-0.7916124265133093,2.5132741228718345
29.48948948948949,0.7169688446216179,-0.1465609359974825,-0.6815244440812788,6.283185307179586,-0.2073183915767946,2.5132741228718345
29.51951951951952,0.719229105452502,0.03789307769594967,-0.6937388619152988,6.283185307179586,0.3843346678456648,2.5132741228718345
29.54954954954955,0.6954181942347022,0.22173404139807745,-0.6835404523592087,6.283185307179586,0.9623452896147259,2.5132741228718345
29.57957957957958,0.6471283042988158,0.3987142091355419,-0.6498091544504176,6.283185307179586,1.5061962669044389,2.5132741228718345
29.60960960960961,0.577979283805805,0.5625405894265108,-0.5911751286529308,6.283185307179586,1.9965829320093067,2.5132741228718345
29.63963963963964,0.49339664120239757,0.7070279631172942,-0.5066272928092282,6.283185307179586,2.416098399564824,2.5132741228718345
29.66966966966967,0.4001638763250468,0.8263555706668799,-0.396238997211445,6.283185307179586,2.749851445620571,2.5132741228718345
29.6996996996997,0.3057265764044542,0.9154136301269407,-0.26181891882870306,6.283185307179586,2.985995090178595,2.5132741228718345
29.72972972972973,0.21730086291460654,0.9701897148306677,-0.1072951639737616,6.283185307179586,3.1161471205018016,2.5132741228718345
29.75975975975976,0.1409247572112416,0.988120626956476,0.061301218478042596,6.283185307179586,3.135687628193353,2.5132741228718345
29.78978978978979,0.08064772186423805,0.9683326687784504,0.2362790459040119,6.283185307179586,3.0439229985986205,2.5132741228718345
29.81981981981982,0.03804892570813015,0.91171523153203,0.40905698361444703,6.283185307179586,2.8441105315210784,2.5132741228718345
29.84984984984985,0.012202924163983674,0.8208131771136924,0.5710663857356423,6.283185307179586,2.5433428193094585,2.5132741228718345
29.87987987987988,9.807005527862498e-05,0.6995687917764102,0.7145652496123441,6.283185307179586,2.152295986459619,2.5132741228718345
29.90990990990991,-0.0025978123175169573,0.5529783943422852,0.8331915426602596,6.283185307179586,1.6848507272806783,2.5132741228718345
29.93993993993994,-0.0005988399538646978,0.3867408988804622,0.9221882229364202,6.283185307179586,1.1575995933644898,2.5132741228718345
29.96996996996997,0.0019246434571403,0.20696345312638714,0.9783467814718635,6.283185307179586,0.5892580203039478,2.5132741228718345
30.0,0.002107448580035711,0.019958959342720534,0.9997985790154069,6.283185307179586,6.772876509917196e-14,2.5132741228718345
