Time,Sx,Sy,Sz,Hx,Hy,Hz
0.0,0.0,0.0,1.0,0.0,0.0,0.06283185307179587
0.02,1.579050894091535e-05,-0.02513006908521714,0.9996841898211818,1.2566370614359172,0.0,0.06283185307179587
0.04,6.315208683925106e-05,-0.0502442455506648,0.9987369582632154,1.2566370614359172,0.0,0.06283185307179587
0.06,0.00014205474432476406,-0.07532660733954834,0.9971589051135051,1.2566370614359172,0.0,0.06283185307179587
0.08,0.00025244852020288495,-0.10036127229025836,0.9949510295959425,1.2566370614359172,0.0,0.06283185307179587
0.1,0.0003942635130901664,-0.12533238844284267,0.9921147297381969,1.2566370614359172,0.0,0.06283185307179587
0.12,0.0005674099256758677,-0.15022414407647375,0.9886518014864829,1.2566370614359172,0.0,0.06283185307179587
0.14,0.0007717781215816482,-0.17502077772143662,0.9845644375683673,1.2566370614359172,0.0,0.06283185307179587
0.16,0.0010072386947833647,-0.19970658813929787,0.979855226104333,1.2566370614359172,0.0,0.06283185307179587
0.18,0.0012736425515510218,-0.2242659442649364,0.9745271489689799,1.2566370614359172,0.0,0.06283185307179587
0.2,0.001570821004854978,-0.24868329510413992,0.968583579902901,1.2566370614359172,0.0,0.06283185307179587
0.22,0.0018985858811786432,-0.27294317958050085,0.9620282823764279,1.2566370614359172,0.0,0.06283185307179587
0.24,0.0022567296396700243,-0.29703023632537584,0.9548654072066002,1.2566370614359172,0.0,0.06283185307179587
0.26,0.002645025503556678,-0.3209292134047115,0.9470994899288672,1.2566370614359172,0.0,0.06283185307179587
0.28,0.003063227603740853,-0.34462497797657393,0.9387354479251836,1.2566370614359172,0.0,0.06283185307179587
0.3,0.0035110711344839,-0.3681025258732715,0.9297785773103223,1.2566370614359172,0.0,0.06283185307179587
0.32,0.003988272521081382,-0.39134699110199905,0.9202345495783728,1.2566370614359172,0.0,0.06283185307179587
0.34,0.00449452959942268,-0.414343655257991,0.9101094080115469,1.2566370614359172,0.0,0.06283185307179587
0.36,0.005029521807321427,-0.43707795684422085,0.8994095638535718,1.2566370614359172,0.0,0.06283185307179587
0.38,0.005592910387495636,-0.4595355004917474,0.8881417922500876,1.2566370614359172,0.0,0.06283185307179587
0.4,0.00618433860206892,-0.48170206607486793,0.8763132279586222,1.2566370614359172,0.0,0.06283185307179587
0.42,0.006803431958457081,-0.5035636177153073,0.863931360830859,1.2566370614359172,0.0,0.06283185307179587
0.44,0.007449798446496952,-0.5251063126697425,0.8510040310700615,1.2566370614359172,0.0,0.06283185307179587
0.46,0.008123028786667397,-0.5463165100950325,0.8375394242666527,1.2566370614359172,0.0,0.06283185307179587
0.48,0.008822696689245254,-0.5671807796856062,0.8235460662150957,1.2566370614359172,0.0,0.06283185307179587
0.5,0.009548359124232204,-0.5876859101775365,0.8090328175153569,1.2566370614359172,0.0,0.06283185307179587
0.52,0.010299556601881485,-0.6078189177139188,0.7940088679623714,1.2566370614359172,0.0,0.06283185307179587
0.54,0.011075813463647026,-0.6275670540662546,0.7784837307270607,1.2566370614359172,0.0,0.06283185307179587
0.56,0.011876638183370607,-0.6469178147066342,0.7624672363325891,1.2566370614359172,0.0,0.06283185307179587
0.58,0.012701523678516449,-0.6658589467256084,0.7459695264296722,1.2566370614359172,0.0,0.06283185307179587
0.6,0.013549947631256054,-0.6843784565907376,0.72900104737488,1.2566370614359172,0.0,0.06283185307179587
0.62,0.01442137281920008,-0.7024646177408993,0.7115725436159992,1.2566370614359172,0.0,0.06283185307179587
0.64,0.015315247455567756,-0.720105978011553,0.6936950508886459,1.2566370614359172,0.0,0.06283185307179587
0.66,0.016231005538578515,-0.737291366886254,0.6753798892284305,1.2566370614359172,0.0,0.06283185307179587
0.68,0.017168067209844543,-0.7540099025698301,0.6566386558031101,1.2566370614359172,0.0,0.06283185307179587
0.7000000000000001,0.01812583912153735,-0.7702509988787376,0.6374832175692541,1.2566370614359172,0.0,0.06283185307179587
0.72,0.019103714812095832,-0.7860043719442379,0.6179257037580842,1.2566370614359172,0.0,0.06283185307179587
0.74,0.020101075090238008,-0.8012600467241473,0.5979784981952405,1.2566370614359172,0.0,0.06283185307179587
0.76,0.02111728842703317,-0.8160083633190367,0.5776542314593373,1.2566370614359172,0.0,0.06283185307179587
0.78,0.022151711355786252,-0.8302399830888851,0.5569657728842755,1.2566370614359172,0.0,0.06283185307179587
0.8,0.023203688879481217,-0.84394589456631,0.5359262224103762,1.2566370614359172,0.0,0.06283185307179587
0.8200000000000001,0.024272554885525426,-0.857117419162631,0.5145489022894921,1.2566370614359172,0.0,0.06283185307179587
0.84,0.02535763256753238,-0.8697462166631567,0.49284734864935276,1.2566370614359172,0.0,0.06283185307179587
0.86,0.026458234853875856,-0.8818242905082123,0.4708353029224833,1.2566370614359172,0.0,0.06283185307179587
0.88,0.02757366484274387,-0.8933439928565637,0.4485267031451231,1.2566370614359172,0.0,0.06283185307179587
0.9,0.02870321624341721,-0.904298029428034,0.4259356751316562,1.2566370614359172,0.0,0.06283185307179587
0.92,0.029846173823493027,-0.9146794641222445,0.4030765235301398,1.2566370614359172,0.0,0.06283185307179587
0.9400000000000001,0.03100181386177026,-0.9244817234105561,0.3799637227645953,1.2566370614359172,0.0,0.06283185307179587
0.96,0.03216940460651017,-0.933698600498431,0.35661190786979713,1.2566370614359172,0.0,0.06283185307179587
0.98,0.03334820673878191,-0.9423242592555761,0.3330358652243626,1.2566370614359172,0.0,0.06283185307179587
1.0,0.03453747384059947,-0.950353237911385,0.30925052318801155,1.2566370614359172,0.0,0.06283185307179587
1.02,0.03573645286755394,-0.9577804525133322,0.2852709426489222,1.2566370614359172,0.0,0.06283185307179587
1.04,0.036944384625641466,-0.964601200146133,0.26111230748717207,1.2566370614359172,0.0,0.06283185307179587
1.06,0.038160504251985236,-0.9708111619096335,0.23678991496029672,1.2566370614359172,0.0,0.06283185307179587
1.08,0.03938404169914696,-0.9764064056535382,0.21231916601706213,1.2566370614359172,0.0,0.06283185307179587
1.1,0.04061422222272121,-0.9813833884672502,0.18771555554557728,1.2566370614359172,0.0,0.06283185307179587
1.12,0.04185026687190386,-0.9857389589232423,0.16299466256192452,1.2566370614359172,0.0,0.06283185307179587
1.1400000000000001,0.043091392982724144,-0.989470359072544,0.1381721403455189,1.2566370614359172,0.0,0.06283185307179587
1.16,0.044336814673627684,-0.9925752261910749,0.11326370652744866,1.2566370614359172,0.0,0.06283185307179587
1.18,0.04558574334309706,-0.9950515942757217,0.08828513313806047,1.2566370614359172,0.0,0.06283185307179587
1.2,0.046837388168994666,-0.9968978952892135,0.0632522366201081,1.2566370614359172,0.0,0.06283185307179587
1.22,0.04809095660931147,-0.9981129601530037,0.03818086781377161,1.2566370614359172,0.0,0.06283185307179587
1.24,0.04934565490400509,-0.9986960194875298,0.013086901919899196,1.2566370614359172,0.0,0.06283185307179587
1.26,0.05060070297571789,-0.9987188198305615,0.0005364462858180041,0.0,0.0,0.06283185307179587
1.28,0.051855689775652254,-0.998654444571934,0.0005364462858180041,0.0,0.0,0.06283185307179587
1.3,0.05311059468837433,-0.9985884923016255,0.0005364462858180041,0.0,0.0,0.06283185307179587
1.32,0.054365415732217995,-0.998520963123784,0.0005364462858180041,0.0,0.0,0.06283185307179587
1.34,0.05562015092564954,-0.9984518571450476,0.0005364462858180041,0.0,0.0,0.06283185307179587
1.36,0.056874798287270836,-0.9983811744745433,0.0005364462858180041,0.0,0.0,0.06283185307179587
1.3800000000000001,0.05812935583582244,-0.9983089152238891,0.0005364462858180041,0.0,0.0,0.06283185307179587
1.4000000000000001,0.05938382159018673,-0.9982350795071927,0.0005364462858180041,0.0,0.0,0.06283185307179587
1.42,0.060638193569391034,-0.99815966744105,0.0005364462858180041,0.0,0.0,0.06283185307179587
1.44,0.0618924697926108,-0.9980826791445474,0.0005364462858180041,0.0,0.0,0.06283185307179587
1.46,0.06314664827917267,-0.9980041147392595,0.0005364462858180041,0.0,0.0,0.06283185307179587
1.48,0.06440072704855761,-0.9979239743492506,0.0005364462858180041,0.0,0.0,0.06283185307179587
1.5,0.0656547041204041,-0.9978422581010733,0.0005364462858180041,0.0,0.0,0.06283185307179587
1.52,0.06690857751451115,-0.9977589661237686,0.0005364462858180041,0.0,0.0,0.06283185307179587
1.54,0.06816234525084151,-0.9976740985488657,0.0005364462858180041,0.0,0.0,0.06283185307179587
1.56,0.0694160053495248,-0.9975876555103822,0.0005364462858180041,0.0,0.0,0.06283185307179587
1.58,0.07066955583086063,-0.9974996371448237,0.0005364462858180041,0.0,0.0,0.06283185307179587
1.6,0.07192299471532163,-0.9974100435911832,0.0005364462858180041,0.0,0.0,0.06283185307179587
1.62,0.07317632002355678,-0.997318874990941,0.0005364462858180041,0.0,0.0,0.06283185307179587
1.6400000000000001,0.07442952977639432,-0.9972261314880646,0.0005364462858180041,0.0,0.0,0.06283185307179587
1.6600000000000001,0.075682621994845,-0.9971318132290089,0.0005364462858180041,0.0,0.0,0.06283185307179587
1.68,0.07693559470010514,-0.9970359203627155,0.0005364462858180041,0.0,0.0,0.06283185307179587
1.7,0.07818844591355978,-0.9969384530406117,0.0005364462858180041,0.0,0.0,0.06283185307179587
1.72,0.07944117365678591,-0.9968394114166124,0.0005364462858180041,0.0,0.0,0.06283185307179587
1.74,0.08069377595155541,-0.9967387956471174,0.0005364462858180041,0.0,0.0,0.06283185307179587
1.76,0.08194625081983828,-0.9966366058910129,0.0005364462858180041,0.0,0.0,0.06283185307179587
1.78,0.08319859628380571,-0.9965328423096705,0.0005364462858180041,0.0,0.0,0.06283185307179587
1.8,0.08445081036583334,-0.996427505066947,0.0005364462858180041,0.0,0.0,0.06283185307179587
1.82,0.08570289108850414,-0.9963205943291842,0.0005364462858180041,0.0,0.0,0.06283185307179587
1.84,0.08695483647461175,-0.9962121102652087,0.0005364462858180041,0.0,0.0,0.06283185307179587
1.86,0.08820664454716357,-0.9961020530463318,0.0005364462858180041,0.0,0.0,0.06283185307179587
1.8800000000000001,0.08945831332938377,-0.9959904228463486,0.0005364462858180041,0.0,0.0,0.06283185307179587
1.9000000000000001,0.09070984084471649,-0.995877219841539,0.0005364462858180041,0.0,0.0,0.06283185307179587
1.92,0.09196122511682898,-0.9957624442106657,0.0005364462858180041,0.0,0.0,0.06283185307179587
1.94,0.09321246416961462,-0.9956460961349748,0.0005364462858180041,0.0,0.0,0.06283185307179587
1.96,0.09446355602719617,-0.995528175798196,0.0005364462858180041,0.0,0.0,0.06283185307179587
1.98,0.09571449871392884,-0.9954086833865416,0.0005364462858180041,0.0,0.0,0.06283185307179587
2.0,0.09696529025440333,-0.9952876190887068,0.0005364462858180041,0.0,0.0,0.06283185307179587
2.02,0.0982159286734491,-0.9951649830958681,0.0005364462858180041,0.0,0.0,0.06283185307179587
2.04,0.09946641199613736,-0.9950407756016846,0.0005364462858180041,0.0,0.0,0.06283185307179587
2.06,0.1007167382477843,-0.9949149968022969,0.0005364462858180041,0.0,0.0,0.06283185307179587
2.08,0.10196690545395404,-0.9947876468963273,0.0005364462858180041,0.0,0.0,0.06283185307179587
2.1,0.10321691164046198,-0.9946587260848778,0.0005364462858180041,0.0,0.0,0.06283185307179587
2.12,0.10446675483337771,-0.994528234571533,0.0005364462858180041,0.0,0.0,0.06283185307179587
2.14,0.10571643305902824,-0.9943961725623562,0.0005364462858180041,0.0,0.0,0.06283185307179587
2.16,0.10696594434400104,-0.9942625402658913,0.0005364462858180041,0.0,0.0,0.06283185307179587
2.18,0.10821528671514727,-0.9941273378931622,0.0005364462858180041,0.0,0.0,0.06283185307179587
2.2,0.10946445819958482,-0.9939905656576719,0.0005364462858180041,0.0,0.0,0.06283185307179587
2.22,0.11071345682470134,-0.9938522237754023,0.0005364462858180041,0.0,0.0,0.06283185307179587
2.24,0.11196228061815754,-0.9937123124648141,0.0005364462858180041,0.0,0.0,0.06283185307179587
2.2600000000000002,0.11321092760789017,-0.9935708319468464,0.0005364462858180041,0.0,0.0,0.06283185307179587
2.2800000000000002,0.11445939582211527,-0.9934277824449161,0.0005364462858180041,0.0,0.0,0.06283185307179587
2.3000000000000003,0.11570768328933105,-0.9932831641849184,0.0005364462858180041,0.0,0.0,0.06283185307179587
2.32,0.11695578803832124,-0.9931369773952248,0.0005364462858180041,0.0,0.0,0.06283185307179587
2.34,0.11820370809815808,-0.9929892223066841,0.0005364462858180041,0.0,0.0,0.06283185307179587
2.36,0.11945144149820545,-0.9928398991526222,0.0005364462858180041,0.0,0.0,0.06283185307179587
2.38,0.12069898626812205,-0.9926890081688402,0.0005364462858180041,0.0,0.0,0.06283185307179587
2.4,0.12194634043786433,-0.9925365495936159,0.0005364462858180041,0.0,0.0,0.06283185307179587
2.42,0.12319350203768982,-0.9923825236677022,0.0005364462858180041,0.0,0.0,0.06283185307179587
2.44,0.12444046909816014,-0.9922269306343271,0.0005364462858180041,0.0,0.0,0.06283185307179587
2.46,0.1256872396501441,-0.992069770739193,0.0005364462858180041,0.0,0.0,0.06283185307179587
2.48,0.12693381172482074,-0.9919110442304772,0.0005364462858180041,0.0,0.0,0.06283185307179587
2.5,0.1281801833536827,-0.9917507513588302,0.0005364462858180041,0.0,0.0,0.06283185307179587
2.52,0.12942635256853902,-0.9915888923773764,0.0005364462858180041,0.0,0.0,0.06283185307179587
2.54,0.13067231740151838,-0.9914254675417131,0.0005364462858180041,0.0,0.0,0.06283185307179587
2.56,0.13191807588507232,-0.9912604771099105,0.0005364462858180041,0.0,0.0,0.06283185307179587
2.58,0.13316362605197804,-0.9910939213425113,0.0005364462858180041,0.0,0.0,0.06283185307179587
2.6,0.13440896593534188,-0.9909258005025297,0.0005364462858180041,0.0,0.0,0.06283185307179587
2.62,0.1356540935686022,-0.9907561148554513,0.0005364462858180041,0.0,0.0,0.06283185307179587
2.64,0.13689900698553245,-0.990584864669233,0.0005364462858180041,0.0,0.0,0.06283185307179587
2.66,0.13814370422024447,-0.9904120502143022,0.0005364462858180041,0.0,0.0,0.06283185307179587
2.68,0.1393881833071914,-0.9902376717635564,0.0005364462858180041,0.0,0.0,0.06283185307179587
2.7,0.14063244228117092,-0.9900617295923629,0.0005364462858180041,0.0,0.0,0.06283185307179587
2.72,0.14187647917732826,-0.9898842239785588,0.0005364462858180041,0.0,0.0,0.06283185307179587
2.74,0.1431202920311594,-0.9897051552024492,0.0005364462858180041,0.0,0.0,0.06283185307179587
2.7600000000000002,0.14436387887851393,-0.9895245235468086,0.0005364462858180041,0.0,0.0,0.06283185307179587
2.7800000000000002,0.1456072377555986,-0.9893423292968784,0.0005364462858180041,0.0,0.0,0.06283185307179587
2.8000000000000003,0.14685036669898005,-0.9891585727403687,0.0005364462858180041,0.0,0.0,0.06283185307179587
2.82,0.14809326374558787,-0.9889732541674562,0.0005364462858180041,0.0,0.0,0.06283185307179587
2.84,0.1493359269327181,-0.9887863738707839,0.0005364462858180041,0.0,0.0,0.06283185307179587
2.86,0.15057835429803584,-0.9885979321454615,0.0005364462858180041,0.0,0.0,0.06283185307179587
2.88,0.1518205438795788,-0.9884079292890645,0.0005364462858180041,0.0,0.0,0.06283185307179587
2.9,0.15306249371576003,-0.9882163656016333,0.0005364462858180041,0.0,0.0,0.06283185307179587
2.92,0.1543042018453711,-0.9880232413856724,0.0005364462858180041,0.0,0.0,0.06283185307179587
2.94,0.15554566630758557,-0.9878285569461519,0.0005364462858180041,0.0,0.0,0.06283185307179587
2.96,0.15678688514196143,-0.9876323125905054,0.0005364462858180041,0.0,0.0,0.06283185307179587
2.98,0.15802785638844494,-0.9874345086286287,0.0005364462858180041,0.0,0.0,0.06283185307179587
3.0,0.15926857808737296,-0.9872351453728817,0.0005364462858180041,0.0,0.0,0.06283185307179587
3.02,0.16050904827947657,-0.9870342231380862,0.0005364462858180041,0.0,0.0,0.06283185307179587
3.04,0.161749265005884,-0.9868317422415254,0.0005364462858180041,0.0,0.0,0.06283185307179587
3.06,0.16298922630812382,-0.986627703002945,0.0005364462858180041,0.0,0.0,0.06283185307179587
3.08,0.1642289302281279,-0.9864221057445506,0.0005364462858180041,0.0,0.0,0.06283185307179587
3.1,0.1654683748082345,-0.9862149507910077,0.0005364462858180041,0.0,0.0,0.06283185307179587
3.12,0.16670755809119148,-0.9860062384694431,0.0005364462858180041,0.0,0.0,0.06283185307179587
3.14,0.16794647812015917,-0.9857959691094418,0.0005364462858180041,0.0,0.0,0.06283185307179587
3.16,0.16918513293871382,-0.9855841430430474,0.0005364462858180041,0.0,0.0,0.06283185307179587
3.18,0.17042352059085047,-0.9853707606047627,0.0005364462858180041,0.0,0.0,0.06283185307179587
3.2,0.17166163912098595,-0.9851558221315475,0.0005364462858180041,0.0,0.0,0.06283185307179587
3.22,0.17289948657396195,-0.9849393279628188,0.0005364462858180041,0.0,0.0,0.06283185307179587
3.24,0.17413706099504855,-0.9847212784404508,0.0005364462858180041,0.0,0.0,0.06283185307179587
3.2600000000000002,0.17537436042994678,-0.9845016739087733,0.0005364462858180041,0.0,0.0,0.06283185307179587
3.2800000000000002,0.17661138292479192,-0.9842805147145717,0.0005364462858180041,0.0,0.0,0.06283185307179587
3.3000000000000003,0.1778481265261566,-0.9840578012070864,0.0005364462858180041,0.0,0.0,0.06283185307179587
3.3200000000000003,0.17908458928105392,-0.9838335337380129,0.0005364462858180041,0.0,0.0,0.06283185307179587
3.34,0.18032076923694024,-0.9836077126614999,0.0005364462858180041,0.0,0.0,0.06283185307179587
3.36,0.18155666444171892,-0.9833803383341498,0.0005364462858180041,0.0,0.0,0.06283185307179587
3.38,0.1827922729437426,-0.9831514111150177,0.0005364462858180041,0.0,0.0,0.06283185307179587
3.4,0.1840275927918168,-0.9829209313656107,0.0005364462858180041,0.0,0.0,0.06283185307179587
3.42,0.18526262203520283,-0.9826888994498879,0.0005364462858180041,0.0,0.0,0.06283185307179587
3.44,0.18649735872362108,-0.9824553157342593,0.0005364462858180041,0.0,0.0,0.06283185307179587
3.46,0.1877318009072537,-0.9822201805875855,0.0005364462858180041,0.0,0.0,0.06283185307179587
3.48,0.18896594663674798,-0.9819834943811775,0.0005364462858180041,0.0,0.0,0.06283185307179587
3.5,0.19019979396321937,-0.9817452574887946,0.0005364462858180041,0.0,0.0,0.06283185307179587
3.52,0.19143334093825445,-0.9815054702866451,0.0005364462858180041,0.0,0.0,0.06283185307179587
3.54,0.19266658561391428,-0.9812641331533863,0.0005364462858180041,0.0,0.0,0.06283185307179587
3.56,0.19389952604273716,-0.9810212464701225,0.0005364462858180041,0.0,0.0,0.06283185307179587
3.58,0.19513216027774177,-0.9807768106204044,0.0005364462858180041,0.0,0.0,0.06283185307179587
3.6,0.19636448637243048,-0.9805308259902299,0.0005364462858180041,0.0,0.0,0.06283185307179587
3.62,0.1975965023807922,-0.9802832929680422,0.0005364462858180041,0.0,0.0,0.06283185307179587
3.64,0.19882820635730547,-0.9800342119447298,0.0005364462858180041,0.0,0.0,0.06283185307179587
3.66,0.2000595963569415,-0.9797835833136254,0.0005364462858180041,0.0,0.0,0.06283185307179587
3.68,0.20129067043516757,-0.9795314074705062,0.0005364462858180041,0.0,0.0,0.06283185307179587
3.7,0.2025214266479495,-0.9792776848135921,0.0005364462858180041,0.0,0.0,0.06283185307179587
3.72,0.20375186305175536,-0.9790224157435462,0.0005364462858180041,0.0,0.0,0.06283185307179587
3.74,0.20498197770355803,-0.9787656006634725,0.0005364462858180041,0.0,0.0,0.06283185307179587
3.7600000000000002,0.20621176866083862,-0.9785072399789174,0.0005364462858180041,0.0,0.0,0.06283185307179587
3.7800000000000002,0.2074412339815893,-0.9782473340978677,0.0005364462858180041,0.0,0.0,0.06283185307179587
3.8000000000000003,0.20867037172431663,-0.9779858834307507,0.0005364462858180041,0.0,0.0,0.06283185307179587
3.8200000000000003,0.20989917994804425,-0.9777228883904316,0.0005364462858180041,0.0,0.0,0.06283185307179587
3.84,0.21112765671231623,-0.9774583493922165,0.0005364462858180041,0.0,0.0,0.06283185307179587
3.86,0.21235580007720006,-0.9771922668538482,0.0005364462858180041,0.0,0.0,0.06283185307179587
3.88,0.21358360810328977,-0.9769246411955076,0.0005364462858180041,0.0,0.0,0.06283185307179587
3.9,0.21481107885170897,-0.9766554728398116,0.0005364462858180041,0.0,0.0,0.06283185307179587
3.92,0.2160382103841137,-0.9763847622118138,0.0005364462858180041,0.0,0.0,0.06283185307179587
3.94,0.21726500076269578,-0.9761125097390037,0.0005364462858180041,0.0,0.0,0.06283185307179587
3.96,0.2184914480501859,-0.9758387158513048,0.0005364462858180041,0.0,0.0,0.06283185307179587
3.98,0.21971755030985615,-0.9755633809810751,0.0005364462858180041,0.0,0.0,0.06283185307179587
4.0,0.22094330560552378,-0.9752865055631061,0.0005364462858180041,0.0,0.0,0.06283185307179587
4.0200000000000005,0.222168712001554,-0.9750080900346219,0.0005364462858180041,0.0,0.0,0.06283185307179587
4.04,0.2233937675628627,-0.9747281348352783,0.0005364462858180041,0.0,0.0,0.06283185307179587
4.0600000000000005,0.22461847035491997,-0.974446640407163,0.0005364462858180041,0.0,0.0,0.06283185307179587
4.08,0.22584281844375292,-0.9741636071947942,0.0005364462858180041,0.0,0.0,0.06283185307179587
4.1,0.22706680989594882,-0.9738790356451196,0.0005364462858180041,0.0,0.0,0.06283185307179587
4.12,0.22829044277865815,-0.9735929262075167,0.0005364462858180041,0.0,0.0,0.06283185307179587
4.14,0.22951371515959743,-0.9733052793337917,0.0005364462858180041,0.0,0.0,0.06283185307179587
4.16,0.2307366251070527,-0.973016095478178,0.0005364462858180041,0.0,0.0,0.06283185307179587
4.18,0.23195917068988223,-0.9727253750973361,0.0005364462858180041,0.0,0.0,0.06283185307179587
4.2,0.23318134997751963,-0.9724331186503539,0.0005364462858180041,0.0,0.0,0.06283185307179587
4.22,0.23440316103997702,-0.9721393265987432,0.0005364462858180041,0.0,0.0,0.06283185307179587
4.24,0.23562460194784804,-0.9718439994064427,0.0005364462858180041,0.0,0.0,0.06283185307179587
4.26,0.2368456707723107,-0.9715471375398139,0.0005364462858180041,0.0,0.0,0.06283185307179587
4.28,0.2380663655851306,-0.971248741467642,0.0005364462858180041,0.0,0.0,0.06283185307179587
4.3,0.239286684458664,-0.9709488116611354,0.0005364462858180041,0.0,0.0,0.06283185307179587
4.32,0.24050662546586088,-0.9706473485939244,0.0005364462858180041,0.0,0.0,0.06283185307179587
4.34,0.24172618668026785,-0.9703443527420601,0.0005364462858180041,0.0,0.0,0.06283185307179587
4.36,0.24294536617603138,-0.9700398245840143,0.0005364462858180041,0.0,0.0,0.06283185307179587
4.38,0.24416416202790053,-0.9697337646006786,0.0005364462858180041,0.0,0.0,0.06283185307179587
4.4,0.2453825723112303,-0.9694261732753636,0.0005364462858180041,0.0,0.0,0.06283185307179587
4.42,0.24660059510198454,-0.9691170510937974,0.0005364462858180041,0.0,0.0,0.06283185307179587
4.44,0.2478182284767391,-0.9688063985441268,0.0005364462858180041,0.0,0.0,0.06283185307179587
4.46,0.24903547051268451,-0.9684942161169143,0.0005364462858180041,0.0,0.0,0.06283185307179587
4.48,0.25025231928762964,-0.9681805043051387,0.0005364462858180041,0.0,0.0,0.06283185307179587
4.5,0.25146877288000413,-0.9678652636041936,0.0005364462858180041,0.0,0.0,0.06283185307179587
4.5200000000000005,0.2526848293688615,-0.9675484945118872,0.0005364462858180041,0.0,0.0,0.06283185307179587
4.54,0.25390048683388283,-0.9672301975284415,0.0005364462858180041,0.0,0.0,0.06283185307179587
4.5600000000000005,0.25511574335537907,-0.9669103731564904,0.0005364462858180041,0.0,0.0,0.06283185307179587
4.58,0.25633059701429395,-0.9665890219010804,0.0005364462858180041,0.0,0.0,0.06283185307179587
4.6000000000000005,0.25754504589220806,-0.9662661442696688,0.0005364462858180041,0.0,0.0,0.06283185307179587
4.62,0.2587590880713408,-0.9659417407721235,0.0005364462858180041,0.0,0.0,0.06283185307179587
4.64,0.25997272163455376,-0.9656158119207217,0.0005364462858180041,0.0,0.0,0.06283185307179587
4.66,0.2611859446653539,-0.9652883582301499,0.0005364462858180041,0.0,0.0,0.06283185307179587
4.68,0.2623987552478965,-0.9649593802175025,0.0005364462858180041,0.0,0.0,0.06283185307179587
4.7,0.26361115146698805,-0.9646288784022797,0.0005364462858180041,0.0,0.0,0.06283185307179587
4.72,0.2648231314080895,-0.9642968533063899,0.0005364462858180041,0.0,0.0,0.06283185307179587
4.74,0.266034693157319,-0.9639633054541454,0.0005364462858180041,0.0,0.0,0.06283185307179587
4.76,0.2672458348014552,-0.9636282353722643,0.0005364462858180041,0.0,0.0,0.06283185307179587
4.78,0.2684565544279403,-0.963291643589868,0.0005364462858180041,0.0,0.0,0.06283185307179587
4.8,0.26966685012488256,-0.9629535306384803,0.0005364462858180041,0.0,0.0,0.06283185307179587
4.82,0.2708767199810599,-0.9626138970520283,0.0005364462858180041,0.0,0.0,0.06283185307179587
4.84,0.2720861620859227,-0.9622727433668394,0.0005364462858180041,0.0,0.0,0.06283185307179587
4.86,0.2732951745295969,-0.9619300701216423,0.0005364462858180041,0.0,0.0,0.06283185307179587
4.88,0.2745037554028865,-0.9615858778575644,0.0005364462858180041,0.0,0.0,0.06283185307179587
4.9,0.27571190279727775,-0.9612401671181323,0.0005364462858180041,0.0,0.0,0.06283185307179587
4.92,0.27691961480494076,-0.9608929384492704,0.0005364462858180041,0.0,0.0,0.06283185307179587
4.94,0.2781268895187335,-0.9605441923993007,0.0005364462858180041,0.0,0.0,0.06283185307179587
4.96,0.27933372503220427,-0.96019392951894,0.0005364462858180041,0.0,0.0,0.06283185307179587
4.98,0.2805401194395953,-0.9598421503613017,0.0005364462858180041,0.0,0.0,0.06283185307179587
5.0,0.2817460708358451,-0.9594888554818932,0.0005364462858180041,0.0,0.0,0.06283185307179587
5.0200000000000005,0.28295157731659154,-0.959134045438615,0.0005364462858180041,0.0,0.0,0.06283185307179587
5.04,0.2841566369781757,-0.958777720791761,0.0005364462858180041,0.0,0.0,0.06283185307179587
5.0600000000000005,0.2853612479176436,-0.958419882104016,0.0005364462858180041,0.0,0.0,0.06283185307179587
5.08,0.28656540823275023,-0.9580605299404563,0.0005364462858180041,0.0,0.0,0.06283185307179587
5.1000000000000005,0.28776911602196226,-0.9576996648685481,0.0005364462858180041,0.0,0.0,0.06283185307179587
5.12,0.2889723693844605,-0.9573372874581463,0.0005364462858180041,0.0,0.0,0.06283185307179587
5.14,0.2901751664201438,-0.9569733982814947,0.0005364462858180041,0.0,0.0,0.06283185307179587
5.16,0.29137750522963146,-0.9566079979132236,0.0005364462858180041,0.0,0.0,0.06283185307179587
5.18,0.29257938391426647,-0.9562410869303504,0.0005364462858180041,0.0,0.0,0.06283185307179587
5.2,0.2937808005761181,-0.9558726659122775,0.0005364462858180041,0.0,0.0,0.06283185307179587
5.22,0.2949817533179857,-0.9555027354407923,0.0005364462858180041,0.0,0.0,0.06283185307179587
5.24,0.2961822402434009,-0.955131296100065,0.0005364462858180041,0.0,0.0,0.06283185307179587
5.26,0.29738225945663094,-0.9547583484766491,0.0005364462858180041,0.0,0.0,0.06283185307179587
5.28,0.2985818090626818,-0.9543838931594797,0.0005364462858180041,0.0,0.0,0.06283185307179587
5.3,0.2997808871673008,-0.9540079307398732,0.0005364462858180041,0.0,0.0,0.06283185307179587
5.32,0.30097949187698003,-0.9536304618115257,0.0005364462858180041,0.0,0.0,0.06283185307179587
5.34,0.3021776212989588,-0.9532514869705115,0.0005364462858180041,0.0,0.0,0.06283185307179587
5.36,0.3033752735412276,-0.9528710068152842,0.0005364462858180041,0.0,0.0,0.06283185307179587
5.38,0.30457244671252964,-0.952489021946674,0.0005364462858180041,0.0,0.0,0.06283185307179587
5.4,0.30576913892236535,-0.9521055329678867,0.0005364462858180041,0.0,0.0,0.06283185307179587
5.42,0.3069653482809942,-0.9517205404845038,0.0005364462858180041,0.0,0.0,0.06283185307179587
5.44,0.3081610728994386,-0.951334045104481,0.0005364462858180041,0.0,0.0,0.06283185307179587
5.46,0.309356310889486,-0.9509460474381476,0.0005364462858180041,0.0,0.0,0.06283185307179587
5.48,0.31055106036369257,-0.9505565480982044,0.0005364462858180041,0.0,0.0,0.06283185307179587
5.5,0.3117453194353856,-0.9501655476997242,0.0005364462858180041,0.0,0.0,0.06283185307179587
5.5200000000000005,0.31293908621866723,-0.94977304686015,0.0005364462858180041,0.0,0.0,0.06283185307179587
5.54,0.31413235882841656,-0.9493790461992944,0.0005364462858180041,0.0,0.0,0.06283185307179587
5.5600000000000005,0.31532513538029355,-0.948983546339338,0.0005364462858180041,0.0,0.0,0.06283185307179587
5.58,0.3165174139907409,-0.9485865479048293,0.0005364462858180041,0.0,0.0,0.06283185307179587
5.6000000000000005,0.31770919277698817,-0.9481880515226829,0.0005364462858180041,0.0,0.0,0.06283185307179587
5.62,0.31890046985705395,-0.9477880578221787,0.0005364462858180041,0.0,0.0,0.06283185307179587
5.64,0.32009124334974887,-0.9473865674349615,0.0005364462858180041,0.0,0.0,0.06283185307179587
5.66,0.3212815113746794,-0.9469835809950399,0.0005364462858180041,0.0,0.0,0.06283185307179587
5.68,0.3224712720522497,-0.946579099138784,0.0005364462858180041,0.0,0.0,0.06283185307179587
5.7,0.3236605235036653,-0.9461731225049257,0.0005364462858180041,0.0,0.0,0.06283185307179587
5.72,0.3248492638509356,-0.9457656517345577,0.0005364462858180041,0.0,0.0,0.06283185307179587
5.74,0.3260374912168777,-0.945356687471132,0.0005364462858180041,0.0,0.0,0.06283185307179587
5.76,0.32722520372511815,-0.9449462303604592,0.0005364462858180041,0.0,0.0,0.06283185307179587
5.78,0.3284123995000969,-0.9445342810507068,0.0005364462858180041,0.0,0.0,0.06283185307179587
5.8,0.3295990766670697,-0.9441208401923993,0.0005364462858180041,0.0,0.0,0.06283185307179587
5.82,0.33078523335211135,-0.9437059084384163,0.0005364462858180041,0.0,0.0,0.06283185307179587
5.84,0.33197086768211864,-0.9432894864439911,0.0005364462858180041,0.0,0.0,0.06283185307179587
5.86,0.33315597778481304,-0.9428715748667115,0.0005364462858180041,0.0,0.0,0.06283185307179587
5.88,0.33434056178874394,-0.9424521743665164,0.0005364462858180041,0.0,0.0,0.06283185307179587
5.9,0.3355246178232915,-0.9420312856056968,0.0005364462858180041,0.0,0.0,0.06283185307179587
5.92,0.3367081440186696,-0.9416089092488931,0.0005364462858180041,0.0,0.0,0.06283185307179587
5.94,0.33789113850592906,-0.9411850459630956,0.0005364462858180041,0.0,0.0,0.06283185307179587
5.96,0.33907359941695986,-0.9407596964176423,0.0005364462858180041,0.0,0.0,0.06283185307179587
5.98,0.34025552488449473,-0.9403328612842181,0.0005364462858180041,0.0,0.0,0.06283185307179587
6.0,0.34143691304211216,-0.9399045412368539,0.0005364462858180041,0.0,0.0,0.06283185307179587
6.0200000000000005,0.342617762024239,-0.9394747369519254,0.0005364462858180041,0.0,0.0,0.06283185307179587
6.04,0.3437980699661535,-0.9390434491081524,0.0005364462858180041,0.0,0.0,0.06283185307179587
6.0600000000000005,0.34497783500398843,-0.9386106783865973,0.0005364462858180041,0.0,0.0,0.06283185307179587
6.08,0.34615705527473356,-0.9381764254706642,0.0005364462858180041,0.0,0.0,0.06283185307179587
6.1000000000000005,0.34733572891623926,-0.9377406910460973,0.0005364462858180041,0.0,0.0,0.06283185307179587
6.12,0.3485138540672191,-0.9373034758009813,0.0005364462858180041,0.0,0.0,0.06283185307179587
6.140000000000001,0.34969142886725235,-0.9368647804257385,0.0005364462858180041,0.0,0.0,0.06283185307179587
6.16,0.35086845145678774,-0.9364246056131288,0.0005364462858180041,0.0,0.0,0.06283185307179587
6.18,0.352044919977146,-0.9359829520582482,0.0005364462858180041,0.0,0.0,0.06283185307179587
6.2,0.35322083257052284,-0.935539820458528,0.0005364462858180041,0.0,0.0,0.06283185307179587
6.22,0.3543961873799917,-0.9350952115137334,0.0005364462858180041,0.0,0.0,0.06283185307179587
6.24,0.3555709825495069,-0.9346491259259628,0.0005364462858180041,0.0,0.0,0.06283185307179587
6.26,0.3567452162239064,-0.9342015643996463,0.0005364462858180041,0.0,0.0,0.06283185307179587
6.28,0.3579188865489152,-0.9337525276415446,0.0005364462858180041,0.0,0.0,0.06283185307179587
6.3,0.3590919916711472,-0.9333020163607478,0.0005364462858180041,0.0,0.0,0.06283185307179587
6.32,0.36026452973810996,-0.9328500312686747,0.0005364462858180041,0.0,0.0,0.06283185307179587
6.34,0.36143649889820534,-0.9323965730790716,0.0005364462858180041,0.0,0.0,0.06283185307179587
6.36,0.3626078973007342,-0.9319416425080108,0.0005364462858180041,0.0,0.0,0.06283185307179587
6.38,0.3637787230958986,-0.93148524027389,0.0005364462858180041,0.0,0.0,0.06283185307179587
6.4,0.36494897443480473,-0.9310273670974302,0.0005364462858180041,0.0,0.0,0.06283185307179587
6.42,0.366118649469466,-0.9305680237016762,0.0005364462858180041,0.0,0.0,0.06283185307179587
6.44,0.3672877463528059,-0.9301072108119934,0.0005364462858180041,0.0,0.0,0.06283185307179587
6.46,0.36845626323866093,-0.9296449291560686,0.0005364462858180041,0.0,0.0,0.06283185307179587
6.48,0.3696241982817834,-0.9291811794639074,0.0005364462858180041,0.0,0.0,0.06283185307179587
6.5,0.37079154963784433,-0.9287159624678338,0.0005364462858180041,0.0,0.0,0.06283185307179587
6.5200000000000005,0.37195831546343655,-0.9282492789024893,0.0005364462858180041,0.0,0.0,0.06283185307179587
6.54,0.3731244939160778,-0.9277811295048308,0.0005364462858180041,0.0,0.0,0.06283185307179587
6.5600000000000005,0.3742900831542131,-0.9273115150141302,0.0005364462858180041,0.0,0.0,0.06283185307179587
6.58,0.3754550813372177,-0.9268404361719728,0.0005364462858180041,0.0,0.0,0.06283185307179587
6.6000000000000005,0.37661948662540073,-0.9263678937222561,0.0005364462858180041,0.0,0.0,0.06283185307179587
6.62,0.37778329718000714,-0.9258938884111892,0.0005364462858180041,0.0,0.0,0.06283185307179587
6.640000000000001,0.37894651116322126,-0.9254184209872914,0.0005364462858180041,0.0,0.0,0.06283185307179587
6.66,0.38010912673816943,-0.9249414922013909,0.0005364462858180041,0.0,0.0,0.06283185307179587
6.68,0.38127114206892293,-0.9244631028066228,0.0005364462858180041,0.0,0.0,0.06283185307179587
6.7,0.38243255532050097,-0.9239832535584296,0.0005364462858180041,0.0,0.0,0.06283185307179587
6.72,0.3835933646588735,-0.9235019452145586,0.0005364462858180041,0.0,0.0,0.06283185307179587
6.74,0.38475356825096424,-0.9230191785350615,0.0005364462858180041,0.0,0.0,0.06283185307179587
6.76,0.3859131642646532,-0.9225349542822928,0.0005364462858180041,0.0,0.0,0.06283185307179587
6.78,0.38707215086878033,-0.9220492732209086,0.0005364462858180041,0.0,0.0,0.06283185307179587
6.8,0.3882305262331469,-0.9215621361178655,0.0005364462858180041,0.0,0.0,0.06283185307179587
6.82,0.38938828852852075,-0.9210735437424196,0.0005364462858180041,0.0,0.0,0.06283185307179587
6.84,0.3905454359266369,-0.9205834968661251,0.0005364462858180041,0.0,0.0,0.06283185307179587
6.86,0.39170196660020157,-0.9200919962628326,0.0005364462858180041,0.0,0.0,0.06283185307179587
6.88,0.3928578787228949,-0.9195990427086888,0.0005364462858180041,0.0,0.0,0.06283185307179587
6.9,0.3940131704693742,-0.9191046369821345,0.0005364462858180041,0.0,0.0,0.06283185307179587
6.92,0.395167840015276,-0.9186087798639038,0.0005364462858180041,0.0,0.0,0.06283185307179587
6.94,0.3963218855372194,-0.9181114721370232,0.0005364462858180041,0.0,0.0,0.06283185307179587
6.96,0.397475305212809,-0.917612714586809,0.0005364462858180041,0.0,0.0,0.06283185307179587
6.98,0.39862809722063774,-0.9171125080008677,0.0005364462858180041,0.0,0.0,0.06283185307179587
7.0,0.39978025974028975,-0.9166108531690942,0.0005364462858180041,0.0,0.0,0.06283185307179587
7.0200000000000005,0.4009317909523431,-0.9161077508836691,0.0005364462858180041,0.0,0.0,0.06283185307179587
7.04,0.4020826890383728,-0.9156032019390604,0.0005364462858180041,0.0,0.0,0.06283185307179587
7.0600000000000005,0.4032329521809538,-0.9150972071320191,0.0005364462858180041,0.0,0.0,0.06283185307179587
7.08,0.40438257856366333,-0.9145897672615803,0.0005364462858180041,0.0,0.0,0.06283185307179587
7.1000000000000005,0.40553156637108456,-0.9140808831290607,0.0005364462858180041,0.0,0.0,0.06283185307179587
7.12,0.4066799137888088,-0.9135705555380579,0.0005364462858180041,0.0,0.0,0.06283185307179587
7.140000000000001,0.40782761900343906,-0.913058785294449,0.0005364462858180041,0.0,0.0,0.06283185307179587
7.16,0.4089746802025917,-0.9125455732063887,0.0005364462858180041,0.0,0.0,0.06283185307179587
7.18,0.41012109557490095,-0.9120309200843092,0.0005364462858180041,0.0,0.0,0.06283185307179587
7.2,0.41126686331002027,-0.911514826740918,0.0005364462858180041,0.0,0.0,0.06283185307179587
7.22,0.41241198159862585,-0.910997293991197,0.0005364462858180041,0.0,0.0,0.06283185307179587
7.24,0.4135564486324199,-0.910478322652401,0.0005364462858180041,0.0,0.0,0.06283185307179587
7.26,0.41470026260413245,-0.9099579135440569,0.0005364462858180041,0.0,0.0,0.06283185307179587
7.28,0.41584342170752525,-0.9094360674879607,0.0005364462858180041,0.0,0.0,0.06283185307179587
7.3,0.41698592413739394,-0.9089127853081798,0.0005364462858180041,0.0,0.0,0.06283185307179587
7.32,0.41812776808957147,-0.908388067831047,0.0005364462858180041,0.0,0.0,0.06283185307179587
7.34,0.41926895176093043,-0.9078619158851637,0.0005364462858180041,0.0,0.0,0.06283185307179587
7.36,0.4204094733493857,-0.9073343303013953,0.0005364462858180041,0.0,0.0,0.06283185307179587
7.38,0.4215493310538982,-0.9068053119128717,0.0005364462858180041,0.0,0.0,0.06283185307179587
7.4,0.4226885230744771,-0.9062748615549847,0.0005364462858180041,0.0,0.0,0.06283185307179587
7.42,0.4238270476121825,-0.9057429800653881,0.0005364462858180041,0.0,0.0,0.06283185307179587
7.44,0.4249649028691291,-0.9052096682839955,0.0005364462858180041,0.0,0.0,0.06283185307179587
7.46,0.4261020870484877,-0.9046749270529787,0.0005364462858180041,0.0,0.0,0.06283185307179587
7.48,0.4272385983544895,-0.9041387572167673,0.0005364462858180041,0.0,0.0,0.06283185307179587
7.5,0.428374434992428,-0.9036011596220466,0.0005364462858180041,0.0,0.0,0.06283185307179587
7.5200000000000005,0.42950959516866194,-0.9030621351177563,0.0005364462858180041,0.0,0.0,0.06283185307179587
7.54,0.43064407709061875,-0.9025216845550902,0.0005364462858180041,0.0,0.0,0.06283185307179587
7.5600000000000005,0.43177787896679654,-0.9019798087874934,0.0005364462858180041,0.0,0.0,0.06283185307179587
7.58,0.43291099900676716,-0.9014365086706615,0.0005364462858180041,0.0,0.0,0.06283185307179587
7.6000000000000005,0.43404343542117985,-0.9008917850625396,0.0005364462858180041,0.0,0.0,0.06283185307179587
7.62,0.43517518642176245,-0.9003456388233206,0.0005364462858180041,0.0,0.0,0.06283185307179587
7.640000000000001,0.436306250221326,-0.8997980708154439,0.0005364462858180041,0.0,0.0,0.06283185307179587
7.66,0.4374366250337663,-0.8992490819035944,0.0005364462858180041,0.0,0.0,0.06283185307179587
7.68,0.43856630907406685,-0.8986986729547006,0.0005364462858180041,0.0,0.0,0.06283185307179587
7.7,0.4396953005583029,-0.8981468448379326,0.0005364462858180041,0.0,0.0,0.06283185307179587
7.72,0.44082359770364243,-0.8975935984247029,0.0005364462858180041,0.0,0.0,0.06283185307179587
7.74,0.44195119872835037,-0.897038934588663,0.0005364462858180041,0.0,0.0,0.06283185307179587
7.76,0.44307810185179075,-0.896482854205703,0.0005364462858180041,0.0,0.0,0.06283185307179587
7.78,0.4442043052944299,-0.8959253581539492,0.0005364462858180041,0.0,0.0,0.06283185307179587
7.8,0.44532980727783866,-0.8953664473137646,0.0005364462858180041,0.0,0.0,0.06283185307179587
7.82,0.4464546060246958,-0.8948061225677455,0.0005364462858180041,0.0,0.0,0.06283185307179587
7.84,0.4475786997587906,-0.8942443848007209,0.0005364462858180041,0.0,0.0,0.06283185307179587
7.86,0.44870208670502565,-0.8936812348997517,0.0005364462858180041,0.0,0.0,0.06283185307179587
7.88,0.4498247650894195,-0.8931166737541284,0.0005364462858180041,0.0,0.0,0.06283185307179587
7.9,0.4509467331391097,-0.8925507022553701,0.0005364462858180041,0.0,0.0,0.06283185307179587
7.92,0.4520679890823558,-0.891983321297223,0.0005364462858180041,0.0,0.0,0.06283185307179587
7.94,0.4531885311485415,-0.8914145317756589,0.0005364462858180041,0.0,0.0,0.06283185307179587
7.96,0.4543083575681779,-0.8908443345888744,0.0005364462858180041,0.0,0.0,0.06283185307179587
7.98,0.45542746657290634,-0.8902727306372886,0.0005364462858180041,0.0,0.0,0.06283185307179587
8.0,0.4565458563955007,-0.8896997208235421,0.0005364462858180041,0.0,0.0,0.06283185307179587
8.02,0.4576635252698711,-0.8891253060524954,0.0005364462858180041,0.0,0.0,0.06283185307179587
8.040000000000001,0.4587804714310658,-0.8885494872312282,0.0005364462858180041,0.0,0.0,0.06283185307179587
8.06,0.45989669311527426,-0.8879722652690366,0.0005364462858180041,0.0,0.0,0.06283185307179587
8.08,0.46101218855982995,-0.8873936410774333,0.0005364462858180041,0.0,0.0,0.06283185307179587
8.1,0.46212695600321335,-0.8868136155701452,0.0005364462858180041,0.0,0.0,0.06283185307179587
8.120000000000001,0.4632409936850546,-0.8862321896631109,0.0005364462858180041,0.0,0.0,0.06283185307179587
8.14,0.464354299846136,-0.8856493642744817,0.0005364462858180041,0.0,0.0,0.06283185307179587
8.16,0.46546687272839543,-0.8850651403246184,0.0005364462858180041,0.0,0.0,0.06283185307179587
8.18,0.4665787105749283,-0.8844795187360905,0.0005364462858180041,0.0,0.0,0.06283185307179587
8.2,0.46768981162999085,-0.8838925004336741,0.0005364462858180041,0.0,0.0,0.06283185307179587
8.22,0.46880017413900293,-0.8833040863443514,0.0005364462858180041,0.0,0.0,0.06283185307179587
8.24,0.4699097963485504,-0.8827142773973086,0.0005364462858180041,0.0,0.0,0.06283185307179587
8.26,0.47101867650638846,-0.8821230745239343,0.0005364462858180041,0.0,0.0,0.06283185307179587
8.28,0.47212681286144415,-0.8815304786578189,0.0005364462858180041,0.0,0.0,0.06283185307179587
8.3,0.4732342036638186,-0.8809364907347519,0.0005364462858180041,0.0,0.0,0.06283185307179587
8.32,0.47434084716479064,-0.8803411116927214,0.0005364462858180041,0.0,0.0,0.06283185307179587
8.34,0.47544674161681916,-0.8797443424719126,0.0005364462858180041,0.0,0.0,0.06283185307179587
8.36,0.47655188527354597,-0.8791461840147049,0.0005364462858180041,0.0,0.0,0.06283185307179587
8.38,0.4776562763897985,-0.8785466372656724,0.0005364462858180041,0.0,0.0,0.06283185307179587
8.4,0.47875991322159234,-0.8779457031715809,0.0005364462858180041,0.0,0.0,0.06283185307179587
8.42,0.4798627940261339,-0.8773433826813881,0.0005364462858180041,0.0,0.0,0.06283185307179587
8.44,0.48096491706182426,-0.8767396767462398,0.0005364462858180041,0.0,0.0,0.06283185307179587
8.46,0.48206628058826084,-0.87613458631947,0.0005364462858180041,0.0,0.0,0.06283185307179587
8.48,0.4831668828662398,-0.8755281123565992,0.0005364462858180041,0.0,0.0,0.06283185307179587
8.5,0.48426672215776034,-0.8749202558153324,0.0005364462858180041,0.0,0.0,0.06283185307179587
8.52,0.4853657967260259,-0.8743110176555584,0.0005364462858180041,0.0,0.0,0.06283185307179587
8.540000000000001,0.4864641048354479,-0.8737003988393475,0.0005364462858180041,0.0,0.0,0.06283185307179587
8.56,0.4875616447516478,-0.8730884003309496,0.0005364462858180041,0.0,0.0,0.06283185307179587
8.58,0.48865841474145993,-0.8724750230967943,0.0005364462858180041,0.0,0.0,0.06283185307179587
8.6,0.4897544130729352,-0.8718602681054878,0.0005364462858180041,0.0,0.0,0.06283185307179587
8.620000000000001,0.49084963801534276,-0.8712441363278122,0.0005364462858180041,0.0,0.0,0.06283185307179587
8.64,0.4919440878391725,-0.8706266287367236,0.0005364462858180041,0.0,0.0,0.06283185307179587
8.66,0.493037760816139,-0.8700077463073512,0.0005364462858180041,0.0,0.0,0.06283185307179587
8.68,0.49413065521918326,-0.8693874900169941,0.0005364462858180041,0.0,0.0,0.06283185307179587
8.700000000000001,0.49522276932247594,-0.8687658608451221,0.0005364462858180041,0.0,0.0,0.06283185307179587
8.72,0.4963141014014196,-0.8681428597733727,0.0005364462858180041,0.0,0.0,0.06283185307179587
8.74,0.4974046497326523,-0.8675184877855492,0.0005364462858180041,0.0,0.0,0.06283185307179587
8.76,0.49849441259404903,-0.8668927458676204,0.0005364462858180041,0.0,0.0,0.06283185307179587
8.78,0.4995833882647256,-0.8662656350077182,0.0005364462858180041,0.0,0.0,0.06283185307179587
8.8,0.5006715750250408,-0.8656371561961361,0.0005364462858180041,0.0,0.0,0.06283185307179587
8.82,0.5017589711565992,-0.8650073104253279,0.0005364462858180041,0.0,0.0,0.06283185307179587
8.84,0.5028455749422539,-0.8643760986899064,0.0005364462858180041,0.0,0.0,0.06283185307179587
8.86,0.503931384666109,-0.863743521986641,0.0005364462858180041,0.0,0.0,0.06283185307179587
8.88,0.5050163986135231,-0.8631095813144561,0.0005364462858180041,0.0,0.0,0.06283185307179587
8.9,0.5061006150711108,-0.8624742776744313,0.0005364462858180041,0.0,0.0,0.06283185307179587
8.92,0.5071840323267465,-0.8618376120697976,0.0005364462858180041,0.0,0.0,0.06283185307179587
8.94,0.5082666486695664,-0.8611995855059364,0.0005364462858180041,0.0,0.0,0.06283185307179587
8.96,0.5093484623899714,-0.860560198990379,0.0005364462858180041,0.0,0.0,0.06283185307179587
8.98,0.51042947177963,-0.8599194535328041,0.0005364462858180041,0.0,0.0,0.06283185307179587
9.0,0.511509675131481,-0.8592773501450365,0.0005364462858180041,0.0,0.0,0.06283185307179587
9.02,0.5125890707397356,-0.8586338898410444,0.0005364462858180041,0.0,0.0,0.06283185307179587
9.040000000000001,0.5136676568998813,-0.8579890736369399,0.0005364462858180041,0.0,0.0,0.06283185307179587
9.06,0.5147454319086825,-0.8573429025509759,0.0005364462858180041,0.0,0.0,0.06283185307179587
9.08,0.515822394064186,-0.8566953776035446,0.0005364462858180041,0.0,0.0,0.06283185307179587
9.1,0.5168985416657212,-0.8560464998171763,0.0005364462858180041,0.0,0.0,0.06283185307179587
9.120000000000001,0.5179738730139047,-0.8553962702165377,0.0005364462858180041,0.0,0.0,0.06283185307179587
9.14,0.519048386410641,-0.8547446898284295,0.0005364462858180041,0.0,0.0,0.06283185307179587
9.16,0.520122080159127,-0.8540917596817867,0.0005364462858180041,0.0,0.0,0.06283185307179587
9.18,0.5211949525638535,-0.853437480807675,0.0005364462858180041,0.0,0.0,0.06283185307179587
9.200000000000001,0.522267001930609,-0.8527818542392898,0.0005364462858180041,0.0,0.0,0.06283185307179587
9.22,0.5233382265664807,-0.8521248810119554,0.0005364462858180041,0.0,0.0,0.06283185307179587
9.24,0.5244086247798588,-0.8514665621631218,0.0005364462858180041,0.0,0.0,0.06283185307179587
9.26,0.5254781948804388,-0.8508068987323645,0.0005364462858180041,0.0,0.0,0.06283185307179587
9.28,0.5265469351792231,-0.8501458917613819,0.0005364462858180041,0.0,0.0,0.06283185307179587
9.3,0.527614843988525,-0.8494835422939943,0.0005364462858180041,0.0,0.0,0.06283185307179587
9.32,0.5286819196219705,-0.8488198513761422,0.0005364462858180041,0.0,0.0,0.06283185307179587
9.34,0.5297481603945021,-0.8481548200558842,0.0005364462858180041,0.0,0.0,0.06283185307179587
9.36,0.5308135646223795,-0.847488449383395,0.0005364462858180041,0.0,0.0,0.06283185307179587
9.38,0.5318781306231845,-0.8468207404109652,0.0005364462858180041,0.0,0.0,0.06283185307179587
9.4,0.5329418567158215,-0.8461516941929983,0.0005364462858180041,0.0,0.0,0.06283185307179587
9.42,0.5340047412205223,-0.8454813117860097,0.0005364462858180041,0.0,0.0,0.06283185307179587
9.44,0.5350667824588468,-0.8448095942486247,0.0005364462858180041,0.0,0.0,0.06283185307179587
9.46,0.5361279787536875,-0.8441365426415767,0.0005364462858180041,0.0,0.0,0.06283185307179587
9.48,0.5371883284292699,-0.8434621580277066,0.0005364462858180041,0.0,0.0,0.06283185307179587
9.5,0.5382478298111575,-0.8427864414719597,0.0005364462858180041,0.0,0.0,0.06283185307179587
9.52,0.5393064812262531,-0.842109394041384,0.0005364462858180041,0.0,0.0,0.06283185307179587
9.540000000000001,0.5403642810028014,-0.8414310168051303,0.0005364462858180041,0.0,0.0,0.06283185307179587
9.56,0.5414212274703922,-0.8407513108344489,0.0005364462858180041,0.0,0.0,0.06283185307179587
9.58,0.5424773189599628,-0.8400702772026881,0.0005364462858180041,0.0,0.0,0.06283185307179587
9.6,0.5435325538038006,-0.839387916985293,0.0005364462858180041,0.0,0.0,0.06283185307179587
9.620000000000001,0.5445869303355461,-0.8387042312598036,0.0005364462858180041,0.0,0.0,0.06283185307179587
9.64,0.5456404468901942,-0.838019221105853,0.0005364462858180041,0.0,0.0,0.06283185307179587
9.66,0.5466931018040986,-0.8373328876051657,0.0005364462858180041,0.0,0.0,0.06283185307179587
9.68,0.5477448934149738,-0.8366452318415558,0.0005364462858180041,0.0,0.0,0.06283185307179587
9.700000000000001,0.548795820061897,-0.8359562549009258,0.0005364462858180041,0.0,0.0,0.06283185307179587
9.72,0.5498458800853117,-0.8352659578712645,0.0005364462858180041,0.0,0.0,0.06283185307179587
9.74,0.5508950718270299,-0.8345743418426446,0.0005364462858180041,0.0,0.0,0.06283185307179587
9.76,0.5519433936302344,-0.8338814079072228,0.0005364462858180041,0.0,0.0,0.06283185307179587
9.78,0.5529908438394819,-0.833187157159236,0.0005364462858180041,0.0,0.0,0.06283185307179587
9.8,0.5540374208007057,-0.8324915906950011,0.0005364462858180041,0.0,0.0,0.06283185307179587
9.82,0.5550831228612182,-0.8317947096129126,0.0005364462858180041,0.0,0.0,0.06283185307179587
9.84,0.5561279483697128,-0.8310965150134408,0.0005364462858180041,0.0,0.0,0.06283185307179587
9.86,0.5571718956762675,-0.8303970079991301,0.0005364462858180041,0.0,0.0,0.06283185307179587
9.88,0.558214963132347,-0.8296961896745971,0.0005364462858180041,0.0,0.0,0.06283185307179587
9.9,0.5592571490908054,-0.8289940611465305,0.0005364462858180041,0.0,0.0,0.06283185307179587
9.92,0.5602984519058889,-0.8282906235236868,0.0005364462858180041,0.0,0.0,0.06283185307179587
9.94,0.5613388699332378,-0.8275858779168896,0.0005364462858180041,0.0,0.0,0.06283185307179587
9.96,0.5623784015298905,-0.8268798254390285,0.0005364462858180041,0.0,0.0,0.06283185307179587
9.98,0.5634170450542845,-0.8261724672050571,0.0005364462858180041,0.0,0.0,0.06283185307179587
10.0,0.5644547988662603,-0.8254638043319906,0.0005364462858180041,0.0,0.0,0.06283185307179587
10.02,0.5654916613270625,-0.824753837938904,0.0005364462858180041,0.0,0.0,0.06283185307179587
10.040000000000001,0.5665276307993438,-0.8240425691469314,0.0005364462858180041,0.0,0.0,0.06283185307179587
10.06,0.5675627056471672,-0.8233299990792632,0.0005364462858180041,0.0,0.0,0.06283185307179587
10.08,0.5685968842360078,-0.822616128861145,0.0005364462858180041,0.0,0.0,0.06283185307179587
10.1,0.5696301649327572,-0.8219009596198753,0.0005364462858180041,0.0,0.0,0.06283185307179587
10.120000000000001,0.5706625461057234,-0.8211844924848037,0.0005364462858180041,0.0,0.0,0.06283185307179587
10.14,0.571694026124636,-0.8204667285873302,0.0005364462858180041,0.0,0.0,0.06283185307179587
10.16,0.5727246033606476,-0.8197476690609015,0.0005364462858180041,0.0,0.0,0.06283185307179587
10.18,0.5737542761863352,-0.8190273150410107,0.0005364462858180041,0.0,0.0,0.06283185307179587
10.200000000000001,0.5747830429757058,-0.818305667665195,0.0005364462858180041,0.0,0.0,0.06283185307179587
10.22,0.5758109021041954,-0.8175827280730344,0.0005364462858180041,0.0,0.0,0.06283185307179587
10.24,0.5768378519486744,-0.816858497406149,0.0005364462858180041,0.0,0.0,0.06283185307179587
10.26,0.5778638908874492,-0.816132976808198,0.0005364462858180041,0.0,0.0,0.06283185307179587
10.28,0.5788890173002639,-0.8154061674248776,0.0005364462858180041,0.0,0.0,0.06283185307179587
10.3,0.5799132295683038,-0.8146780704039189,0.0005364462858180041,0.0,0.0,0.06283185307179587
10.32,0.5809365260741984,-0.8139486868950864,0.0005364462858180041,0.0,0.0,0.06283185307179587
10.34,0.5819589052020225,-0.8132180180501762,0.0005364462858180041,0.0,0.0,0.06283185307179587
10.36,0.5829803653372999,-0.8124860650230142,0.0005364462858180041,0.0,0.0,0.06283185307179587
10.38,0.5840009048670062,-0.8117528289694541,0.0005364462858180041,0.0,0.0,0.06283185307179587
10.4,0.5850205221795691,-0.811018311047376,0.0005364462858180041,0.0,0.0,0.06283185307179587
10.42,0.5860392156648744,-0.8102825124166834,0.0005364462858180041,0.0,0.0,0.06283185307179587
10.44,0.5870569837142661,-0.809545434239303,0.0005364462858180041,0.0,0.0,0.06283185307179587
10.46,0.5880738247205495,-0.8088070776791821,0.0005364462858180041,0.0,0.0,0.06283185307179587
10.48,0.5890897370779936,-0.8080674439022864,0.0005364462858180041,0.0,0.0,0.06283185307179587
10.5,0.5901047191823343,-0.8073265340765983,0.0005364462858180041,0.0,0.0,0.06283185307179587
10.52,0.5911187694307761,-0.8065843493721158,0.0005364462858180041,0.0,0.0,0.06283185307179587
10.540000000000001,0.5921318862219954,-0.8058408909608494,0.0005364462858180041,0.0,0.0,0.06283185307179587
10.56,0.5931440679561426,-0.8050961600168223,0.0005364462858180041,0.0,0.0,0.06283185307179587
10.58,0.5941553130348447,-0.8043501577160658,0.0005364462858180041,0.0,0.0,0.06283185307179587
10.6,0.5951656198612069,-0.8036028852366194,0.0005364462858180041,0.0,0.0,0.06283185307179587
10.620000000000001,0.5961749868398177,-0.8028543437585283,0.0005364462858180041,0.0,0.0,0.06283185307179587
10.64,0.5971834123767488,-0.8021045344638416,0.0005364462858180041,0.0,0.0,0.06283185307179587
10.66,0.5981908948795581,-0.8013534585366104,0.0005364462858180041,0.0,0.0,0.06283185307179587
10.68,0.5991974327572934,-0.8006011171628865,0.0005364462858180041,0.0,0.0,0.06283185307179587
10.700000000000001,0.6002030244204944,-0.7998475115307196,0.0005364462858180041,0.0,0.0,0.06283185307179587
10.72,0.6012076682811942,-0.7990926428301559,0.0005364462858180041,0.0,0.0,0.06283185307179587
10.74,0.6022113627529232,-0.7983365122532358,0.0005364462858180041,0.0,0.0,0.06283185307179587
10.76,0.6032141062507107,-0.7975791209939926,0.0005364462858180041,0.0,0.0,0.06283185307179587
10.78,0.604215897191088,-0.7968204702484508,0.0005364462858180041,0.0,0.0,0.06283185307179587
10.8,0.6052167339920904,-0.7960605612146234,0.0005364462858180041,0.0,0.0,0.06283185307179587
10.82,0.6062166150732599,-0.7952993950925101,0.0005364462858180041,0.0,0.0,0.06283185307179587
10.84,0.6072155388556478,-0.7945369730840971,0.0005364462858180041,0.0,0.0,0.06283185307179587
10.86,0.6082135037618172,-0.7937732963933519,0.0005364462858180041,0.0,0.0,0.06283185307179587
10.88,0.6092105082158452,-0.7930083662262244,0.0005364462858180041,0.0,0.0,0.06283185307179587
10.9,0.6102065506433256,-0.792242183790644,0.0005364462858180041,0.0,0.0,0.06283185307179587
10.92,0.6112016294713715,-0.7914747502965176,0.0005364462858180041,0.0,0.0,0.06283185307179587
10.94,0.6121957431286177,-0.7907060669557264,0.0005364462858180041,0.0,0.0,0.06283185307179587
10.96,0.613188890045223,-0.7899361349821273,0.0005364462858180041,0.0,0.0,0.06283185307179587
10.98,0.614181068652873,-0.7891649555915475,0.0005364462858180041,0.0,0.0,0.06283185307179587
11.0,0.615172277384782,-0.7883925300017849,0.0005364462858180041,0.0,0.0,0.06283185307179587
11.02,0.616162514675696,-0.7876188594326045,0.0005364462858180041,0.0,0.0,0.06283185307179587
11.040000000000001,0.6171517789618955,-0.7868439451057377,0.0005364462858180041,0.0,0.0,0.06283185307179587
11.06,0.6181400686811972,-0.7860677882448807,0.0005364462858180041,0.0,0.0,0.06283185307179587
11.08,0.6191273822729565,-0.7852903900756902,0.0005364462858180041,0.0,0.0,0.06283185307179587
11.1,0.6201137181780707,-0.7845117518257848,0.0005364462858180041,0.0,0.0,0.06283185307179587
11.120000000000001,0.6210990748389807,-0.7837318747247405,0.0005364462858180041,0.0,0.0,0.06283185307179587
11.14,0.6220834506996734,-0.782950760004089,0.0005364462858180041,0.0,0.0,0.06283185307179587
11.16,0.6230668442056854,-0.782168408897318,0.0005364462858180041,0.0,0.0,0.06283185307179587
11.18,0.6240492538041043,-0.781384822639866,0.0005364462858180041,0.0,0.0,0.06283185307179587
11.200000000000001,0.6250306779435707,-0.7806000024691226,0.0005364462858180041,0.0,0.0,0.06283185307179587
11.22,0.6260111150742825,-0.7798139496244265,0.0005364462858180041,0.0,0.0,0.06283185307179587
11.24,0.6269905636479953,-0.7790266653470619,0.0005364462858180041,0.0,0.0,0.06283185307179587
11.26,0.6279690221180259,-0.7782381508802586,0.0005364462858180041,0.0,0.0,0.06283185307179587
11.28,0.6289464889392549,-0.7774484074691885,0.0005364462858180041,0.0,0.0,0.06283185307179587
11.3,0.6299229625681293,-0.7766574363609642,0.0005364462858180041,0.0,0.0,0.06283185307179587
11.32,0.6308984414626633,-0.7758652388046364,0.0005364462858180041,0.0,0.0,0.06283185307179587
11.34,0.6318729240824433,-0.7750718160511941,0.0005364462858180041,0.0,0.0,0.06283185307179587
11.36,0.6328464088886275,-0.7742771693535598,0.0005364462858180041,0.0,0.0,0.06283185307179587
11.38,0.6338188943439512,-0.7734812999665889,0.0005364462858180041,0.0,0.0,0.06283185307179587
11.4,0.6347903789127266,-0.7726842091470681,0.0005364462858180041,0.0,0.0,0.06283185307179587
11.42,0.6357608610608473,-0.7718858981537126,0.0005364462858180041,0.0,0.0,0.06283185307179587
11.44,0.636730339255789,-0.7710863682471641,0.0005364462858180041,0.0,0.0,0.06283185307179587
11.46,0.637698811966614,-0.7702856206899898,0.0005364462858180041,0.0,0.0,0.06283185307179587
11.48,0.6386662776639712,-0.7694836567466791,0.0005364462858180041,0.0,0.0,0.06283185307179587
11.5,0.6396327348201004,-0.7686804776836428,0.0005364462858180041,0.0,0.0,0.06283185307179587
11.52,0.6405981819088337,-0.76787608476921,0.0005364462858180041,0.0,0.0,0.06283185307179587
11.540000000000001,0.6415626174055983,-0.7670704792736274,0.0005364462858180041,0.0,0.0,0.06283185307179587
11.56,0.6425260397874192,-0.7662636624690555,0.0005364462858180041,0.0,0.0,0.06283185307179587
11.58,0.6434884475329206,-0.7654556356295683,0.0005364462858180041,0.0,0.0,0.06283185307179587
11.6,0.6444498391223294,-0.7646464000311506,0.0005364462858180041,0.0,0.0,0.06283185307179587
11.620000000000001,0.6454102130374775,-0.7638359569516958,0.0005364462858180041,0.0,0.0,0.06283185307179587
11.64,0.6463695677618028,-0.7630243076710042,0.0005364462858180041,0.0,0.0,0.06283185307179587
11.66,0.6473279017803535,-0.7622114534707808,0.0005364462858180041,0.0,0.0,0.06283185307179587
11.68,0.6482852135797895,-0.7613973956346334,0.0005364462858180041,0.0,0.0,0.06283185307179587
11.700000000000001,0.6492415016483848,-0.7605821354480701,0.0005364462858180041,0.0,0.0,0.06283185307179587
11.72,0.6501967644760295,-0.7597656741984979,0.0005364462858180041,0.0,0.0,0.06283185307179587
11.74,0.6511510005542337,-0.7589480131752215,0.0005364462858180041,0.0,0.0,0.06283185307179587
11.76,0.6521042083761285,-0.7581291536694382,0.0005364462858180041,0.0,0.0,0.06283185307179587
11.78,0.6530563864364685,-0.7573090969742392,0.0005364462858180041,0.0,0.0,0.06283185307179587
11.8,0.6540075332316345,-0.7564878443846064,0.0005364462858180041,0.0,0.0,0.06283185307179587
11.82,0.6549576472596359,-0.7556653971974094,0.0005364462858180041,0.0,0.0,0.06283185307179587
11.84,0.6559067270201128,-0.7548417567114046,0.0005364462858180041,0.0,0.0,0.06283185307179587
11.86,0.6568547710143389,-0.7540169242272329,0.0005364462858180041,0.0,0.0,0.06283185307179587
11.88,0.6578017777452233,-0.753190901047417,0.0005364462858180041,0.0,0.0,0.06283185307179587
11.9,0.658747745717313,-0.752363688476361,0.0005364462858180041,0.0,0.0,0.06283185307179587
11.92,0.6596926734367956,-0.7515352878203456,0.0005364462858180041,0.0,0.0,0.06283185307179587
11.94,0.6606365594115009,-0.750705700387529,0.0005364462858180041,0.0,0.0,0.06283185307179587
11.96,0.6615794021509048,-0.7498749274879426,0.0005364462858180041,0.0,0.0,0.06283185307179587
11.98,0.6625212001661295,-0.749042970433491,0.0005364462858180041,0.0,0.0,0.06283185307179587
12.0,0.6634619519699468,-0.7482098305379473,0.0005364462858180041,0.0,0.0,0.06283185307179587
12.02,0.6644016560767821,-0.7473755091169532,0.0005364462858180041,0.0,0.0,0.06283185307179587
12.040000000000001,0.665340311002714,-0.7465400074880161,0.0005364462858180041,0.0,0.0,0.06283185307179587
12.06,0.6662779152654783,-0.7457033269705075,0.0005364462858180041,0.0,0.0,0.06283185307179587
12.08,0.6672144673844701,-0.7448654688856596,0.0005364462858180041,0.0,0.0,0.06283185307179587
12.1,0.6681499658807452,-0.7440264345565648,0.0005364462858180041,0.0,0.0,0.06283185307179587
12.120000000000001,0.6690844092770245,-0.7431862253081727,0.0005364462858180041,0.0,0.0,0.06283185307179587
12.14,0.6700177960976937,-0.742344842467289,0.0005364462858180041,0.0,0.0,0.06283185307179587
12.16,0.6709501248688081,-0.741502287362572,0.0005364462858180041,0.0,0.0,0.06283185307179587
12.18,0.6718813941180931,-0.7406585613245301,0.0005364462858180041,0.0,0.0,0.06283185307179587
12.200000000000001,0.6728116023749474,-0.7398136656855233,0.0005364462858180041,0.0,0.0,0.06283185307179587
12.22,0.6737407481704449,-0.7389676017797564,0.0005364462858180041,0.0,0.0,0.06283185307179587
12.24,0.6746688300373379,-0.7381203709432799,0.0005364462858180041,0.0,0.0,0.06283185307179587
12.26,0.6755958465100589,-0.7372719745139867,0.0005364462858180041,0.0,0.0,0.06283185307179587
12.280000000000001,0.6765217961247214,-0.736422413831611,0.0005364462858180041,0.0,0.0,0.06283185307179587
12.3,0.6774466774191251,-0.7355716902377245,0.0005364462858180041,0.0,0.0,0.06283185307179587
12.32,0.6783704889327563,-0.7347198050757365,0.0005364462858180041,0.0,0.0,0.06283185307179587
12.34,0.6792932292067905,-0.7338667596908899,0.0005364462858180041,0.0,0.0,0.06283185307179587
12.36,0.6802148967840946,-0.7330125554302594,0.0005364462858180041,0.0,0.0,0.06283185307179587
12.38,0.6811354902092298,-0.7321571936427504,0.0005364462858180041,0.0,0.0,0.06283185307179587
12.4,0.6820550080284533,-0.731300675679096,0.0005364462858180041,0.0,0.0,0.06283185307179587
12.42,0.6829734487897213,-0.7304430028918545,0.0005364462858180041,0.0,0.0,0.06283185307179587
12.44,0.68389081104269,-0.7295841766354086,0.0005364462858180041,0.0,0.0,0.06283185307179587
12.46,0.6848070933387196,-0.7287241982659625,0.0005364462858180041,0.0,0.0,0.06283185307179587
12.48,0.6857222942308752,-0.7278630691415389,0.0005364462858180041,0.0,0.0,0.06283185307179587
12.5,0.6866364122739296,-0.7270007906219786,0.0005364462858180041,0.0,0.0,0.06283185307179587
12.52,0.6875494460243656,-0.7261373640689373,0.0005364462858180041,0.0,0.0,0.06283185307179587
12.540000000000001,0.6884613940403783,-0.7252727908458825,0.0005364462858180041,0.0,0.0,0.06283185307179587
12.56,0.6893722548818773,-0.724407072318094,0.0005364462858180041,0.0,0.0,0.06283185307179587
12.58,0.6902820271104888,-0.7235402098526597,0.0005364462858180041,0.0,0.0,0.06283185307179587
12.6,0.6911907092895586,-0.7226722048184727,0.0005364462858180041,0.0,0.0,0.06283185307179587
12.620000000000001,0.6920982999841536,-0.7218030585862326,0.0005364462858180041,0.0,0.0,0.06283185307179587
12.64,0.6930047977610637,-0.7209327725284396,0.0005364462858180041,0.0,0.0,0.06283185307179587
12.66,0.6939102011888058,-0.7200613480193939,0.0005364462858180041,0.0,0.0,0.06283185307179587
12.68,0.6948145088376237,-0.7191887864351939,0.0005364462858180041,0.0,0.0,0.06283185307179587
12.700000000000001,0.6957177192794932,-0.7183150891537335,0.0005364462858180041,0.0,0.0,0.06283185307179587
12.72,0.6966198310881206,-0.7174402575547,0.0005364462858180041,0.0,0.0,0.06283185307179587
12.74,0.6975208428389487,-0.7165642930195718,0.0005364462858180041,0.0,0.0,0.06283185307179587
12.76,0.698420753109157,-0.7156871969316165,0.0005364462858180041,0.0,0.0,0.06283185307179587
12.780000000000001,0.6993195604776641,-0.7148089706758882,0.0005364462858180041,0.0,0.0,0.06283185307179587
12.8,0.7002172635251308,-0.7139296156392267,0.0005364462858180041,0.0,0.0,0.06283185307179587
12.82,0.7011138608339612,-0.7130491332102536,0.0005364462858180041,0.0,0.0,0.06283185307179587
12.84,0.7020093509883056,-0.7121675247793698,0.0005364462858180041,0.0,0.0,0.06283185307179587
12.86,0.7029037325740632,-0.7112847917387568,0.0005364462858180041,0.0,0.0,0.06283185307179587
12.88,0.7037970041788837,-0.7104009354823695,0.0005364462858180041,0.0,0.0,0.06283185307179587
12.9,0.7046891643921684,-0.7095159574059379,0.0005364462858180041,0.0,0.0,0.06283185307179587
12.92,0.7055802118050749,-0.7086298589069633,0.0005364462858180041,0.0,0.0,0.06283185307179587
12.94,0.7064701450105179,-0.707742641384716,0.0005364462858180041,0.0,0.0,0.06283185307179587
12.96,0.7073589626031712,-0.7068543062402335,0.0005364462858180041,0.0,0.0,0.06283185307179587
12.98,0.708246663179471,-0.7059648548763184,0.0005364462858180041,0.0,0.0,0.06283185307179587
13.0,0.7091332453376163,-0.7050742886975359,0.0005364462858180041,0.0,0.0,0.06283185307179587
13.02,0.710018707677573,-0.7041826091102116,0.0005364462858180041,0.0,0.0,0.06283185307179587
13.040000000000001,0.7109030488010757,-0.7032898175224287,0.0005364462858180041,0.0,0.0,0.06283185307179587
13.06,0.7117862673116283,-0.7023959153440279,0.0005364462858180041,0.0,0.0,0.06283185307179587
13.08,0.7126683618145088,-0.7015009039866023,0.0005364462858180041,0.0,0.0,0.06283185307179587
13.1,0.7135493309167691,-0.7006047848634968,0.0005364462858180041,0.0,0.0,0.06283185307179587
13.120000000000001,0.7144291732272392,-0.6997075593898057,0.0005364462858180041,0.0,0.0,0.06283185307179587
13.14,0.7153078873565275,-0.6988092289823711,0.0005364462858180041,0.0,0.0,0.06283185307179587
13.16,0.7161854719170249,-0.6979097950597789,0.0005364462858180041,0.0,0.0,0.06283185307179587
13.18,0.7170619255229056,-0.6970092590423584,0.0005364462858180041,0.0,0.0,0.06283185307179587
13.200000000000001,0.7179372467901296,-0.6961076223521784,0.0005364462858180041,0.0,0.0,0.06283185307179587
13.22,0.7188114343364448,-0.6952048864130468,0.0005364462858180041,0.0,0.0,0.06283185307179587
13.24,0.7196844867813903,-0.6943010526505065,0.0005364462858180041,0.0,0.0,0.06283185307179587
13.26,0.720556402746297,-0.6933961224918346,0.0005364462858180041,0.0,0.0,0.06283185307179587
13.280000000000001,0.7214271808542905,-0.692490097366039,0.0005364462858180041,0.0,0.0,0.06283185307179587
13.3,0.7222968197302931,-0.6915829787038573,0.0005364462858180041,0.0,0.0,0.06283185307179587
13.32,0.7231653180010266,-0.6906747679377536,0.0005364462858180041,0.0,0.0,0.06283185307179587
13.34,0.724032674295013,-0.6897654665019168,0.0005364462858180041,0.0,0.0,0.06283185307179587
13.36,0.724898887242579,-0.6888550758322579,0.0005364462858180041,0.0,0.0,0.06283185307179587
13.38,0.7257639554758563,-0.687943597366408,0.0005364462858180041,0.0,0.0,0.06283185307179587
13.4,0.7266278776287838,-0.6870310325437161,0.0005364462858180041,0.0,0.0,0.06283185307179587
13.42,0.7274906523371101,-0.6861173828052466,0.0005364462858180041,0.0,0.0,0.06283185307179587
13.44,0.7283522782383964,-0.6852026495937771,0.0005364462858180041,0.0,0.0,0.06283185307179587
13.46,0.729212753972018,-0.6842868343537963,0.0005364462858180041,0.0,0.0,0.06283185307179587
13.48,0.7300720781791663,-0.6833699385315015,0.0005364462858180041,0.0,0.0,0.06283185307179587
13.5,0.7309302495028509,-0.682451963574796,0.0005364462858180041,0.0,0.0,0.06283185307179587
13.52,0.7317872665879024,-0.6815329109332882,0.0005364462858180041,0.0,0.0,0.06283185307179587
13.540000000000001,0.7326431280809735,-0.6806127820582867,0.0005364462858180041,0.0,0.0,0.06283185307179587
13.56,0.7334978326305424,-0.6796915784028014,0.0005364462858180041,0.0,0.0,0.06283185307179587
13.58,0.7343513788869136,-0.6787693014215384,0.0005364462858180041,0.0,0.0,0.06283185307179587
13.6,0.7352037655022212,-0.6778459525708991,0.0005364462858180041,0.0,0.0,0.06283185307179587
13.620000000000001,0.7360549911304305,-0.6769215333089769,0.0005364462858180041,0.0,0.0,0.06283185307179587
13.64,0.7369050544273399,-0.6759960450955566,0.0005364462858180041,0.0,0.0,0.06283185307179587
13.66,0.7377539540505835,-0.6750694893921098,0.0005364462858180041,0.0,0.0,0.06283185307179587
13.68,0.738601688659633,-0.6741418676617946,0.0005364462858180041,0.0,0.0,0.06283185307179587
13.700000000000001,0.7394482569157997,-0.6732131813694527,0.0005364462858180041,0.0,0.0,0.06283185307179587
13.72,0.7402936574822367,-0.6722834319816063,0.0005364462858180041,0.0,0.0,0.06283185307179587
13.74,0.741137889023941,-0.6713526209664565,0.0005364462858180041,0.0,0.0,0.06283185307179587
13.76,0.741980950207756,-0.6704207497938811,0.0005364462858180041,0.0,0.0,0.06283185307179587
13.780000000000001,0.742822839702373,-0.6694878199354317,0.0005364462858180041,0.0,0.0,0.06283185307179587
13.8,0.7436635561783336,-0.668553832864332,0.0005364462858180041,0.0,0.0,0.06283185307179587
13.82,0.7445030983080315,-0.6676187900554751,0.0005364462858180041,0.0,0.0,0.06283185307179587
13.84,0.7453414647657153,-0.666682692985421,0.0005364462858180041,0.0,0.0,0.06283185307179587
13.86,0.7461786542274896,-0.6657455431323949,0.0005364462858180041,0.0,0.0,0.06283185307179587
13.88,0.7470146653713186,-0.6648073419762843,0.0005364462858180041,0.0,0.0,0.06283185307179587
13.9,0.7478494968770258,-0.6638680909986369,0.0005364462858180041,0.0,0.0,0.06283185307179587
13.92,0.7486831474262988,-0.6629277916826587,0.0005364462858180041,0.0,0.0,0.06283185307179587
13.94,0.7495156157026892,-0.6619864455132101,0.0005364462858180041,0.0,0.0,0.06283185307179587
13.96,0.7503469003916166,-0.6610440539768048,0.0005364462858180041,0.0,0.0,0.06283185307179587
13.98,0.7511770001803684,-0.6601006185616085,0.0005364462858180041,0.0,0.0,0.06283185307179587
14.0,0.7520059137581043,-0.6591561407574343,0.0005364462858180041,0.0,0.0,0.06283185307179587
14.02,0.752833639815856,-0.6582106220557412,0.0005364462858180041,0.0,0.0,0.06283185307179587
14.040000000000001,0.7536601770465314,-0.6572640639496322,0.0005364462858180041,0.0,0.0,0.06283185307179587
14.06,0.7544855241449153,-0.6563164679338522,0.0005364462858180041,0.0,0.0,0.06283185307179587
14.08,0.7553096798076723,-0.6553678355047847,0.0005364462858180041,0.0,0.0,0.06283185307179587
14.1,0.7561326427333477,-0.6544181681604497,0.0005364462858180041,0.0,0.0,0.06283185307179587
14.120000000000001,0.7569544116223708,-0.6534674674005013,0.0005364462858180041,0.0,0.0,0.06283185307179587
14.14,0.7577749851770564,-0.652515734726226,0.0005364462858180041,0.0,0.0,0.06283185307179587
14.16,0.7585943621016071,-0.6515629716405397,0.0005364462858180041,0.0,0.0,0.06283185307179587
14.18,0.7594125411021148,-0.650609179647985,0.0005364462858180041,0.0,0.0,0.06283185307179587
14.200000000000001,0.7602295208865631,-0.6496543602547299,0.0005364462858180041,0.0,0.0,0.06283185307179587
14.22,0.7610453001648293,-0.6486985149685645,0.0005364462858180041,0.0,0.0,0.06283185307179587
14.24,0.7618598776486861,-0.6477416452988988,0.0005364462858180041,0.0,0.0,0.06283185307179587
14.26,0.7626732520518055,-0.646783752756761,0.0005364462858180041,0.0,0.0,0.06283185307179587
14.280000000000001,0.7634854220897574,-0.6458248388547938,0.0005364462858180041,0.0,0.0,0.06283185307179587
14.3,0.7642963864800151,-0.6448649051072538,0.0005364462858180041,0.0,0.0,0.06283185307179587
14.32,0.7651061439419548,-0.6439039530300065,0.0005364462858180041,0.0,0.0,0.06283185307179587
14.34,0.765914693196859,-0.642941984140527,0.0005364462858180041,0.0,0.0,0.06283185307179587
14.36,0.7667220329679181,-0.641978999957895,0.0005364462858180041,0.0,0.0,0.06283185307179587
14.38,0.7675281619802324,-0.6410150020027946,0.0005364462858180041,0.0,0.0,0.06283185307179587
14.4,0.7683330789608142,-0.6400499917975095,0.0005364462858180041,0.0,0.0,0.06283185307179587
14.42,0.7691367826385893,-0.6390839708659232,0.0005364462858180041,0.0,0.0,0.06283185307179587
14.44,0.7699392717444005,-0.638116940733514,0.0005364462858180041,0.0,0.0,0.06283185307179587
14.46,0.7707405450110074,-0.6371489029273547,0.0005364462858180041,0.0,0.0,0.06283185307179587
14.48,0.7715406011730905,-0.6361798589761092,0.0005364462858180041,0.0,0.0,0.06283185307179587
14.5,0.7723394389672521,-0.63520981041003,0.0005364462858180041,0.0,0.0,0.06283185307179587
14.52,0.7731370571320181,-0.6342387587609566,0.0005364462858180041,0.0,0.0,0.06283185307179587
14.540000000000001,0.7739334544078402,-0.6332667055623117,0.0005364462858180041,0.0,0.0,0.06283185307179587
14.56,0.774728629537099,-0.6322936523491003,0.0005364462858180041,0.0,0.0,0.06283185307179587
14.58,0.775522581264104,-0.6313196006579057,0.0005364462858180041,0.0,0.0,0.06283185307179587
14.6,0.7763153083350969,-0.6303445520268892,0.0005364462858180041,0.0,0.0,0.06283185307179587
14.620000000000001,0.777106809498254,-0.629368507995785,0.0005364462858180041,0.0,0.0,0.06283185307179587
14.64,0.7778970835036864,-0.6283914701059002,0.0005364462858180041,0.0,0.0,0.06283185307179587
14.66,0.778686129103444,-0.6274134399001111,0.0005364462858180041,0.0,0.0,0.06283185307179587
14.68,0.7794739450515156,-0.6264344189228607,0.0005364462858180041,0.0,0.0,0.06283185307179587
14.700000000000001,0.7802605301038332,-0.6254544087201568,0.0005364462858180041,0.0,0.0,0.06283185307179587
14.72,0.7810458830182709,-0.624473410839569,0.0005364462858180041,0.0,0.0,0.06283185307179587
14.74,0.7818300025546494,-0.6234914268302274,0.0005364462858180041,0.0,0.0,0.06283185307179587
14.76,0.7826128874747367,-0.6225084582428182,0.0005364462858180041,0.0,0.0,0.06283185307179587
14.780000000000001,0.7833945365422512,-0.6215245066295837,0.0005364462858180041,0.0,0.0,0.06283185307179587
14.8,0.7841749485228616,-0.620539573544317,0.0005364462858180041,0.0,0.0,0.06283185307179587
14.82,0.7849541221841911,-0.6195536605423626,0.0005364462858180041,0.0,0.0,0.06283185307179587
14.84,0.7857320562958187,-0.6185667691806114,0.0005364462858180041,0.0,0.0,0.06283185307179587
14.86,0.7865087496292796,-0.6175789010174995,0.0005364462858180041,0.0,0.0,0.06283185307179587
14.88,0.7872842009580693,-0.6165900576130054,0.0005364462858180041,0.0,0.0,0.06283185307179587
14.9,0.7880584090576442,-0.6156002405286486,0.0005364462858180041,0.0,0.0,0.06283185307179587
14.92,0.7888313727054242,-0.6146094513274843,0.0005364462858180041,0.0,0.0,0.06283185307179587
14.94,0.7896030906807942,-0.6136176915741047,0.0005364462858180041,0.0,0.0,0.06283185307179587
14.96,0.790373561765106,-0.6126249628346333,0.0005364462858180041,0.0,0.0,0.06283185307179587
14.98,0.7911427847416803,-0.6116312666767246,0.0005364462858180041,0.0,0.0,0.06283185307179587
15.0,0.7919107583958097,-0.6106366046695605,0.0005364462858180041,0.0,0.0,0.06283185307179587
15.02,0.7926774815147586,-0.6096409783838476,0.0005364462858180041,0.0,0.0,0.06283185307179587
15.040000000000001,0.7934429528877669,-0.6086443893918161,0.0005364462858180041,0.0,0.0,0.06283185307179587
15.06,0.7942071713060503,-0.6076468392672161,0.0005364462858180041,0.0,0.0,0.06283185307179587
15.08,0.7949701355628036,-0.6066483295853153,0.0005364462858180041,0.0,0.0,0.06283185307179587
15.1,0.7957318444532023,-0.6056488619228967,0.0005364462858180041,0.0,0.0,0.06283185307179587
15.120000000000001,0.7964922967744043,-0.6046484378582563,0.0005364462858180041,0.0,0.0,0.06283185307179587
15.14,0.7972514913255513,-0.6036470589712002,0.0005364462858180041,0.0,0.0,0.06283185307179587
15.16,0.7980094269077715,-0.6026447268430425,0.0005364462858180041,0.0,0.0,0.06283185307179587
15.18,0.7987661023241815,-0.6016414430566023,0.0005364462858180041,0.0,0.0,0.06283185307179587
15.200000000000001,0.799521516379887,-0.6006372091962014,0.0005364462858180041,0.0,0.0,0.06283185307179587
15.22,0.8002756678819863,-0.5996320268476628,0.0005364462858180041,0.0,0.0,0.06283185307179587
15.24,0.8010285556395714,-0.5986258975983063,0.0005364462858180041,0.0,0.0,0.06283185307179587
15.26,0.8017801784637298,-0.5976188230369471,0.0005364462858180041,0.0,0.0,0.06283185307179587
15.280000000000001,0.8025305351675465,-0.5966108047538935,0.0005364462858180041,0.0,0.0,0.06283185307179587
15.3,0.8032796245661052,-0.5956018443409438,0.0005364462858180041,0.0,0.0,0.06283185307179587
15.32,0.8040274454764919,-0.5945919433913842,0.0005364462858180041,0.0,0.0,0.06283185307179587
15.34,0.8047739967177954,-0.5935811034999866,0.0005364462858180041,0.0,0.0,0.06283185307179587
15.36,0.8055192771111096,-0.5925693262630048,0.0005364462858180041,0.0,0.0,0.06283185307179587
15.38,0.8062632854795349,-0.5915566132781732,0.0005364462858180041,0.0,0.0,0.06283185307179587
15.4,0.8070060206481802,-0.590542966144704,0.0005364462858180041,0.0,0.0,0.06283185307179587
15.42,0.8077474814441655,-0.5895283864632843,0.0005364462858180041,0.0,0.0,0.06283185307179587
15.44,0.8084876666966232,-0.5885128758360736,0.0005364462858180041,0.0,0.0,0.06283185307179587
15.46,0.8092265752366993,-0.5874964358667022,0.0005364462858180041,0.0,0.0,0.06283185307179587
15.48,0.8099642058975568,-0.5864790681602677,0.0005364462858180041,0.0,0.0,0.06283185307179587
15.5,0.8107005575143759,-0.5854607743233324,0.0005364462858180041,0.0,0.0,0.06283185307179587
15.52,0.8114356289243569,-0.5844415559639211,0.0005364462858180041,0.0,0.0,0.06283185307179587
15.540000000000001,0.8121694189667219,-0.5834214146915184,0.0005364462858180041,0.0,0.0,0.06283185307179587
15.56,0.8129019264827163,-0.5824003521170672,0.0005364462858180041,0.0,0.0,0.06283185307179587
15.58,0.8136331503156105,-0.5813783698529648,0.0005364462858180041,0.0,0.0,0.06283185307179587
15.6,0.8143630893107026,-0.58035546951306,0.0005364462858180041,0.0,0.0,0.06283185307179587
15.620000000000001,0.8150917423153189,-0.5793316527126525,0.0005364462858180041,0.0,0.0,0.06283185307179587
15.64,0.8158191081788169,-0.5783069210684889,0.0005364462858180041,0.0,0.0,0.06283185307179587
15.66,0.8165451857525865,-0.5772812761987598,0.0005364462858180041,0.0,0.0,0.06283185307179587
15.68,0.8172699738900527,-0.576254719723099,0.0005364462858180041,0.0,0.0,0.06283185307179587
15.700000000000001,0.8179934714466756,-0.5752272532625792,0.0005364462858180041,0.0,0.0,0.06283185307179587
15.72,0.8187156772799542,-0.57419887843971,0.0005364462858180041,0.0,0.0,0.06283185307179587
15.74,0.8194365902494264,-0.5731695968784356,0.0005364462858180041,0.0,0.0,0.06283185307179587
15.76,0.8201562092166724,-0.5721394102041324,0.0005364462858180041,0.0,0.0,0.06283185307179587
15.780000000000001,0.820874533045316,-0.5711083200436051,0.0005364462858180041,0.0,0.0,0.06283185307179587
15.8,0.8215915606010253,-0.5700763280250865,0.0005364462858180041,0.0,0.0,0.06283185307179587
15.82,0.8223072907515162,-0.5690434357782325,0.0005364462858180041,0.0,0.0,0.06283185307179587
15.84,0.8230217223665532,-0.568009644934121,0.0005364462858180041,0.0,0.0,0.06283185307179587
15.860000000000001,0.8237348543179509,-0.5669749571252489,0.0005364462858180041,0.0,0.0,0.06283185307179587
15.88,0.824446685479577,-0.5659393739855296,0.0005364462858180041,0.0,0.0,0.06283185307179587
15.9,0.8251572147273526,-0.5649028971502903,0.0005364462858180041,0.0,0.0,0.06283185307179587
15.92,0.8258664409392554,-0.5638655282562686,0.0005364462858180041,0.0,0.0,0.06283185307179587
15.94,0.82657436299532,-0.5628272689416127,0.0005364462858180041,0.0,0.0,0.06283185307179587
15.96,0.827280979777641,-0.5617881208458751,0.0005364462858180041,0.0,0.0,0.06283185307179587
15.98,0.8279862901703744,-0.5607480856100128,0.0005364462858180041,0.0,0.0,0.06283185307179587
16.0,0.8286902930597383,-0.5597071648763832,0.0005364462858180041,0.0,0.0,0.06283185307179587
16.02,0.8293929873340165,-0.5586653602887421,0.0005364462858180041,0.0,0.0,0.06283185307179587
16.04,0.8300943718835582,-0.5576226734922414,0.0005364462858180041,0.0,0.0,0.06283185307179587
16.06,0.830794445600782,-0.5565791061334256,0.0005364462858180041,0.0,0.0,0.06283185307179587
16.080000000000002,0.8314932073801755,-0.5555346598602303,0.0005364462858180041,0.0,0.0,0.06283185307179587
16.1,0.8321906561182988,-0.5544893363219787,0.0005364462858180041,0.0,0.0,0.06283185307179587
16.12,0.8328867907137852,-0.5534431371693794,0.0005364462858180041,0.0,0.0,0.06283185307179587
16.14,0.8335816100673432,-0.5523960640545235,0.0005364462858180041,0.0,0.0,0.06283185307179587
16.16,0.834275113081758,-0.5513481186308823,0.0005364462858180041,0.0,0.0,0.06283185307179587
16.18,0.8349672986618937,-0.550299302553305,0.0005364462858180041,0.0,0.0,0.06283185307179587
16.2,0.8356581657146945,-0.5492496174780148,0.0005364462858180041,0.0,0.0,0.06283185307179587
16.22,0.8363477131491878,-0.5481990650626081,0.0005364462858180041,0.0,0.0,0.06283185307179587
16.240000000000002,0.8370359398764834,-0.5471476469660501,0.0005364462858180041,0.0,0.0,0.06283185307179587
16.26,0.8377228448097774,-0.5460953648486743,0.0005364462858180041,0.0,0.0,0.06283185307179587
16.28,0.8384084268643536,-0.5450422203721774,0.0005364462858180041,0.0,0.0,0.06283185307179587
16.3,0.8390926849575839,-0.5439882151996182,0.0005364462858180041,0.0,0.0,0.06283185307179587
16.32,0.8397756180089317,-0.5429333509954146,0.0005364462858180041,0.0,0.0,0.06283185307179587
16.34,0.8404572249399522,-0.5418776294253415,0.0005364462858180041,0.0,0.0,0.06283185307179587
16.36,0.8411375046742953,-0.5408210521565272,0.0005364462858180041,0.0,0.0,0.06283185307179587
16.38,0.8418164561377064,-0.5397636208574514,0.0005364462858180041,0.0,0.0,0.06283185307179587
16.4,0.8424940782580281,-0.5387053371979424,0.0005364462858180041,0.0,0.0,0.06283185307179587
16.42,0.843170369965203,-0.5376462028491743,0.0005364462858180041,0.0,0.0,0.06283185307179587
16.44,0.843845330191274,-0.5365862194836657,0.0005364462858180041,0.0,0.0,0.06283185307179587
16.46,0.8445189578703867,-0.5355253887752747,0.0005364462858180041,0.0,0.0,0.06283185307179587
16.48,0.8451912519387912,-0.5344637123991971,0.0005364462858180041,0.0,0.0,0.06283185307179587
16.5,0.8458622113348434,-0.5334011920319656,0.0005364462858180041,0.0,0.0,0.06283185307179587
16.52,0.846531834999007,-0.5323378293514444,0.0005364462858180041,0.0,0.0,0.06283185307179587
16.54,0.8472001218738543,-0.5312736260368285,0.0005364462858180041,0.0,0.0,0.06283185307179587
16.56,0.8478670709040695,-0.5302085837686403,0.0005364462858180041,0.0,0.0,0.06283185307179587
16.580000000000002,0.8485326810364491,-0.5291427042287264,0.0005364462858180041,0.0,0.0,0.06283185307179587
16.6,0.8491969512199034,-0.528075989100257,0.0005364462858180041,0.0,0.0,0.06283185307179587
16.62,0.8498598804054595,-0.5270084400677201,0.0005364462858180041,0.0,0.0,0.06283185307179587
16.64,0.8505214675462618,-0.5259400588169214,0.0005364462858180041,0.0,0.0,0.06283185307179587
16.66,0.8511817115975735,-0.5248708470349811,0.0005364462858180041,0.0,0.0,0.06283185307179587
16.68,0.8518406115167797,-0.5238008064103301,0.0005364462858180041,0.0,0.0,0.06283185307179587
16.7,0.8524981662633869,-0.5227299386327093,0.0005364462858180041,0.0,0.0,0.06283185307179587
16.72,0.8531543747990269,-0.5216582453931644,0.0005364462858180041,0.0,0.0,0.06283185307179587
16.740000000000002,0.8538092360874566,-0.5205857283840456,0.0005364462858180041,0.0,0.0,0.06283185307179587
16.76,0.8544627490945607,-0.5195123892990039,0.0005364462858180041,0.0,0.0,0.06283185307179587
16.78,0.8551149127883528,-0.5184382298329873,0.0005364462858180041,0.0,0.0,0.06283185307179587
16.8,0.8557657261389776,-0.5173632516822412,0.0005364462858180041,0.0,0.0,0.06283185307179587
16.82,0.856415188118712,-0.5162874565443026,0.0005364462858180041,0.0,0.0,0.06283185307179587
16.84,0.8570632977019664,-0.5152108461179987,0.0005364462858180041,0.0,0.0,0.06283185307179587
16.86,0.8577100538652882,-0.5141334221034441,0.0005364462858180041,0.0,0.0,0.06283185307179587
16.88,0.8583554555873603,-0.5130551862020388,0.0005364462858180041,0.0,0.0,0.06283185307179587
16.9,0.8589995018490055,-0.5119761401164645,0.0005364462858180041,0.0,0.0,0.06283185307179587
16.92,0.8596421916331874,-0.5108962855506819,0.0005364462858180041,0.0,0.0,0.06283185307179587
16.94,0.8602835239250105,-0.509815624209929,0.0005364462858180041,0.0,0.0,0.06283185307179587
16.96,0.8609234977117237,-0.5087341578007175,0.0005364462858180041,0.0,0.0,0.06283185307179587
16.98,0.861562111982721,-0.5076518880308306,0.0005364462858180041,0.0,0.0,0.06283185307179587
17.0,0.8621993657295435,-0.5065688166093196,0.0005364462858180041,0.0,0.0,0.06283185307179587
17.02,0.8628352579458803,-0.5054849452465028,0.0005364462858180041,0.0,0.0,0.06283185307179587
17.04,0.863469787627571,-0.5044002756539602,0.0005364462858180041,0.0,0.0,0.06283185307179587
17.06,0.8641029537726066,-0.5033148095445339,0.0005364462858180041,0.0,0.0,0.06283185307179587
17.080000000000002,0.8647347553811313,-0.5022285486323224,0.0005364462858180041,0.0,0.0,0.06283185307179587
17.1,0.8653651914554438,-0.5011414946326802,0.0005364462858180041,0.0,0.0,0.06283185307179587
17.12,0.865994261,-0.5000536492622142,0.0005364462858180041,0.0,0.0,0.06283185307179587
17.14,0.8666219630214128,-0.49896501423878037,0.0005364462858180041,0.0,0.0,0.06283185307179587
17.16,0.8672482965284555,-0.4978755912814821,0.0005364462858180041,0.0,0.0,0.06283185307179587
17.18,0.8678732605320616,-0.496785382110667,0.0005364462858180041,0.0,0.0,0.06283185307179587
17.2,0.8684968540453278,-0.4956943884479241,0.0005364462858180041,0.0,0.0,0.06283185307179587
17.22,0.8691190760835149,-0.4946026120160815,0.0005364462858180041,0.0,0.0,0.06283185307179587
17.240000000000002,0.8697399256640492,-0.49351005453920277,0.0005364462858180041,0.0,0.0,0.06283185307179587
17.26,0.8703594018065246,-0.4924167177425859,0.0005364462858180041,0.0,0.0,0.06283185307179587
17.28,0.8709775035327038,-0.4913226033527584,0.0005364462858180041,0.0,0.0,0.06283185307179587
17.3,0.8715942298665194,-0.49022771309747654,0.0005364462858180041,0.0,0.0,0.06283185307179587
17.32,0.8722095798340768,-0.48913204870572147,0.0005364462858180041,0.0,0.0,0.06283185307179587
17.34,0.8728235524636543,-0.4880356119076968,0.0005364462858180041,0.0,0.0,0.06283185307179587
17.36,0.8734361467857049,-0.4869384044348259,0.0005364462858180041,0.0,0.0,0.06283185307179587
17.38,0.8740473618328587,-0.4858404280197491,0.0005364462858180041,0.0,0.0,0.06283185307179587
17.400000000000002,0.8746571966399241,-0.48474168439632065,0.0005364462858180041,0.0,0.0,0.06283185307179587
17.42,0.8752656502438886,-0.48364217529960724,0.0005364462858180041,0.0,0.0,0.06283185307179587
17.44,0.8758727216839208,-0.4825419024658837,0.0005364462858180041,0.0,0.0,0.06283185307179587
17.46,0.8764784100013718,-0.48144086763263083,0.0005364462858180041,0.0,0.0,0.06283185307179587
17.48,0.8770827142397775,-0.4803390725385331,0.0005364462858180041,0.0,0.0,0.06283185307179587
17.5,0.8776856334448587,-0.47923651892347524,0.0005364462858180041,0.0,0.0,0.06283185307179587
17.52,0.8782871666645236,-0.4781332085285401,0.0005364462858180041,0.0,0.0,0.06283185307179587
17.54,0.8788873129488695,-0.47702914309600525,0.0005364462858180041,0.0,0.0,0.06283185307179587
17.56,0.8794860713501834,-0.4759243243693406,0.0005364462858180041,0.0,0.0,0.06283185307179587
17.580000000000002,0.880083440922944,-0.4748187540932057,0.0005364462858180041,0.0,0.0,0.06283185307179587
17.6,0.8806794207238229,-0.4737124340134472,0.0005364462858180041,0.0,0.0,0.06283185307179587
17.62,0.8812740098116871,-0.4726053658770954,0.0005364462858180041,0.0,0.0,0.06283185307179587
17.64,0.8818672072475993,-0.4714975514323619,0.0005364462858180041,0.0,0.0,0.06283185307179587
17.66,0.8824590120948195,-0.47038899242863697,0.0005364462858180041,0.0,0.0,0.06283185307179587
17.68,0.883049423418807,-0.4692796906164866,0.0005364462858180041,0.0,0.0,0.06283185307179587
17.7,0.8836384402872222,-0.46816964774764974,0.0005364462858180041,0.0,0.0,0.06283185307179587
17.72,0.8842260617699264,-0.4670588655750356,0.0005364462858180041,0.0,0.0,0.06283185307179587
17.740000000000002,0.8848122869389857,-0.46594734585272074,0.0005364462858180041,0.0,0.0,0.06283185307179587
17.76,0.8853971148686701,-0.464835090335947,0.0005364462858180041,0.0,0.0,0.06283185307179587
17.78,0.8859805446354567,-0.46372210078111725,0.0005364462858180041,0.0,0.0,0.06283185307179587
17.8,0.8865625753180302,-0.4626083789457941,0.0005364462858180041,0.0,0.0,0.06283185307179587
17.82,0.8871432059972846,-0.46149392658869604,0.0005364462858180041,0.0,0.0,0.06283185307179587
17.84,0.8877224357563245,-0.46037874546969576,0.0005364462858180041,0.0,0.0,0.06283185307179587
17.86,0.8883002636804678,-0.4592628373498162,0.0005364462858180041,0.0,0.0,0.06283185307179587
17.88,0.8888766888572449,-0.45814620399122896,0.0005364462858180041,0.0,0.0,0.06283185307179587
17.900000000000002,0.8894517103764021,-0.45702884715724995,0.0005364462858180041,0.0,0.0,0.06283185307179587
17.92,0.8900253273299017,-0.45591076861233887,0.0005364462858180041,0.0,0.0,0.06283185307179587
17.94,0.8905975388119243,-0.4547919701220938,0.0005364462858180041,0.0,0.0,0.06283185307179587
17.96,0.8911683439188697,-0.4536724534532506,0.0005364462858180041,0.0,0.0,0.06283185307179587
17.98,0.8917377417493586,-0.45255222037367876,0.0005364462858180041,0.0,0.0,0.06283185307179587
18.0,0.8923057314042344,-0.4514312726523791,0.0005364462858180041,0.0,0.0,0.06283185307179587
18.02,0.8928723119865639,-0.4503096120594814,0.0005364462858180041,0.0,0.0,0.06283185307179587
18.04,0.893437482601639,-0.4491872403662405,0.0005364462858180041,0.0,0.0,0.06283185307179587
18.06,0.8940012423569783,-0.44806415934503463,0.0005364462858180041,0.0,0.0,0.06283185307179587
18.080000000000002,0.8945635903623278,-0.44694037076936194,0.0005364462858180041,0.0,0.0,0.06283185307179587
18.1,0.8951245257296634,-0.44581587641383813,0.0005364462858180041,0.0,0.0,0.06283185307179587
18.12,0.8956840475731915,-0.44469067805419327,0.0005364462858180041,0.0,0.0,0.06283185307179587
18.14,0.8962421550093508,-0.443564777467269,0.0005364462858180041,0.0,0.0,0.06283185307179587
18.16,0.8967988471568138,-0.44243817643101624,0.0005364462858180041,0.0,0.0,0.06283185307179587
18.18,0.8973541231364874,-0.44131087672449154,0.0005364462858180041,0.0,0.0,0.06283185307179587
18.2,0.8979079820715149,-0.4401828801278552,0.0005364462858180041,0.0,0.0,0.06283185307179587
18.22,0.8984604230872774,-0.4390541884223679,0.0005364462858180041,0.0,0.0,0.06283185307179587
18.240000000000002,0.8990114453113951,-0.43792480339038736,0.0005364462858180041,0.0,0.0,0.06283185307179587
18.26,0.8995610478737291,-0.4367947268153674,0.0005364462858180041,0.0,0.0,0.06283185307179587
18.28,0.9001092299063816,-0.43566396048185296,0.0005364462858180041,0.0,0.0,0.06283185307179587
18.3,0.9006559905436983,-0.4345325061754784,0.0005364462858180041,0.0,0.0,0.06283185307179587
18.32,0.9012013289222697,-0.43340036568296425,0.0005364462858180041,0.0,0.0,0.06283185307179587
18.34,0.9017452441809323,-0.4322675407921152,0.0005364462858180041,0.0,0.0,0.06283185307179587
18.36,0.9022877354607692,-0.4311340332918164,0.0005364462858180041,0.0,0.0,0.06283185307179587
18.38,0.9028288019051129,-0.4299998449720308,0.0005364462858180041,0.0,0.0,0.06283185307179587
18.400000000000002,0.9033684426595456,-0.42886497762379644,0.0005364462858180041,0.0,0.0,0.06283185307179587
18.42,0.9039066568719006,-0.42772943303922395,0.0005364462858180041,0.0,0.0,0.06283185307179587
18.44,0.9044434436922647,-0.42659321301149333,0.0005364462858180041,0.0,0.0,0.06283185307179587
18.46,0.9049788022729779,-0.425456319334851,0.0005364462858180041,0.0,0.0,0.06283185307179587
18.48,0.9055127317686359,-0.424318753804607,0.0005364462858180041,0.0,0.0,0.06283185307179587
18.5,0.9060452313360913,-0.4231805182171328,0.0005364462858180041,0.0,0.0,0.06283185307179587
18.52,0.9065763001344543,-0.4220416143698578,0.0005364462858180041,0.0,0.0,0.06283185307179587
18.54,0.9071059373250951,-0.42090204406126647,0.0005364462858180041,0.0,0.0,0.06283185307179587
18.56,0.9076341420716445,-0.419761809090896,0.0005364462858180041,0.0,0.0,0.06283185307179587
18.580000000000002,0.9081609135399946,-0.4186209112593329,0.0005364462858180041,0.0,0.0,0.06283185307179587
18.6,0.9086862508983018,-0.4174793523682109,0.0005364462858180041,0.0,0.0,0.06283185307179587
18.62,0.9092101533169863,-0.4163371342202071,0.0005364462858180041,0.0,0.0,0.06283185307179587
18.64,0.9097326199687348,-0.41519425861903975,0.0005364462858180041,0.0,0.0,0.06283185307179587
18.66,0.9102536500285009,-0.4140507273694655,0.0005364462858180041,0.0,0.0,0.06283185307179587
18.68,0.9107732426735075,-0.41290654227727636,0.0005364462858180041,0.0,0.0,0.06283185307179587
18.7,0.9112913970832466,-0.41176170514929683,0.0005364462858180041,0.0,0.0,0.06283185307179587
18.72,0.9118081124394817,-0.41061621779338076,0.0005364462858180041,0.0,0.0,0.06283185307179587
18.740000000000002,0.9123233879262491,-0.40947008201840907,0.0005364462858180041,0.0,0.0,0.06283185307179587
18.76,0.9128372227298579,-0.4083232996342868,0.0005364462858180041,0.0,0.0,0.06283185307179587
18.78,0.9133496160388932,-0.40717587245193976,0.0005364462858180041,0.0,0.0,0.06283185307179587
18.8,0.9138605670442157,-0.40602780228331214,0.0005364462858180041,0.0,0.0,0.06283185307179587
18.82,0.9143700749389642,-0.4048790909413633,0.0005364462858180041,0.0,0.0,0.06283185307179587
18.84,0.9148781389185562,-0.4037297402400653,0.0005364462858180041,0.0,0.0,0.06283185307179587
18.86,0.9153847581806894,-0.4025797519944,0.0005364462858180041,0.0,0.0,0.06283185307179587
18.88,0.9158899319253427,-0.40142912802035563,0.0005364462858180041,0.0,0.0,0.06283185307179587
18.900000000000002,0.9163936593547779,-0.4002778701349243,0.0005364462858180041,0.0,0.0,0.06283185307179587
18.92,0.9168959396735407,-0.3991259801560998,0.0005364462858180041,0.0,0.0,0.06283185307179587
18.94,0.9173967720884614,-0.3979734599028732,0.0005364462858180041,0.0,0.0,0.06283185307179587
18.96,0.9178961558086578,-0.3968203111952317,0.0005364462858180041,0.0,0.0,0.06283185307179587
18.98,0.9183940900455346,-0.39566653585415407,0.0005364462858180041,0.0,0.0,0.06283185307179587
19.0,0.9188905740127858,-0.39451213570160937,0.0005364462858180041,0.0,0.0,0.06283185307179587
19.02,0.9193856069263954,-0.39335711256055295,0.0005364462858180041,0.0,0.0,0.06283185307179587
19.04,0.9198791880046391,-0.39220146825492397,0.0005364462858180041,0.0,0.0,0.06283185307179587
19.06,0.9203713164680846,-0.39104520460964254,0.0005364462858180041,0.0,0.0,0.06283185307179587
19.080000000000002,0.920861991539594,-0.38988832345060653,0.0005364462858180041,0.0,0.0,0.06283185307179587
19.1,0.9213512124443245,-0.3887308266046897,0.0005364462858180041,0.0,0.0,0.06283185307179587
19.12,0.9218389784097293,-0.38757271589973735,0.0005364462858180041,0.0,0.0,0.06283185307179587
19.14,0.9223252886655599,-0.38641399316456426,0.0005364462858180041,0.0,0.0,0.06283185307179587
19.16,0.9228101424438653,-0.38525466022895194,0.0005364462858180041,0.0,0.0,0.06283185307179587
19.18,0.9232935389789955,-0.3840947189236452,0.0005364462858180041,0.0,0.0,0.06283185307179587
19.2,0.9237754775076016,-0.3829341710803495,0.0005364462858180041,0.0,0.0,0.06283185307179587
19.22,0.9242559572686364,-0.38177301853172874,0.0005364462858180041,0.0,0.0,0.06283185307179587
19.240000000000002,0.9247349775033575,-0.3806112631114009,0.0005364462858180041,0.0,0.0,0.06283185307179587
19.26,0.9252125374553264,-0.3794489066539369,0.0005364462858180041,0.0,0.0,0.06283185307179587
19.28,0.92568863637041,-0.37828595099485574,0.0005364462858180041,0.0,0.0,0.06283185307179587
19.3,0.9261632734967838,-0.3771223979706233,0.0005364462858180041,0.0,0.0,0.06283185307179587
19.32,0.9266364480849305,-0.37595824941864875,0.0005364462858180041,0.0,0.0,0.06283185307179587
19.34,0.9271081593876435,-0.3747935071772814,0.0005364462858180041,0.0,0.0,0.06283185307179587
19.36,0.9275784066600258,-0.3736281730858082,0.0005364462858180041,0.0,0.0,0.06283185307179587
19.38,0.9280471891594931,-0.3724622489844509,0.0005364462858180041,0.0,0.0,0.06283185307179587
19.400000000000002,0.9285145061457736,-0.3712957367143624,0.0005364462858180041,0.0,0.0,0.06283185307179587
19.42,0.9289803568809101,-0.3701286381176253,0.0005364462858180041,0.0,0.0,0.06283185307179587
19.44,0.9294447406292603,-0.36896095503724746,0.0005364462858180041,0.0,0.0,0.06283185307179587
19.46,0.9299076566574994,-0.36779268931715975,0.0005364462858180041,0.0,0.0,0.06283185307179587
19.48,0.9303691042346199,-0.3666238428022133,0.0005364462858180041,0.0,0.0,0.06283185307179587
19.5,0.9308290826319326,-0.36545441733817613,0.0005364462858180041,0.0,0.0,0.06283185307179587
19.52,0.9312875911230689,-0.3642844147717308,0.0005364462858180041,0.0,0.0,0.06283185307179587
19.54,0.9317446289839816,-0.3631138369504709,0.0005364462858180041,0.0,0.0,0.06283185307179587
19.56,0.9322001954929454,-0.3619426857228989,0.0005364462858180041,0.0,0.0,0.06283185307179587
19.580000000000002,0.9326542899305585,-0.3607709629384221,0.0005364462858180041,0.0,0.0,0.06283185307179587
19.6,0.9331069115797438,-0.35959867044735117,0.0005364462858180041,0.0,0.0,0.06283185307179587
19.62,0.9335580597257501,-0.3584258101008957,0.0005364462858180041,0.0,0.0,0.06283185307179587
19.64,0.9340077336561527,-0.35725238375116214,0.0005364462858180041,0.0,0.0,0.06283185307179587
19.66,0.9344559326608554,-0.3560783932511508,0.0005364462858180041,0.0,0.0,0.06283185307179587
19.68,0.9349026560320906,-0.35490384045475337,0.0005364462858180041,0.0,0.0,0.06283185307179587
19.7,0.9353479030644207,-0.35372872721674875,0.0005364462858180041,0.0,0.0,0.06283185307179587
19.72,0.9357916730547406,-0.35255305539280135,0.0005364462858180041,0.0,0.0,0.06283185307179587
19.740000000000002,0.9362339653022768,-0.3513768268394568,0.0005364462858180041,0.0,0.0,0.06283185307179587
19.76,0.9366747791085888,-0.3502000434141414,0.0005364462858180041,0.0,0.0,0.06283185307179587
19.78,0.9371141137775723,-0.34902270697515625,0.0005364462858180041,0.0,0.0,0.06283185307179587
19.8,0.9375519686154575,-0.3478448193816765,0.0005364462858180041,0.0,0.0,0.06283185307179587
19.82,0.9379883429308117,-0.3466663824937473,0.0005364462858180041,0.0,0.0,0.06283185307179587
19.84,0.9384232360345404,-0.3454873981722816,0.0005364462858180041,0.0,0.0,0.06283185307179587
19.86,0.9388566472398879,-0.3443078682790563,0.0005364462858180041,0.0,0.0,0.06283185307179587
19.88,0.9392885758624387,-0.3431277946767104,0.0005364462858180041,0.0,0.0,0.06283185307179587
19.900000000000002,0.9397190212201191,-0.34194717922874074,0.0005364462858180041,0.0,0.0,0.06283185307179587
19.92,0.9401479826331968,-0.34076602379950044,0.0005364462858180041,0.0,0.0,0.06283185307179587
19.94,0.9405754594242827,-0.33958433025419554,0.0005364462858180041,0.0,0.0,0.06283185307179587
19.96,0.9410014509183333,-0.33840210045888097,0.0005364462858180041,0.0,0.0,0.06283185307179587
19.98,0.9414259564426496,-0.33721933628045914,0.0005364462858180041,0.0,0.0,0.06283185307179587
20.0,0.9418489753268797,-0.3360360395866761,0.0005364462858180041,0.0,0.0,0.06283185307179587
20.02,0.9422705069030186,-0.33485221224611894,0.0005364462858180041,0.0,0.0,0.06283185307179587
20.04,0.9426905505054105,-0.3336678561282124,0.0005364462858180041,0.0,0.0,0.06283185307179587
20.06,0.9431091054707493,-0.33248297310321673,0.0005364462858180041,0.0,0.0,0.06283185307179587
20.080000000000002,0.9435261711380799,-0.3312975650422235,0.0005364462858180041,0.0,0.0,0.06283185307179587
20.1,0.943941746848798,-0.33011163381715436,0.0005364462858180041,0.0,0.0,0.06283185307179587
20.12,0.9443558319466533,-0.3289251813007565,0.0005364462858180041,0.0,0.0,0.06283185307179587
20.14,0.9447684257777489,-0.3277382093666003,0.0005364462858180041,0.0,0.0,0.06283185307179587
20.16,0.9451795276905426,-0.32655071988907614,0.0005364462858180041,0.0,0.0,0.06283185307179587
20.18,0.9455891370358486,-0.32536271474339246,0.0005364462858180041,0.0,0.0,0.06283185307179587
20.2,0.9459972531668375,-0.3241741958055715,0.0005364462858180041,0.0,0.0,0.06283185307179587
20.22,0.9464038754390385,-0.32298516495244683,0.0005364462858180041,0.0,0.0,0.06283185307179587
20.240000000000002,0.9468090032103401,-0.32179562406166007,0.0005364462858180041,0.0,0.0,0.06283185307179587
20.26,0.9472126358409889,-0.32060557501165915,0.0005364462858180041,0.0,0.0,0.06283185307179587
20.28,0.9476147726935951,-0.3194150196816939,0.0005364462858180041,0.0,0.0,0.06283185307179587
20.3,0.9480154131331291,-0.31822395995181335,0.0005364462858180041,0.0,0.0,0.06283185307179587
20.32,0.9484145565269252,-0.3170323977028637,0.0005364462858180041,0.0,0.0,0.06283185307179587
20.34,0.9488122022446812,-0.31584033481648427,0.0005364462858180041,0.0,0.0,0.06283185307179587
20.36,0.9492083496584605,-0.31464777317510517,0.0005364462858180041,0.0,0.0,0.06283185307179587
20.38,0.9496029981426922,-0.31345471466194397,0.0005364462858180041,0.0,0.0,0.06283185307179587
20.400000000000002,0.9499961470741726,-0.31226116116100255,0.0005364462858180041,0.0,0.0,0.06283185307179587
20.42,0.9503877958320657,-0.3110671145570654,0.0005364462858180041,0.0,0.0,0.06283185307179587
20.44,0.9507779437979045,-0.30987257673569496,0.0005364462858180041,0.0,0.0,0.06283185307179587
20.46,0.9511665903555927,-0.30867754958322946,0.0005364462858180041,0.0,0.0,0.06283185307179587
20.48,0.9515537348914037,-0.3074820349867795,0.0005364462858180041,0.0,0.0,0.06283185307179587
20.5,0.9519393767939837,-0.3062860348342264,0.0005364462858180041,0.0,0.0,0.06283185307179587
20.52,0.9523235154543516,-0.30508955101421725,0.0005364462858180041,0.0,0.0,0.06283185307179587
20.54,0.9527061502658997,-0.30389258541616343,0.0005364462858180041,0.0,0.0,0.06283185307179587
20.56,0.9530872806243956,-0.30269513993023694,0.0005364462858180041,0.0,0.0,0.06283185307179587
20.580000000000002,0.9534669059279822,-0.3014972164473675,0.0005364462858180041,0.0,0.0,0.06283185307179587
20.6,0.9538450255771799,-0.30029881685924037,0.0005364462858180041,0.0,0.0,0.06283185307179587
20.62,0.9542216389748854,-0.2990999430582915,0.0005364462858180041,0.0,0.0,0.06283185307179587
20.64,0.9545967455263757,-0.29790059693770665,0.0005364462858180041,0.0,0.0,0.06283185307179587
20.66,0.9549703446393055,-0.296700780391417,0.0005364462858180041,0.0,0.0,0.06283185307179587
20.68,0.9553424357237112,-0.2955004953140964,0.0005364462858180041,0.0,0.0,0.06283185307179587
20.7,0.9557130181920104,-0.2942997436011589,0.0005364462858180041,0.0,0.0,0.06283185307179587
20.72,0.9560820914590021,-0.2930985271487554,0.0005364462858180041,0.0,0.0,0.06283185307179587
20.740000000000002,0.9564496549418698,-0.29189684785377057,0.0005364462858180041,0.0,0.0,0.06283185307179587
20.76,0.9568157080601807,-0.29069470761382027,0.0005364462858180041,0.0,0.0,0.06283185307179587
20.78,0.9571802502358866,-0.28949210832724787,0.0005364462858180041,0.0,0.0,0.06283185307179587
20.8,0.9575432808933254,-0.28828905189312176,0.0005364462858180041,0.0,0.0,0.06283185307179587
20.82,0.9579047994592227,-0.28708554021123245,0.0005364462858180041,0.0,0.0,0.06283185307179587
20.84,0.9582648053626914,-0.2858815751820889,0.0005364462858180041,0.0,0.0,0.06283185307179587
20.86,0.9586232980352325,-0.2846771587069163,0.0005364462858180041,0.0,0.0,0.06283185307179587
20.88,0.9589802769107373,-0.2834722926876528,0.0005364462858180041,0.0,0.0,0.06283185307179587
20.900000000000002,0.9593357414254877,-0.2822669790269459,0.0005364462858180041,0.0,0.0,0.06283185307179587
20.92,0.9596896910181562,-0.28106121962815095,0.0005364462858180041,0.0,0.0,0.06283185307179587
20.94,0.9600421251298088,-0.27985501639532634,0.0005364462858180041,0.0,0.0,0.06283185307179587
20.96,0.9603930432039033,-0.2786483712332317,0.0005364462858180041,0.0,0.0,0.06283185307179587
20.98,0.9607424446862927,-0.2774412860473244,0.0005364462858180041,0.0,0.0,0.06283185307179587
21.0,0.9610903290252241,-0.27623376274375677,0.0005364462858180041,0.0,0.0,0.06283185307179587
21.02,0.9614366956713405,-0.27502580322937287,0.0005364462858180041,0.0,0.0,0.06283185307179587
21.04,0.961781544077682,-0.2738174094117054,0.0005364462858180041,0.0,0.0,0.06283185307179587
21.06,0.9621248736996859,-0.27260858319897346,0.0005364462858180041,0.0,0.0,0.06283185307179587
21.080000000000002,0.9624666839951878,-0.2713993265000785,0.0005364462858180041,0.0,0.0,0.06283185307179587
21.1,0.9628069744244221,-0.27018964122460204,0.0005364462858180041,0.0,0.0,0.06283185307179587
21.12,0.9631457444500241,-0.2689795292828023,0.0005364462858180041,0.0,0.0,0.06283185307179587
21.14,0.9634829935370295,-0.267768992585611,0.0005364462858180041,0.0,0.0,0.06283185307179587
21.16,0.9638187211528766,-0.2665580330446309,0.0005364462858180041,0.0,0.0,0.06283185307179587
21.18,0.9641529267674048,-0.26534665257213247,0.0005364462858180041,0.0,0.0,0.06283185307179587
21.2,0.9644856098528586,-0.2641348530810506,0.0005364462858180041,0.0,0.0,0.06283185307179587
21.22,0.9648167698838855,-0.26292263648498254,0.0005364462858180041,0.0,0.0,0.06283185307179587
21.240000000000002,0.9651464063375388,-0.2617100046981831,0.0005364462858180041,0.0,0.0,0.06283185307179587
21.26,0.9654745186932776,-0.26049695963556413,0.0005364462858180041,0.0,0.0,0.06283185307179587
21.28,0.9658011064329676,-0.25928350321268895,0.0005364462858180041,0.0,0.0,0.06283185307179587
21.3,0.9661261690408821,-0.258069637345771,0.0005364462858180041,0.0,0.0,0.06283185307179587
21.32,0.9664497060037031,-0.2568553639516702,0.0005364462858180041,0.0,0.0,0.06283185307179587
21.34,0.9667717168105214,-0.2556406849478898,0.0005364462858180041,0.0,0.0,0.06283185307179587
21.36,0.9670922009528377,-0.2544256022525737,0.0005364462858180041,0.0,0.0,0.06283185307179587
21.38,0.9674111579245647,-0.25321011778450353,0.0005364462858180041,0.0,0.0,0.06283185307179587
21.400000000000002,0.967728587222025,-0.2519942334630951,0.0005364462858180041,0.0,0.0,0.06283185307179587
21.42,0.9680444883439544,-0.25077795120839586,0.0005364462858180041,0.0,0.0,0.06283185307179587
21.44,0.9683588607915025,-0.24956127294108124,0.0005364462858180041,0.0,0.0,0.06283185307179587
21.46,0.9686717040682316,-0.24834420058245246,0.0005364462858180041,0.0,0.0,0.06283185307179587
21.48,0.96898301768012,-0.24712673605443292,0.0005364462858180041,0.0,0.0,0.06283185307179587
21.5,0.9692928011355608,-0.24590888127956526,0.0005364462858180041,0.0,0.0,0.06283185307179587
21.52,0.9696010539453636,-0.24469063818100836,0.0005364462858180041,0.0,0.0,0.06283185307179587
21.54,0.9699077756227551,-0.2434720086825344,0.0005364462858180041,0.0,0.0,0.06283185307179587
21.56,0.9702129656833802,-0.2422529947085257,0.0005364462858180041,0.0,0.0,0.06283185307179587
21.580000000000002,0.9705166236453018,-0.24103359818397158,0.0005364462858180041,0.0,0.0,0.06283185307179587
21.6,0.9708187490290027,-0.23981382103446583,0.0005364462858180041,0.0,0.0,0.06283185307179587
21.62,0.9711193413573858,-0.23859366518620298,0.0005364462858180041,0.0,0.0,0.06283185307179587
21.64,0.9714184001557744,-0.23737313256597567,0.0005364462858180041,0.0,0.0,0.06283185307179587
21.66,0.9717159249519144,-0.2361522251011714,0.0005364462858180041,0.0,0.0,0.06283185307179587
21.68,0.972011915275973,-0.23493094471976977,0.0005364462858180041,0.0,0.0,0.06283185307179587
21.7,0.972306370660541,-0.23370929335033921,0.0005364462858180041,0.0,0.0,0.06283185307179587
21.72,0.9725992906406337,-0.23248727292203394,0.0005364462858180041,0.0,0.0,0.06283185307179587
21.740000000000002,0.9728906747536902,-0.23126488536459083,0.0005364462858180041,0.0,0.0,0.06283185307179587
21.76,0.9731805225395754,-0.23004213260832723,0.0005364462858180041,0.0,0.0,0.06283185307179587
21.78,0.9734688335405797,-0.2288190165841363,0.0005364462858180041,0.0,0.0,0.06283185307179587
21.8,0.9737556073014209,-0.2275955392234853,0.0005364462858180041,0.0,0.0,0.06283185307179587
21.82,0.9740408433692438,-0.22637170245841182,0.0005364462858180041,0.0,0.0,0.06283185307179587
21.84,0.9743245412936223,-0.22514750822152124,0.0005364462858180041,0.0,0.0,0.06283185307179587
21.86,0.9746067006265581,-0.22392295844598337,0.0005364462858180041,0.0,0.0,0.06283185307179587
21.88,0.9748873209224835,-0.22269805506552948,0.0005364462858180041,0.0,0.0,0.06283185307179587
21.900000000000002,0.9751664017382607,-0.2214728000144489,0.0005364462858180041,0.0,0.0,0.06283185307179587
21.92,0.9754439426331829,-0.22024719522758704,0.0005364462858180041,0.0,0.0,0.06283185307179587
21.94,0.975719943168975,-0.219021242640341,0.0005364462858180041,0.0,0.0,0.06283185307179587
21.96,0.9759944029097947,-0.21779494418865725,0.0005364462858180041,0.0,0.0,0.06283185307179587
21.98,0.9762673214222326,-0.21656830180902834,0.0005364462858180041,0.0,0.0,0.06283185307179587
22.0,0.9765386982753129,-0.21534131743849014,0.0005364462858180041,0.0,0.0,0.06283185307179587
22.02,0.9768085330404948,-0.2141139930146184,0.0005364462858180041,0.0,0.0,0.06283185307179587
22.04,0.977076825291672,-0.21288633047552594,0.0005364462858180041,0.0,0.0,0.06283185307179587
22.06,0.9773435746051744,-0.2116583317598594,0.0005364462858180041,0.0,0.0,0.06283185307179587
22.080000000000002,0.977608780559769,-0.21042999880679622,0.0005364462858180041,0.0,0.0,0.06283185307179587
22.1,0.9778724427366591,-0.20920133355604226,0.0005364462858180041,0.0,0.0,0.06283185307179587
22.12,0.9781345607194859,-0.20797233794782727,0.0005364462858180041,0.0,0.0,0.06283185307179587
22.14,0.9783951340943297,-0.2067430139229033,0.0005364462858180041,0.0,0.0,0.06283185307179587
22.16,0.9786541624497095,-0.2055133634225407,0.0005364462858180041,0.0,0.0,0.06283185307179587
22.18,0.9789116453765838,-0.20428338838852536,0.0005364462858180041,0.0,0.0,0.06283185307179587
22.2,0.9791675824683522,-0.2030530907631558,0.0005364462858180041,0.0,0.0,0.06283185307179587
22.22,0.9794219733208549,-0.2018224724892399,0.0005364462858180041,0.0,0.0,0.06283185307179587
22.240000000000002,0.9796748175323744,-0.20059153551009173,0.0005364462858180041,0.0,0.0,0.06283185307179587
22.26,0.979926114703635,-0.1993602817695292,0.0005364462858180041,0.0,0.0,0.06283185307179587
22.28,0.9801758644378038,-0.19812871321186984,0.0005364462858180041,0.0,0.0,0.06283185307179587
22.3,0.9804240663404925,-0.19689683178192846,0.0005364462858180041,0.0,0.0,0.06283185307179587
22.32,0.9806707200197561,-0.19566463942501397,0.0005364462858180041,0.0,0.0,0.06283185307179587
22.34,0.980915825086095,-0.19443213808692625,0.0005364462858180041,0.0,0.0,0.06283185307179587
22.36,0.9811593811524542,-0.19319932971395326,0.0005364462858180041,0.0,0.0,0.06283185307179587
22.38,0.981401387834226,-0.19196621625286772,0.0005364462858180041,0.0,0.0,0.06283185307179587
22.400000000000002,0.981641844749249,-0.19073279965092368,0.0005364462858180041,0.0,0.0,0.06283185307179587
22.42,0.9818807515178085,-0.1894990818558549,0.0005364462858180041,0.0,0.0,0.06283185307179587
22.44,0.9821181077626382,-0.18826506481586996,0.0005364462858180041,0.0,0.0,0.06283185307179587
22.46,0.9823539131089201,-0.18703075047965012,0.0005364462858180041,0.0,0.0,0.06283185307179587
22.48,0.9825881671842855,-0.1857961407963463,0.0005364462858180041,0.0,0.0,0.06283185307179587
22.5,0.9828208696188148,-0.18456123771557573,0.0005364462858180041,0.0,0.0,0.06283185307179587
22.52,0.9830520200450397,-0.1833260431874188,0.0005364462858180041,0.0,0.0,0.06283185307179587
22.54,0.983281618097942,-0.18209055916241632,0.0005364462858180041,0.0,0.0,0.06283185307179587
22.56,0.9835096634149549,-0.18085478759156626,0.0005364462858180041,0.0,0.0,0.06283185307179587
22.580000000000002,0.9837361556359634,-0.17961873042632037,0.0005364462858180041,0.0,0.0,0.06283185307179587
22.6,0.9839610944033061,-0.17838238961858202,0.0005364462858180041,0.0,0.0,0.06283185307179587
22.62,0.9841844793617737,-0.17714576712070193,0.0005364462858180041,0.0,0.0,0.06283185307179587
22.64,0.9844063101586108,-0.17590886488547583,0.0005364462858180041,0.0,0.0,0.06283185307179587
22.66,0.9846265864435161,-0.17467168486614115,0.0005364462858180041,0.0,0.0,0.06283185307179587
22.68,0.9848453078686439,-0.17343422901637398,0.0005364462858180041,0.0,0.0,0.06283185307179587
22.7,0.9850624740886024,-0.17219649929028605,0.0005364462858180041,0.0,0.0,0.06283185307179587
22.72,0.9852780847604568,-0.1709584976424215,0.0005364462858180041,0.0,0.0,0.06283185307179587
22.740000000000002,0.9854921395437285,-0.16972022602775377,0.0005364462858180041,0.0,0.0,0.06283185307179587
22.76,0.9857046381003958,-0.16848168640168318,0.0005364462858180041,0.0,0.0,0.06283185307179587
22.78,0.9859155800948944,-0.16724288072003263,0.0005364462858180041,0.0,0.0,0.06283185307179587
22.8,0.9861249651941184,-0.16600381093904526,0.0005364462858180041,0.0,0.0,0.06283185307179587
22.82,0.9863327930674195,-0.1647644790153816,0.0005364462858180041,0.0,0.0,0.06283185307179587
22.84,0.9865390633866098,-0.16352488690611583,0.0005364462858180041,0.0,0.0,0.06283185307179587
22.86,0.9867437758259598,-0.16228503656873305,0.0005364462858180041,0.0,0.0,0.06283185307179587
22.88,0.986946930062201,-0.16104492996112627,0.0005364462858180041,0.0,0.0,0.06283185307179587
22.900000000000002,0.987148525774525,-0.15980456904159282,0.0005364462858180041,0.0,0.0,0.06283185307179587
22.92,0.9873485626445846,-0.15856395576883228,0.0005364462858180041,0.0,0.0,0.06283185307179587
22.94,0.9875470403564942,-0.15732309210194217,0.0005364462858180041,0.0,0.0,0.06283185307179587
22.96,0.9877439585968306,-0.15608198000041554,0.0005364462858180041,0.0,0.0,0.06283185307179587
22.98,0.9879393170546327,-0.15484062142413793,0.0005364462858180041,0.0,0.0,0.06283185307179587
23.0,0.9881331154214031,-0.15359901833338394,0.0005364462858180041,0.0,0.0,0.06283185307179587
23.02,0.9883253533911078,-0.1523571726888143,0.0005364462858180041,0.0,0.0,0.06283185307179587
23.04,0.9885160306601768,-0.15111508645147276,0.0005364462858180041,0.0,0.0,0.06283185307179587
23.06,0.9887051469275042,-0.14987276158278304,0.0005364462858180041,0.0,0.0,0.06283185307179587
23.080000000000002,0.98889270189445,-0.14863020004454547,0.0005364462858180041,0.0,0.0,0.06283185307179587
23.1,0.9890786952648395,-0.14738740379893478,0.0005364462858180041,0.0,0.0,0.06283185307179587
23.12,0.9892631267449635,-0.1461443748084956,0.0005364462858180041,0.0,0.0,0.06283185307179587
23.14,0.9894459960435792,-0.14490111503614045,0.0005364462858180041,0.0,0.0,0.06283185307179587
23.16,0.9896273028719115,-0.14365762644514612,0.0005364462858180041,0.0,0.0,0.06283185307179587
23.18,0.9898070469436521,-0.14241391099915096,0.0005364462858180041,0.0,0.0,0.06283185307179587
23.2,0.9899852279749604,-0.14116997066215137,0.0005364462858180041,0.0,0.0,0.06283185307179587
23.22,0.9901618456844644,-0.13992580739849889,0.0005364462858180041,0.0,0.0,0.06283185307179587
23.240000000000002,0.9903368997932607,-0.13868142317289694,0.0005364462858180041,0.0,0.0,0.06283185307179587
23.26,0.9905103900249148,-0.13743681995039855,0.0005364462858180041,0.0,0.0,0.06283185307179587
23.28,0.9906823161054618,-0.13619199969640183,0.0005364462858180041,0.0,0.0,0.06283185307179587
23.3,0.9908526777634074,-0.1349469643766479,0.0005364462858180041,0.0,0.0,0.06283185307179587
23.32,0.991021474729727,-0.13370171595721742,0.0005364462858180041,0.0,0.0,0.06283185307179587
23.34,0.991188706737867,-0.13245625640452763,0.0005364462858180041,0.0,0.0,0.06283185307179587
23.36,0.9913543735237454,-0.13121058768532917,0.0005364462858180041,0.0,0.0,0.06283185307179587
23.38,0.9915184748257518,-0.12996471176670302,0.0005364462858180041,0.0,0.0,0.06283185307179587
23.400000000000002,0.9916810103847479,-0.128718630616057,0.0005364462858180041,0.0,0.0,0.06283185307179587
23.42,0.9918419799440673,-0.12747234620112388,0.0005364462858180041,0.0,0.0,0.06283185307179587
23.44,0.9920013832495181,-0.12622586048995665,0.0005364462858180041,0.0,0.0,0.06283185307179587
23.46,0.99215922004938,-0.1249791754509263,0.0005364462858180041,0.0,0.0,0.06283185307179587
23.48,0.992315490094407,-0.1237322930527187,0.0005364462858180041,0.0,0.0,0.06283185307179587
23.5,0.992470193137828,-0.12248521526433136,0.0005364462858180041,0.0,0.0,0.06283185307179587
23.52,0.9926233289353457,-0.12123794405507028,0.0005364462858180041,0.0,0.0,0.06283185307179587
23.54,0.9927748972451375,-0.11999048139454704,0.0005364462858180041,0.0,0.0,0.06283185307179587
23.56,0.9929248978278563,-0.1187428292526754,0.0005364462858180041,0.0,0.0,0.06283185307179587
23.580000000000002,0.993073330446631,-0.1174949895996682,0.0005364462858180041,0.0,0.0,0.06283185307179587
23.6,0.9932201948670658,-0.11624696440603502,0.0005364462858180041,0.0,0.0,0.06283185307179587
23.62,0.9933654908572416,-0.11499875564257771,0.0005364462858180041,0.0,0.0,0.06283185307179587
23.64,0.9935092181877169,-0.11375036528038839,0.0005364462858180041,0.0,0.0,0.06283185307179587
23.66,0.9936513766315257,-0.11250179529084574,0.0005364462858180041,0.0,0.0,0.06283185307179587
23.68,0.9937919659641815,-0.11125304764561225,0.0005364462858180041,0.0,0.0,0.06283185307179587
23.7,0.9939309859636739,-0.11000412431663086,0.0005364462858180041,0.0,0.0,0.06283185307179587
23.72,0.9940684364104717,-0.10875502727612202,0.0005364462858180041,0.0,0.0,0.06283185307179587
23.740000000000002,0.9942043170875215,-0.10750575849658024,0.0005364462858180041,0.0,0.0,0.06283185307179587
23.76,0.9943386277802494,-0.10625631995077184,0.0005364462858180041,0.0,0.0,0.06283185307179587
23.78,0.99447136827656,-0.10500671361173064,0.0005364462858180041,0.0,0.0,0.06283185307179587
23.8,0.9946025383668387,-0.10375694145275564,0.0005364462858180041,0.0,0.0,0.06283185307179587
23.82,0.9947321378439494,-0.10250700544740762,0.0005364462858180041,0.0,0.0,0.06283185307179587
23.84,0.9948601665032376,-0.10125690756950616,0.0005364462858180041,0.0,0.0,0.06283185307179587
23.86,0.9949866241425278,-0.10000664979312647,0.0005364462858180041,0.0,0.0,0.06283185307179587
23.88,0.9951115105621263,-0.09875623409259618,0.0005364462858180041,0.0,0.0,0.06283185307179587
23.900000000000002,0.9952348255648206,-0.09750566244249219,0.0005364462858180041,0.0,0.0,0.06283185307179587
23.92,0.9953565689558795,-0.09625493681763825,0.0005364462858180041,0.0,0.0,0.06283185307179587
23.94,0.9954767405430537,-0.09500405919310068,0.0005364462858180041,0.0,0.0,0.06283185307179587
23.96,0.995595340136575,-0.09375303154418588,0.0005364462858180041,0.0,0.0,0.06283185307179587
23.98,0.9957123675491595,-0.09250185584643734,0.0005364462858180041,0.0,0.0,0.06283185307179587
24.0,0.9958278225960048,-0.09125053407563226,0.0005364462858180041,0.0,0.0,0.06283185307179587
24.02,0.995941705094791,-0.08999906820777852,0.0005364462858180041,0.0,0.0,0.06283185307179587
24.04,0.9960540148656825,-0.08874746021911148,0.0005364462858180041,0.0,0.0,0.06283185307179587
24.060000000000002,0.9961647517313266,-0.08749571208609087,0.0005364462858180041,0.0,0.0,0.06283185307179587
24.080000000000002,0.9962739155168552,-0.08624382578539821,0.0005364462858180041,0.0,0.0,0.06283185307179587
24.1,0.9963815060498831,-0.0849918032939327,0.0005364462858180041,0.0,0.0,0.06283185307179587
24.12,0.9964875231605106,-0.08373964658880871,0.0005364462858180041,0.0,0.0,0.06283185307179587
24.14,0.9965919666813219,-0.08248735764735257,0.0005364462858180041,0.0,0.0,0.06283185307179587
24.16,0.9966948364473868,-0.08123493844709953,0.0005364462858180041,0.0,0.0,0.06283185307179587
24.18,0.9967961322962596,-0.07998239096579038,0.0005364462858180041,0.0,0.0,0.06283185307179587
24.2,0.9968958540679805,-0.07872971718136856,0.0005364462858180041,0.0,0.0,0.06283185307179587
24.22,0.9969940016050755,-0.07747691907197705,0.0005364462858180041,0.0,0.0,0.06283185307179587
24.240000000000002,0.9970905747525556,-0.07622399861595479,0.0005364462858180041,0.0,0.0,0.06283185307179587
24.26,0.997185573357919,-0.07497095779183463,0.0005364462858180041,0.0,0.0,0.06283185307179587
24.28,0.9972789972711499,-0.07371779857833886,0.0005364462858180041,0.0,0.0,0.06283185307179587
24.3,0.9973708463447191,-0.07246452295437691,0.0005364462858180041,0.0,0.0,0.06283185307179587
24.32,0.9974611204335846,-0.07121113289904205,0.0005364462858180041,0.0,0.0,0.06283185307179587
24.34,0.9975498193951908,-0.06995763039160827,0.0005364462858180041,0.0,0.0,0.06283185307179587
24.36,0.9976369430894705,-0.06870401741152711,0.0005364462858180041,0.0,0.0,0.06283185307179587
24.38,0.9977224913788433,-0.06745029593842465,0.0005364462858180041,0.0,0.0,0.06283185307179587
24.400000000000002,0.9978064641282165,-0.06619646795209795,0.0005364462858180041,0.0,0.0,0.06283185307179587
24.42,0.997888861204986,-0.06494253543251302,0.0005364462858180041,0.0,0.0,0.06283185307179587
24.44,0.9979696824790354,-0.06368850035980021,0.0005364462858180041,0.0,0.0,0.06283185307179587
24.46,0.998048927822737,-0.0624343647142521,0.0005364462858180041,0.0,0.0,0.06283185307179587
24.48,0.9981265971109516,-0.06118013047632003,0.0005364462858180041,0.0,0.0,0.06283185307179587
24.5,0.9982026902210287,-0.05992579962661107,0.0005364462858180041,0.0,0.0,0.06283185307179587
24.52,0.9982772070328066,-0.058671374145884844,0.0005364462858180041,0.0,0.0,0.06283185307179587
24.54,0.9983501474286136,-0.05741685601505041,0.0005364462858180041,0.0,0.0,0.06283185307179587
24.560000000000002,0.9984215112932665,-0.05616224721516291,0.0005364462858180041,0.0,0.0,0.06283185307179587
24.580000000000002,0.9984912985140726,-0.054907549727421345,0.0005364462858180041,0.0,0.0,0.06283185307179587
24.6,0.9985595089808278,-0.053652765533164073,0.0005364462858180041,0.0,0.0,0.06283185307179587
24.62,0.9986261425858184,-0.052397896613866624,0.0005364462858180041,0.0,0.0,0.06283185307179587
24.64,0.998691199223821,-0.051142944951138296,0.0005364462858180041,0.0,0.0,0.06283185307179587
24.66,0.9987546787921024,-0.04988791252671906,0.0005364462858180041,0.0,0.0,0.06283185307179587
24.68,0.9988165811904196,-0.04863280132247643,0.0005364462858180041,0.0,0.0,0.06283185307179587
24.7,0.9988769063210201,-0.047377613320402294,0.0005364462858180041,0.0,0.0,0.06283185307179587
24.72,0.9989356540886425,-0.046122350502609884,0.0005364462858180041,0.0,0.0,0.06283185307179587
24.740000000000002,0.9989928244005161,-0.04486701485133026,0.0005364462858180041,0.0,0.0,0.06283185307179587
24.76,0.999048417166361,-0.04361160834891022,0.0005364462858180041,0.0,0.0,0.06283185307179587
24.78,0.9991024322983886,-0.04235613297780778,0.0005364462858180041,0.0,0.0,0.06283185307179587
24.8,0.9991548697113016,-0.04110059072058991,0.0005364462858180041,0.0,0.0,0.06283185307179587
24.82,0.9992057293222945,-0.039844983559929194,0.0005364462858180041,0.0,0.0,0.06283185307179587
24.84,0.9992550110510531,-0.038589313478600756,0.0005364462858180041,0.0,0.0,0.06283185307179587
24.86,0.9993027148197543,-0.03733358245947903,0.0005364462858180041,0.0,0.0,0.06283185307179587
24.88,0.9993488405530674,-0.03607779248553469,0.0005364462858180041,0.0,0.0,0.06283185307179587
24.900000000000002,0.9993933881781539,-0.03482194553983132,0.0005364462858180041,0.0,0.0,0.06283185307179587
24.92,0.999436357624667,-0.0335660436055231,0.0005364462858180041,0.0,0.0,0.06283185307179587
24.94,0.9994777488247522,-0.03231008866585037,0.0005364462858180041,0.0,0.0,0.06283185307179587
24.96,0.9995175617130467,-0.031054082704137415,0.0005364462858180041,0.0,0.0,0.06283185307179587
24.98,0.9995557962266808,-0.029798027703789115,0.0005364462858180041,0.0,0.0,0.06283185307179587
25.0,0.9995924523052769,-0.02854192564828775,0.0005364462858180041,0.0,0.0,0.06283185307179587
25.02,0.99962752989095,-0.027285778521189918,0.0005364462858180041,0.0,0.0,0.06283185307179587
25.04,0.9996610289283084,-0.026029588306123393,0.0005364462858180041,0.0,0.0,0.06283185307179587
25.060000000000002,0.9996929493644515,-0.02477335698678376,0.0005364462858180041,0.0,0.0,0.06283185307179587
25.080000000000002,0.999723291148973,-0.023517086546932204,0.0005364462858180041,0.0,0.0,0.06283185307179587
25.1,0.9997520542339594,-0.022260778970390988,0.0005364462858180041,0.0,0.0,0.06283185307179587
25.12,0.9997792385739894,-0.021004436241041258,0.0005364462858180041,0.0,0.0,0.06283185307179587
25.14,0.9998048441261355,-0.01974806034281969,0.0005364462858180041,0.0,0.0,0.06283185307179587
25.16,0.9998288708499634,-0.01849165325971529,0.0005364462858180041,0.0,0.0,0.06283185307179587
25.18,0.9998513187075307,-0.017235216975766347,0.0005364462858180041,0.0,0.0,0.06283185307179587
25.2,0.9998721876633898,-0.015978753475057266,0.0005364462858180041,0.0,0.0,0.06283185307179587
25.22,0.999891477684586,-0.014722264741715396,0.0005364462858180041,0.0,0.0,0.06283185307179587
25.240000000000002,0.9999091887406573,-0.013465752759907742,0.0005364462858180041,0.0,0.0,0.06283185307179587
25.26,0.9999253208036354,-0.012209219513838677,0.0005364462858180041,0.0,0.0,0.06283185307179587
25.28,0.9999398738480461,-0.01095266698774549,0.0005364462858180041,0.0,0.0,0.06283185307179587
25.3,0.9999528478509075,-0.009696097165896126,0.0005364462858180041,0.0,0.0,0.06283185307179587
25.32,0.9999642427917321,-0.008439512032585852,0.0005364462858180041,0.0,0.0,0.06283185307179587
25.34,0.9999740586525261,-0.00718291357213412,0.0005364462858180041,0.0,0.0,0.06283185307179587
25.36,0.9999822954177886,-0.005926303768881416,0.0005364462858180041,0.0,0.0,0.06283185307179587
25.38,0.9999889530745127,-0.004669684607186141,0.0005364462858180041,0.0,0.0,0.06283185307179587
25.400000000000002,0.999994031612185,-0.003413058071421254,0.0005364462858180041,0.0,0.0,0.06283185307179587
25.42,0.9999975310227854,-0.0021564261459720247,0.0005364462858180041,0.0,0.0,0.06283185307179587
25.44,0.999999451300789,-0.0008997908152315666,0.0005364462858180041,0.0,0.0,0.06283185307179587
25.46,0.9999997924431626,0.00035684593640140737,0.0005364462858180041,0.0,0.0,0.06283185307179587
25.48,0.9999985544493674,0.0016134821245259398,0.0005364462858180041,0.0,0.0,0.06283185307179587
25.5,0.9999957373213587,0.0028701157647419632,0.0005364462858180041,0.0,0.0,0.06283185307179587
25.52,0.9999913410635847,0.004126744872653433,0.0005364462858180041,0.0,0.0,0.06283185307179587
25.54,0.999985365682988,0.005383367463871462,0.0005364462858180041,0.0,0.0,0.06283185307179587
25.560000000000002,0.9999778111890046,0.006639981554017682,0.0005364462858180041,0.0,0.0,0.06283185307179587
25.580000000000002,0.9999686775935639,0.007896585158726469,0.0005364462858180041,0.0,0.0,0.06283185307179587
25.6,0.9999579649110889,0.009153176293649434,0.0005364462858180041,0.0,0.0,0.06283185307179587
25.62,0.999945673158497,0.010409752974457658,0.0005364462858180041,0.0,0.0,0.06283185307179587
25.64,0.9999318023551984,0.011666313216845041,0.0005364462858180041,0.0,0.0,0.06283185307179587
25.66,0.9999163525230967,0.012922855036531445,0.0005364462858180041,0.0,0.0,0.06283185307179587
25.68,0.9998993236865895,0.014179376449265825,0.0005364462858180041,0.0,0.0,0.06283185307179587
25.7,0.9998807158725677,0.015435875470829355,0.0005364462858180041,0.0,0.0,0.06283185307179587
25.72,0.9998605291104153,0.01669235011703857,0.0005364462858180041,0.0,0.0,0.06283185307179587
25.740000000000002,0.9998387634320102,0.017948798403748738,0.0005364462858180041,0.0,0.0,0.06283185307179587
25.76,0.9998154188717231,0.01920521834685605,0.0005364462858180041,0.0,0.0,0.06283185307179587
25.78,0.9997904954664185,0.020461607962302154,0.0005364462858180041,0.0,0.0,0.06283185307179587
25.8,0.999763993255454,0.02171796526607635,0.0005364462858180041,0.0,0.0,0.06283185307179587
25.82,0.9997359122806796,0.022974288274218966,0.0005364462858180041,0.0,0.0,0.06283185307179587
25.84,0.9997062525864396,0.024230575002824495,0.0005364462858180041,0.0,0.0,0.06283185307179587
25.86,0.9996750142195704,0.025486823468044706,0.0005364462858180041,0.0,0.0,0.06283185307179587
25.88,0.9996421972294017,0.026743031686091805,0.0005364462858180041,0.0,0.0,0.06283185307179587
25.900000000000002,0.999607801667756,0.027999197673241768,0.0005364462858180041,0.0,0.0,0.06283185307179587
25.92,0.9995718275889487,0.02925531944583659,0.0005364462858180041,0.0,0.0,0.06283185307179587
25.94,0.9995342750497879,0.03051139502028877,0.0005364462858180041,0.0,0.0,0.06283185307179587
25.96,0.9994951441095739,0.03176742241308352,0.0005364462858180041,0.0,0.0,0.06283185307179587
25.98,0.9994544348301,0.03302339964078214,0.0005364462858180041,0.0,0.0,0.06283185307179587
26.0,0.9994121472756518,0.03427932472002514,0.0005364462858180041,0.0,0.0,0.06283185307179587
26.02,0.9993682815130066,0.035535195667535394,0.0005364462858180041,0.0,0.0,0.06283185307179587
26.04,0.9993228376114349,0.03679101050012128,0.0005364462858180041,0.0,0.0,0.06283185307179587
26.060000000000002,0.9992758156426985,0.03804676723467996,0.0005364462858180041,0.0,0.0,0.06283185307179587
26.080000000000002,0.999227215681052,0.03930246388819971,0.0005364462858180041,0.0,0.0,0.06283185307179587
26.1,0.9991770378032407,0.04055809847776435,0.0005364462858180041,0.0,0.0,0.06283185307179587
26.12,0.9991252820885027,0.04181366902055546,0.0005364462858180041,0.0,0.0,0.06283185307179587
26.14,0.9990719486185671,0.04306917353385576,0.0005364462858180041,0.0,0.0,0.06283185307179587
26.16,0.9990170374776549,0.04432461003505228,0.0005364462858180041,0.0,0.0,0.06283185307179587
26.18,0.9989605487524786,0.04557997654163941,0.0005364462858180041,0.0,0.0,0.06283185307179587
26.2,0.9989024825322413,0.04683527107122207,0.0005364462858180041,0.0,0.0,0.06283185307179587
26.22,0.9988428389086378,0.048090491641518865,0.0005364462858180041,0.0,0.0,0.06283185307179587
26.240000000000002,0.9987816179758532,0.049345636270365416,0.0005364462858180041,0.0,0.0,0.06283185307179587
26.26,0.9987188198305632,0.050600702975716554,0.0005364462858180041,0.0,0.0,0.06283185307179587
26.28,0.9986544445719358,0.05185568977565089,0.0005364462858180041,0.0,0.0,0.06283185307179587
26.3,0.9985884923016275,0.05311059468837295,0.0005364462858180041,0.0,0.0,0.06283185307179587
26.32,0.9985209631237861,0.05436541573221661,0.0005364462858180041,0.0,0.0,0.06283185307179587
26.34,0.9984518571450491,0.05562015092564815,0.0005364462858180041,0.0,0.0,0.06283185307179587
26.36,0.9983811744745451,0.05687479828726941,0.0005364462858180041,0.0,0.0,0.06283185307179587
26.38,0.9983089152238912,0.058129355835820976,0.0005364462858180041,0.0,0.0,0.06283185307179587
26.400000000000002,0.9982350795071945,0.05938382159018544,0.0005364462858180041,0.0,0.0,0.06283185307179587
26.42,0.998159667441052,0.06063819356938973,0.0005364462858180041,0.0,0.0,0.06283185307179587
26.44,0.9980826791445488,0.06189246979260946,0.0005364462858180041,0.0,0.0,0.06283185307179587
26.46,0.9980041147392613,0.06314664827917128,0.0005364462858180041,0.0,0.0,0.06283185307179587
26.48,0.9979239743492525,0.06440072704855619,0.0005364462858180041,0.0,0.0,0.06283185307179587
26.5,0.9978422581010753,0.06565470412040264,0.0005364462858180041,0.0,0.0,0.06283185307179587
26.52,0.9977589661237708,0.0669085775145097,0.0005364462858180041,0.0,0.0,0.06283185307179587
26.54,0.9976740985488679,0.06816234525084003,0.0005364462858180041,0.0,0.0,0.06283185307179587
26.560000000000002,0.9975876555103848,0.06941600534952355,0.0005364462858180041,0.0,0.0,0.06283185307179587
26.580000000000002,0.9974996371448264,0.07066955583085933,0.0005364462858180041,0.0,0.0,0.06283185307179587
26.6,0.9974100435911858,0.07192299471532035,0.0005364462858180041,0.0,0.0,0.06283185307179587
26.62,0.9973188749909435,0.07317632002355548,0.0005364462858180041,0.0,0.0,0.06283185307179587
26.64,0.9972261314880673,0.07442952977639296,0.0005364462858180041,0.0,0.0,0.06283185307179587
26.66,0.9971318132290116,0.07568262199484359,0.0005364462858180041,0.0,0.0,0.06283185307179587
26.68,0.9970359203627182,0.0769355947001037,0.0005364462858180041,0.0,0.0,0.06283185307179587
26.7,0.9969384530406146,0.07818844591355834,0.0005364462858180041,0.0,0.0,0.06283185307179587
26.72,0.9968394114166153,0.07944117365678441,0.0005364462858180041,0.0,0.0,0.06283185307179587
26.740000000000002,0.9967387956471203,0.08069377595155412,0.0005364462858180041,0.0,0.0,0.06283185307179587
26.76,0.996636605891016,0.08194625081983693,0.0005364462858180041,0.0,0.0,0.06283185307179587
26.78,0.9965328423096734,0.08319859628380434,0.0005364462858180041,0.0,0.0,0.06283185307179587
26.8,0.9964275050669498,0.0844508103658319,0.0005364462858180041,0.0,0.0,0.06283185307179587
26.82,0.996320594329187,0.08570289108850268,0.0005364462858180041,0.0,0.0,0.06283185307179587
26.84,0.9962121102652114,0.08695483647461029,0.0005364462858180041,0.0,0.0,0.06283185307179587
26.86,0.9961020530463344,0.08820664454716211,0.0005364462858180041,0.0,0.0,0.06283185307179587
26.88,0.9959904228463514,0.08945831332938231,0.0005364462858180041,0.0,0.0,0.06283185307179587
26.900000000000002,0.9958772198415416,0.09070984084471526,0.0005364462858180041,0.0,0.0,0.06283185307179587
26.92,0.995762444210668,0.09196122511682767,0.0005364462858180041,0.0,0.0,0.06283185307179587
26.94,0.995646096134977,0.0932124641696133,0.0005364462858180041,0.0,0.0,0.06283185307179587
26.96,0.9955281757981983,0.09446355602719479,0.0005364462858180041,0.0,0.0,0.06283185307179587
26.98,0.9954086833865441,0.0957144987139274,0.0005364462858180041,0.0,0.0,0.06283185307179587
27.0,0.9952876190887091,0.09696529025440186,0.0005364462858180041,0.0,0.0,0.06283185307179587
27.02,0.9951649830958704,0.09821592867344758,0.0005364462858180041,0.0,0.0,0.06283185307179587
27.04,0.9950407756016869,0.09946641199613587,0.0005364462858180041,0.0,0.0,0.06283185307179587
27.060000000000002,0.9949149968022992,0.100716738247783,0.0005364462858180041,0.0,0.0,0.06283185307179587
27.080000000000002,0.9947876468963294,0.10196690545395277,0.0005364462858180041,0.0,0.0,0.06283185307179587
27.1,0.9946587260848804,0.10321691164046067,0.0005364462858180041,0.0,0.0,0.06283185307179587
27.12,0.9945282345715355,0.10446675483337639,0.0005364462858180041,0.0,0.0,0.06283185307179587
27.14,0.9943961725623588,0.10571643305902687,0.0005364462858180041,0.0,0.0,0.06283185307179587
27.16,0.994262540265894,0.10696594434399963,0.0005364462858180041,0.0,0.0,0.06283185307179587
27.18,0.994127337893165,0.10821528671514584,0.0005364462858180041,0.0,0.0,0.06283185307179587
27.2,0.9939905656576745,0.10946445819958332,0.0005364462858180041,0.0,0.0,0.06283185307179587
27.22,0.9938522237754048,0.11071345682469982,0.0005364462858180041,0.0,0.0,0.06283185307179587
27.240000000000002,0.9937123124648166,0.11196228061815623,0.0005364462858180041,0.0,0.0,0.06283185307179587
27.26,0.9935708319468487,0.11321092760788887,0.0005364462858180041,0.0,0.0,0.06283185307179587
27.28,0.9934277824449185,0.11445939582211394,0.0005364462858180041,0.0,0.0,0.06283185307179587
27.3,0.9932831641849205,0.11570768328932972,0.0005364462858180041,0.0,0.0,0.06283185307179587
27.32,0.9931369773952267,0.11695578803831991,0.0005364462858180041,0.0,0.0,0.06283185307179587
27.34,0.992989222306686,0.11820370809815672,0.0005364462858180041,0.0,0.0,0.06283185307179587
27.36,0.9928398991526239,0.1194514414982041,0.0005364462858180041,0.0,0.0,0.06283185307179587
27.38,0.9926890081688423,0.12069898626812063,0.0005364462858180041,0.0,0.0,0.06283185307179587
27.400000000000002,0.9925365495936184,0.12194634043786315,0.0005364462858180041,0.0,0.0,0.06283185307179587
27.42,0.9923825236677046,0.1231935020376886,0.0005364462858180041,0.0,0.0,0.06283185307179587
27.44,0.9922269306343293,0.12444046909815888,0.0005364462858180041,0.0,0.0,0.06283185307179587
27.46,0.9920697707391953,0.12568723965014283,0.0005364462858180041,0.0,0.0,0.06283185307179587
27.48,0.9919110442304793,0.1269338117248195,0.0005364462858180041,0.0,0.0,0.06283185307179587
27.5,0.9917507513588322,0.12818018335368145,0.0005364462858180041,0.0,0.0,0.06283185307179587
27.52,0.9915888923773785,0.12942635256853777,0.0005364462858180041,0.0,0.0,0.06283185307179587
27.54,0.9914254675417153,0.1306723174015171,0.0005364462858180041,0.0,0.0,0.06283185307179587
27.560000000000002,0.9912604771099132,0.13191807588507126,0.0005364462858180041,0.0,0.0,0.06283185307179587
27.580000000000002,0.9910939213425141,0.13316362605197699,0.0005364462858180041,0.0,0.0,0.06283185307179587
27.6,0.9909258005025323,0.13440896593534085,0.0005364462858180041,0.0,0.0,0.06283185307179587
27.62,0.9907561148554538,0.13565409356860111,0.0005364462858180041,0.0,0.0,0.06283185307179587
27.64,0.9905848646692351,0.13689900698553137,0.0005364462858180041,0.0,0.0,0.06283185307179587
27.66,0.9904120502143039,0.13814370422024336,0.0005364462858180041,0.0,0.0,0.06283185307179587
27.68,0.9902376717635581,0.1393881833071903,0.0005364462858180041,0.0,0.0,0.06283185307179587
27.7,0.9900617295923648,0.14063244228116975,0.0005364462858180041,0.0,0.0,0.06283185307179587
27.72,0.9898842239785607,0.14187647917732718,0.0005364462858180041,0.0,0.0,0.06283185307179587
27.740000000000002,0.9897051552024512,0.14312029203115842,0.0005364462858180041,0.0,0.0,0.06283185307179587
27.76,0.9895245235468104,0.144363878878513,0.0005364462858180041,0.0,0.0,0.06283185307179587
27.78,0.9893423292968806,0.1456072377555977,0.0005364462858180041,0.0,0.0,0.06283185307179587
27.8,0.9891585727403712,0.14685036669897905,0.0005364462858180041,0.0,0.0,0.06283185307179587
27.82,0.988973254167459,0.14809326374558685,0.0005364462858180041,0.0,0.0,0.06283185307179587
27.84,0.9887863738707869,0.149335926932717,0.0005364462858180041,0.0,0.0,0.06283185307179587
27.86,0.9885979321454647,0.1505783542980347,0.0005364462858180041,0.0,0.0,0.06283185307179587
27.88,0.9884079292890676,0.1518205438795776,0.0005364462858180041,0.0,0.0,0.06283185307179587
27.900000000000002,0.988216365601636,0.15306249371575897,0.0005364462858180041,0.0,0.0,0.06283185307179587
27.92,0.9880232413856754,0.15430420184537008,0.0005364462858180041,0.0,0.0,0.06283185307179587
27.94,0.9878285569461548,0.1555456663075846,0.0005364462858180041,0.0,0.0,0.06283185307179587
27.96,0.9876323125905075,0.15678688514196057,0.0005364462858180041,0.0,0.0,0.06283185307179587
27.98,0.9874345086286308,0.15802785638844402,0.0005364462858180041,0.0,0.0,0.06283185307179587
28.0,0.9872351453728837,0.15926857808737202,0.0005364462858180041,0.0,0.0,0.06283185307179587
28.02,0.9870342231380879,0.16050904827947557,0.0005364462858180041,0.0,0.0,0.06283185307179587
28.04,0.9868317422415274,0.16174926500588305,0.0005364462858180041,0.0,0.0,0.06283185307179587
28.060000000000002,0.9866277030029469,0.1629892263081231,0.0005364462858180041,0.0,0.0,0.06283185307179587
28.080000000000002,0.986422105744552,0.16422893022812712,0.0005364462858180041,0.0,0.0,0.06283185307179587
28.1,0.9862149507910094,0.16546837480823368,0.0005364462858180041,0.0,0.0,0.06283185307179587
28.12,0.9860062384694447,0.16670755809119056,0.0005364462858180041,0.0,0.0,0.06283185307179587
28.14,0.985795969109443,0.16794647812015828,0.0005364462858180041,0.0,0.0,0.06283185307179587
28.16,0.9855841430430488,0.16918513293871296,0.0005364462858180041,0.0,0.0,0.06283185307179587
28.18,0.9853707606047643,0.1704235205908496,0.0005364462858180041,0.0,0.0,0.06283185307179587
28.2,0.9851558221315488,0.17166163912098495,0.0005364462858180041,0.0,0.0,0.06283185307179587
28.22,0.98493932796282,0.17289948657396106,0.0005364462858180041,0.0,0.0,0.06283185307179587
28.240000000000002,0.9847212784404518,0.17413706099504783,0.0005364462858180041,0.0,0.0,0.06283185307179587
28.26,0.9845016739087741,0.17537436042994609,0.0005364462858180041,0.0,0.0,0.06283185307179587
28.28,0.9842805147145725,0.17661138292479123,0.0005364462858180041,0.0,0.0,0.06283185307179587
28.3,0.9840578012070872,0.1778481265261559,0.0005364462858180041,0.0,0.0,0.06283185307179587
28.32,0.9838335337380136,0.17908458928105317,0.0005364462858180041,0.0,0.0,0.06283185307179587
28.34,0.9836077126615006,0.18032076923693957,0.0005364462858180041,0.0,0.0,0.06283185307179587
28.36,0.9833803383341503,0.18155666444171825,0.0005364462858180041,0.0,0.0,0.06283185307179587
28.38,0.9831514111150178,0.1827922729437419,0.0005364462858180041,0.0,0.0,0.06283185307179587
28.400000000000002,0.9829209313656107,0.18402759279181632,0.0005364462858180041,0.0,0.0,0.06283185307179587
28.42,0.9826888994498878,0.1852626220352024,0.0005364462858180041,0.0,0.0,0.06283185307179587
28.44,0.9824553157342595,0.1864973587236206,0.0005364462858180041,0.0,0.0,0.06283185307179587
28.46,0.9822201805875861,0.1877318009072532,0.0005364462858180041,0.0,0.0,0.06283185307179587
28.48,0.9819834943811777,0.18896594663674746,0.0005364462858180041,0.0,0.0,0.06283185307179587
28.5,0.9817452574887945,0.19019979396321873,0.0005364462858180041,0.0,0.0,0.06283185307179587
28.52,0.9815054702866451,0.19143334093825384,0.0005364462858180041,0.0,0.0,0.06283185307179587
28.54,0.981264133153386,0.1926665856139136,0.0005364462858180041,0.0,0.0,0.06283185307179587
28.560000000000002,0.9810212464701216,0.19389952604273658,0.0005364462858180041,0.0,0.0,0.06283185307179587
28.580000000000002,0.9807768106204034,0.19513216027774122,0.0005364462858180041,0.0,0.0,0.06283185307179587
28.6,0.9805308259902293,0.19636448637242992,0.0005364462858180041,0.0,0.0,0.06283185307179587
28.62,0.9802832929680416,0.19759650238079157,0.0005364462858180041,0.0,0.0,0.06283185307179587
28.64,0.9800342119447293,0.19882820635730478,0.0005364462858180041,0.0,0.0,0.06283185307179587
28.66,0.9797835833136253,0.2000595963569409,0.0005364462858180041,0.0,0.0,0.06283185307179587
28.68,0.9795314074705064,0.20129067043516688,0.0005364462858180041,0.0,0.0,0.06283185307179587
28.7,0.9792776848135923,0.2025214266479488,0.0005364462858180041,0.0,0.0,0.06283185307179587
28.72,0.9790224157435461,0.20375186305175463,0.0005364462858180041,0.0,0.0,0.06283185307179587
28.740000000000002,0.9787656006634726,0.20498197770355753,0.0005364462858180041,0.0,0.0,0.06283185307179587
28.76,0.9785072399789178,0.20621176866083812,0.0005364462858180041,0.0,0.0,0.06283185307179587
28.78,0.9782473340978682,0.20744123398158887,0.0005364462858180041,0.0,0.0,0.06283185307179587
28.8,0.9779858834307508,0.20867037172431613,0.0005364462858180041,0.0,0.0,0.06283185307179587
28.82,0.9777228883904322,0.2098991799480437,0.0005364462858180041,0.0,0.0,0.06283185307179587
28.84,0.9774583493922171,0.21112765671231565,0.0005364462858180041,0.0,0.0,0.06283185307179587
28.86,0.9771922668538486,0.21235580007719954,0.0005364462858180041,0.0,0.0,0.06283185307179587
28.88,0.9769246411955076,0.2135836081032893,0.0005364462858180041,0.0,0.0,0.06283185307179587
28.900000000000002,0.9766554728398115,0.21481107885170866,0.0005364462858180041,0.0,0.0,0.06283185307179587
28.92,0.9763847622118138,0.21603821038411336,0.0005364462858180041,0.0,0.0,0.06283185307179587
28.94,0.976112509739004,0.21726500076269545,0.0005364462858180041,0.0,0.0,0.06283185307179587
28.96,0.9758387158513051,0.2184914480501854,0.0005364462858180041,0.0,0.0,0.06283185307179587
28.98,0.9755633809810756,0.21971755030985562,0.0005364462858180041,0.0,0.0,0.06283185307179587
29.0,0.9752865055631068,0.22094330560552333,0.0005364462858180041,0.0,0.0,0.06283185307179587
29.02,0.9750080900346223,0.2221687120015535,0.0005364462858180041,0.0,0.0,0.06283185307179587
29.04,0.9747281348352786,0.2233937675628622,0.0005364462858180041,0.0,0.0,0.06283185307179587
29.060000000000002,0.9744466404071636,0.2246184703549196,0.0005364462858180041,0.0,0.0,0.06283185307179587
29.080000000000002,0.9741636071947946,0.22584281844375254,0.0005364462858180041,0.0,0.0,0.06283185307179587
29.1,0.97387903564512,0.22706680989594843,0.0005364462858180041,0.0,0.0,0.06283185307179587
29.12,0.9735929262075169,0.22829044277865773,0.0005364462858180041,0.0,0.0,0.06283185307179587
29.14,0.9733052793337916,0.22951371515959706,0.0005364462858180041,0.0,0.0,0.06283185307179587
29.16,0.9730160954781777,0.23073662510705245,0.0005364462858180041,0.0,0.0,0.06283185307179587
29.18,0.9727253750973361,0.231959170689882,0.0005364462858180041,0.0,0.0,0.06283185307179587
29.2,0.9724331186503538,0.23318134997751946,0.0005364462858180041,0.0,0.0,0.06283185307179587
29.22,0.9721393265987432,0.23440316103997696,0.0005364462858180041,0.0,0.0,0.06283185307179587
29.240000000000002,0.9718439994064424,0.23562460194784815,0.0005364462858180041,0.0,0.0,0.06283185307179587
29.26,0.9715471375398136,0.23684567077231075,0.0005364462858180041,0.0,0.0,0.06283185307179587
29.28,0.971248741467642,0.23806636558513058,0.0005364462858180041,0.0,0.0,0.06283185307179587
29.3,0.9709488116611356,0.239286684458664,0.0005364462858180041,0.0,0.0,0.06283185307179587
29.32,0.9706473485939245,0.24050662546586088,0.0005364462858180041,0.0,0.0,0.06283185307179587
29.34,0.9703443527420603,0.24172618668026793,0.0005364462858180041,0.0,0.0,0.06283185307179587
29.36,0.9700398245840146,0.24294536617603138,0.0005364462858180041,0.0,0.0,0.06283185307179587
29.38,0.969733764600679,0.24416416202790045,0.0005364462858180041,0.0,0.0,0.06283185307179587
29.400000000000002,0.9694261732753637,0.2453825723112304,0.0005364462858180041,0.0,0.0,0.06283185307179587
29.42,0.9691170510937979,0.24660059510198462,0.0005364462858180041,0.0,0.0,0.06283185307179587
29.44,0.9688063985441274,0.24781822847673907,0.0005364462858180041,0.0,0.0,0.06283185307179587
29.46,0.9684942161169151,0.24903547051268451,0.0005364462858180041,0.0,0.0,0.06283185307179587
29.48,0.9681805043051398,0.2502523192876296,0.0005364462858180041,0.0,0.0,0.06283185307179587
29.5,0.967865263604195,0.25146877288000397,0.0005364462858180041,0.0,0.0,0.06283185307179587
29.52,0.9675484945118886,0.2526848293688614,0.0005364462858180041,0.0,0.0,0.06283185307179587
29.54,0.9672301975284425,0.2539004868338828,0.0005364462858180041,0.0,0.0,0.06283185307179587
29.560000000000002,0.9669103731564912,0.25511574335537923,0.0005364462858180041,0.0,0.0,0.06283185307179587
29.580000000000002,0.9665890219010806,0.2563305970142942,0.0005364462858180041,0.0,0.0,0.06283185307179587
29.6,0.9662661442696687,0.2575450458922084,0.0005364462858180041,0.0,0.0,0.06283185307179587
29.62,0.9659417407721234,0.25875908807134096,0.0005364462858180041,0.0,0.0,0.06283185307179587
29.64,0.9656158119207221,0.25997272163455387,0.0005364462858180041,0.0,0.0,0.06283185307179587
29.66,0.9652883582301507,0.26118594466535405,0.0005364462858180041,0.0,0.0,0.06283185307179587
29.68,0.964959380217503,0.2623987552478966,0.0005364462858180041,0.0,0.0,0.06283185307179587
29.7,0.9646288784022806,0.2636111514669883,0.0005364462858180041,0.0,0.0,0.06283185307179587
29.72,0.9642968533063908,0.2648231314080898,0.0005364462858180041,0.0,0.0,0.06283185307179587
29.740000000000002,0.9639633054541469,0.2660346931573195,0.0005364462858180041,0.0,0.0,0.06283185307179587
29.76,0.9636282353722658,0.2672458348014557,0.0005364462858180041,0.0,0.0,0.06283185307179587
29.78,0.9632916435898696,0.26845655442794064,0.0005364462858180041,0.0,0.0,0.06283185307179587
29.8,0.9629535306384822,0.2696668501248829,0.0005364462858180041,0.0,0.0,0.06283185307179587
29.82,0.9626138970520303,0.27087671998106005,0.0005364462858180041,0.0,0.0,0.06283185307179587
29.84,0.9622727433668415,0.27208616208592284,0.0005364462858180041,0.0,0.0,0.06283185307179587
29.86,0.9619300701216441,0.27329517452959695,0.0005364462858180041,0.0,0.0,0.06283185307179587
29.88,0.9615858778575662,0.2745037554028866,0.0005364462858180041,0.0,0.0,0.06283185307179587
29.900000000000002,0.9612401671181342,0.2757119027972779,0.0005364462858180041,0.0,0.0,0.06283185307179587
29.92,0.9608929384492727,0.2769196148049408,0.0005364462858180041,0.0,0.0,0.06283185307179587
29.94,0.9605441923993028,0.27812688951873354,0.0005364462858180041,0.0,0.0,0.06283185307179587
29.96,0.9601939295189421,0.2793337250322042,0.0005364462858180041,0.0,0.0,0.06283185307179587
29.98,0.9598421503613042,0.28054011943959517,0.0005364462858180041,0.0,0.0,0.06283185307179587
30.0,0.9594888554818953,0.28174607083584463,0.0005364462858180041,0.0,0.0,0.06283185307179587
30.02,0.9591340454386172,0.2829515773165912,0.0005364462858180041,0.0,0.0,0.06283185307179587
30.04,0.958777720791763,0.28415663697817517,0.0005364462858180041,0.0,0.0,0.06283185307179587
30.060000000000002,0.958419882104018,0.2853612479176433,0.0005364462858180041,0.0,0.0,0.06283185307179587
30.080000000000002,0.958060529940458,0.28656540823275006,0.0005364462858180041,0.0,0.0,0.06283185307179587
30.1,0.9576996648685498,0.28776911602196203,0.0005364462858180041,0.0,0.0,0.06283185307179587
30.12,0.9573372874581484,0.2889723693844604,0.0005364462858180041,0.0,0.0,0.06283185307179587
30.14,0.956973398281497,0.2901751664201437,0.0005364462858180041,0.0,0.0,0.06283185307179587
30.16,0.9566079979132261,0.2913775052296314,0.0005364462858180041,0.0,0.0,0.06283185307179587
30.18,0.9562410869303533,0.29257938391426636,0.0005364462858180041,0.0,0.0,0.06283185307179587
30.2,0.9558726659122804,0.2937808005761181,0.0005364462858180041,0.0,0.0,0.06283185307179587
30.22,0.9555027354407949,0.2949817533179858,0.0005364462858180041,0.0,0.0,0.06283185307179587
30.240000000000002,0.9551312961000674,0.2961822402434013,0.0005364462858180041,0.0,0.0,0.06283185307179587
30.26,0.9547583484766516,0.29738225945663144,0.0005364462858180041,0.0,0.0,0.06283185307179587
30.28,0.9543838931594826,0.29858180906268217,0.0005364462858180041,0.0,0.0,0.06283185307179587
30.3,0.9540079307398766,0.29978088716730106,0.0005364462858180041,0.0,0.0,0.06283185307179587
30.32,0.9536304618115289,0.30097949187698003,0.0005364462858180041,0.0,0.0,0.06283185307179587
30.34,0.9532514869705151,0.3021776212989589,0.0005364462858180041,0.0,0.0,0.06283185307179587
30.36,0.9528710068152881,0.3033752735412274,0.0005364462858180041,0.0,0.0,0.06283185307179587
30.38,0.9524890219466775,0.30457244671252953,0.0005364462858180041,0.0,0.0,0.06283185307179587
30.400000000000002,0.9521055329678899,0.30576913892236546,0.0005364462858180041,0.0,0.0,0.06283185307179587
30.42,0.9517205404845072,0.3069653482809944,0.0005364462858180041,0.0,0.0,0.06283185307179587
30.44,0.9513340451044847,0.3081610728994388,0.0005364462858180041,0.0,0.0,0.06283185307179587
30.46,0.9509460474381511,0.30935631088948606,0.0005364462858180041,0.0,0.0,0.06283185307179587
30.48,0.950556548098208,0.3105510603636926,0.0005364462858180041,0.0,0.0,0.06283185307179587
30.5,0.9501655476997282,0.3117453194353857,0.0005364462858180041,0.0,0.0,0.06283185307179587
30.52,0.9497730468601542,0.3129390862186673,0.0005364462858180041,0.0,0.0,0.06283185307179587
30.54,0.9493790461992987,0.31413235882841667,0.0005364462858180041,0.0,0.0,0.06283185307179587
30.560000000000002,0.9489835463393425,0.31532513538029355,0.0005364462858180041,0.0,0.0,0.06283185307179587
30.580000000000002,0.9485865479048337,0.3165174139907409,0.0005364462858180041,0.0,0.0,0.06283185307179587
30.6,0.948188051522687,0.317709192776988,0.0005364462858180041,0.0,0.0,0.06283185307179587
30.62,0.9477880578221829,0.31890046985705367,0.0005364462858180041,0.0,0.0,0.06283185307179587
30.64,0.9473865674349659,0.3200912433497488,0.0005364462858180041,0.0,0.0,0.06283185307179587
30.66,0.9469835809950439,0.3212815113746793,0.0005364462858180041,0.0,0.0,0.06283185307179587
30.68,0.9465790991387877,0.3224712720522495,0.0005364462858180041,0.0,0.0,0.06283185307179587
30.7,0.9461731225049295,0.32366052350366503,0.0005364462858180041,0.0,0.0,0.06283185307179587
30.72,0.9457656517345616,0.32484926385093565,0.0005364462858180041,0.0,0.0,0.06283185307179587
30.740000000000002,0.945356687471136,0.326037491216878,0.0005364462858180041,0.0,0.0,0.06283185307179587
30.76,0.9449462303604631,0.3272252037251185,0.0005364462858180041,0.0,0.0,0.06283185307179587
30.78,0.9445342810507109,0.3284123995000972,0.0005364462858180041,0.0,0.0,0.06283185307179587
30.8,0.9441208401924033,0.32959907666707017,0.0005364462858180041,0.0,0.0,0.06283185307179587
30.82,0.9437059084384202,0.3307852333521119,0.0005364462858180041,0.0,0.0,0.06283185307179587
30.84,0.9432894864439951,0.3319708676821191,0.0005364462858180041,0.0,0.0,0.06283185307179587
30.86,0.9428715748667152,0.33315597778481354,0.0005364462858180041,0.0,0.0,0.06283185307179587
30.88,0.9424521743665198,0.33434056178874444,0.0005364462858180041,0.0,0.0,0.06283185307179587
30.900000000000002,0.9420312856057003,0.3355246178232922,0.0005364462858180041,0.0,0.0,0.06283185307179587
30.92,0.9416089092488968,0.3367081440186702,0.0005364462858180041,0.0,0.0,0.06283185307179587
30.94,0.9411850459630995,0.3378911385059295,0.0005364462858180041,0.0,0.0,0.06283185307179587
30.96,0.9407596964176462,0.3390735994169603,0.0005364462858180041,0.0,0.0,0.06283185307179587
30.98,0.940332861284222,0.3402555248844952,0.0005364462858180041,0.0,0.0,0.06283185307179587
31.0,0.9399045412368576,0.34143691304211266,0.0005364462858180041,0.0,0.0,0.06283185307179587
31.02,0.9394747369519294,0.3426177620242396,0.0005364462858180041,0.0,0.0,0.06283185307179587
31.04,0.9390434491081563,0.34379806996615414,0.0005364462858180041,0.0,0.0,0.06283185307179587
31.060000000000002,0.9386106783866013,0.34497783500398915,0.0005364462858180041,0.0,0.0,0.06283185307179587
31.080000000000002,0.9381764254706679,0.3461570552747343,0.0005364462858180041,0.0,0.0,0.06283185307179587
31.1,0.937740691046101,0.34733572891624,0.0005364462858180041,0.0,0.0,0.06283185307179587
31.12,0.9373034758009847,0.3485138540672195,0.0005364462858180041,0.0,0.0,0.06283185307179587
31.14,0.9368647804257417,0.3496914288672528,0.0005364462858180041,0.0,0.0,0.06283185307179587
31.16,0.9364246056131319,0.3508684514567882,0.0005364462858180041,0.0,0.0,0.06283185307179587
31.18,0.9359829520582511,0.3520449199771466,0.0005364462858180041,0.0,0.0,0.06283185307179587
31.2,0.935539820458531,0.35322083257052345,0.0005364462858180041,0.0,0.0,0.06283185307179587
31.220000000000002,0.9350952115137365,0.35439618737999246,0.0005364462858180041,0.0,0.0,0.06283185307179587
31.240000000000002,0.934649125925966,0.3555709825495076,0.0005364462858180041,0.0,0.0,0.06283185307179587
31.26,0.9342015643996495,0.35674521622390715,0.0005364462858180041,0.0,0.0,0.06283185307179587
31.28,0.9337525276415477,0.357918886548916,0.0005364462858180041,0.0,0.0,0.06283185307179587
31.3,0.9333020163607507,0.3590919916711483,0.0005364462858180041,0.0,0.0,0.06283185307179587
31.32,0.9328500312686773,0.36026452973811096,0.0005364462858180041,0.0,0.0,0.06283185307179587
31.34,0.932396573079074,0.3614364988982064,0.0005364462858180041,0.0,0.0,0.06283185307179587
31.36,0.9319416425080131,0.3626078973007352,0.0005364462858180041,0.0,0.0,0.06283185307179587
31.38,0.931485240273892,0.3637787230958996,0.0005364462858180041,0.0,0.0,0.06283185307179587
31.400000000000002,0.9310273670974323,0.364948974434806,0.0005364462858180041,0.0,0.0,0.06283185307179587
31.42,0.9305680237016779,0.36611864946946726,0.0005364462858180041,0.0,0.0,0.06283185307179587
31.44,0.9301072108119951,0.3672877463528072,0.0005364462858180041,0.0,0.0,0.06283185307179587
31.46,0.92964492915607,0.3684562632386621,0.0005364462858180041,0.0,0.0,0.06283185307179587
31.48,0.9291811794639087,0.36962419828178444,0.0005364462858180041,0.0,0.0,0.06283185307179587
31.5,0.9287159624678353,0.37079154963784533,0.0005364462858180041,0.0,0.0,0.06283185307179587
31.52,0.9282492789024909,0.3719583154634377,0.0005364462858180041,0.0,0.0,0.06283185307179587
31.54,0.9277811295048324,0.37312449391607894,0.0005364462858180041,0.0,0.0,0.06283185307179587
31.560000000000002,0.9273115150141314,0.37429008315421436,0.0005364462858180041,0.0,0.0,0.06283185307179587
31.580000000000002,0.9268404361719736,0.3754550813372192,0.0005364462858180041,0.0,0.0,0.06283185307179587
31.6,0.926367893722257,0.37661948662540223,0.0005364462858180041,0.0,0.0,0.06283185307179587
31.62,0.9258938884111902,0.37778329718000864,0.0005364462858180041,0.0,0.0,0.06283185307179587
31.64,0.9254184209872928,0.37894651116322275,0.0005364462858180041,0.0,0.0,0.06283185307179587
31.66,0.9249414922013919,0.3801091267381708,0.0005364462858180041,0.0,0.0,0.06283185307179587
31.68,0.9244631028066239,0.38127114206892443,0.0005364462858180041,0.0,0.0,0.06283185307179587
31.7,0.9239832535584305,0.3824325553205027,0.0005364462858180041,0.0,0.0,0.06283185307179587
31.720000000000002,0.9235019452145591,0.38359336465887545,0.0005364462858180041,0.0,0.0,0.06283185307179587
31.740000000000002,0.9230191785350622,0.3847535682509661,0.0005364462858180041,0.0,0.0,0.06283185307179587
31.76,0.9225349542822933,0.3859131642646551,0.0005364462858180041,0.0,0.0,0.06283185307179587
31.78,0.9220492732209089,0.3870721508687818,0.0005364462858180041,0.0,0.0,0.06283185307179587
31.8,0.9215621361178656,0.38823052623314847,0.0005364462858180041,0.0,0.0,0.06283185307179587
31.82,0.9210735437424197,0.3893882885285222,0.0005364462858180041,0.0,0.0,0.06283185307179587
31.84,0.920583496866125,0.39054543592663826,0.0005364462858180041,0.0,0.0,0.06283185307179587
31.86,0.9200919962628324,0.391701966600203,0.0005364462858180041,0.0,0.0,0.06283185307179587
31.88,0.9195990427086886,0.3928578787228965,0.0005364462858180041,0.0,0.0,0.06283185307179587
31.900000000000002,0.9191046369821344,0.3940131704693761,0.0005364462858180041,0.0,0.0,0.06283185307179587
31.92,0.9186087798639038,0.3951678400152779,0.0005364462858180041,0.0,0.0,0.06283185307179587
31.94,0.9181114721370232,0.39632188553722136,0.0005364462858180041,0.0,0.0,0.06283185307179587
31.96,0.9176127145868092,0.3974753052128111,0.0005364462858180041,0.0,0.0,0.06283185307179587
31.98,0.9171125080008681,0.39862809722064,0.0005364462858180041,0.0,0.0,0.06283185307179587
32.0,0.9166108531690943,0.39978025974029213,0.0005364462858180041,0.0,0.0,0.06283185307179587
32.02,0.9161077508836691,0.4009317909523455,0.0005364462858180041,0.0,0.0,0.06283185307179587
32.04,0.9156032019390603,0.4020826890383749,0.0005364462858180041,0.0,0.0,0.06283185307179587
32.06,0.9150972071320189,0.40323295218095595,0.0005364462858180041,0.0,0.0,0.06283185307179587
32.08,0.91458976726158,0.4043825785636654,0.0005364462858180041,0.0,0.0,0.06283185307179587
32.1,0.9140808831290606,0.40553156637108684,0.0005364462858180041,0.0,0.0,0.06283185307179587
32.12,0.9135705555380581,0.40667991378881096,0.0005364462858180041,0.0,0.0,0.06283185307179587
32.14,0.9130587852944488,0.4078276190034414,0.0005364462858180041,0.0,0.0,0.06283185307179587
32.160000000000004,0.9125455732063884,0.4089746802025943,0.0005364462858180041,0.0,0.0,0.06283185307179587
32.18,0.9120309200843091,0.4101210955749031,0.0005364462858180041,0.0,0.0,0.06283185307179587
32.2,0.9115148267409178,0.4112668633100226,0.0005364462858180041,0.0,0.0,0.06283185307179587
32.22,0.9109972939911968,0.41241198159862796,0.0005364462858180041,0.0,0.0,0.06283185307179587
32.24,0.9104783226524007,0.41355644863242197,0.0005364462858180041,0.0,0.0,0.06283185307179587
32.26,0.9099579135440563,0.4147002626041343,0.0005364462858180041,0.0,0.0,0.06283185307179587
32.28,0.9094360674879599,0.41584342170752714,0.0005364462858180041,0.0,0.0,0.06283185307179587
32.3,0.9089127853081789,0.41698592413739566,0.0005364462858180041,0.0,0.0,0.06283185307179587
32.32,0.9083880678310461,0.41812776808957336,0.0005364462858180041,0.0,0.0,0.06283185307179587
32.34,0.907861915885163,0.4192689517609324,0.0005364462858180041,0.0,0.0,0.06283185307179587
32.36,0.907334330301395,0.4204094733493875,0.0005364462858180041,0.0,0.0,0.06283185307179587
32.38,0.9068053119128713,0.4215493310539003,0.0005364462858180041,0.0,0.0,0.06283185307179587
32.4,0.9062748615549844,0.422688523074479,0.0005364462858180041,0.0,0.0,0.06283185307179587
32.42,0.9057429800653877,0.4238270476121846,0.0005364462858180041,0.0,0.0,0.06283185307179587
32.44,0.9052096682839952,0.42496490286913063,0.0005364462858180041,0.0,0.0,0.06283185307179587
32.46,0.9046749270529787,0.4261020870484895,0.0005364462858180041,0.0,0.0,0.06283185307179587
32.480000000000004,0.9041387572167672,0.42723859835449146,0.0005364462858180041,0.0,0.0,0.06283185307179587
32.5,0.9036011596220467,0.4283744349924297,0.0005364462858180041,0.0,0.0,0.06283185307179587
32.52,0.9030621351177567,0.42950959516866394,0.0005364462858180041,0.0,0.0,0.06283185307179587
32.54,0.9025216845550909,0.4306440770906204,0.0005364462858180041,0.0,0.0,0.06283185307179587
32.56,0.9019798087874941,0.4317778789667983,0.0005364462858180041,0.0,0.0,0.06283185307179587
32.58,0.901436508670662,0.43291099900676894,0.0005364462858180041,0.0,0.0,0.06283185307179587
32.6,0.9008917850625402,0.4340434354211816,0.0005364462858180041,0.0,0.0,0.06283185307179587
32.62,0.9003456388233214,0.43517518642176417,0.0005364462858180041,0.0,0.0,0.06283185307179587
32.64,0.8997980708154449,0.43630625022132763,0.0005364462858180041,0.0,0.0,0.06283185307179587
32.660000000000004,0.8992490819035952,0.43743662503376785,0.0005364462858180041,0.0,0.0,0.06283185307179587
32.68,0.8986986729547012,0.4385663090740684,0.0005364462858180041,0.0,0.0,0.06283185307179587
32.7,0.8981468448379333,0.4396953005583045,0.0005364462858180041,0.0,0.0,0.06283185307179587
32.72,0.8975935984247038,0.44082359770364393,0.0005364462858180041,0.0,0.0,0.06283185307179587
32.74,0.8970389345886639,0.44195119872835203,0.0005364462858180041,0.0,0.0,0.06283185307179587
32.76,0.896482854205704,0.4430781018517922,0.0005364462858180041,0.0,0.0,0.06283185307179587
32.78,0.8959253581539504,0.44420430529443133,0.0005364462858180041,0.0,0.0,0.06283185307179587
32.8,0.8953664473137659,0.44532980727783994,0.0005364462858180041,0.0,0.0,0.06283185307179587
32.82,0.8948061225677466,0.4464546060246972,0.0005364462858180041,0.0,0.0,0.06283185307179587
32.84,0.8942443848007217,0.4475786997587922,0.0005364462858180041,0.0,0.0,0.06283185307179587
32.86,0.8936812348997526,0.44870208670502704,0.0005364462858180041,0.0,0.0,0.06283185307179587
32.88,0.8931166737541291,0.44982476508942115,0.0005364462858180041,0.0,0.0,0.06283185307179587
32.9,0.8925507022553708,0.4509467331391112,0.0005364462858180041,0.0,0.0,0.06283185307179587
32.92,0.8919833212972235,0.45206798908235757,0.0005364462858180041,0.0,0.0,0.06283185307179587
32.94,0.8914145317756595,0.453188531148543,0.0005364462858180041,0.0,0.0,0.06283185307179587
32.96,0.8908443345888748,0.45430835756817967,0.0005364462858180041,0.0,0.0,0.06283185307179587
32.980000000000004,0.8902727306372887,0.4554274665729082,0.0005364462858180041,0.0,0.0,0.06283185307179587
33.0,0.8896997208235421,0.45654585639550244,0.0005364462858180041,0.0,0.0,0.06283185307179587
33.02,0.8891253060524953,0.457663525269873,0.0005364462858180041,0.0,0.0,0.06283185307179587
33.04,0.8885494872312283,0.45878047143106737,0.0005364462858180041,0.0,0.0,0.06283185307179587
33.06,0.8879722652690369,0.4598966931152757,0.0005364462858180041,0.0,0.0,0.06283185307179587
33.08,0.8873936410774338,0.4610121885598311,0.0005364462858180041,0.0,0.0,0.06283185307179587
33.1,0.8868136155701453,0.46212695600321474,0.0005364462858180041,0.0,0.0,0.06283185307179587
33.12,0.8862321896631112,0.46324099368505567,0.0005364462858180041,0.0,0.0,0.06283185307179587
33.14,0.885649364274482,0.46435429984613735,0.0005364462858180041,0.0,0.0,0.06283185307179587
33.160000000000004,0.8850651403246187,0.465466872728397,0.0005364462858180041,0.0,0.0,0.06283185307179587
33.18,0.8844795187360908,0.46657871057492967,0.0005364462858180041,0.0,0.0,0.06283185307179587
33.2,0.8838925004336741,0.4676898116299923,0.0005364462858180041,0.0,0.0,0.06283185307179587
33.22,0.8833040863443515,0.46880017413900393,0.0005364462858180041,0.0,0.0,0.06283185307179587
33.24,0.8827142773973086,0.4699097963485517,0.0005364462858180041,0.0,0.0,0.06283185307179587
33.26,0.8821230745239343,0.4710186765063895,0.0005364462858180041,0.0,0.0,0.06283185307179587
33.28,0.8815304786578191,0.4721268128614453,0.0005364462858180041,0.0,0.0,0.06283185307179587
33.3,0.880936490734752,0.47323420366381946,0.0005364462858180041,0.0,0.0,0.06283185307179587
33.32,0.8803411116927217,0.4743408471647918,0.0005364462858180041,0.0,0.0,0.06283185307179587
33.34,0.8797443424719124,0.47544674161682066,0.0005364462858180041,0.0,0.0,0.06283185307179587
33.36,0.8791461840147048,0.47655188527354736,0.0005364462858180041,0.0,0.0,0.06283185307179587
33.38,0.8785466372656722,0.4776562763898,0.0005364462858180041,0.0,0.0,0.06283185307179587
33.4,0.8779457031715808,0.4787599132215934,0.0005364462858180041,0.0,0.0,0.06283185307179587
33.42,0.8773433826813878,0.47986279402613524,0.0005364462858180041,0.0,0.0,0.06283185307179587
33.44,0.8767396767462394,0.4809649170618256,0.0005364462858180041,0.0,0.0,0.06283185307179587
33.46,0.8761345863194696,0.4820662805882623,0.0005364462858180041,0.0,0.0,0.06283185307179587
33.480000000000004,0.8755281123565984,0.48316688286624143,0.0005364462858180041,0.0,0.0,0.06283185307179587
33.5,0.8749202558153321,0.48426672215776173,0.0005364462858180041,0.0,0.0,0.06283185307179587
33.52,0.8743110176555579,0.4853657967260275,0.0005364462858180041,0.0,0.0,0.06283185307179587
33.54,0.8737003988393472,0.4864641048354492,0.0005364462858180041,0.0,0.0,0.06283185307179587
33.56,0.8730884003309494,0.48756164475164915,0.0005364462858180041,0.0,0.0,0.06283185307179587
33.58,0.872475023096794,0.48865841474146104,0.0005364462858180041,0.0,0.0,0.06283185307179587
33.6,0.8718602681054878,0.48975441307293655,0.0005364462858180041,0.0,0.0,0.06283185307179587
33.62,0.8712441363278125,0.49084963801534365,0.0005364462858180041,0.0,0.0,0.06283185307179587
33.64,0.870626628736724,0.49194408783917354,0.0005364462858180041,0.0,0.0,0.06283185307179587
33.660000000000004,0.8700077463073513,0.49303776081614026,0.0005364462858180041,0.0,0.0,0.06283185307179587
33.68,0.8693874900169947,0.49413065521918437,0.0005364462858180041,0.0,0.0,0.06283185307179587
33.7,0.8687658608451225,0.4952227693224772,0.0005364462858180041,0.0,0.0,0.06283185307179587
33.72,0.8681428597733732,0.49631410140142085,0.0005364462858180041,0.0,0.0,0.06283185307179587
33.74,0.8675184877855499,0.49740464973265364,0.0005364462858180041,0.0,0.0,0.06283185307179587
33.76,0.8668927458676213,0.4984944125940502,0.0005364462858180041,0.0,0.0,0.06283185307179587
33.78,0.8662656350077189,0.4995833882647269,0.0005364462858180041,0.0,0.0,0.06283185307179587
33.8,0.8656371561961369,0.5006715750250419,0.0005364462858180041,0.0,0.0,0.06283185307179587
33.82,0.8650073104253286,0.5017589711566005,0.0005364462858180041,0.0,0.0,0.06283185307179587
33.84,0.8643760986899068,0.5028455749422556,0.0005364462858180041,0.0,0.0,0.06283185307179587
33.86,0.8637435219866414,0.5039313846661106,0.0005364462858180041,0.0,0.0,0.06283185307179587
33.88,0.8631095813144568,0.5050163986135247,0.0005364462858180041,0.0,0.0,0.06283185307179587
33.9,0.8624742776744317,0.506100615071112,0.0005364462858180041,0.0,0.0,0.06283185307179587
33.92,0.8618376120697977,0.507184032326748,0.0005364462858180041,0.0,0.0,0.06283185307179587
33.94,0.8611995855059367,0.5082666486695678,0.0005364462858180041,0.0,0.0,0.06283185307179587
33.96,0.8605601989903792,0.5093484623899729,0.0005364462858180041,0.0,0.0,0.06283185307179587
33.980000000000004,0.859919453532804,0.5104294717796316,0.0005364462858180041,0.0,0.0,0.06283185307179587
34.0,0.8592773501450363,0.5115096751314822,0.0005364462858180041,0.0,0.0,0.06283185307179587
34.02,0.8586338898410444,0.512589070739737,0.0005364462858180041,0.0,0.0,0.06283185307179587
34.04,0.8579890736369399,0.5136676568998818,0.0005364462858180041,0.0,0.0,0.06283185307179587
34.06,0.8573429025509758,0.5147454319086833,0.0005364462858180041,0.0,0.0,0.06283185307179587
34.08,0.8566953776035447,0.5158223940641866,0.0005364462858180041,0.0,0.0,0.06283185307179587
34.1,0.8560464998171766,0.5168985416657221,0.0005364462858180041,0.0,0.0,0.06283185307179587
34.12,0.8553962702165379,0.5179738730139055,0.0005364462858180041,0.0,0.0,0.06283185307179587
34.14,0.8547446898284298,0.5190483864106419,0.0005364462858180041,0.0,0.0,0.06283185307179587
34.160000000000004,0.8540917596817866,0.5201220801591282,0.0005364462858180041,0.0,0.0,0.06283185307179587
34.18,0.8534374808076751,0.5211949525638546,0.0005364462858180041,0.0,0.0,0.06283185307179587
34.2,0.8527818542392901,0.5222670019306103,0.0005364462858180041,0.0,0.0,0.06283185307179587
34.22,0.8521248810119555,0.5233382265664818,0.0005364462858180041,0.0,0.0,0.06283185307179587
34.24,0.8514665621631217,0.5244086247798603,0.0005364462858180041,0.0,0.0,0.06283185307179587
34.26,0.8508068987323641,0.5254781948804398,0.0005364462858180041,0.0,0.0,0.06283185307179587
34.28,0.8501458917613816,0.5265469351792242,0.0005364462858180041,0.0,0.0,0.06283185307179587
34.300000000000004,0.8494835422939939,0.5276148439885262,0.0005364462858180041,0.0,0.0,0.06283185307179587
34.32,0.8488198513761417,0.5286819196219715,0.0005364462858180041,0.0,0.0,0.06283185307179587
34.34,0.8481548200558833,0.5297481603945036,0.0005364462858180041,0.0,0.0,0.06283185307179587
34.36,0.8474884493833937,0.5308135646223807,0.0005364462858180041,0.0,0.0,0.06283185307179587
34.38,0.8468207404109638,0.5318781306231857,0.0005364462858180041,0.0,0.0,0.06283185307179587
34.4,0.8461516941929967,0.5329418567158227,0.0005364462858180041,0.0,0.0,0.06283185307179587
34.42,0.8454813117860078,0.5340047412205238,0.0005364462858180041,0.0,0.0,0.06283185307179587
34.44,0.844809594248623,0.5350667824588481,0.0005364462858180041,0.0,0.0,0.06283185307179587
34.46,0.8441365426415751,0.5361279787536889,0.0005364462858180041,0.0,0.0,0.06283185307179587
34.480000000000004,0.8434621580277046,0.5371883284292717,0.0005364462858180041,0.0,0.0,0.06283185307179587
34.5,0.8427864414719575,0.5382478298111592,0.0005364462858180041,0.0,0.0,0.06283185307179587
34.52,0.8421093940413817,0.5393064812262549,0.0005364462858180041,0.0,0.0,0.06283185307179587
34.54,0.8414310168051282,0.5403642810028031,0.0005364462858180041,0.0,0.0,0.06283185307179587
34.56,0.8407513108344463,0.541421227470394,0.0005364462858180041,0.0,0.0,0.06283185307179587
34.58,0.8400702772026853,0.5424773189599644,0.0005364462858180041,0.0,0.0,0.06283185307179587
34.6,0.8393879169852901,0.5435325538038023,0.0005364462858180041,0.0,0.0,0.06283185307179587
34.62,0.838704231259801,0.5445869303355472,0.0005364462858180041,0.0,0.0,0.06283185307179587
34.64,0.8380192211058499,0.5456404468901954,0.0005364462858180041,0.0,0.0,0.06283185307179587
34.660000000000004,0.8373328876051623,0.5466931018041001,0.0005364462858180041,0.0,0.0,0.06283185307179587
34.68,0.8366452318415526,0.5477448934149749,0.0005364462858180041,0.0,0.0,0.06283185307179587
34.7,0.8359562549009224,0.5487958200618982,0.0005364462858180041,0.0,0.0,0.06283185307179587
34.72,0.8352659578712612,0.5498458800853128,0.0005364462858180041,0.0,0.0,0.06283185307179587
34.74,0.8345743418426416,0.5508950718270312,0.0005364462858180041,0.0,0.0,0.06283185307179587
34.76,0.8338814079072201,0.5519433936302355,0.0005364462858180041,0.0,0.0,0.06283185307179587
34.78,0.8331871571592334,0.5529908438394833,0.0005364462858180041,0.0,0.0,0.06283185307179587
34.800000000000004,0.8324915906949986,0.5540374208007073,0.0005364462858180041,0.0,0.0,0.06283185307179587
34.82,0.8317947096129102,0.5550831228612195,0.0005364462858180041,0.0,0.0,0.06283185307179587
34.84,0.8310965150134382,0.5561279483697144,0.0005364462858180041,0.0,0.0,0.06283185307179587
34.86,0.8303970079991274,0.5571718956762688,0.0005364462858180041,0.0,0.0,0.06283185307179587
34.88,0.8296961896745945,0.5582149631323484,0.0005364462858180041,0.0,0.0,0.06283185307179587
34.9,0.8289940611465278,0.5592571490908067,0.0005364462858180041,0.0,0.0,0.06283185307179587
34.92,0.8282906235236837,0.5602984519058906,0.0005364462858180041,0.0,0.0,0.06283185307179587
34.94,0.8275858779168864,0.5613388699332392,0.0005364462858180041,0.0,0.0,0.06283185307179587
34.96,0.8268798254390252,0.562378401529892,0.0005364462858180041,0.0,0.0,0.06283185307179587
34.980000000000004,0.8261724672050539,0.5634170450542864,0.0005364462858180041,0.0,0.0,0.06283185307179587
35.0,0.8254638043319873,0.5644547988662619,0.0005364462858180041,0.0,0.0,0.06283185307179587
35.02,0.8247538379389008,0.5654916613270644,0.0005364462858180041,0.0,0.0,0.06283185307179587
35.04,0.8240425691469285,0.5665276307993454,0.0005364462858180041,0.0,0.0,0.06283185307179587
35.06,0.8233299990792604,0.567562705647169,0.0005364462858180041,0.0,0.0,0.06283185307179587
35.08,0.8226161288611425,0.5685968842360094,0.0005364462858180041,0.0,0.0,0.06283185307179587
35.1,0.8219009596198729,0.5696301649327588,0.0005364462858180041,0.0,0.0,0.06283185307179587
35.12,0.8211844924848015,0.5706625461057248,0.0005364462858180041,0.0,0.0,0.06283185307179587
35.14,0.8204667285873277,0.5716940261246375,0.0005364462858180041,0.0,0.0,0.06283185307179587
35.160000000000004,0.8197476690608987,0.5727246033606492,0.0005364462858180041,0.0,0.0,0.06283185307179587
35.18,0.8190273150410077,0.5737542761863367,0.0005364462858180041,0.0,0.0,0.06283185307179587
35.2,0.8183056676651919,0.5747830429757075,0.0005364462858180041,0.0,0.0,0.06283185307179587
35.22,0.8175827280730315,0.5758109021041968,0.0005364462858180041,0.0,0.0,0.06283185307179587
35.24,0.8168584974061462,0.5768378519486761,0.0005364462858180041,0.0,0.0,0.06283185307179587
35.26,0.8161329768081954,0.5778638908874506,0.0005364462858180041,0.0,0.0,0.06283185307179587
35.28,0.8154061674248748,0.5788890173002655,0.0005364462858180041,0.0,0.0,0.06283185307179587
35.300000000000004,0.8146780704039157,0.5799132295683056,0.0005364462858180041,0.0,0.0,0.06283185307179587
35.32,0.8139486868950832,0.5809365260742,0.0005364462858180041,0.0,0.0,0.06283185307179587
35.34,0.8132180180501728,0.5819589052020243,0.0005364462858180041,0.0,0.0,0.06283185307179587
35.36,0.8124860650230108,0.5829803653373015,0.0005364462858180041,0.0,0.0,0.06283185307179587
35.38,0.8117528289694503,0.5840009048670077,0.0005364462858180041,0.0,0.0,0.06283185307179587
35.4,0.8110183110473721,0.5850205221795705,0.0005364462858180041,0.0,0.0,0.06283185307179587
35.42,0.8102825124166791,0.586039215664876,0.0005364462858180041,0.0,0.0,0.06283185307179587
35.44,0.8095454342392987,0.5870569837142675,0.0005364462858180041,0.0,0.0,0.06283185307179587
35.46,0.8088070776791773,0.5880738247205509,0.0005364462858180041,0.0,0.0,0.06283185307179587
35.480000000000004,0.8080674439022815,0.5890897370779952,0.0005364462858180041,0.0,0.0,0.06283185307179587
35.5,0.8073265340765935,0.5901047191823356,0.0005364462858180041,0.0,0.0,0.06283185307179587
35.52,0.8065843493721109,0.5911187694307778,0.0005364462858180041,0.0,0.0,0.06283185307179587
35.54,0.8058408909608453,0.5921318862219969,0.0005364462858180041,0.0,0.0,0.06283185307179587
35.56,0.8050961600168179,0.5931440679561442,0.0005364462858180041,0.0,0.0,0.06283185307179587
35.58,0.8043501577160617,0.594155313034846,0.0005364462858180041,0.0,0.0,0.06283185307179587
35.6,0.803602885236615,0.5951656198612086,0.0005364462858180041,0.0,0.0,0.06283185307179587
35.62,0.8028543437585242,0.5961749868398192,0.0005364462858180041,0.0,0.0,0.06283185307179587
35.64,0.8021045344638373,0.5971834123767503,0.0005364462858180041,0.0,0.0,0.06283185307179587
35.660000000000004,0.8013534585366066,0.5981908948795598,0.0005364462858180041,0.0,0.0,0.06283185307179587
35.68,0.800601117162883,0.5991974327572949,0.0005364462858180041,0.0,0.0,0.06283185307179587
35.7,0.7998475115307159,0.600203024420496,0.0005364462858180041,0.0,0.0,0.06283185307179587
35.72,0.7990926428301519,0.6012076682811954,0.0005364462858180041,0.0,0.0,0.06283185307179587
35.74,0.7983365122532312,0.6022113627529246,0.0005364462858180041,0.0,0.0,0.06283185307179587
35.76,0.7975791209939884,0.6032141062507119,0.0005364462858180041,0.0,0.0,0.06283185307179587
35.78,0.7968204702484466,0.6042158971910895,0.0005364462858180041,0.0,0.0,0.06283185307179587
35.800000000000004,0.7960605612146191,0.6052167339920919,0.0005364462858180041,0.0,0.0,0.06283185307179587
35.82,0.7952993950925062,0.6062166150732611,0.0005364462858180041,0.0,0.0,0.06283185307179587
35.84,0.7945369730840927,0.607215538855649,0.0005364462858180041,0.0,0.0,0.06283185307179587
35.86,0.7937732963933479,0.6082135037618182,0.0005364462858180041,0.0,0.0,0.06283185307179587
35.88,0.7930083662262206,0.6092105082158463,0.0005364462858180041,0.0,0.0,0.06283185307179587
35.9,0.7922421837906402,0.6102065506433265,0.0005364462858180041,0.0,0.0,0.06283185307179587
35.92,0.7914747502965133,0.6112016294713724,0.0005364462858180041,0.0,0.0,0.06283185307179587
35.94,0.7907060669557225,0.6121957431286186,0.0005364462858180041,0.0,0.0,0.06283185307179587
35.96,0.7899361349821233,0.613188890045224,0.0005364462858180041,0.0,0.0,0.06283185307179587
35.980000000000004,0.7891649555915434,0.6141810686528741,0.0005364462858180041,0.0,0.0,0.06283185307179587
36.0,0.7883925300017809,0.6151722773847829,0.0005364462858180041,0.0,0.0,0.06283185307179587
36.02,0.7876188594326005,0.616162514675697,0.0005364462858180041,0.0,0.0,0.06283185307179587
36.04,0.7868439451057343,0.6171517789618964,0.0005364462858180041,0.0,0.0,0.06283185307179587
36.06,0.7860677882448772,0.6181400686811983,0.0005364462858180041,0.0,0.0,0.06283185307179587
36.08,0.7852903900756871,0.6191273822729576,0.0005364462858180041,0.0,0.0,0.06283185307179587
36.1,0.7845117518257818,0.620113718178072,0.0005364462858180041,0.0,0.0,0.06283185307179587
36.12,0.7837318747247374,0.6210990748389816,0.0005364462858180041,0.0,0.0,0.06283185307179587
36.14,0.7829507600040861,0.6220834506996744,0.0005364462858180041,0.0,0.0,0.06283185307179587
36.160000000000004,0.7821684088973149,0.6230668442056868,0.0005364462858180041,0.0,0.0,0.06283185307179587
36.18,0.7813848226398629,0.6240492538041054,0.0005364462858180041,0.0,0.0,0.06283185307179587
36.2,0.7806000024691195,0.625030677943572,0.0005364462858180041,0.0,0.0,0.06283185307179587
36.22,0.7798139496244236,0.6260111150742835,0.0005364462858180041,0.0,0.0,0.06283185307179587
36.24,0.7790266653470593,0.6269905636479963,0.0005364462858180041,0.0,0.0,0.06283185307179587
36.26,0.7782381508802564,0.627969022118027,0.0005364462858180041,0.0,0.0,0.06283185307179587
36.28,0.7774484074691862,0.6289464889392562,0.0005364462858180041,0.0,0.0,0.06283185307179587
36.300000000000004,0.7766574363609615,0.6299229625681306,0.0005364462858180041,0.0,0.0,0.06283185307179587
36.32,0.7758652388046344,0.6308984414626644,0.0005364462858180041,0.0,0.0,0.06283185307179587
36.34,0.775071816051192,0.6318729240824446,0.0005364462858180041,0.0,0.0,0.06283185307179587
36.36,0.7742771693535578,0.632846408888629,0.0005364462858180041,0.0,0.0,0.06283185307179587
36.38,0.7734812999665871,0.6338188943439529,0.0005364462858180041,0.0,0.0,0.06283185307179587
36.4,0.7726842091470665,0.6347903789127279,0.0005364462858180041,0.0,0.0,0.06283185307179587
36.42,0.7718858981537108,0.6357608610608485,0.0005364462858180041,0.0,0.0,0.06283185307179587
36.44,0.7710863682471626,0.6367303392557901,0.0005364462858180041,0.0,0.0,0.06283185307179587
36.46,0.770285620689988,0.637698811966615,0.0005364462858180041,0.0,0.0,0.06283185307179587
36.480000000000004,0.7694836567466774,0.6386662776639727,0.0005364462858180041,0.0,0.0,0.06283185307179587
36.5,0.7686804776836411,0.6396327348201015,0.0005364462858180041,0.0,0.0,0.06283185307179587
36.52,0.7678760847692083,0.640598181908835,0.0005364462858180041,0.0,0.0,0.06283185307179587
36.54,0.7670704792736254,0.6415626174055993,0.0005364462858180041,0.0,0.0,0.06283185307179587
36.56,0.7662636624690532,0.6425260397874202,0.0005364462858180041,0.0,0.0,0.06283185307179587
36.58,0.7654556356295663,0.6434884475329214,0.0005364462858180041,0.0,0.0,0.06283185307179587
36.6,0.7646464000311486,0.6444498391223306,0.0005364462858180041,0.0,0.0,0.06283185307179587
36.62,0.7638359569516937,0.6454102130374784,0.0005364462858180041,0.0,0.0,0.06283185307179587
36.64,0.7630243076710018,0.6463695677618037,0.0005364462858180041,0.0,0.0,0.06283185307179587
36.660000000000004,0.7622114534707779,0.6473279017803547,0.0005364462858180041,0.0,0.0,0.06283185307179587
36.68,0.7613973956346302,0.6482852135797905,0.0005364462858180041,0.0,0.0,0.06283185307179587
36.7,0.7605821354480665,0.6492415016483859,0.0005364462858180041,0.0,0.0,0.06283185307179587
36.72,0.7597656741984945,0.6501967644760305,0.0005364462858180041,0.0,0.0,0.06283185307179587
36.74,0.7589480131752172,0.6511510005542349,0.0005364462858180041,0.0,0.0,0.06283185307179587
36.76,0.7581291536694341,0.6521042083761294,0.0005364462858180041,0.0,0.0,0.06283185307179587
36.78,0.7573090969742353,0.6530563864364696,0.0005364462858180041,0.0,0.0,0.06283185307179587
36.800000000000004,0.7564878443846025,0.6540075332316356,0.0005364462858180041,0.0,0.0,0.06283185307179587
36.82,0.7556653971974056,0.6549576472596366,0.0005364462858180041,0.0,0.0,0.06283185307179587
36.84,0.7548417567114005,0.6559067270201135,0.0005364462858180041,0.0,0.0,0.06283185307179587
36.86,0.7540169242272289,0.6568547710143393,0.0005364462858180041,0.0,0.0,0.06283185307179587
36.88,0.7531909010474132,0.6578017777452239,0.0005364462858180041,0.0,0.0,0.06283185307179587
36.9,0.7523636884763569,0.6587477457173133,0.0005364462858180041,0.0,0.0,0.06283185307179587
36.92,0.7515352878203417,0.6596926734367959,0.0005364462858180041,0.0,0.0,0.06283185307179587
36.94,0.7507057003875254,0.6606365594115013,0.0005364462858180041,0.0,0.0,0.06283185307179587
36.96,0.7498749274879395,0.6615794021509053,0.0005364462858180041,0.0,0.0,0.06283185307179587
36.980000000000004,0.7490429704334877,0.6625212001661299,0.0005364462858180041,0.0,0.0,0.06283185307179587
37.0,0.7482098305379442,0.6634619519699472,0.0005364462858180041,0.0,0.0,0.06283185307179587
37.02,0.7473755091169503,0.6644016560767827,0.0005364462858180041,0.0,0.0,0.06283185307179587
37.04,0.7465400074880133,0.6653403110027147,0.0005364462858180041,0.0,0.0,0.06283185307179587
37.06,0.7457033269705041,0.6662779152654792,0.0005364462858180041,0.0,0.0,0.06283185307179587
37.08,0.7448654688856563,0.6672144673844705,0.0005364462858180041,0.0,0.0,0.06283185307179587
37.1,0.7440264345565616,0.668149965880746,0.0005364462858180041,0.0,0.0,0.06283185307179587
37.12,0.7431862253081702,0.6690844092770251,0.0005364462858180041,0.0,0.0,0.06283185307179587
37.14,0.7423448424672862,0.6700177960976945,0.0005364462858180041,0.0,0.0,0.06283185307179587
37.160000000000004,0.7415022873625684,0.670950124868809,0.0005364462858180041,0.0,0.0,0.06283185307179587
37.18,0.7406585613245272,0.6718813941180937,0.0005364462858180041,0.0,0.0,0.06283185307179587
37.2,0.7398136656855199,0.6728116023749482,0.0005364462858180041,0.0,0.0,0.06283185307179587
37.22,0.7389676017797528,0.6737407481704458,0.0005364462858180041,0.0,0.0,0.06283185307179587
37.24,0.7381203709432759,0.674668830037339,0.0005364462858180041,0.0,0.0,0.06283185307179587
37.26,0.737271974513983,0.6755958465100596,0.0005364462858180041,0.0,0.0,0.06283185307179587
37.28,0.7364224138316069,0.6765217961247222,0.0005364462858180041,0.0,0.0,0.06283185307179587
37.300000000000004,0.7355716902377206,0.6774466774191265,0.0005364462858180041,0.0,0.0,0.06283185307179587
37.32,0.7347198050757329,0.6783704889327578,0.0005364462858180041,0.0,0.0,0.06283185307179587
37.34,0.7338667596908859,0.6792932292067921,0.0005364462858180041,0.0,0.0,0.06283185307179587
37.36,0.7330125554302557,0.6802148967840959,0.0005364462858180041,0.0,0.0,0.06283185307179587
37.38,0.7321571936427465,0.6811354902092313,0.0005364462858180041,0.0,0.0,0.06283185307179587
37.4,0.731300675679092,0.6820550080284546,0.0005364462858180041,0.0,0.0,0.06283185307179587
37.42,0.7304430028918504,0.6829734487897227,0.0005364462858180041,0.0,0.0,0.06283185307179587
37.44,0.7295841766354048,0.6838908110426916,0.0005364462858180041,0.0,0.0,0.06283185307179587
37.46,0.7287241982659582,0.6848070933387215,0.0005364462858180041,0.0,0.0,0.06283185307179587
37.480000000000004,0.7278630691415346,0.6857222942308772,0.0005364462858180041,0.0,0.0,0.06283185307179587
37.5,0.7270007906219742,0.6866364122739314,0.0005364462858180041,0.0,0.0,0.06283185307179587
37.52,0.7261373640689323,0.6875494460243677,0.0005364462858180041,0.0,0.0,0.06283185307179587
37.54,0.7252727908458778,0.6884613940403803,0.0005364462858180041,0.0,0.0,0.06283185307179587
37.56,0.7244070723180891,0.6893722548818796,0.0005364462858180041,0.0,0.0,0.06283185307179587
37.58,0.7235402098526544,0.6902820271104908,0.0005364462858180041,0.0,0.0,0.06283185307179587
37.6,0.7226722048184677,0.6911907092895608,0.0005364462858180041,0.0,0.0,0.06283185307179587
37.62,0.7218030585862278,0.6920982999841558,0.0005364462858180041,0.0,0.0,0.06283185307179587
37.64,0.7209327725284342,0.6930047977610665,0.0005364462858180041,0.0,0.0,0.06283185307179587
37.660000000000004,0.7200613480193883,0.6939102011888088,0.0005364462858180041,0.0,0.0,0.06283185307179587
37.68,0.7191887864351884,0.6948145088376265,0.0005364462858180041,0.0,0.0,0.06283185307179587
37.7,0.7183150891537278,0.6957177192794958,0.0005364462858180041,0.0,0.0,0.06283185307179587
37.72,0.7174402575546942,0.6966198310881231,0.0005364462858180041,0.0,0.0,0.06283185307179587
37.74,0.7165642930195657,0.6975208428389514,0.0005364462858180041,0.0,0.0,0.06283185307179587
37.76,0.7156871969316105,0.6984207531091594,0.0005364462858180041,0.0,0.0,0.06283185307179587
37.78,0.7148089706758822,0.6993195604776669,0.0005364462858180041,0.0,0.0,0.06283185307179587
37.800000000000004,0.7139296156392207,0.7002172635251336,0.0005364462858180041,0.0,0.0,0.06283185307179587
37.82,0.7130491332102472,0.7011138608339637,0.0005364462858180041,0.0,0.0,0.06283185307179587
37.84,0.712167524779364,0.7020093509883083,0.0005364462858180041,0.0,0.0,0.06283185307179587
37.86,0.7112847917387506,0.7029037325740655,0.0005364462858180041,0.0,0.0,0.06283185307179587
37.88,0.710400935482363,0.7037970041788859,0.0005364462858180041,0.0,0.0,0.06283185307179587
37.9,0.7095159574059315,0.7046891643921707,0.0005364462858180041,0.0,0.0,0.06283185307179587
37.92,0.7086298589069568,0.7055802118050775,0.0005364462858180041,0.0,0.0,0.06283185307179587
37.94,0.70774264138471,0.7064701450105205,0.0005364462858180041,0.0,0.0,0.06283185307179587
37.96,0.7068543062402274,0.707358962603174,0.0005364462858180041,0.0,0.0,0.06283185307179587
37.980000000000004,0.7059648548763123,0.7082466631794739,0.0005364462858180041,0.0,0.0,0.06283185307179587
38.0,0.7050742886975302,0.7091332453376191,0.0005364462858180041,0.0,0.0,0.06283185307179587
38.02,0.7041826091102056,0.7100187076775764,0.0005364462858180041,0.0,0.0,0.06283185307179587
38.04,0.7032898175224233,0.7109030488010788,0.0005364462858180041,0.0,0.0,0.06283185307179587
38.06,0.7023959153440219,0.7117862673116315,0.0005364462858180041,0.0,0.0,0.06283185307179587
38.08,0.7015009039865965,0.712668361814512,0.0005364462858180041,0.0,0.0,0.06283185307179587
38.1,0.7006047848634909,0.7135493309167725,0.0005364462858180041,0.0,0.0,0.06283185307179587
38.12,0.6997075593898004,0.7144291732272428,0.0005364462858180041,0.0,0.0,0.06283185307179587
38.14,0.6988092289823659,0.7153078873565316,0.0005364462858180041,0.0,0.0,0.06283185307179587
38.160000000000004,0.6979097950597737,0.7161854719170291,0.0005364462858180041,0.0,0.0,0.06283185307179587
38.18,0.6970092590423532,0.7170619255229095,0.0005364462858180041,0.0,0.0,0.06283185307179587
38.2,0.6961076223521733,0.7179372467901336,0.0005364462858180041,0.0,0.0,0.06283185307179587
38.22,0.6952048864130419,0.7188114343364488,0.0005364462858180041,0.0,0.0,0.06283185307179587
38.24,0.6943010526505015,0.7196844867813944,0.0005364462858180041,0.0,0.0,0.06283185307179587
38.26,0.6933961224918294,0.7205564027463007,0.0005364462858180041,0.0,0.0,0.06283185307179587
38.28,0.6924900973660337,0.7214271808542941,0.0005364462858180041,0.0,0.0,0.06283185307179587
38.300000000000004,0.691582978703852,0.7222968197302966,0.0005364462858180041,0.0,0.0,0.06283185307179587
38.32,0.6906747679377487,0.7231653180010297,0.0005364462858180041,0.0,0.0,0.06283185307179587
38.34,0.689765466501912,0.7240326742950164,0.0005364462858180041,0.0,0.0,0.06283185307179587
38.36,0.6888550758322532,0.7248988872425822,0.0005364462858180041,0.0,0.0,0.06283185307179587
38.38,0.6879435973664033,0.7257639554758594,0.0005364462858180041,0.0,0.0,0.06283185307179587
38.4,0.6870310325437117,0.7266278776287863,0.0005364462858180041,0.0,0.0,0.06283185307179587
38.42,0.6861173828052424,0.7274906523371126,0.0005364462858180041,0.0,0.0,0.06283185307179587
38.44,0.6852026495937735,0.7283522782383991,0.0005364462858180041,0.0,0.0,0.06283185307179587
38.46,0.6842868343537926,0.7292127539720209,0.0005364462858180041,0.0,0.0,0.06283185307179587
38.480000000000004,0.6833699385314976,0.7300720781791693,0.0005364462858180041,0.0,0.0,0.06283185307179587
38.5,0.6824519635747927,0.7309302495028537,0.0005364462858180041,0.0,0.0,0.06283185307179587
38.52,0.6815329109332844,0.731787266587905,0.0005364462858180041,0.0,0.0,0.06283185307179587
38.54,0.6806127820582835,0.7326431280809762,0.0005364462858180041,0.0,0.0,0.06283185307179587
38.56,0.6796915784027981,0.7334978326305449,0.0005364462858180041,0.0,0.0,0.06283185307179587
38.58,0.6787693014215354,0.734351378886916,0.0005364462858180041,0.0,0.0,0.06283185307179587
38.6,0.6778459525708957,0.7352037655022241,0.0005364462858180041,0.0,0.0,0.06283185307179587
38.62,0.676921533308974,0.7360549911304332,0.0005364462858180041,0.0,0.0,0.06283185307179587
38.64,0.6759960450955531,0.7369050544273429,0.0005364462858180041,0.0,0.0,0.06283185307179587
38.660000000000004,0.6750694893921062,0.7377539540505865,0.0005364462858180041,0.0,0.0,0.06283185307179587
38.68,0.6741418676617916,0.7386016886596358,0.0005364462858180041,0.0,0.0,0.06283185307179587
38.7,0.6732131813694495,0.7394482569158024,0.0005364462858180041,0.0,0.0,0.06283185307179587
38.72,0.6722834319816033,0.7402936574822391,0.0005364462858180041,0.0,0.0,0.06283185307179587
38.74,0.6713526209664533,0.7411378890239436,0.0005364462858180041,0.0,0.0,0.06283185307179587
38.76,0.670420749793878,0.7419809502077584,0.0005364462858180041,0.0,0.0,0.06283185307179587
38.78,0.6694878199354283,0.7428228397023754,0.0005364462858180041,0.0,0.0,0.06283185307179587
38.800000000000004,0.6685538328643282,0.7436635561783358,0.0005364462858180041,0.0,0.0,0.06283185307179587
38.82,0.6676187900554713,0.7445030983080335,0.0005364462858180041,0.0,0.0,0.06283185307179587
38.84,0.6666826929854172,0.7453414647657172,0.0005364462858180041,0.0,0.0,0.06283185307179587
38.86,0.6657455431323912,0.7461786542274913,0.0005364462858180041,0.0,0.0,0.06283185307179587
38.88,0.6648073419762803,0.7470146653713201,0.0005364462858180041,0.0,0.0,0.06283185307179587
38.9,0.6638680909986333,0.7478494968770272,0.0005364462858180041,0.0,0.0,0.06283185307179587
38.92,0.6629277916826545,0.7486831474263003,0.0005364462858180041,0.0,0.0,0.06283185307179587
38.94,0.6619864455132056,0.7495156157026911,0.0005364462858180041,0.0,0.0,0.06283185307179587
38.96,0.6610440539768004,0.7503469003916186,0.0005364462858180041,0.0,0.0,0.06283185307179587
38.980000000000004,0.660100618561604,0.7511770001803707,0.0005364462858180041,0.0,0.0,0.06283185307179587
39.0,0.6591561407574297,0.7520059137581062,0.0005364462858180041,0.0,0.0,0.06283185307179587
39.02,0.6582106220557364,0.7528336398158582,0.0005364462858180041,0.0,0.0,0.06283185307179587
39.04,0.6572640639496279,0.7536601770465338,0.0005364462858180041,0.0,0.0,0.06283185307179587
39.06,0.656316467933848,0.7544855241449179,0.0005364462858180041,0.0,0.0,0.06283185307179587
39.08,0.6553678355047807,0.7553096798076749,0.0005364462858180041,0.0,0.0,0.06283185307179587
39.1,0.6544181681604454,0.7561326427333506,0.0005364462858180041,0.0,0.0,0.06283185307179587
39.12,0.6534674674004972,0.7569544116223735,0.0005364462858180041,0.0,0.0,0.06283185307179587
39.14,0.6525157347262217,0.7577749851770594,0.0005364462858180041,0.0,0.0,0.06283185307179587
39.160000000000004,0.6515629716405347,0.7585943621016101,0.0005364462858180041,0.0,0.0,0.06283185307179587
39.18,0.6506091796479802,0.7594125411021175,0.0005364462858180041,0.0,0.0,0.06283185307179587
39.2,0.6496543602547251,0.7602295208865658,0.0005364462858180041,0.0,0.0,0.06283185307179587
39.22,0.6486985149685597,0.7610453001648317,0.0005364462858180041,0.0,0.0,0.06283185307179587
39.24,0.6477416452988939,0.761859877648689,0.0005364462858180041,0.0,0.0,0.06283185307179587
39.26,0.646783752756756,0.762673252051808,0.0005364462858180041,0.0,0.0,0.06283185307179587
39.28,0.6458248388547891,0.7634854220897603,0.0005364462858180041,0.0,0.0,0.06283185307179587
39.300000000000004,0.6448649051072484,0.764296386480018,0.0005364462858180041,0.0,0.0,0.06283185307179587
39.32,0.6439039530300014,0.7651061439419575,0.0005364462858180041,0.0,0.0,0.06283185307179587
39.34,0.6429419841405216,0.7659146931968615,0.0005364462858180041,0.0,0.0,0.06283185307179587
39.36,0.6419789999578898,0.7667220329679201,0.0005364462858180041,0.0,0.0,0.06283185307179587
39.38,0.641015002002789,0.7675281619802344,0.0005364462858180041,0.0,0.0,0.06283185307179587
39.4,0.6400499917975042,0.7683330789608159,0.0005364462858180041,0.0,0.0,0.06283185307179587
39.42,0.6390839708659176,0.7691367826385913,0.0005364462858180041,0.0,0.0,0.06283185307179587
39.44,0.6381169407335086,0.7699392717444024,0.0005364462858180041,0.0,0.0,0.06283185307179587
39.46,0.6371489029273494,0.7707405450110095,0.0005364462858180041,0.0,0.0,0.06283185307179587
39.480000000000004,0.6361798589761036,0.7715406011730928,0.0005364462858180041,0.0,0.0,0.06283185307179587
39.5,0.6352098104100248,0.7723394389672541,0.0005364462858180041,0.0,0.0,0.06283185307179587
39.52,0.6342387587609513,0.7731370571320202,0.0005364462858180041,0.0,0.0,0.06283185307179587
39.54,0.6332667055623062,0.7739334544078423,0.0005364462858180041,0.0,0.0,0.06283185307179587
39.56,0.6322936523490944,0.7747286295371012,0.0005364462858180041,0.0,0.0,0.06283185307179587
39.58,0.6313196006578999,0.7755225812641062,0.0005364462858180041,0.0,0.0,0.06283185307179587
39.6,0.6303445520268832,0.7763153083350994,0.0005364462858180041,0.0,0.0,0.06283185307179587
39.62,0.6293685079957795,0.7771068094982566,0.0005364462858180041,0.0,0.0,0.06283185307179587
39.64,0.6283914701058944,0.7778970835036895,0.0005364462858180041,0.0,0.0,0.06283185307179587
39.660000000000004,0.6274134399001052,0.7786861291034474,0.0005364462858180041,0.0,0.0,0.06283185307179587
39.68,0.6264344189228551,0.7794739450515191,0.0005364462858180041,0.0,0.0,0.06283185307179587
39.7,0.6254544087201513,0.7802605301038363,0.0005364462858180041,0.0,0.0,0.06283185307179587
39.72,0.624473410839564,0.7810458830182736,0.0005364462858180041,0.0,0.0,0.06283185307179587
39.74,0.6234914268302225,0.781830002554652,0.0005364462858180041,0.0,0.0,0.06283185307179587
39.76,0.6225084582428139,0.7826128874747391,0.0005364462858180041,0.0,0.0,0.06283185307179587
39.78,0.6215245066295791,0.7833945365422533,0.0005364462858180041,0.0,0.0,0.06283185307179587
39.800000000000004,0.6205395735443126,0.784174948522864,0.0005364462858180041,0.0,0.0,0.06283185307179587
39.82,0.6195536605423582,0.7849541221841938,0.0005364462858180041,0.0,0.0,0.06283185307179587
39.84,0.618566769180607,0.7857320562958214,0.0005364462858180041,0.0,0.0,0.06283185307179587
39.86,0.6175789010174952,0.7865087496292824,0.0005364462858180041,0.0,0.0,0.06283185307179587
39.88,0.6165900576130013,0.7872842009580723,0.0005364462858180041,0.0,0.0,0.06283185307179587
39.9,0.6156002405286441,0.7880584090576472,0.0005364462858180041,0.0,0.0,0.06283185307179587
39.92,0.6146094513274797,0.7888313727054272,0.0005364462858180041,0.0,0.0,0.06283185307179587
39.94,0.6136176915741002,0.789603090680797,0.0005364462858180041,0.0,0.0,0.06283185307179587
39.96,0.6126249628346283,0.7903735617651088,0.0005364462858180041,0.0,0.0,0.06283185307179587
39.980000000000004,0.6116312666767194,0.7911427847416835,0.0005364462858180041,0.0,0.0,0.06283185307179587
40.0,0.6106366046695556,0.7919107583958127,0.0005364462858180041,0.0,0.0,0.06283185307179587
40.02,0.6096409783838426,0.7926774815147617,0.0005364462858180041,0.0,0.0,0.06283185307179587
40.04,0.6086443893918115,0.7934429528877697,0.0005364462858180041,0.0,0.0,0.06283185307179587
40.06,0.6076468392672115,0.7942071713060528,0.0005364462858180041,0.0,0.0,0.06283185307179587
40.08,0.6066483295853112,0.7949701355628058,0.0005364462858180041,0.0,0.0,0.06283185307179587
40.1,0.6056488619228927,0.7957318444532048,0.0005364462858180041,0.0,0.0,0.06283185307179587
40.12,0.6046484378582525,0.7964922967744067,0.0005364462858180041,0.0,0.0,0.06283185307179587
40.14,0.6036470589711964,0.7972514913255537,0.0005364462858180041,0.0,0.0,0.06283185307179587
40.160000000000004,0.6026447268430386,0.7980094269077742,0.0005364462858180041,0.0,0.0,0.06283185307179587
40.18,0.6016414430565986,0.7987661023241838,0.0005364462858180041,0.0,0.0,0.06283185307179587
40.2,0.6006372091961979,0.7995215163798893,0.0005364462858180041,0.0,0.0,0.06283185307179587
40.22,0.5996320268476594,0.8002756678819887,0.0005364462858180041,0.0,0.0,0.06283185307179587
40.24,0.5986258975983025,0.8010285556395741,0.0005364462858180041,0.0,0.0,0.06283185307179587
40.26,0.5976188230369435,0.8017801784637318,0.0005364462858180041,0.0,0.0,0.06283185307179587
40.28,0.5966108047538894,0.8025305351675485,0.0005364462858180041,0.0,0.0,0.06283185307179587
40.300000000000004,0.5956018443409394,0.8032796245661074,0.0005364462858180041,0.0,0.0,0.06283185307179587
40.32,0.5945919433913802,0.8040274454764942,0.0005364462858180041,0.0,0.0,0.06283185307179587
40.34,0.5935811034999823,0.8047739967177981,0.0005364462858180041,0.0,0.0,0.06283185307179587
40.36,0.5925693262630009,0.805519277111112,0.0005364462858180041,0.0,0.0,0.06283185307179587
40.38,0.5915566132781693,0.806263285479537,0.0005364462858180041,0.0,0.0,0.06283185307179587
40.4,0.5905429661447003,0.8070060206481822,0.0005364462858180041,0.0,0.0,0.06283185307179587
40.42,0.5895283864632807,0.8077474814441675,0.0005364462858180041,0.0,0.0,0.06283185307179587
40.44,0.5885128758360705,0.8084876666966248,0.0005364462858180041,0.0,0.0,0.06283185307179587
40.46,0.587496435866699,0.809226575236701,0.0005364462858180041,0.0,0.0,0.06283185307179587
40.480000000000004,0.5864790681602639,0.8099642058975585,0.0005364462858180041,0.0,0.0,0.06283185307179587
40.5,0.5854607743233284,0.8107005575143774,0.0005364462858180041,0.0,0.0,0.06283185307179587
40.52,0.5844415559639169,0.8114356289243585,0.0005364462858180041,0.0,0.0,0.06283185307179587
40.54,0.5834214146915145,0.8121694189667235,0.0005364462858180041,0.0,0.0,0.06283185307179587
40.56,0.5824003521170633,0.812901926482718,0.0005364462858180041,0.0,0.0,0.06283185307179587
40.58,0.5813783698529605,0.8136331503156119,0.0005364462858180041,0.0,0.0,0.06283185307179587
40.6,0.5803554695130556,0.8143630893107039,0.0005364462858180041,0.0,0.0,0.06283185307179587
40.62,0.5793316527126485,0.8150917423153199,0.0005364462858180041,0.0,0.0,0.06283185307179587
40.64,0.5783069210684847,0.8158191081788183,0.0005364462858180041,0.0,0.0,0.06283185307179587
40.660000000000004,0.5772812761987554,0.8165451857525885,0.0005364462858180041,0.0,0.0,0.06283185307179587
40.68,0.5762547197230946,0.8172699738900545,0.0005364462858180041,0.0,0.0,0.06283185307179587
40.7,0.5752272532625746,0.8179934714466777,0.0005364462858180041,0.0,0.0,0.06283185307179587
40.72,0.5741988784397056,0.8187156772799561,0.0005364462858180041,0.0,0.0,0.06283185307179587
40.74,0.5731695968784312,0.8194365902494287,0.0005364462858180041,0.0,0.0,0.06283185307179587
40.76,0.572139410204128,0.8201562092166749,0.0005364462858180041,0.0,0.0,0.06283185307179587
40.78,0.5711083200436005,0.8208745330453183,0.0005364462858180041,0.0,0.0,0.06283185307179587
40.800000000000004,0.5700763280250817,0.8215915606010279,0.0005364462858180041,0.0,0.0,0.06283185307179587
40.82,0.5690434357782279,0.8223072907515186,0.0005364462858180041,0.0,0.0,0.06283185307179587
40.84,0.5680096449341162,0.8230217223665556,0.0005364462858180041,0.0,0.0,0.06283185307179587
40.86,0.5669749571252445,0.8237348543179532,0.0005364462858180041,0.0,0.0,0.06283185307179587
40.88,0.5659393739855251,0.8244466854795792,0.0005364462858180041,0.0,0.0,0.06283185307179587
40.9,0.5649028971502856,0.8251572147273547,0.0005364462858180041,0.0,0.0,0.06283185307179587
40.92,0.5638655282562641,0.8258664409392574,0.0005364462858180041,0.0,0.0,0.06283185307179587
40.94,0.5628272689416084,0.826574362995322,0.0005364462858180041,0.0,0.0,0.06283185307179587
40.96,0.5617881208458708,0.8272809797776433,0.0005364462858180041,0.0,0.0,0.06283185307179587
40.980000000000004,0.5607480856100082,0.8279862901703765,0.0005364462858180041,0.0,0.0,0.06283185307179587
41.0,0.5597071648763787,0.8286902930597402,0.0005364462858180041,0.0,0.0,0.06283185307179587
41.02,0.5586653602887377,0.8293929873340184,0.0005364462858180041,0.0,0.0,0.06283185307179587
41.04,0.5576226734922372,0.8300943718835602,0.0005364462858180041,0.0,0.0,0.06283185307179587
41.06,0.5565791061334214,0.8307944456007841,0.0005364462858180041,0.0,0.0,0.06283185307179587
41.08,0.5555346598602262,0.8314932073801775,0.0005364462858180041,0.0,0.0,0.06283185307179587
41.1,0.5544893363219744,0.832190656118301,0.0005364462858180041,0.0,0.0,0.06283185307179587
41.12,0.5534431371693752,0.8328867907137874,0.0005364462858180041,0.0,0.0,0.06283185307179587
41.14,0.5523960640545191,0.8335816100673453,0.0005364462858180041,0.0,0.0,0.06283185307179587
41.160000000000004,0.5513481186308777,0.8342751130817603,0.0005364462858180041,0.0,0.0,0.06283185307179587
41.18,0.5502993025533003,0.8349672986618958,0.0005364462858180041,0.0,0.0,0.06283185307179587
41.2,0.5492496174780102,0.835658165714697,0.0005364462858180041,0.0,0.0,0.06283185307179587
41.22,0.5481990650626037,0.83634771314919,0.0005364462858180041,0.0,0.0,0.06283185307179587
41.24,0.547147646966046,0.8370359398764856,0.0005364462858180041,0.0,0.0,0.06283185307179587
41.26,0.5460953648486704,0.8377228448097794,0.0005364462858180041,0.0,0.0,0.06283185307179587
41.28,0.5450422203721733,0.8384084268643557,0.0005364462858180041,0.0,0.0,0.06283185307179587
41.300000000000004,0.5439882151996138,0.839092684957586,0.0005364462858180041,0.0,0.0,0.06283185307179587
41.32,0.5429333509954104,0.8397756180089339,0.0005364462858180041,0.0,0.0,0.06283185307179587
41.34,0.5418776294253372,0.8404572249399543,0.0005364462858180041,0.0,0.0,0.06283185307179587
41.36,0.5408210521565232,0.8411375046742973,0.0005364462858180041,0.0,0.0,0.06283185307179587
41.38,0.5397636208574472,0.8418164561377085,0.0005364462858180041,0.0,0.0,0.06283185307179587
41.4,0.5387053371979387,0.8424940782580301,0.0005364462858180041,0.0,0.0,0.06283185307179587
41.42,0.5376462028491709,0.843170369965205,0.0005364462858180041,0.0,0.0,0.06283185307179587
41.44,0.5365862194836625,0.8438453301912758,0.0005364462858180041,0.0,0.0,0.06283185307179587
41.46,0.535525388775271,0.8445189578703887,0.0005364462858180041,0.0,0.0,0.06283185307179587
41.480000000000004,0.5344637123991935,0.8451912519387932,0.0005364462858180041,0.0,0.0,0.06283185307179587
41.5,0.5334011920319621,0.8458622113348453,0.0005364462858180041,0.0,0.0,0.06283185307179587
41.52,0.5323378293514406,0.846531834999009,0.0005364462858180041,0.0,0.0,0.06283185307179587
41.54,0.5312736260368252,0.8472001218738563,0.0005364462858180041,0.0,0.0,0.06283185307179587
41.56,0.5302085837686364,0.8478670709040717,0.0005364462858180041,0.0,0.0,0.06283185307179587
41.58,0.5291427042287232,0.848532681036451,0.0005364462858180041,0.0,0.0,0.06283185307179587
41.6,0.5280759891002532,0.8491969512199056,0.0005364462858180041,0.0,0.0,0.06283185307179587
41.62,0.5270084400677166,0.8498598804054615,0.0005364462858180041,0.0,0.0,0.06283185307179587
41.64,0.5259400588169177,0.8505214675462639,0.0005364462858180041,0.0,0.0,0.06283185307179587
41.660000000000004,0.5248708470349773,0.8511817115975757,0.0005364462858180041,0.0,0.0,0.06283185307179587
41.68,0.5238008064103263,0.8518406115167819,0.0005364462858180041,0.0,0.0,0.06283185307179587
41.7,0.5227299386327052,0.8524981662633894,0.0005364462858180041,0.0,0.0,0.06283185307179587
41.72,0.5216582453931607,0.8531543747990292,0.0005364462858180041,0.0,0.0,0.06283185307179587
41.74,0.5205857283840417,0.8538092360874591,0.0005364462858180041,0.0,0.0,0.06283185307179587
41.76,0.5195123892989999,0.8544627490945628,0.0005364462858180041,0.0,0.0,0.06283185307179587
41.78,0.5184382298329833,0.8551149127883548,0.0005364462858180041,0.0,0.0,0.06283185307179587
41.800000000000004,0.517363251682237,0.8557657261389797,0.0005364462858180041,0.0,0.0,0.06283185307179587
41.82,0.5162874565442985,0.8564151881187139,0.0005364462858180041,0.0,0.0,0.06283185307179587
41.84,0.5152108461179946,0.8570632977019685,0.0005364462858180041,0.0,0.0,0.06283185307179587
41.86,0.5141334221034404,0.8577100538652901,0.0005364462858180041,0.0,0.0,0.06283185307179587
41.88,0.5130551862020349,0.8583554555873624,0.0005364462858180041,0.0,0.0,0.06283185307179587
41.9,0.5119761401164608,0.8589995018490078,0.0005364462858180041,0.0,0.0,0.06283185307179587
41.92,0.5108962855506782,0.8596421916331896,0.0005364462858180041,0.0,0.0,0.06283185307179587
41.94,0.5098156242099253,0.8602835239250125,0.0005364462858180041,0.0,0.0,0.06283185307179587
41.96,0.5087341578007136,0.8609234977117258,0.0005364462858180041,0.0,0.0,0.06283185307179587
41.980000000000004,0.5076518880308262,0.8615621119827236,0.0005364462858180041,0.0,0.0,0.06283185307179587
42.0,0.5065688166093155,0.8621993657295459,0.0005364462858180041,0.0,0.0,0.06283185307179587
42.02,0.5054849452464983,0.862835257945883,0.0005364462858180041,0.0,0.0,0.06283185307179587
42.04,0.504400275653956,0.8634697876275739,0.0005364462858180041,0.0,0.0,0.06283185307179587
42.06,0.503314809544529,0.8641029537726096,0.0005364462858180041,0.0,0.0,0.06283185307179587
42.08,0.5022285486323177,0.864734755381134,0.0005364462858180041,0.0,0.0,0.06283185307179587
42.1,0.5011414946326753,0.8653651914554465,0.0005364462858180041,0.0,0.0,0.06283185307179587
42.12,0.5000536492622092,0.8659942610000025,0.0005364462858180041,0.0,0.0,0.06283185307179587
42.14,0.49896501423877504,0.8666219630214158,0.0005364462858180041,0.0,0.0,0.06283185307179587
42.160000000000004,0.4978755912814766,0.8672482965284585,0.0005364462858180041,0.0,0.0,0.06283185307179587
42.18,0.4967853821106617,0.8678732605320646,0.0005364462858180041,0.0,0.0,0.06283185307179587
42.2,0.49569438844791885,0.868496854045331,0.0005364462858180041,0.0,0.0,0.06283185307179587
42.22,0.4946026120160763,0.8691190760835179,0.0005364462858180041,0.0,0.0,0.06283185307179587
42.24,0.49351005453919766,0.8697399256640521,0.0005364462858180041,0.0,0.0,0.06283185307179587
42.26,0.49241671774258083,0.8703594018065275,0.0005364462858180041,0.0,0.0,0.06283185307179587
42.28,0.49132260335275324,0.8709775035327068,0.0005364462858180041,0.0,0.0,0.06283185307179587
42.300000000000004,0.49022771309747115,0.8715942298665227,0.0005364462858180041,0.0,0.0,0.06283185307179587
42.32,0.4891320487057163,0.87220957983408,0.0005364462858180041,0.0,0.0,0.06283185307179587
42.34,0.48803561190769135,0.8728235524636574,0.0005364462858180041,0.0,0.0,0.06283185307179587
42.36,0.4869384044348204,0.8734361467857078,0.0005364462858180041,0.0,0.0,0.06283185307179587
42.38,0.48584042801974325,0.8740473618328619,0.0005364462858180041,0.0,0.0,0.06283185307179587
42.4,0.48474168439631515,0.8746571966399274,0.0005364462858180041,0.0,0.0,0.06283185307179587
42.42,0.4836421752996016,0.8752656502438919,0.0005364462858180041,0.0,0.0,0.06283185307179587
42.44,0.48254190246587825,0.8758727216839238,0.0005364462858180041,0.0,0.0,0.06283185307179587
42.46,0.4814408676326252,0.8764784100013749,0.0005364462858180041,0.0,0.0,0.06283185307179587
42.480000000000004,0.48033907253852726,0.8770827142397806,0.0005364462858180041,0.0,0.0,0.06283185307179587
42.5,0.4792365189234696,0.8776856334448614,0.0005364462858180041,0.0,0.0,0.06283185307179587
42.52,0.47813320852853425,0.8782871666645268,0.0005364462858180041,0.0,0.0,0.06283185307179587
42.54,0.4770291430959994,0.8788873129488727,0.0005364462858180041,0.0,0.0,0.06283185307179587
42.56,0.4759243243693347,0.8794860713501865,0.0005364462858180041,0.0,0.0,0.06283185307179587
42.58,0.47481875409319996,0.8800834409229467,0.0005364462858180041,0.0,0.0,0.06283185307179587
42.6,0.47371243401344126,0.8806794207238259,0.0005364462858180041,0.0,0.0,0.06283185307179587
42.62,0.47260536587708973,0.8812740098116902,0.0005364462858180041,0.0,0.0,0.06283185307179587
42.64,0.471497551432356,0.8818672072476025,0.0005364462858180041,0.0,0.0,0.06283185307179587
42.660000000000004,0.470388992428631,0.8824590120948227,0.0005364462858180041,0.0,0.0,0.06283185307179587
42.68,0.46927969061648084,0.8830494234188102,0.0005364462858180041,0.0,0.0,0.06283185307179587
42.7,0.46816964774764397,0.8836384402872255,0.0005364462858180041,0.0,0.0,0.06283185307179587
42.72,0.46705886557503007,0.8842260617699297,0.0005364462858180041,0.0,0.0,0.06283185307179587
42.74,0.4659473458527152,0.8848122869389887,0.0005364462858180041,0.0,0.0,0.06283185307179587
42.76,0.46483509033594156,0.885397114868673,0.0005364462858180041,0.0,0.0,0.06283185307179587
42.78,0.4637221007811116,0.8859805446354595,0.0005364462858180041,0.0,0.0,0.06283185307179587
42.800000000000004,0.46260837894578805,0.8865625753180328,0.0005364462858180041,0.0,0.0,0.06283185307179587
42.82,0.46149392658869015,0.8871432059972875,0.0005364462858180041,0.0,0.0,0.06283185307179587
42.84,0.4603787454696897,0.8877224357563279,0.0005364462858180041,0.0,0.0,0.06283185307179587
42.86,0.4592628373498104,0.8883002636804714,0.0005364462858180041,0.0,0.0,0.06283185307179587
42.88,0.45814620399122274,0.8888766888572489,0.0005364462858180041,0.0,0.0,0.06283185307179587
42.9,0.4570288471572441,0.8894517103764057,0.0005364462858180041,0.0,0.0,0.06283185307179587
42.92,0.4559107686123328,0.8900253273299051,0.0005364462858180041,0.0,0.0,0.06283185307179587
42.94,0.45479197012208794,0.8905975388119274,0.0005364462858180041,0.0,0.0,0.06283185307179587
42.96,0.4536724534532446,0.8911683439188726,0.0005364462858180041,0.0,0.0,0.06283185307179587
42.980000000000004,0.4525522203736725,0.8917377417493617,0.0005364462858180041,0.0,0.0,0.06283185307179587
43.0,0.4514312726523731,0.8923057314042374,0.0005364462858180041,0.0,0.0,0.06283185307179587
43.02,0.45030961205947506,0.892872311986567,0.0005364462858180041,0.0,0.0,0.06283185307179587
43.04,0.4491872403662344,0.893437482601642,0.0005364462858180041,0.0,0.0,0.06283185307179587
43.06,0.44806415934502836,0.8940012423569812,0.0005364462858180041,0.0,0.0,0.06283185307179587
43.08,0.44694037076935605,0.8945635903623306,0.0005364462858180041,0.0,0.0,0.06283185307179587
43.1,0.44581587641383197,0.8951245257296664,0.0005364462858180041,0.0,0.0,0.06283185307179587
43.12,0.44469067805418727,0.8956840475731943,0.0005364462858180041,0.0,0.0,0.06283185307179587
43.14,0.44356477746726286,0.8962421550093538,0.0005364462858180041,0.0,0.0,0.06283185307179587
43.160000000000004,0.4424381764310097,0.8967988471568167,0.0005364462858180041,0.0,0.0,0.06283185307179587
43.18,0.4413108767244851,0.89735412313649,0.0005364462858180041,0.0,0.0,0.06283185307179587
43.2,0.44018288012784856,0.8979079820715173,0.0005364462858180041,0.0,0.0,0.06283185307179587
43.22,0.43905418842236127,0.8984604230872799,0.0005364462858180041,0.0,0.0,0.06283185307179587
43.24,0.4379248033903808,0.8990114453113983,0.0005364462858180041,0.0,0.0,0.06283185307179587
43.26,0.436794726815361,0.8995610478737319,0.0005364462858180041,0.0,0.0,0.06283185307179587
43.28,0.4356639604818464,0.900109229906385,0.0005364462858180041,0.0,0.0,0.06283185307179587
43.300000000000004,0.4345325061754717,0.900655990543702,0.0005364462858180041,0.0,0.0,0.06283185307179587
43.32,0.4334003656829578,0.9012013289222736,0.0005364462858180041,0.0,0.0,0.06283185307179587
43.34,0.4322675407921086,0.9017452441809364,0.0005364462858180041,0.0,0.0,0.06283185307179587
43.36,0.43113403329181,0.9022877354607735,0.0005364462858180041,0.0,0.0,0.06283185307179587
43.38,0.42999984497202415,0.902828801905117,0.0005364462858180041,0.0,0.0,0.06283185307179587
43.4,0.42886497762379006,0.9033684426595494,0.0005364462858180041,0.0,0.0,0.06283185307179587
43.42,0.4277294330392174,0.9039066568719047,0.0005364462858180041,0.0,0.0,0.06283185307179587
43.44,0.42659321301148695,0.9044434436922684,0.0005364462858180041,0.0,0.0,0.06283185307179587
43.46,0.42545631933484435,0.9049788022729818,0.0005364462858180041,0.0,0.0,0.06283185307179587
43.480000000000004,0.4243187538046001,0.9055127317686401,0.0005364462858180041,0.0,0.0,0.06283185307179587
43.5,0.42318051821712616,0.9060452313360954,0.0005364462858180041,0.0,0.0,0.06283185307179587
43.52,0.42204161436985094,0.9065763001344587,0.0005364462858180041,0.0,0.0,0.06283185307179587
43.54,0.42090204406125986,0.9071059373250994,0.0005364462858180041,0.0,0.0,0.06283185307179587
43.56,0.41976180909088917,0.9076341420716487,0.0005364462858180041,0.0,0.0,0.06283185307179587
43.58,0.4186209112593265,0.9081609135399987,0.0005364462858180041,0.0,0.0,0.06283185307179587
43.6,0.41747935236820416,0.9086862508983057,0.0005364462858180041,0.0,0.0,0.06283185307179587
43.62,0.41633713422020063,0.9092101533169901,0.0005364462858180041,0.0,0.0,0.06283185307179587
43.64,0.41519425861903314,0.9097326199687387,0.0005364462858180041,0.0,0.0,0.06283185307179587
43.660000000000004,0.4140507273694587,0.910253650028505,0.0005364462858180041,0.0,0.0,0.06283185307179587
43.68,0.4129065422772698,0.9107732426735118,0.0005364462858180041,0.0,0.0,0.06283185307179587
43.7,0.41176170514929,0.911291397083251,0.0005364462858180041,0.0,0.0,0.06283185307179587
43.72,0.41061621779337415,0.9118081124394862,0.0005364462858180041,0.0,0.0,0.06283185307179587
43.74,0.40947008201840246,0.9123233879262536,0.0005364462858180041,0.0,0.0,0.06283185307179587
43.76,0.40832329963428043,0.9128372227298622,0.0005364462858180041,0.0,0.0,0.06283185307179587
43.78,0.40717587245193315,0.9133496160388976,0.0005364462858180041,0.0,0.0,0.06283185307179587
43.800000000000004,0.40602780228330526,0.9138605670442201,0.0005364462858180041,0.0,0.0,0.06283185307179587
43.82,0.40487909094135666,0.9143700749389686,0.0005364462858180041,0.0,0.0,0.06283185307179587
43.84,0.4037297402400585,0.9148781389185606,0.0005364462858180041,0.0,0.0,0.06283185307179587
43.86,0.4025797519943933,0.9153847581806936,0.0005364462858180041,0.0,0.0,0.06283185307179587
43.88,0.40142912802034875,0.9158899319253471,0.0005364462858180041,0.0,0.0,0.06283185307179587
43.9,0.40027787013491783,0.916393659354782,0.0005364462858180041,0.0,0.0,0.06283185307179587
43.92,0.39912598015609313,0.9168959396735444,0.0005364462858180041,0.0,0.0,0.06283185307179587
43.94,0.39797345990286676,0.917396772088465,0.0005364462858180041,0.0,0.0,0.06283185307179587
43.96,0.3968203111952251,0.9178961558086617,0.0005364462858180041,0.0,0.0,0.06283185307179587
43.980000000000004,0.39566653585414724,0.9183940900455388,0.0005364462858180041,0.0,0.0,0.06283185307179587
44.0,0.39451213570160265,0.91889057401279,0.0005364462858180041,0.0,0.0,0.06283185307179587
44.02,0.393357112560546,0.9193856069264,0.0005364462858180041,0.0,0.0,0.06283185307179587
44.04,0.3922014682549172,0.9198791880046434,0.0005364462858180041,0.0,0.0,0.06283185307179587
44.06,0.39104520460963565,0.9203713164680889,0.0005364462858180041,0.0,0.0,0.06283185307179587
44.08,0.38988832345060015,0.9208619915395984,0.0005364462858180041,0.0,0.0,0.06283185307179587
44.1,0.38873082660468317,0.9213512124443288,0.0005364462858180041,0.0,0.0,0.06283185307179587
44.12,0.38757271589973097,0.9218389784097337,0.0005364462858180041,0.0,0.0,0.06283185307179587
44.14,0.38641399316455766,0.9223252886655641,0.0005364462858180041,0.0,0.0,0.06283185307179587
44.160000000000004,0.38525466022894506,0.9228101424438698,0.0005364462858180041,0.0,0.0,0.06283185307179587
44.18,0.3840947189236385,0.9232935389789999,0.0005364462858180041,0.0,0.0,0.06283185307179587
44.2,0.3829341710803428,0.923775477507606,0.0005364462858180041,0.0,0.0,0.06283185307179587
44.22,0.3817730185317222,0.9242559572686412,0.0005364462858180041,0.0,0.0,0.06283185307179587
44.24,0.38061126311139437,0.9247349775033621,0.0005364462858180041,0.0,0.0,0.06283185307179587
44.26,0.3794489066539305,0.9252125374553304,0.0005364462858180041,0.0,0.0,0.06283185307179587
44.28,0.3782859509948492,0.9256886363704142,0.0005364462858180041,0.0,0.0,0.06283185307179587
44.300000000000004,0.3771223979706165,0.9261632734967882,0.0005364462858180041,0.0,0.0,0.06283185307179587
44.32,0.3759582494186421,0.9266364480849353,0.0005364462858180041,0.0,0.0,0.06283185307179587
44.34,0.3747935071772744,0.9271081593876482,0.0005364462858180041,0.0,0.0,0.06283185307179587
44.36,0.37362817308580154,0.9275784066600304,0.0005364462858180041,0.0,0.0,0.06283185307179587
44.38,0.37246224898444386,0.9280471891594977,0.0005364462858180041,0.0,0.0,0.06283185307179587
44.4,0.3712957367143558,0.928514506145778,0.0005364462858180041,0.0,0.0,0.06283185307179587
44.42,0.3701286381176185,0.9289803568809145,0.0005364462858180041,0.0,0.0,0.06283185307179587
44.44,0.3689609550372409,0.9294447406292647,0.0005364462858180041,0.0,0.0,0.06283185307179587
44.46,0.3677926893171529,0.9299076566575039,0.0005364462858180041,0.0,0.0,0.06283185307179587
44.480000000000004,0.36662384280220617,0.9303691042346239,0.0005364462858180041,0.0,0.0,0.06283185307179587
44.5,0.36545441733816925,0.9308290826319368,0.0005364462858180041,0.0,0.0,0.06283185307179587
44.52,0.3642844147717237,0.9312875911230732,0.0005364462858180041,0.0,0.0,0.06283185307179587
44.54,0.3631138369504641,0.9317446289839857,0.0005364462858180041,0.0,0.0,0.06283185307179587
44.56,0.3619426857228919,0.9322001954929494,0.0005364462858180041,0.0,0.0,0.06283185307179587
44.58,0.36077096293841554,0.9326542899305623,0.0005364462858180041,0.0,0.0,0.06283185307179587
44.6,0.35959867044734445,0.9331069115797481,0.0005364462858180041,0.0,0.0,0.06283185307179587
44.62,0.35842581010088914,0.9335580597257542,0.0005364462858180041,0.0,0.0,0.06283185307179587
44.64,0.35725238375115537,0.9340077336561572,0.0005364462858180041,0.0,0.0,0.06283185307179587
44.660000000000004,0.35607839325114404,0.9344559326608596,0.0005364462858180041,0.0,0.0,0.06283185307179587
44.68,0.35490384045474677,0.9349026560320945,0.0005364462858180041,0.0,0.0,0.06283185307179587
44.7,0.3537287272167419,0.9353479030644248,0.0005364462858180041,0.0,0.0,0.06283185307179587
44.72,0.35255305539279463,0.9357916730547449,0.0005364462858180041,0.0,0.0,0.06283185307179587
44.74,0.35137682683945015,0.9362339653022809,0.0005364462858180041,0.0,0.0,0.06283185307179587
44.76,0.35020004341413496,0.936674779108593,0.0005364462858180041,0.0,0.0,0.06283185307179587
44.78,0.34902270697514964,0.9371141137775766,0.0005364462858180041,0.0,0.0,0.06283185307179587
44.800000000000004,0.3478448193816697,0.9375519686154615,0.0005364462858180041,0.0,0.0,0.06283185307179587
44.82,0.3466663824937409,0.9379883429308157,0.0005364462858180041,0.0,0.0,0.06283185307179587
44.84,0.34548739817227486,0.9384232360345445,0.0005364462858180041,0.0,0.0,0.06283185307179587
44.86,0.34430786827904986,0.9388566472398918,0.0005364462858180041,0.0,0.0,0.06283185307179587
44.88,0.3431277946767037,0.939288575862443,0.0005364462858180041,0.0,0.0,0.06283185307179587
44.9,0.34194717922873435,0.9397190212201232,0.0005364462858180041,0.0,0.0,0.06283185307179587
44.92,0.34076602379949406,0.9401479826332005,0.0005364462858180041,0.0,0.0,0.06283185307179587
44.94,0.3395843302541892,0.9405754594242867,0.0005364462858180041,0.0,0.0,0.06283185307179587
44.96,0.33840210045887464,0.9410014509183376,0.0005364462858180041,0.0,0.0,0.06283185307179587
44.980000000000004,0.3372193362804526,0.9414259564426539,0.0005364462858180041,0.0,0.0,0.06283185307179587
45.0,0.3360360395866698,0.9418489753268837,0.0005364462858180041,0.0,0.0,0.06283185307179587
45.02,0.3348522122461125,0.9422705069030226,0.0005364462858180041,0.0,0.0,0.06283185307179587
45.04,0.33366785612820615,0.9426905505054145,0.0005364462858180041,0.0,0.0,0.06283185307179587
45.06,0.3324829731032103,0.9431091054707532,0.0005364462858180041,0.0,0.0,0.06283185307179587
45.08,0.33129756504221747,0.9435261711380837,0.0005364462858180041,0.0,0.0,0.06283185307179587
45.1,0.33011163381714825,0.943941746848802,0.0005364462858180041,0.0,0.0,0.06283185307179587
45.12,0.3289251813007505,0.9443558319466575,0.0005364462858180041,0.0,0.0,0.06283185307179587
45.14,0.3277382093665939,0.9447684257777531,0.0005364462858180041,0.0,0.0,0.06283185307179587
45.160000000000004,0.32655071988906986,0.9451795276905469,0.0005364462858180041,0.0,0.0,0.06283185307179587
45.18,0.32536271474338646,0.945589137035853,0.0005364462858180041,0.0,0.0,0.06283185307179587
45.2,0.3241741958055652,0.945997253166842,0.0005364462858180041,0.0,0.0,0.06283185307179587
45.22,0.3229851649524407,0.9464038754390428,0.0005364462858180041,0.0,0.0,0.06283185307179587
45.24,0.3217956240616539,0.9468090032103442,0.0005364462858180041,0.0,0.0,0.06283185307179587
45.26,0.3206055750116532,0.947212635840993,0.0005364462858180041,0.0,0.0,0.06283185307179587
45.28,0.3194150196816876,0.9476147726935993,0.0005364462858180041,0.0,0.0,0.06283185307179587
45.300000000000004,0.31822395995180697,0.9480154131331335,0.0005364462858180041,0.0,0.0,0.06283185307179587
45.32,0.3170323977028576,0.9484145565269295,0.0005364462858180041,0.0,0.0,0.06283185307179587
45.34,0.315840334816478,0.9488122022446857,0.0005364462858180041,0.0,0.0,0.06283185307179587
45.36,0.31464777317509907,0.949208349658465,0.0005364462858180041,0.0,0.0,0.06283185307179587
45.38,0.31345471466193764,0.9496029981426967,0.0005364462858180041,0.0,0.0,0.06283185307179587
45.4,0.3122611611609967,0.9499961470741769,0.0005364462858180041,0.0,0.0,0.06283185307179587
45.42,0.31106711455705943,0.9503877958320701,0.0005364462858180041,0.0,0.0,0.06283185307179587
45.44,0.3098725767356891,0.9507779437979089,0.0005364462858180041,0.0,0.0,0.06283185307179587
45.46,0.30867754958322335,0.9511665903555973,0.0005364462858180041,0.0,0.0,0.06283185307179587
45.480000000000004,0.30748203498677346,0.9515537348914084,0.0005364462858180041,0.0,0.0,0.06283185307179587
45.5,0.3062860348342205,0.9519393767939883,0.0005364462858180041,0.0,0.0,0.06283185307179587
45.52,0.3050895510142111,0.9523235154543562,0.0005364462858180041,0.0,0.0,0.06283185307179587
45.54,0.30389258541615755,0.9527061502659043,0.0005364462858180041,0.0,0.0,0.06283185307179587
45.56,0.302695139930231,0.9530872806244003,0.0005364462858180041,0.0,0.0,0.06283185307179587
45.58,0.30149721644736205,0.9534669059279867,0.0005364462858180041,0.0,0.0,0.06283185307179587
45.6,0.30029881685923465,0.9538450255771844,0.0005364462858180041,0.0,0.0,0.06283185307179587
45.62,0.2990999430582862,0.9542216389748899,0.0005364462858180041,0.0,0.0,0.06283185307179587
45.64,0.2979005969377011,0.9545967455263802,0.0005364462858180041,0.0,0.0,0.06283185307179587
45.660000000000004,0.2967007803914111,0.9549703446393101,0.0005364462858180041,0.0,0.0,0.06283185307179587
45.68,0.2955004953140907,0.9553424357237158,0.0005364462858180041,0.0,0.0,0.06283185307179587
45.7,0.2942997436011531,0.9557130181920149,0.0005364462858180041,0.0,0.0,0.06283185307179587
45.72,0.29309852714874984,0.9560820914590066,0.0005364462858180041,0.0,0.0,0.06283185307179587
45.74,0.29189684785376496,0.9564496549418744,0.0005364462858180041,0.0,0.0,0.06283185307179587
45.76,0.29069470761381483,0.956815708060185,0.0005364462858180041,0.0,0.0,0.06283185307179587
45.78,0.28949210832724226,0.9571802502358909,0.0005364462858180041,0.0,0.0,0.06283185307179587
45.800000000000004,0.288289051893116,0.9575432808933299,0.0005364462858180041,0.0,0.0,0.06283185307179587
45.82,0.28708554021122673,0.9579047994592271,0.0005364462858180041,0.0,0.0,0.06283185307179587
45.84,0.2858815751820829,0.9582648053626958,0.0005364462858180041,0.0,0.0,0.06283185307179587
45.86,0.2846771587069104,0.9586232980352367,0.0005364462858180041,0.0,0.0,0.06283185307179587
45.88,0.2834722926876466,0.9589802769107417,0.0005364462858180041,0.0,0.0,0.06283185307179587
45.9,0.28226697902694026,0.959335741425492,0.0005364462858180041,0.0,0.0,0.06283185307179587
45.92,0.28106121962814506,0.9596896910181609,0.0005364462858180041,0.0,0.0,0.06283185307179587
45.94,0.2798550163953208,0.9600421251298136,0.0005364462858180041,0.0,0.0,0.06283185307179587
45.96,0.27864837123322594,0.9603930432039083,0.0005364462858180041,0.0,0.0,0.06283185307179587
45.980000000000004,0.2774412860473185,0.9607424446862975,0.0005364462858180041,0.0,0.0,0.06283185307179587
46.0,0.276233762743751,0.961090329025229,0.0005364462858180041,0.0,0.0,0.06283185307179587
46.02,0.2750258032293667,0.9614366956713454,0.0005364462858180041,0.0,0.0,0.06283185307179587
46.04,0.2738174094116995,0.9617815440776868,0.0005364462858180041,0.0,0.0,0.06283185307179587
46.06,0.2726085831989675,0.9621248736996905,0.0005364462858180041,0.0,0.0,0.06283185307179587
46.08,0.2713993265000729,0.9624666839951922,0.0005364462858180041,0.0,0.0,0.06283185307179587
46.1,0.2701896412245963,0.9628069744244265,0.0005364462858180041,0.0,0.0,0.06283185307179587
46.12,0.26897952928279667,0.9631457444500285,0.0005364462858180041,0.0,0.0,0.06283185307179587
46.14,0.26776899258560527,0.963482993537034,0.0005364462858180041,0.0,0.0,0.06283185307179587
46.160000000000004,0.266558033044625,0.963818721152881,0.0005364462858180041,0.0,0.0,0.06283185307179587
46.18,0.26534665257212686,0.9641529267674096,0.0005364462858180041,0.0,0.0,0.06283185307179587
46.2,0.264134853081045,0.9644856098528634,0.0005364462858180041,0.0,0.0,0.06283185307179587
46.22,0.26292263648497716,0.9648167698838904,0.0005364462858180041,0.0,0.0,0.06283185307179587
46.24,0.26171000469817796,0.9651464063375437,0.0005364462858180041,0.0,0.0,0.06283185307179587
46.26,0.2604969596355592,0.9654745186932824,0.0005364462858180041,0.0,0.0,0.06283185307179587
46.28,0.25928350321268373,0.9658011064329725,0.0005364462858180041,0.0,0.0,0.06283185307179587
46.300000000000004,0.2580696373457654,0.9661261690408871,0.0005364462858180041,0.0,0.0,0.06283185307179587
46.32,0.25685536395166464,0.9664497060037079,0.0005364462858180041,0.0,0.0,0.06283185307179587
46.34,0.25564068494788406,0.9667717168105262,0.0005364462858180041,0.0,0.0,0.06283185307179587
46.36,0.2544256022525684,0.9670922009528431,0.0005364462858180041,0.0,0.0,0.06283185307179587
46.38,0.2532101177844981,0.9674111579245701,0.0005364462858180041,0.0,0.0,0.06283185307179587
46.4,0.2519942334630899,0.9677285872220301,0.0005364462858180041,0.0,0.0,0.06283185307179587
46.42,0.2507779512083903,0.9680444883439597,0.0005364462858180041,0.0,0.0,0.06283185307179587
46.44,0.2495612729410759,0.9683588607915076,0.0005364462858180041,0.0,0.0,0.06283185307179587
46.46,0.248344200582447,0.9686717040682368,0.0005364462858180041,0.0,0.0,0.06283185307179587
46.480000000000004,0.24712673605442725,0.9689830176801252,0.0005364462858180041,0.0,0.0,0.06283185307179587
46.5,0.24590888127955984,0.9692928011355656,0.0005364462858180041,0.0,0.0,0.06283185307179587
46.52,0.24469063818100276,0.9696010539453683,0.0005364462858180041,0.0,0.0,0.06283185307179587
46.54,0.243472008682529,0.9699077756227599,0.0005364462858180041,0.0,0.0,0.06283185307179587
46.56,0.24225299470852005,0.970212965683385,0.0005364462858180041,0.0,0.0,0.06283185307179587
46.58,0.24103359818396625,0.9705166236453069,0.0005364462858180041,0.0,0.0,0.06283185307179587
46.6,0.2398138210344603,0.970818749029008,0.0005364462858180041,0.0,0.0,0.06283185307179587
46.62,0.23859366518619765,0.9711193413573909,0.0005364462858180041,0.0,0.0,0.06283185307179587
46.64,0.23737313256597006,0.9714184001557795,0.0005364462858180041,0.0,0.0,0.06283185307179587
46.660000000000004,0.23615222510116562,0.9717159249519193,0.0005364462858180041,0.0,0.0,0.06283185307179587
46.68,0.23493094471976428,0.9720119152759781,0.0005364462858180041,0.0,0.0,0.06283185307179587
46.7,0.2337092933503335,0.9723063706605463,0.0005364462858180041,0.0,0.0,0.06283185307179587
46.72,0.23248727292202853,0.9725992906406389,0.0005364462858180041,0.0,0.0,0.06283185307179587
46.74,0.23126488536458542,0.9728906747536955,0.0005364462858180041,0.0,0.0,0.06283185307179587
46.76,0.23004213260832196,0.9731805225395803,0.0005364462858180041,0.0,0.0,0.06283185307179587
46.78,0.2288190165841308,0.9734688335405846,0.0005364462858180041,0.0,0.0,0.06283185307179587
46.800000000000004,0.22759553922347947,0.9737556073014259,0.0005364462858180041,0.0,0.0,0.06283185307179587
46.82,0.22637170245840615,0.9740408433692489,0.0005364462858180041,0.0,0.0,0.06283185307179587
46.84,0.22514750822151533,0.9743245412936273,0.0005364462858180041,0.0,0.0,0.06283185307179587
46.86,0.22392295844597765,0.9746067006265634,0.0005364462858180041,0.0,0.0,0.06283185307179587
46.88,0.22269805506552345,0.9748873209224891,0.0005364462858180041,0.0,0.0,0.06283185307179587
46.9,0.22147280001444333,0.975166401738266,0.0005364462858180041,0.0,0.0,0.06283185307179587
46.92,0.22024719522758135,0.9754439426331885,0.0005364462858180041,0.0,0.0,0.06283185307179587
46.94,0.2190212426403355,0.9757199431689807,0.0005364462858180041,0.0,0.0,0.06283185307179587
46.96,0.21779494418865156,0.9759944029098003,0.0005364462858180041,0.0,0.0,0.06283185307179587
46.980000000000004,0.2165683018090225,0.976267321422238,0.0005364462858180041,0.0,0.0,0.06283185307179587
47.0,0.2153413174384845,0.9765386982753179,0.0005364462858180041,0.0,0.0,0.06283185307179587
47.02,0.21411399301461254,0.9768085330404994,0.0005364462858180041,0.0,0.0,0.06283185307179587
47.04,0.21288633047552027,0.9770768252916764,0.0005364462858180041,0.0,0.0,0.06283185307179587
47.06,0.21165833175985352,0.9773435746051794,0.0005364462858180041,0.0,0.0,0.06283185307179587
47.08,0.21042999880679075,0.9776087805597737,0.0005364462858180041,0.0,0.0,0.06283185307179587
47.1,0.20920133355603646,0.9778724427366636,0.0005364462858180041,0.0,0.0,0.06283185307179587
47.12,0.2079723379478218,0.9781345607194903,0.0005364462858180041,0.0,0.0,0.06283185307179587
47.14,0.20674301392289754,0.9783951340943341,0.0005364462858180041,0.0,0.0,0.06283185307179587
47.160000000000004,0.2055133634225346,0.9786541624497136,0.0005364462858180041,0.0,0.0,0.06283185307179587
47.18,0.20428338838851942,0.9789116453765879,0.0005364462858180041,0.0,0.0,0.06283185307179587
47.2,0.20305309076314967,0.9791675824683563,0.0005364462858180041,0.0,0.0,0.06283185307179587
47.22,0.201822472489234,0.9794219733208592,0.0005364462858180041,0.0,0.0,0.06283185307179587
47.24,0.20059153551008585,0.9796748175323787,0.0005364462858180041,0.0,0.0,0.06283185307179587
47.26,0.19936028176952353,0.979926114703639,0.0005364462858180041,0.0,0.0,0.06283185307179587
47.28,0.19812871321186382,0.9801758644378082,0.0005364462858180041,0.0,0.0,0.06283185307179587
47.300000000000004,0.19689683178192213,0.9804240663404968,0.0005364462858180041,0.0,0.0,0.06283185307179587
47.32,0.1956646394250078,0.9806707200197605,0.0005364462858180041,0.0,0.0,0.06283185307179587
47.34,0.19443213808691995,0.9809158250860991,0.0005364462858180041,0.0,0.0,0.06283185307179587
47.36,0.19319932971394715,0.9811593811524584,0.0005364462858180041,0.0,0.0,0.06283185307179587
47.38,0.1919662162528613,0.9814013878342303,0.0005364462858180041,0.0,0.0,0.06283185307179587
47.4,0.19073279965091777,0.981641844749253,0.0005364462858180041,0.0,0.0,0.06283185307179587
47.42,0.1894990818558488,0.9818807515178122,0.0005364462858180041,0.0,0.0,0.06283185307179587
47.44,0.18826506481586405,0.9821181077626415,0.0005364462858180041,0.0,0.0,0.06283185307179587
47.46,0.18703075047964407,0.9823539131089233,0.0005364462858180041,0.0,0.0,0.06283185307179587
47.480000000000004,0.18579614079634002,0.9825881671842887,0.0005364462858180041,0.0,0.0,0.06283185307179587
47.5,0.1845612377155696,0.9828208696125587,0.0005364577541066007,0.0,0.0,0.06283185307179587
47.52,0.18332618168268683,0.9827281290984688,0.0252375788910284,1.2566370614359172,0.0,0.06283185307179587
47.54,0.1820916331976613,0.9820131247366104,0.04992854859153889,1.2566370614359172,0.0,0.06283185307179587
47.56,0.18085837397709115,0.9806763092677725,0.07459373300294098,1.2566370614359172,0.0,0.06283185307179587
47.58,0.1796271849212136,0.9787185291640502,0.09921751412049173,1.2566370614359172,0.0,0.06283185307179587
47.6,0.17839884561943495,0.9761410240925938,0.12378430015606495,1.2566370614359172,0.0,0.06283185307179587
47.62,0.1771741338566977,0.9729454261306569,0.14827853541080926,1.2566370614359172,0.0,0.06283185307179587
47.64,0.17595382512098362,0.9691337587321572,0.1726847101250915,1.2566370614359172,0.0,0.06283185307179587
47.660000000000004,0.17473869211227705,0.9647084354464305,0.19698737029922225,1.2566370614359172,0.0,0.06283185307179587
47.68,0.17352950425329017,0.9596722583899697,0.22117112747896062,1.2566370614359172,0.0,0.06283185307179587
47.7,0.17232702720226242,0.9540284164721163,0.24522066849951557,1.2566370614359172,0.0,0.06283185307179587
47.72,0.1711320223681488,0.9477804833758547,0.2691207651817876,1.2566370614359172,0.0,0.06283185307179587
47.74,0.16994524642849174,0.9409324152949393,0.29285628397492813,1.2566370614359172,0.0,0.06283185307179587
47.76,0.16876745085029624,0.9334885484288478,0.31641219553883904,1.2566370614359172,0.0,0.06283185307179587
47.78,0.1675993814141969,0.9254535962370795,0.3397735842608257,1.2566370614359172,0.0,0.06283185307179587
47.800000000000004,0.16644177774223257,0.916832646454608,0.3629256577001116,1.2566370614359172,0.0,0.06283185307179587
47.82,0.16529537282951612,0.9076311578703188,0.38585375595444105,1.2566370614359172,0.0,0.06283185307179587
47.84,0.16416089258010017,0.8978549568704911,0.40854336094276067,1.2566370614359172,0.0,0.06283185307179587
47.86,0.16303905534733745,0.8875102337495516,0.43098010559801675,1.2566370614359172,0.0,0.06283185307179587
47.88,0.1619305714790156,0.8766035387903484,0.45314978296445335,1.2566370614359172,0.0,0.06283185307179587
47.9,0.16083614286756845,0.8651417781165401,0.4750383551933968,1.2566370614359172,0.0,0.06283185307179587
47.92,0.15975646250563363,0.853132209319604,0.496631962432092,1.2566370614359172,0.0,0.06283185307179587
47.94,0.15869221404725306,0.8405824368633587,0.5179169315997036,1.2566370614359172,0.0,0.06283185307179587
47.96,0.15764407137497932,0.8275004072687798,0.5388797850451784,1.2566370614359172,0.0,0.06283185307179587
47.980000000000004,0.15661269817317602,0.8138944040822922,0.5595072490812445,1.2566370614359172,0.0,0.06283185307179587
48.0,0.1555987475077712,0.7997730426306106,0.5797862623893413,1.2566370614359172,0.0,0.06283185307179587
48.02,0.1546028614127347,0.7851452645654962,0.599703984290071,1.2566370614359172,0.0,0.06283185307179587
48.04,0.1536256704835447,0.7700203322019351,0.6192478028738709,1.2566370614359172,0.0,0.06283185307179587
48.06,0.15266779347789125,0.7544078226531944,0.6384053429869398,1.2566370614359172,0.0,0.06283185307179587
48.08,0.15172983692388173,0.7383176217666334,0.657164474067131,1.2566370614359172,0.0,0.06283185307179587
48.1,0.150812394735984,0.7217599178639371,0.6755133178250852,1.2566370614359172,0.0,0.06283185307179587
48.120000000000005,0.14991604783896215,0.7047451952899059,0.6934402557655217,1.2566370614359172,0.0,0.06283185307179587
48.14,0.14904136380003358,0.6872842277737479,0.7109339365440948,1.2566370614359172,0.0,0.06283185307179587
48.160000000000004,0.14818889646948402,0.6693880716071302,0.7279832831550856,1.2566370614359172,0.0,0.06283185307179587
48.18,0.147359185629972,0.6510680586433746,0.7445774999453261,1.2566370614359172,0.0,0.06283185307179587
48.2,0.14655275665473536,0.6323357891220711,0.7607060794500582,1.2566370614359172,0.0,0.06283185307179587
48.22,0.14577012017492735,0.6132031243238559,0.7763588090462178,1.2566370614359172,0.0,0.06283185307179587
48.24,0.14501177175628235,0.5936821790597883,0.7915257774191176,1.2566370614359172,0.0,0.06283185307179587
48.26,0.14427819158532576,0.5737853140003032,0.8061973808382501,1.2566370614359172,0.0,0.06283185307179587
48.28,0.14356984416531732,0.5535251278483733,0.8203643292384191,1.2566370614359172,0.0,0.06283185307179587
48.300000000000004,0.1428871780221297,0.5329144493620558,0.8340176521021734,1.2566370614359172,0.0,0.06283185307179587
48.32,0.1422306254202404,0.5119663292312949,0.8471487041399598,1.2566370614359172,0.0,0.06283185307179587
48.34,0.14160060208902153,0.4906940318141987,0.8597491707643372,1.2566370614359172,0.0,0.06283185307179587
48.36,0.14099750695950117,0.46911102673809346,0.8718110733547434,1.2566370614359172,0.0,0.06283185307179587
48.38,0.14042172191175845,0.44723098037049025,0.8833267743095978,1.2566370614359172,0.0,0.06283185307179587
48.4,0.13987361153311828,0.42506774716559637,0.8942889818823999,1.2566370614359172,0.0,0.06283185307179587
48.42,0.13935352288729344,0.40263536089160773,0.9046907547988969,1.2566370614359172,0.0,0.06283185307179587
48.44,0.13886178529462465,0.37994802574458414,0.9145255066522721,1.2566370614359172,0.0,0.06283185307179587
48.46,0.13839871012355384,0.3570201073542824,0.9237870100736887,1.2566370614359172,0.0,0.06283185307179587
48.480000000000004,0.1379645905934663,0.3338661236878901,0.9324694006754388,1.2566370614359172,0.0,0.06283185307179587
48.5,0.13755970158902392,0.3105007358572197,0.9405671807642854,1.2566370614359172,0.0,0.06283185307179587
48.52,0.13718429948610747,0.2869387388352602,0.9480752228226135,1.2566370614359172,0.0,0.06283185307179587
48.54,0.13683862198948032,0.263195052088054,0.9549887727551559,1.2566370614359172,0.0,0.06283185307179587
48.56,0.13652288798227272,0.23928471012761673,0.9613034528993091,1.2566370614359172,0.0,0.06283185307179587
48.58,0.13623729738738555,0.21522285299214627,0.9670152647970527,1.2566370614359172,0.0,0.06283185307179587
48.6,0.13598203104089857,0.1910247166592765,0.9721205917267914,1.2566370614359172,0.0,0.06283185307179587
48.620000000000005,0.13575725057756569,0.16670562339870945,0.9766162009934507,1.2566370614359172,0.0,0.06283185307179587
48.64,0.1355630983284669,0.14228097207012325,0.9804992459754263,1.2566370614359172,0.0,0.06283185307179587
48.660000000000004,0.1353996972308846,0.11776622837258091,0.9837672679270714,1.2566370614359172,0.0,0.06283185307179587
48.68,0.13526715075045992,0.09317691505170461,0.9864181975355645,1.2566370614359172,0.0,0.06283185307179587
48.7,0.1351655428156777,0.06852860207059731,0.9884503562312096,1.2566370614359172,0.0,0.06283185307179587
48.72,0.13509493776472328,0.043836896751005654,0.9898624572502986,1.2566370614359172,0.0,0.06283185307179587
48.74,0.1350553803047433,0.019117433890687416,0.9906536064498975,1.2566370614359172,0.0,0.06283185307179587
48.76,0.13504298383962715,0.006837032698330723,0.990816152219767,0.0,0.0,0.06283185307179587
48.78,0.1350342855475572,0.007006727273743336,0.990816152219767,0.0,0.0,0.06283185307179587
48.800000000000004,0.13502537401791873,0.007176410784577191,0.990816152219767,0.0,0.0,0.06283185307179587
48.82,0.13501624926478423,0.007346082962878803,0.990816152219767,0.0,0.0,0.06283185307179587
48.84,0.13500691130256284,0.007515743540712762,0.990816152219767,0.0,0.0,0.06283185307179587
48.86,0.1349973601460006,0.0076853922501617395,0.990816152219767,0.0,0.0,0.06283185307179587
48.88,0.13498759581018008,0.007855028823327384,0.990816152219767,0.0,0.0,0.06283185307179587
48.9,0.13497761831052046,0.008024652992330277,0.990816152219767,0.0,0.0,0.06283185307179587
48.92,0.1349674276627775,0.008194264489310817,0.990816152219767,0.0,0.0,0.06283185307179587
48.94,0.13495702388304365,0.00836386304642918,0.990816152219767,0.0,0.0,0.06283185307179587
48.96,0.13494640698774799,0.008533448395866217,0.990816152219767,0.0,0.0,0.06283185307179587
48.980000000000004,0.13493557699365602,0.008703020269823452,0.990816152219767,0.0,0.0,0.06283185307179587
49.0,0.1349245339178698,0.008872578400523688,0.990816152219767,0.0,0.0,0.06283185307179587
49.02,0.13491327777782777,0.009042122520211615,0.990816152219767,0.0,0.0,0.06283185307179587
49.04,0.1349018085913049,0.009211652361153809,0.990816152219767,0.0,0.0,0.06283185307179587
49.06,0.13489012637641276,0.009381167655639629,0.990816152219767,0.0,0.0,0.06283185307179587
49.08,0.134878231151599,0.009550668135981162,0.990816152219767,0.0,0.0,0.06283185307179587
49.1,0.13486612293564787,0.009720153534514135,0.990816152219767,0.0,0.0,0.06283185307179587
49.120000000000005,0.1348538017476798,0.009889623583597913,0.990816152219767,0.0,0.0,0.06283185307179587
49.14,0.13484126760715187,0.01005907801561609,0.990816152219767,0.0,0.0,0.06283185307179587
49.160000000000004,0.13482852053385697,0.010228516562977118,0.990816152219767,0.0,0.0,0.06283185307179587
49.18,0.1348155605479245,0.010397938958114278,0.990816152219767,0.0,0.0,0.06283185307179587
49.2,0.1348023876698202,0.010567344933486603,0.990816152219767,0.0,0.0,0.06283185307179587
49.22,0.13478900192034568,0.010736734221578816,0.990816152219767,0.0,0.0,0.06283185307179587
49.24,0.13477540332063886,0.010906106554902224,0.990816152219767,0.0,0.0,0.06283185307179587
49.26,0.13476159189217396,0.011075461665994674,0.990816152219767,0.0,0.0,0.06283185307179587
49.28,0.13474756765676094,0.011244799287421458,0.990816152219767,0.0,0.0,0.06283185307179587
49.300000000000004,0.13473333063654597,0.011414119151775294,0.990816152219767,0.0,0.0,0.06283185307179587
49.32,0.1347188808540114,0.011583420991676942,0.990816152219767,0.0,0.0,0.06283185307179587
49.34,0.1347042183319753,0.011752704539775812,0.990816152219767,0.0,0.0,0.06283185307179587
49.36,0.13468934309359182,0.011921969528749946,0.990816152219767,0.0,0.0,0.06283185307179587
49.38,0.13467425516235101,0.012091215691306953,0.990816152219767,0.0,0.0,0.06283185307179587
49.4,0.13465895456207877,0.012260442760183914,0.990816152219767,0.0,0.0,0.06283185307179587
49.42,0.13464344131693676,0.012429650468148314,0.990816152219767,0.0,0.0,0.06283185307179587
49.44,0.13462771545142269,0.012598838547997959,0.990816152219767,0.0,0.0,0.06283185307179587
49.46,0.13461177699036964,0.012768006732561904,0.990816152219767,0.0,0.0,0.06283185307179587
49.480000000000004,0.13459562595894672,0.012937154754700432,0.990816152219767,0.0,0.0,0.06283185307179587
49.5,0.13457926238265855,0.013106282347305667,0.990816152219767,0.0,0.0,0.06283185307179587
49.52,0.1345626862873456,0.013275389243302174,0.990816152219767,0.0,0.0,0.06283185307179587
49.54,0.13454589769918363,0.013444475175646965,0.990816152219767,0.0,0.0,0.06283185307179587
49.56,0.13452889664468412,0.013613539877330388,0.990816152219767,0.0,0.0,0.06283185307179587
49.58,0.13451168315069417,0.013782583081376086,0.990816152219767,0.0,0.0,0.06283185307179587
49.6,0.13449425724439612,0.013951604520841888,0.990816152219767,0.0,0.0,0.06283185307179587
49.620000000000005,0.13447661895330798,0.014120603928819806,0.990816152219767,0.0,0.0,0.06283185307179587
49.64,0.13445876830528283,0.014289581038436652,0.990816152219767,0.0,0.0,0.06283185307179587
49.660000000000004,0.13444070532850944,0.014458535582854629,0.990816152219767,0.0,0.0,0.06283185307179587
49.68,0.13442243005151172,0.01462746729527132,0.990816152219767,0.0,0.0,0.06283185307179587
49.7,0.13440394250314883,0.014796375908920611,0.990816152219767,0.0,0.0,0.06283185307179587
49.72,0.1343852427126149,0.014965261157072633,0.990816152219767,0.0,0.0,0.06283185307179587
49.74,0.1343663307094397,0.015134122773034641,0.990816152219767,0.0,0.0,0.06283185307179587
49.76,0.13434720652348783,0.015302960490150976,0.990816152219767,0.0,0.0,0.06283185307179587
49.78,0.1343278701849589,0.015471774041803965,0.990816152219767,0.0,0.0,0.06283185307179587
49.800000000000004,0.13430832172438764,0.0156405631614139,0.990816152219767,0.0,0.0,0.06283185307179587
49.82,0.13428856117264382,0.015809327582439657,0.990816152219767,0.0,0.0,0.06283185307179587
49.84,0.13426858856093205,0.015978067038379316,0.990816152219767,0.0,0.0,0.06283185307179587
49.86,0.13424840392079174,0.016146781262770117,0.990816152219767,0.0,0.0,0.06283185307179587
49.88,0.13422800728409723,0.016315469989189375,0.990816152219767,0.0,0.0,0.06283185307179587
49.9,0.1342073986830576,0.016484132951254452,0.990816152219767,0.0,0.0,0.06283185307179587
49.92,0.13418657815021653,0.016652769882623646,0.990816152219767,0.0,0.0,0.06283185307179587
49.94,0.13416554571845268,0.01682138051699609,0.990816152219767,0.0,0.0,0.06283185307179587
49.96,0.134144301420979,0.01698996458811269,0.990816152219767,0.0,0.0,0.06283185307179587
49.980000000000004,0.13412284529134316,0.017158521829756152,0.990816152219767,0.0,0.0,0.06283185307179587
