Time,Sx,Sy,Sz,Hx,Hy,Hz
0.0,0.0,0.0,1.0,0.0,0.0,0.12566370614359174
0.02,3.1581005414034565e-05,-0.025130049242508112,0.9996841899458598,1.2566370614359172,0.0,0.12566370614359174
0.04,0.00012630397421880787,-0.0502440868390729,0.9987369602578122,1.2566370614359172,0.0,0.12566370614359174
0.06,0.0002841084790982223,-0.075326071857939,0.9971589152090181,1.2566370614359172,0.0,0.12566370614359174
0.08,0.000504893850670624,-0.10036000356500555,0.9949510614932944,1.2566370614359172,0.0,0.12566370614359174
0.1,0.0007885192417095575,-0.1253299118811722,0.9921148075829053,1.2566370614359172,0.0,0.12566370614359174
0.12,0.0011348037169954678,-0.15021986757024844,0.9886519628300464,1.2566370614359172,0.0,0.12566370614359174
0.14,0.001543526368741027,-0.17501399240080787,0.9845647363125908,1.2566370614359172,0.0,0.12566370614359174
0.16,0.0020144264575164524,-0.19969646927550436,0.9798557354248364,1.2566370614359172,0.0,0.12566370614359174
0.18,0.0025472035785849226,-0.2242515523213886,0.9745279642141518,1.2566370614359172,0.0,0.12566370614359174
0.2,0.003141517853541964,-0.24866357693478805,0.9685848214645816,1.2566370614359172,0.0,0.12566370614359174
0.22,0.003796990147136565,-0.2729169697743418,0.9620300985286356,1.2566370614359172,0.0,0.12566370614359174
0.24,0.004513202309135706,-0.2969962586958167,0.9548679769086444,1.2566370614359172,0.0,0.12566370614359174
0.26,0.005289697441077983,-0.3208860826223649,0.9471030255892217,1.2566370614359172,0.0,0.12566370614359174
0.28,0.0061259801877461975,-0.3445712013439281,0.9387401981225393,1.2566370614359172,0.0,0.12566370614359174
0.3,0.007021517053172923,-0.368036505239536,0.9297848294682721,1.2566370614359172,0.0,0.12566370614359174
0.32,0.007975736740977492,-0.39126702491629806,0.9202426325902264,1.2566370614359172,0.0,0.12566370614359174
0.34,0.008988030518817273,-0.41424794075893684,0.9101196948118289,1.2566370614359172,0.0,0.12566370614359174
0.36,0.01005775260672074,-0.4369645923837736,0.8994224739327943,1.2566370614359172,0.0,0.12566370614359174
0.38,0.011184220589054624,-0.4594024879911351,0.8881577941094555,1.2566370614359172,0.0,0.12566370614359174
0.4,0.012366715849862297,-0.4815473136102117,0.8763328415013788,1.2566370614359172,0.0,0.12566370614359174
0.42,0.013604484031295693,-0.5033849422304749,0.8639551596870447,1.2566370614359172,0.0,0.12566370614359174
0.44,0.01489673551484837,-0.5249014428138241,0.8510326448515181,1.2566370614359172,0.0,0.12566370614359174
0.46,0.01624264592508256,-0.5460830891817143,0.8375735407491764,1.2566370614359172,0.0,0.12566370614359174
0.48,0.017641356655529048,-0.5669163687715995,0.8235864334447117,1.2566370614359172,0.0,0.12566370614359174
0.5,0.01909197541642429,-0.5873879912570991,0.8090802458357594,1.2566370614359172,0.0,0.12566370614359174
0.52,0.02059357680393532,-0.6074848970263942,0.7940642319606491,1.2566370614359172,0.0,0.12566370614359174
0.54,0.02214520289050939,-0.6271942655134403,0.7785479710949081,1.2566370614359172,0.0,0.12566370614359174
0.56,0.023745863835971704,-0.6465035233766845,0.7625413616402852,1.2566370614359172,0.0,0.12566370614359174
0.58,0.025394538518981387,-0.66540035252007,0.7460546148101885,1.2566370614359172,0.0,0.12566370614359174
0.6,0.02709017518844292,-0.6838726979512093,0.729098248115573,1.2566370614359172,0.0,0.12566370614359174
0.62,0.028831692134457368,-0.7019087754717126,0.7116830786554286,1.2566370614359172,0.0,0.12566370614359174
0.64,0.030617978378385494,-0.7194970791947691,0.6938202162161473,1.2566370614359172,0.0,0.12566370614359174
0.66,0.03244789438158252,-0.7366263888851797,0.675521056184177,1.2566370614359172,0.0,0.12566370614359174
0.68,0.0343202727723523,-0.7532857771171657,0.6567972722764793,1.2566370614359172,0.0,0.12566370614359174
0.7000000000000001,0.03623391909065729,-0.7694646162453798,0.6376608090934296,1.2566370614359172,0.0,0.12566370614359174
0.72,0.03818761255010919,-0.7851525851846779,0.6181238744989106,1.2566370614359172,0.0,0.12566370614359174
0.74,0.04018010681675417,-0.8003396759943256,0.5981989318324609,1.2566370614359172,0.0,0.12566370614359174
0.76,0.042210130804155706,-0.8150162002624355,0.5778986919584453,1.2566370614359172,0.0,0.12566370614359174
0.78,0.04427638948426811,-0.8291727952865682,0.5572361051573217,1.2566370614359172,0.0,0.12566370614359174
0.8,0.04637756471358325,-0.8428004300465468,0.5362243528641705,1.2566370614359172,0.0,0.12566370614359174
0.8200000000000001,0.048512316074023405,-0.855890410965685,0.5148768392597691,1.2566370614359172,0.0,0.12566370614359174
0.84,0.05067928172804404,-0.8684343874567417,0.49320718271956254,1.2566370614359172,0.0,0.12566370614359174
0.86,0.052877079287400805,-0.8804243572490739,0.4712292071259951,1.2566370614359172,0.0,0.12566370614359174
0.88,0.05510430669502652,-0.8918526714935817,0.448956933049738,1.2566370614359172,0.0,0.12566370614359174
0.9,0.05735954311945565,-0.9027120396421958,0.42640456880544647,1.2566370614359172,0.0,0.12566370614359174
0.92,0.05964134986122588,-0.9129955340987904,0.4035865013877439,1.2566370614359172,0.0,0.12566370614359174
0.9400000000000001,0.06194827127067799,-0.9226965946385547,0.3805172872932229,1.2566370614359172,0.0,0.12566370614359174
0.96,0.06427883567656921,-0.931809032593005,0.357211643234311,1.2566370614359172,0.0,0.12566370614359174
0.98,0.0666315563249071,-0.9403270347979673,0.33368443675093185,1.2566370614359172,0.0,0.12566370614359174
1.0,0.06900493232740557,-0.9482451673020122,0.30995067672594695,1.2566370614359172,0.0,0.12566370614359174
1.02,0.07139744961895737,-0.9555583788329746,0.28602550381042896,1.2566370614359172,0.0,0.12566370614359174
1.04,0.0738075819235128,-0.9622620040203483,0.2619241807648748,1.2566370614359172,0.0,0.12566370614359174
1.06,0.07623379172774808,-0.9683517663715014,0.23766208272252243,1.2566370614359172,0.0,0.12566370614359174
1.08,0.07867453126190245,-0.9738237809998093,0.21325468738097864,1.2566370614359172,0.0,0.12566370614359174
1.1,0.0811282434871584,-0.9786745571029691,0.18871756512841886,1.2566370614359172,0.0,0.12566370614359174
1.12,0.0835933630889347,-0.982901000189913,0.1640663691106558,1.2566370614359172,0.0,0.12566370614359174
1.1400000000000001,0.08606831747545898,-0.9865004140548984,0.139316825245413,1.2566370614359172,0.0,0.12566370614359174
1.16,0.08855152778098273,-0.9894705024975206,0.11448472219017558,1.2566370614359172,0.0,0.12566370614359174
1.18,0.09104140987299872,-0.9918093707875415,0.08958590127001548,1.2566370614359172,0.0,0.12566370614359174
1.2,0.09353637536281814,-0.9935155268736119,0.06463624637182125,1.2566370614359172,0.0,0.12566370614359174
1.22,0.09603483261886306,-0.9945878823351043,0.03965167381137236,1.2566370614359172,0.0,0.12566370614359174
1.24,0.09853518778202748,-0.9950257530764577,0.014648122179727718,1.2566370614359172,0.0,0.12566370614359174
1.26,0.10103586175962233,-0.9948804737634128,0.0021441928044410585,0.0,0.0,0.12566370614359174
1.28,0.10353594737865232,-0.994623401111007,0.0021441928044410585,0.0,0.0,0.12566370614359174
1.3,0.10603537900836778,-0.9943600458766303,0.0021441928044410585,0.0,0.0,0.12566370614359174
1.32,0.10853414086100005,-0.994090409723777,0.0021441928044410585,0.0,0.0,0.12566370614359174
1.34,0.11103221715301125,-0.993814494355616,0.0021441928044410585,0.0,0.0,0.12566370614359174
1.36,0.1135295921051938,-0.9935323015149784,0.0021441928044410585,0.0,0.0,0.12566370614359174
1.3800000000000001,0.11602624994277021,-0.993243832984348,0.0021441928044410585,0.0,0.0,0.12566370614359174
1.4000000000000001,0.11852217489549266,-0.9929490905858483,0.0021441928044410585,0.0,0.0,0.12566370614359174
1.42,0.12101735119774258,-0.9926480761812331,0.0021441928044410585,0.0,0.0,0.12566370614359174
1.44,0.12351176308863043,-0.9923407916718726,0.0021441928044410585,0.0,0.0,0.12566370614359174
1.46,0.12600539481209502,-0.9920272389987431,0.0021441928044410585,0.0,0.0,0.12566370614359174
1.48,0.12849823061700305,-0.9917074201424132,0.0021441928044410585,0.0,0.0,0.12566370614359174
1.5,0.1309902547572488,-0.991381337123033,0.0021441928044410585,0.0,0.0,0.12566370614359174
1.52,0.1334814514918534,-0.9910489920003196,0.0021441928044410585,0.0,0.0,0.12566370614359174
1.54,0.13597180508506426,-0.990710386873546,0.0021441928044410585,0.0,0.0,0.12566370614359174
1.56,0.1384612998064546,-0.9903655238815255,0.0021441928044410585,0.0,0.0,0.12566370614359174
1.58,0.14094991993102282,-0.990014405202601,0.0021441928044410585,0.0,0.0,0.12566370614359174
1.6,0.14343764973929163,-0.9896570330546284,0.0021441928044410585,0.0,0.0,0.12566370614359174
1.62,0.1459244735174075,-0.9892934096949644,0.0021441928044410585,0.0,0.0,0.12566370614359174
1.6400000000000001,0.14841037555723996,-0.9889235374204519,0.0021441928044410585,0.0,0.0,0.12566370614359174
1.6600000000000001,0.1508953401564804,-0.9885474185674052,0.0021441928044410585,0.0,0.0,0.12566370614359174
1.68,0.15337935161874205,-0.9881650555115956,0.0021441928044410585,0.0,0.0,0.12566370614359174
1.7,0.15586239425365855,-0.9877764506682358,0.0021441928044410585,0.0,0.0,0.12566370614359174
1.72,0.15834445237698302,-0.9873816064919653,0.0021441928044410585,0.0,0.0,0.12566370614359174
1.74,0.16082551031068731,-0.9869805254768342,0.0021441928044410585,0.0,0.0,0.12566370614359174
1.76,0.16330555238306113,-0.9865732101562882,0.0021441928044410585,0.0,0.0,0.12566370614359174
1.78,0.16578456292881089,-0.9861596631031526,0.0021441928044410585,0.0,0.0,0.12566370614359174
1.8,0.16826252628915864,-0.9857398869296149,0.0021441928044410585,0.0,0.0,0.12566370614359174
1.82,0.1707394268119411,-0.9853138842872101,0.0021441928044410585,0.0,0.0,0.12566370614359174
1.84,0.1732152488517083,-0.9848816578668019,0.0021441928044410585,0.0,0.0,0.12566370614359174
1.86,0.1756899767698227,-0.9844432103985681,0.0021441928044410585,0.0,0.0,0.12566370614359174
1.8800000000000001,0.17816359493455772,-0.98399854465198,0.0021441928044410585,0.0,0.0,0.12566370614359174
1.9000000000000001,0.18063608772119674,-0.9835476634357891,0.0021441928044410585,0.0,0.0,0.12566370614359174
1.92,0.18310743951213138,-0.9830905695980059,0.0021441928044410585,0.0,0.0,0.12566370614359174
1.94,0.18557763469696073,-0.9826272660258834,0.0021441928044410585,0.0,0.0,0.12566370614359174
1.96,0.1880466576725894,-0.9821577556458985,0.0021441928044410585,0.0,0.0,0.12566370614359174
1.98,0.19051449284332644,-0.9816820414237344,0.0021441928044410585,0.0,0.0,0.12566370614359174
2.0,0.19298112462098355,-0.9812001263642605,0.0021441928044410585,0.0,0.0,0.12566370614359174
2.02,0.1954465374249739,-0.9807120135115143,0.0021441928044410585,0.0,0.0,0.12566370614359174
2.04,0.1979107156824103,-0.9802177059486817,0.0021441928044410585,0.0,0.0,0.12566370614359174
2.06,0.20037364382820363,-0.979717206798078,0.0021441928044410585,0.0,0.0,0.12566370614359174
2.08,0.2028353063051611,-0.9792105192211281,0.0021441928044410585,0.0,0.0,0.12566370614359174
2.1,0.20529568756408462,-0.9786976464183459,0.0021441928044410585,0.0,0.0,0.12566370614359174
2.12,0.20775477206386891,-0.9781785916293148,0.0021441928044410585,0.0,0.0,0.12566370614359174
2.14,0.21021254427159985,-0.9776533581326667,0.0021441928044410585,0.0,0.0,0.12566370614359174
2.16,0.21266898866265238,-0.9771219492460625,0.0021441928044410585,0.0,0.0,0.12566370614359174
2.18,0.2151240897207887,-0.9765843683261688,0.0021441928044410585,0.0,0.0,0.12566370614359174
2.2,0.2175778319382561,-0.9760406187686391,0.0021441928044410585,0.0,0.0,0.12566370614359174
2.22,0.22003019981588529,-0.9754907040080913,0.0021441928044410585,0.0,0.0,0.12566370614359174
2.24,0.22248117786318777,-0.9749346275180857,0.0021441928044410585,0.0,0.0,0.12566370614359174
2.2600000000000002,0.2249307505984542,-0.9743723928111039,0.0021441928044410585,0.0,0.0,0.12566370614359174
2.2800000000000002,0.2273789025488518,-0.9738040034385256,0.0021441928044410585,0.0,0.0,0.12566370614359174
2.3000000000000003,0.22982561825052236,-0.9732294629906071,0.0021441928044410585,0.0,0.0,0.12566370614359174
2.32,0.23227088224867962,-0.9726487750964578,0.0021441928044410585,0.0,0.0,0.12566370614359174
2.34,0.2347146790977073,-0.9720619434240185,0.0021441928044410585,0.0,0.0,0.12566370614359174
2.36,0.23715699336125634,-0.9714689716800369,0.0021441928044410585,0.0,0.0,0.12566370614359174
2.38,0.23959780961234248,-0.9708698636100449,0.0021441928044410585,0.0,0.0,0.12566370614359174
2.4,0.2420371124334436,-0.9702646229983345,0.0021441928044410585,0.0,0.0,0.12566370614359174
2.42,0.2444748864165975,-0.9696532536679344,0.0021441928044410585,0.0,0.0,0.12566370614359174
2.44,0.2469111161634986,-0.9690357594805856,0.0021441928044410585,0.0,0.0,0.12566370614359174
2.46,0.24934578628559584,-0.968412144336717,0.0021441928044410585,0.0,0.0,0.12566370614359174
2.48,0.25177888140418947,-0.9677824121754207,0.0021441928044410585,0.0,0.0,0.12566370614359174
2.5,0.2542103861505285,-0.9671465669744271,0.0021441928044410585,0.0,0.0,0.12566370614359174
2.52,0.25664028516590726,-0.9665046127500801,0.0021441928044410585,0.0,0.0,0.12566370614359174
2.54,0.259068563101763,-0.965856553557312,0.0021441928044410585,0.0,0.0,0.12566370614359174
2.56,0.26149520461977255,-0.9652023934896162,0.0021441928044410585,0.0,0.0,0.12566370614359174
2.58,0.2639201943919494,-0.9645421366790239,0.0021441928044410585,0.0,0.0,0.12566370614359174
2.6,0.26634351710073983,-0.9638757872960756,0.0021441928044410585,0.0,0.0,0.12566370614359174
2.62,0.2687651574391208,-0.963203349549796,0.0021441928044410585,0.0,0.0,0.12566370614359174
2.64,0.2711851001106957,-0.9625248276876676,0.0021441928044410585,0.0,0.0,0.12566370614359174
2.66,0.2736033298297915,-0.9618402259956031,0.0021441928044410585,0.0,0.0,0.12566370614359174
2.68,0.2760198313215549,-0.9611495487979187,0.0021441928044410585,0.0,0.0,0.12566370614359174
2.7,0.2784345893220493,-0.9604528004573073,0.0021441928044410585,0.0,0.0,0.12566370614359174
2.72,0.28084758857835046,-0.9597499853748099,0.0021441928044410585,0.0,0.0,0.12566370614359174
2.74,0.28325881384864376,-0.9590411079897887,0.0021441928044410585,0.0,0.0,0.12566370614359174
2.7600000000000002,0.2856682499023199,-0.9583261727798984,0.0021441928044410585,0.0,0.0,0.12566370614359174
2.7800000000000002,0.28807588152007146,-0.9576051842610585,0.0021441928044410585,0.0,0.0,0.12566370614359174
2.8000000000000003,0.29048169349398834,-0.956878146987424,0.0021441928044410585,0.0,0.0,0.12566370614359174
2.82,0.29288567062765464,-0.9561450655513578,0.0021441928044410585,0.0,0.0,0.12566370614359174
2.84,0.2952877977362445,-0.9554059445834007,0.0021441928044410585,0.0,0.0,0.12566370614359174
2.86,0.2976880596466172,-0.9546607887522423,0.0021441928044410585,0.0,0.0,0.12566370614359174
2.88,0.30008644119741423,-0.9539096027646918,0.0021441928044410585,0.0,0.0,0.12566370614359174
2.9,0.302482927239154,-0.9531523913656483,0.0021441928044410585,0.0,0.0,0.12566370614359174
2.92,0.30487750263432833,-0.9523891593380706,0.0021441928044410585,0.0,0.0,0.12566370614359174
2.94,0.3072701522574977,-0.9516199115029463,0.0021441928044410585,0.0,0.0,0.12566370614359174
2.96,0.3096608609953866,-0.9508446527192638,0.0021441928044410585,0.0,0.0,0.12566370614359174
2.98,0.3120496137469794,-0.9500633878839781,0.0021441928044410585,0.0,0.0,0.12566370614359174
3.0,0.31443639542361534,-0.9492761219319829,0.0021441928044410585,0.0,0.0,0.12566370614359174
3.02,0.31682119094908423,-0.9484828598360778,0.0021441928044410585,0.0,0.0,0.12566370614359174
3.04,0.31920398525972127,-0.9476836066069374,0.0021441928044410585,0.0,0.0,0.12566370614359174
3.06,0.3215847633045027,-0.9468783672930793,0.0021441928044410585,0.0,0.0,0.12566370614359174
3.08,0.3239635100451403,-0.946067146980833,0.0021441928044410585,0.0,0.0,0.12566370614359174
3.1,0.326340210456177,-0.9452499507943066,0.0021441928044410585,0.0,0.0,0.12566370614359174
3.12,0.32871484952508134,-0.9444267838953553,0.0021441928044410585,0.0,0.0,0.12566370614359174
3.14,0.33108741225234223,-0.9435976514835486,0.0021441928044410585,0.0,0.0,0.12566370614359174
3.16,0.33345788365156404,-0.9427625587961376,0.0021441928044410585,0.0,0.0,0.12566370614359174
3.18,0.3358262487495611,-0.9419215111080214,0.0021441928044410585,0.0,0.0,0.12566370614359174
3.2,0.33819249258645223,-0.9410745137317145,0.0021441928044410585,0.0,0.0,0.12566370614359174
3.22,0.34055660021575523,-0.9402215720173126,0.0021441928044410585,0.0,0.0,0.12566370614359174
3.24,0.3429185567044816,-0.9393626913524594,0.0021441928044410585,0.0,0.0,0.12566370614359174
3.2600000000000002,0.3452783471332305,-0.9384978771623116,0.0021441928044410585,0.0,0.0,0.12566370614359174
3.2800000000000002,0.3476359565962828,-0.9376271349095053,0.0021441928044410585,0.0,0.0,0.12566370614359174
3.3000000000000003,0.3499913702016962,-0.9367504700941225,0.0021441928044410585,0.0,0.0,0.12566370614359174
3.3200000000000003,0.3523445730713977,-0.9358678882536546,0.0021441928044410585,0.0,0.0,0.12566370614359174
3.34,0.3546955503412793,-0.9349793949629677,0.0021441928044410585,0.0,0.0,0.12566370614359174
3.36,0.35704428716129094,-0.9340849958342686,0.0021441928044410585,0.0,0.0,0.12566370614359174
3.38,0.35939076869553416,-0.9331846965170685,0.0021441928044410585,0.0,0.0,0.12566370614359174
3.4,0.3617349801223563,-0.9322785026981467,0.0021441928044410585,0.0,0.0,0.12566370614359174
3.42,0.364076906634444,-0.9313664201015162,0.0021441928044410585,0.0,0.0,0.12566370614359174
3.44,0.3664165334389166,-0.9304484544883863,0.0021441928044410585,0.0,0.0,0.12566370614359174
3.46,0.36875384575741954,-0.9295246116571271,0.0021441928044410585,0.0,0.0,0.12566370614359174
3.48,0.3710888288262181,-0.9285948974432313,0.0021441928044410585,0.0,0.0,0.12566370614359174
3.5,0.37342146789629016,-0.9276593177192799,0.0021441928044410585,0.0,0.0,0.12566370614359174
3.52,0.3757517482334195,-0.9267178783949023,0.0021441928044410585,0.0,0.0,0.12566370614359174
3.54,0.3780796551182888,-0.9257705854167408,0.0021441928044410585,0.0,0.0,0.12566370614359174
3.56,0.38040517384657313,-0.9248174447684138,0.0021441928044410585,0.0,0.0,0.12566370614359174
3.58,0.38272828972903244,-0.9238584624704744,0.0021441928044410585,0.0,0.0,0.12566370614359174
3.6,0.38504898809160437,-0.9228936445803767,0.0021441928044410585,0.0,0.0,0.12566370614359174
3.62,0.3873672542754964,-0.921922997192435,0.0021441928044410585,0.0,0.0,0.12566370614359174
3.64,0.38968307363727955,-0.9209465264377851,0.0021441928044410585,0.0,0.0,0.12566370614359174
3.66,0.3919964315489799,-0.9199642384843475,0.0021441928044410585,0.0,0.0,0.12566370614359174
3.68,0.3943073133981719,-0.9189761395367866,0.0021441928044410585,0.0,0.0,0.12566370614359174
3.7,0.3966157045880695,-0.9179822358364724,0.0021441928044410585,0.0,0.0,0.12566370614359174
3.72,0.39892159053761966,-0.9169825336614408,0.0021441928044410585,0.0,0.0,0.12566370614359174
3.74,0.40122495668159336,-0.915977039326354,0.0021441928044410585,0.0,0.0,0.12566370614359174
3.7600000000000002,0.40352578847067827,-0.914965759182461,0.0021441928044410585,0.0,0.0,0.12566370614359174
3.7800000000000002,0.4058240713715701,-0.9139486996175564,0.0021441928044410585,0.0,0.0,0.12566370614359174
3.8000000000000003,0.4081197908670652,-0.9129258670559411,0.0021441928044410585,0.0,0.0,0.12566370614359174
3.8200000000000003,0.4104129324561514,-0.9118972679583821,0.0021441928044410585,0.0,0.0,0.12566370614359174
3.84,0.41270348165410004,-0.9108629088220702,0.0021441928044410585,0.0,0.0,0.12566370614359174
3.86,0.4149914239925576,-0.9098227961805794,0.0021441928044410585,0.0,0.0,0.12566370614359174
3.88,0.41727674501963685,-0.9087769366038265,0.0021441928044410585,0.0,0.0,0.12566370614359174
3.9,0.419559430300008,-0.9077253366980297,0.0021441928044410585,0.0,0.0,0.12566370614359174
3.92,0.4218394654149903,-0.9066680031056648,0.0021441928044410585,0.0,0.0,0.12566370614359174
3.94,0.4241168359626427,-0.9056049425054254,0.0021441928044410585,0.0,0.0,0.12566370614359174
3.96,0.4263915275578551,-0.9045361616121806,0.0021441928044410585,0.0,0.0,0.12566370614359174
3.98,0.42866352583243933,-0.9034616671769313,0.0021441928044410585,0.0,0.0,0.12566370614359174
4.0,0.4309328164352191,-0.9023814659867678,0.0021441928044410585,0.0,0.0,0.12566370614359174
4.0200000000000005,0.433199385032122,-0.9012955648648283,0.0021441928044410585,0.0,0.0,0.12566370614359174
4.04,0.43546321730626847,-0.9002039706702544,0.0021441928044410585,0.0,0.0,0.12566370614359174
4.0600000000000005,0.43772429895806414,-0.8991066902981482,0.0021441928044410585,0.0,0.0,0.12566370614359174
4.08,0.4399826157052876,-0.8980037306795289,0.0021441928044410585,0.0,0.0,0.12566370614359174
4.1,0.4422381532831835,-0.8968950987812888,0.0021441928044410585,0.0,0.0,0.12566370614359174
4.12,0.44449089744455045,-0.8957808016061499,0.0021441928044410585,0.0,0.0,0.12566370614359174
4.14,0.44674083395983183,-0.8946608461926185,0.0021441928044410585,0.0,0.0,0.12566370614359174
4.16,0.44898794861720626,-0.8935352396149417,0.0021441928044410585,0.0,0.0,0.12566370614359174
4.18,0.4512322272226757,-0.8924039889830626,0.0021441928044410585,0.0,0.0,0.12566370614359174
4.2,0.45347365560015723,-0.8912671014425746,0.0021441928044410585,0.0,0.0,0.12566370614359174
4.22,0.4557122195915706,-0.8901245841746777,0.0021441928044410585,0.0,0.0,0.12566370614359174
4.24,0.4579479050569293,-0.8889764443961312,0.0021441928044410585,0.0,0.0,0.12566370614359174
4.26,0.4601806978744286,-0.887822689359211,0.0021441928044410585,0.0,0.0,0.12566370614359174
4.28,0.46241058394053586,-0.8866633263516603,0.0021441928044410585,0.0,0.0,0.12566370614359174
4.3,0.4646375491700784,-0.8854983626966461,0.0021441928044410585,0.0,0.0,0.12566370614359174
4.32,0.4668615794963337,-0.8843278057527121,0.0021441928044410585,0.0,0.0,0.12566370614359174
4.34,0.46908266087111744,-0.8831516629137319,0.0021441928044410585,0.0,0.0,0.12566370614359174
4.36,0.4713007792648726,-0.8819699416088634,0.0021441928044410585,0.0,0.0,0.12566370614359174
4.38,0.4735159206667579,-0.8807826493025,0.0021441928044410585,0.0,0.0,0.12566370614359174
4.4,0.47572807108473614,-0.8795897934942261,0.0021441928044410585,0.0,0.0,0.12566370614359174
4.42,0.47793721654566307,-0.8783913817187659,0.0021441928044410585,0.0,0.0,0.12566370614359174
4.44,0.48014334309537543,-0.8771874215459404,0.0021441928044410585,0.0,0.0,0.12566370614359174
4.46,0.4823464367987787,-0.8759779205806163,0.0021441928044410585,0.0,0.0,0.12566370614359174
4.48,0.4845464837399359,-0.8747628864626591,0.0021441928044410585,0.0,0.0,0.12566370614359174
4.5,0.48674347002215484,-0.8735423268668844,0.0021441928044410585,0.0,0.0,0.12566370614359174
4.5200000000000005,0.488937381768076,-0.8723162495030101,0.0021441928044410585,0.0,0.0,0.12566370614359174
4.54,0.4911282051197604,-0.8710846621156072,0.0021441928044410585,0.0,0.0,0.12566370614359174
4.5600000000000005,0.49331592623877724,-0.8698475724840511,0.0021441928044410585,0.0,0.0,0.12566370614359174
4.58,0.4955005313062907,-0.8686049884224722,0.0021441928044410585,0.0,0.0,0.12566370614359174
4.6000000000000005,0.497682006523148,-0.8673569177797067,0.0021441928044410585,0.0,0.0,0.12566370614359174
4.62,0.49986033810996583,-0.8661033684392473,0.0021441928044410585,0.0,0.0,0.12566370614359174
4.64,0.5020355123072182,-0.8648443483191924,0.0021441928044410585,0.0,0.0,0.12566370614359174
4.66,0.5042075153753229,-0.863579865372198,0.0021441928044410585,0.0,0.0,0.12566370614359174
4.68,0.5063763335947276,-0.8623099275854254,0.0021441928044410585,0.0,0.0,0.12566370614359174
4.7,0.5085419532659979,-0.8610345429804914,0.0021441928044410585,0.0,0.0,0.12566370614359174
4.72,0.5107043607099031,-0.8597537196134187,0.0021441928044410585,0.0,0.0,0.12566370614359174
4.74,0.5128635422675024,-0.8584674655745836,0.0021441928044410585,0.0,0.0,0.12566370614359174
4.76,0.5150194843002315,-0.8571757889886668,0.0021441928044410585,0.0,0.0,0.12566370614359174
4.78,0.5171721731899891,-0.8558786980145981,0.0021441928044410585,0.0,0.0,0.12566370614359174
4.8,0.5193215953392217,-0.8545762008455098,0.0021441928044410585,0.0,0.0,0.12566370614359174
4.82,0.5214677371710115,-0.8532683057086817,0.0021441928044410585,0.0,0.0,0.12566370614359174
4.84,0.5236105851291597,-0.8519550208654904,0.0021441928044410585,0.0,0.0,0.12566370614359174
4.86,0.5257501256782744,-0.8506363546113568,0.0021441928044410585,0.0,0.0,0.12566370614359174
4.88,0.5278863453038543,-0.8493123152756937,0.0021441928044410585,0.0,0.0,0.12566370614359174
4.9,0.5300192305123755,-0.847982911221853,0.0021441928044410585,0.0,0.0,0.12566370614359174
4.92,0.5321487678313755,-0.846648150847073,0.0021441928044410585,0.0,0.0,0.12566370614359174
4.94,0.5342749438095394,-0.8453080425824264,0.0021441928044410585,0.0,0.0,0.12566370614359174
4.96,0.5363977450167843,-0.8439625948927647,0.0021441928044410585,0.0,0.0,0.12566370614359174
4.98,0.5385171580443437,-0.8426118162766665,0.0021441928044410585,0.0,0.0,0.12566370614359174
5.0,0.5406331695048533,-0.8412557152663843,0.0021441928044410585,0.0,0.0,0.12566370614359174
5.0200000000000005,0.5427457660324345,-0.8398943004277889,0.0021441928044410585,0.0,0.0,0.12566370614359174
5.04,0.5448549342827799,-0.8385275803603164,0.0021441928044410585,0.0,0.0,0.12566370614359174
5.0600000000000005,0.5469606609332358,-0.8371555636969139,0.0021441928044410585,0.0,0.0,0.12566370614359174
5.08,0.5490629326828889,-0.8357782591039836,0.0021441928044410585,0.0,0.0,0.12566370614359174
5.1000000000000005,0.5511617362526479,-0.8343956752813304,0.0021441928044410585,0.0,0.0,0.12566370614359174
5.12,0.5532570583853288,-0.8330078209621048,0.0021441928044410585,0.0,0.0,0.12566370614359174
5.14,0.5553488858457382,-0.8316147049127488,0.0021441928044410585,0.0,0.0,0.12566370614359174
5.16,0.5574372054207568,-0.8302163359329408,0.0021441928044410585,0.0,0.0,0.12566370614359174
5.18,0.5595220039194235,-0.8288127228555391,0.0021441928044410585,0.0,0.0,0.12566370614359174
5.2,0.5616032681730184,-0.827403874546527,0.0021441928044410585,0.0,0.0,0.12566370614359174
5.22,0.5636809850351443,-0.8259897999049561,0.0021441928044410585,0.0,0.0,0.12566370614359174
5.24,0.5657551413818127,-0.8245705078628905,0.0021441928044410585,0.0,0.0,0.12566370614359174
5.26,0.5678257241115244,-0.82314600738535,0.0021441928044410585,0.0,0.0,0.12566370614359174
5.28,0.5698927201453544,-0.8217163074702536,0.0021441928044410585,0.0,0.0,0.12566370614359174
5.3,0.5719561164270319,-0.8202814171483632,0.0021441928044410585,0.0,0.0,0.12566370614359174
5.32,0.5740158999230247,-0.8188413454832261,0.0021441928044410585,0.0,0.0,0.12566370614359174
5.34,0.5760720576226204,-0.817396101571117,0.0021441928044410585,0.0,0.0,0.12566370614359174
5.36,0.5781245765380101,-0.8159456945409822,0.0021441928044410585,0.0,0.0,0.12566370614359174
5.38,0.5801734437043681,-0.814490133554381,0.0021441928044410585,0.0,0.0,0.12566370614359174
5.4,0.5822186461799365,-0.8130294278054278,0.0021441928044410585,0.0,0.0,0.12566370614359174
5.42,0.5842601710461041,-0.8115635865207337,0.0021441928044410585,0.0,0.0,0.12566370614359174
5.44,0.586298005407491,-0.8100926189593487,0.0021441928044410585,0.0,0.0,0.12566370614359174
5.46,0.5883321363920274,-0.8086165344127039,0.0021441928044410585,0.0,0.0,0.12566370614359174
5.48,0.5903625511510371,-0.8071353422045513,0.0021441928044410585,0.0,0.0,0.12566370614359174
5.5,0.5923892368593162,-0.8056490516909057,0.0021441928044410585,0.0,0.0,0.12566370614359174
5.5200000000000005,0.5944121807152166,-0.804157672259986,0.0021441928044410585,0.0,0.0,0.12566370614359174
5.54,0.5964313699407255,-0.8026612133321556,0.0021441928044410585,0.0,0.0,0.12566370614359174
5.5600000000000005,0.5984467917815466,-0.8011596843598617,0.0021441928044410585,0.0,0.0,0.12566370614359174
5.58,0.6004584335071796,-0.7996530948275777,0.0021441928044410585,0.0,0.0,0.12566370614359174
5.6000000000000005,0.6024662824110022,-0.798141454251742,0.0021441928044410585,0.0,0.0,0.12566370614359174
5.62,0.6044703258103497,-0.7966247721806978,0.0021441928044410585,0.0,0.0,0.12566370614359174
5.64,0.6064705510465945,-0.7951030581946336,0.0021441928044410585,0.0,0.0,0.12566370614359174
5.66,0.6084669454852273,-0.7935763219055219,0.0021441928044410585,0.0,0.0,0.12566370614359174
5.68,0.6104594965159357,-0.7920445729570584,0.0021441928044410585,0.0,0.0,0.12566370614359174
5.7,0.6124481915526844,-0.7905078210246026,0.0021441928044410585,0.0,0.0,0.12566370614359174
5.72,0.6144330180337945,-0.7889660758151145,0.0021441928044410585,0.0,0.0,0.12566370614359174
5.74,0.6164139634220236,-0.787419347067095,0.0021441928044410585,0.0,0.0,0.12566370614359174
5.76,0.6183910152046437,-0.7858676445505235,0.0021441928044410585,0.0,0.0,0.12566370614359174
5.78,0.6203641608935214,-0.7843109780667966,0.0021441928044410585,0.0,0.0,0.12566370614359174
5.8,0.6223333880251958,-0.7827493574486656,0.0021441928044410585,0.0,0.0,0.12566370614359174
5.82,0.6242986841609586,-0.781182792560175,0.0021441928044410585,0.0,0.0,0.12566370614359174
5.84,0.6262600368869311,-0.7796112932966002,0.0021441928044410585,0.0,0.0,0.12566370614359174
5.86,0.6282174338141431,-0.7780348695843847,0.0021441928044410585,0.0,0.0,0.12566370614359174
5.88,0.6301708625786122,-0.7764535313810771,0.0021441928044410585,0.0,0.0,0.12566370614359174
5.9,0.6321203108414205,-0.7748672886752691,0.0021441928044410585,0.0,0.0,0.12566370614359174
5.92,0.6340657662887939,-0.7732761514865321,0.0021441928044410585,0.0,0.0,0.12566370614359174
5.94,0.6360072166321775,-0.7716801298653528,0.0021441928044410585,0.0,0.0,0.12566370614359174
5.96,0.6379446496083162,-0.7700792338930714,0.0021441928044410585,0.0,0.0,0.12566370614359174
5.98,0.6398780529793303,-0.7684734736818171,0.0021441928044410585,0.0,0.0,0.12566370614359174
6.0,0.6418074145327933,-0.7668628593744439,0.0021441928044410585,0.0,0.0,0.12566370614359174
6.0200000000000005,0.6437327220818091,-0.7652474011444674,0.0021441928044410585,0.0,0.0,0.12566370614359174
6.04,0.6456539634650885,-0.7636271091959995,0.0021441928044410585,0.0,0.0,0.12566370614359174
6.0600000000000005,0.6475711265470273,-0.7620019937636847,0.0021441928044410585,0.0,0.0,0.12566370614359174
6.08,0.6494841992177812,-0.7603720651126359,0.0021441928044410585,0.0,0.0,0.12566370614359174
6.1000000000000005,0.6513931693933436,-0.7587373335383676,0.0021441928044410585,0.0,0.0,0.12566370614359174
6.12,0.6532980250156211,-0.7570978093667333,0.0021441928044410585,0.0,0.0,0.12566370614359174
6.140000000000001,0.6551987540525105,-0.7554535029538587,0.0021441928044410585,0.0,0.0,0.12566370614359174
6.16,0.6570953444979744,-0.7538044246860766,0.0021441928044410585,0.0,0.0,0.12566370614359174
6.18,0.6589877843721162,-0.7521505849798614,0.0021441928044410585,0.0,0.0,0.12566370614359174
6.2,0.6608760617212577,-0.7504919942817637,0.0021441928044410585,0.0,0.0,0.12566370614359174
6.22,0.6627601646180123,-0.7488286630683441,0.0021441928044410585,0.0,0.0,0.12566370614359174
6.24,0.6646400811613625,-0.7471606018461061,0.0021441928044410585,0.0,0.0,0.12566370614359174
6.26,0.6665157994767335,-0.7454878211514318,0.0021441928044410585,0.0,0.0,0.12566370614359174
6.28,0.6683873077160691,-0.7438103315505117,0.0021441928044410585,0.0,0.0,0.12566370614359174
6.3,0.6702545940579064,-0.742128143639283,0.0021441928044410585,0.0,0.0,0.12566370614359174
6.32,0.6721176467074501,-0.7404412680433587,0.0021441928044410585,0.0,0.0,0.12566370614359174
6.34,0.6739764538966465,-0.7387497154179619,0.0021441928044410585,0.0,0.0,0.12566370614359174
6.36,0.6758310038842595,-0.7370534964478579,0.0021441928044410585,0.0,0.0,0.12566370614359174
6.38,0.6776812849559432,-0.7353526218472874,0.0021441928044410585,0.0,0.0,0.12566370614359174
6.4,0.6795272854243171,-0.7336471023598997,0.0021441928044410585,0.0,0.0,0.12566370614359174
6.42,0.6813689936290382,-0.7319369487586821,0.0021441928044410585,0.0,0.0,0.12566370614359174
6.44,0.6832063979368774,-0.7302221718458944,0.0021441928044410585,0.0,0.0,0.12566370614359174
6.46,0.6850394867417899,-0.7285027824529998,0.0021441928044410585,0.0,0.0,0.12566370614359174
6.48,0.6868682484649912,-0.7267787914405958,0.0021441928044410585,0.0,0.0,0.12566370614359174
6.5,0.6886926715550279,-0.7250502096983468,0.0021441928044410585,0.0,0.0,0.12566370614359174
6.5200000000000005,0.690512744487852,-0.7233170481449143,0.0021441928044410585,0.0,0.0,0.12566370614359174
6.54,0.6923284557668941,-0.7215793177278891,0.0021441928044410585,0.0,0.0,0.12566370614359174
6.5600000000000005,0.6941397939231345,-0.7198370294237204,0.0021441928044410585,0.0,0.0,0.12566370614359174
6.58,0.6959467475151772,-0.7180901942376485,0.0021441928044410585,0.0,0.0,0.12566370614359174
6.6000000000000005,0.6977493051293214,-0.7163388232036334,0.0021441928044410585,0.0,0.0,0.12566370614359174
6.62,0.6995474553796333,-0.7145829273842869,0.0021441928044410585,0.0,0.0,0.12566370614359174
6.640000000000001,0.7013411869080186,-0.7128225178708011,0.0021441928044410585,0.0,0.0,0.12566370614359174
6.66,0.7031304883842944,-0.7110576057828792,0.0021441928044410585,0.0,0.0,0.12566370614359174
6.68,0.7049153485062598,-0.7092882022686655,0.0021441928044410585,0.0,0.0,0.12566370614359174
6.7,0.7066957559997685,-0.7075143185046737,0.0021441928044410585,0.0,0.0,0.12566370614359174
6.72,0.7084716996187991,-0.7057359656957183,0.0021441928044410585,0.0,0.0,0.12566370614359174
6.74,0.7102431681455259,-0.7039531550748415,0.0021441928044410585,0.0,0.0,0.12566370614359174
6.76,0.7120101503903916,-0.7021658979032442,0.0021441928044410585,0.0,0.0,0.12566370614359174
6.78,0.7137726351921762,-0.7003742054702147,0.0021441928044410585,0.0,0.0,0.12566370614359174
6.8,0.715530611418067,-0.6985780890930556,0.0021441928044410585,0.0,0.0,0.12566370614359174
6.82,0.717284067963731,-0.6967775601170145,0.0021441928044410585,0.0,0.0,0.12566370614359174
6.84,0.7190329937533837,-0.6949726299152109,0.0021441928044410585,0.0,0.0,0.12566370614359174
6.86,0.7207773777398594,-0.6931633098885647,0.0021441928044410585,0.0,0.0,0.12566370614359174
6.88,0.7225172089046805,-0.6913496114657244,0.0021441928044410585,0.0,0.0,0.12566370614359174
6.9,0.7242524762581282,-0.6895315461029956,0.0021441928044410585,0.0,0.0,0.12566370614359174
6.92,0.7259831688393102,-0.6877091252842669,0.0021441928044410585,0.0,0.0,0.12566370614359174
6.94,0.7277092757162323,-0.6858823605209385,0.0021441928044410585,0.0,0.0,0.12566370614359174
6.96,0.7294307859858649,-0.6840512633518496,0.0021441928044410585,0.0,0.0,0.12566370614359174
6.98,0.7311476887742133,-0.682215845343205,0.0021441928044410585,0.0,0.0,0.12566370614359174
7.0,0.7328599732363867,-0.6803761180885026,0.0021441928044410585,0.0,0.0,0.12566370614359174
7.0200000000000005,0.734567628556666,-0.6785320932084595,0.0021441928044410585,0.0,0.0,0.12566370614359174
7.04,0.7362706439485717,-0.6766837823509391,0.0021441928044410585,0.0,0.0,0.12566370614359174
7.0600000000000005,0.7379690086549333,-0.674831197190877,0.0021441928044410585,0.0,0.0,0.12566370614359174
7.08,0.7396627119479561,-0.6729743494302085,0.0021441928044410585,0.0,0.0,0.12566370614359174
7.1000000000000005,0.7413517431292895,-0.671113250797793,0.0021441928044410585,0.0,0.0,0.12566370614359174
7.12,0.7430360915300948,-0.6692479130493411,0.0021441928044410585,0.0,0.0,0.12566370614359174
7.140000000000001,0.7447157465111119,-0.6673783479673394,0.0021441928044410585,0.0,0.0,0.12566370614359174
7.16,0.7463906974627271,-0.6655045673609771,0.0021441928044410585,0.0,0.0,0.12566370614359174
7.18,0.7480609338050398,-0.6636265830660713,0.0021441928044410585,0.0,0.0,0.12566370614359174
7.2,0.7497264449879297,-0.6617444069449913,0.0021441928044410585,0.0,0.0,0.12566370614359174
7.22,0.7513872204911229,-0.6598580508865843,0.0021441928044410585,0.0,0.0,0.12566370614359174
7.24,0.7530432498242587,-0.6579675268061005,0.0021441928044410585,0.0,0.0,0.12566370614359174
7.26,0.7546945225269556,-0.656072846645117,0.0021441928044410585,0.0,0.0,0.12566370614359174
7.28,0.7563410281688784,-0.6541740223714644,0.0021441928044410585,0.0,0.0,0.12566370614359174
7.3,0.7579827563498018,-0.6522710659791481,0.0021441928044410585,0.0,0.0,0.12566370614359174
7.32,0.7596196966996788,-0.6503639894882748,0.0021441928044410585,0.0,0.0,0.12566370614359174
7.34,0.7612518388787043,-0.6484528049449769,0.0021441928044410585,0.0,0.0,0.12566370614359174
7.36,0.7628791725773814,-0.6465375244213339,0.0021441928044410585,0.0,0.0,0.12566370614359174
7.38,0.7645016875165858,-0.6446181600152991,0.0021441928044410585,0.0,0.0,0.12566370614359174
7.4,0.7661193734476314,-0.6426947238506208,0.0021441928044410585,0.0,0.0,0.12566370614359174
7.42,0.767732220152335,-0.6407672280767677,0.0021441928044410585,0.0,0.0,0.12566370614359174
7.44,0.7693402174430799,-0.6388356848688498,0.0021441928044410585,0.0,0.0,0.12566370614359174
7.46,0.7709433551628807,-0.6369001064275446,0.0021441928044410585,0.0,0.0,0.12566370614359174
7.48,0.7725416231854493,-0.6349605049790168,0.0021441928044410585,0.0,0.0,0.12566370614359174
7.5,0.774135011415256,-0.6330168927748442,0.0021441928044410585,0.0,0.0,0.12566370614359174
7.5200000000000005,0.7757235097875944,-0.6310692820919369,0.0021441928044410585,0.0,0.0,0.12566370614359174
7.54,0.7773071082686458,-0.629117685232463,0.0021441928044410585,0.0,0.0,0.12566370614359174
7.5600000000000005,0.7788857968555412,-0.627162114523769,0.0021441928044410585,0.0,0.0,0.12566370614359174
7.58,0.7804595655764256,-0.6252025823183024,0.0021441928044410585,0.0,0.0,0.12566370614359174
7.6000000000000005,0.7820284044905204,-0.6232391009935333,0.0021441928044410585,0.0,0.0,0.12566370614359174
7.62,0.7835923036881863,-0.6212716829518772,0.0021441928044410585,0.0,0.0,0.12566370614359174
7.640000000000001,0.7851512532909865,-0.6193003406206151,0.0021441928044410585,0.0,0.0,0.12566370614359174
7.66,0.7867052434517474,-0.617325086451817,0.0021441928044410585,0.0,0.0,0.12566370614359174
7.68,0.7882542643546231,-0.6153459329222619,0.0021441928044410585,0.0,0.0,0.12566370614359174
7.7,0.7897983062151551,-0.6133628925333587,0.0021441928044410585,0.0,0.0,0.12566370614359174
7.72,0.7913373592803361,-0.6113759778110687,0.0021441928044410585,0.0,0.0,0.12566370614359174
7.74,0.7928714138286709,-0.6093852013058251,0.0021441928044410585,0.0,0.0,0.12566370614359174
7.76,0.7944004601702366,-0.6073905755924541,0.0021441928044410585,0.0,0.0,0.12566370614359174
7.78,0.7959244886467456,-0.605392113270096,0.0021441928044410585,0.0,0.0,0.12566370614359174
7.8,0.797443489631606,-0.603389826962125,0.0021441928044410585,0.0,0.0,0.12566370614359174
7.82,0.798957453529982,-0.6013837293160693,0.0021441928044410585,0.0,0.0,0.12566370614359174
7.84,0.8004663707788545,-0.5993738330035323,0.0021441928044410585,0.0,0.0,0.12566370614359174
7.86,0.8019702318470823,-0.5973601507201111,0.0021441928044410585,0.0,0.0,0.12566370614359174
7.88,0.8034690272354614,-0.5953426951853177,0.0021441928044410585,0.0,0.0,0.12566370614359174
7.9,0.804962747476786,-0.5933214791424977,0.0021441928044410585,0.0,0.0,0.12566370614359174
7.92,0.8064513831359066,-0.5912965153587498,0.0021441928044410585,0.0,0.0,0.12566370614359174
7.94,0.8079349248097918,-0.5892678166248461,0.0021441928044410585,0.0,0.0,0.12566370614359174
7.96,0.8094133631275856,-0.5872353957551506,0.0021441928044410585,0.0,0.0,0.12566370614359174
7.98,0.8108866887506685,-0.5851992655875377,0.0021441928044410585,0.0,0.0,0.12566370614359174
8.0,0.812354892372715,-0.5831594389833124,0.0021441928044410585,0.0,0.0,0.12566370614359174
8.02,0.8138179647197529,-0.5811159288271281,0.0021441928044410585,0.0,0.0,0.12566370614359174
8.040000000000001,0.8152758965502221,-0.5790687480269056,0.0021441928044410585,0.0,0.0,0.12566370614359174
8.06,0.8167286786550331,-0.5770179095137513,0.0021441928044410585,0.0,0.0,0.12566370614359174
8.08,0.8181763018576245,-0.5749634262418762,0.0021441928044410585,0.0,0.0,0.12566370614359174
8.1,0.8196187570140212,-0.5729053111885132,0.0021441928044410585,0.0,0.0,0.12566370614359174
8.120000000000001,0.8210560350128927,-0.5708435773538348,0.0021441928044410585,0.0,0.0,0.12566370614359174
8.14,0.8224881267756099,-0.5687782377608737,0.0021441928044410585,0.0,0.0,0.12566370614359174
8.16,0.8239150232563025,-0.5667093054554363,0.0021441928044410585,0.0,0.0,0.12566370614359174
8.18,0.8253367154419172,-0.5646367935060239,0.0021441928044410585,0.0,0.0,0.12566370614359174
8.2,0.8267531943522735,-0.5625607150037482,0.0021441928044410585,0.0,0.0,0.12566370614359174
8.22,0.8281644510401208,-0.5604810830622494,0.0021441928044410585,0.0,0.0,0.12566370614359174
8.24,0.8295704765911946,-0.5583979108176128,0.0021441928044410585,0.0,0.0,0.12566370614359174
8.26,0.8309712621242735,-0.5563112114282873,0.0021441928044410585,0.0,0.0,0.12566370614359174
8.28,0.8323667987912347,-0.5542209980749997,0.0021441928044410585,0.0,0.0,0.12566370614359174
8.3,0.8337570777771104,-0.5521272839606735,0.0021441928044410585,0.0,0.0,0.12566370614359174
8.32,0.8351420903001424,-0.5500300823103453,0.0021441928044410585,0.0,0.0,0.12566370614359174
8.34,0.8365218276118392,-0.5479294063710807,0.0021441928044410585,0.0,0.0,0.12566370614359174
8.36,0.8378962809970305,-0.5458252694118899,0.0021441928044410585,0.0,0.0,0.12566370614359174
8.38,0.8392654417739209,-0.5437176847236458,0.0021441928044410585,0.0,0.0,0.12566370614359174
8.4,0.8406293012941473,-0.5416066656189991,0.0021441928044410585,0.0,0.0,0.12566370614359174
8.42,0.8419878509428314,-0.5394922254322938,0.0021441928044410585,0.0,0.0,0.12566370614359174
8.44,0.8433410821386357,-0.5373743775194828,0.0021441928044410585,0.0,0.0,0.12566370614359174
8.46,0.8446889863338164,-0.5352531352580446,0.0021441928044410585,0.0,0.0,0.12566370614359174
8.48,0.8460315550142774,-0.5331285120468986,0.0021441928044410585,0.0,0.0,0.12566370614359174
8.5,0.8473687796996261,-0.5310005213063199,0.0021441928044410585,0.0,0.0,0.12566370614359174
8.52,0.848700651943224,-0.5288691764778539,0.0021441928044410585,0.0,0.0,0.12566370614359174
8.540000000000001,0.8500271633322426,-0.526734491024233,0.0021441928044410585,0.0,0.0,0.12566370614359174
8.56,0.8513483054877146,-0.5245964784292914,0.0021441928044410585,0.0,0.0,0.12566370614359174
8.58,0.8526640700645887,-0.5224551521978781,0.0021441928044410585,0.0,0.0,0.12566370614359174
8.6,0.85397444875178,-0.5203105258557732,0.0021441928044410585,0.0,0.0,0.12566370614359174
8.620000000000001,0.855279433272225,-0.5181626129496021,0.0021441928044410585,0.0,0.0,0.12566370614359174
8.64,0.8565790153829319,-0.5160114270467508,0.0021441928044410585,0.0,0.0,0.12566370614359174
8.66,0.8578731868750342,-0.5138569817352785,0.0021441928044410585,0.0,0.0,0.12566370614359174
8.68,0.859161939573841,-0.5116992906238323,0.0021441928044410585,0.0,0.0,0.12566370614359174
8.700000000000001,0.8604452653388901,-0.5095383673415623,0.0021441928044410585,0.0,0.0,0.12566370614359174
8.72,0.8617231560639984,-0.5073742255380342,0.0021441928044410585,0.0,0.0,0.12566370614359174
8.74,0.8629956036773133,-0.5052068788831441,0.0021441928044410585,0.0,0.0,0.12566370614359174
8.76,0.8642626001413646,-0.503036341067031,0.0021441928044410585,0.0,0.0,0.12566370614359174
8.78,0.8655241374531135,-0.5008626257999916,0.0021441928044410585,0.0,0.0,0.12566370614359174
8.8,0.8667802076440051,-0.4986857468123926,0.0021441928044410585,0.0,0.0,0.12566370614359174
8.82,0.8680308027800173,-0.49650571785458536,0.0021441928044410585,0.0,0.0,0.12566370614359174
8.84,0.8692759149617114,-0.4943225526968174,0.0021441928044410585,0.0,0.0,0.12566370614359174
8.86,0.8705155363242825,-0.49213626512914627,0.0021441928044410585,0.0,0.0,0.12566370614359174
8.88,0.871749659037608,-0.4899468689613525,0.0021441928044410585,0.0,0.0,0.12566370614359174
8.9,0.8729782753062982,-0.4877543780228523,0.0021441928044410585,0.0,0.0,0.12566370614359174
8.92,0.8742013773697451,-0.48555880616261005,0.0021441928044410585,0.0,0.0,0.12566370614359174
8.94,0.8754189575021712,-0.4833601672490508,0.0021441928044410585,0.0,0.0,0.12566370614359174
8.96,0.8766310080126789,-0.4811584751699727,0.0021441928044410585,0.0,0.0,0.12566370614359174
8.98,0.8778375212452979,-0.47895374383246003,0.0021441928044410585,0.0,0.0,0.12566370614359174
9.0,0.8790384895790354,-0.47674598716279404,0.0021441928044410585,0.0,0.0,0.12566370614359174
9.02,0.8802339054279226,-0.47453521910636537,0.0021441928044410585,0.0,0.0,0.12566370614359174
9.040000000000001,0.8814237612410634,-0.47232145362758676,0.0021441928044410585,0.0,0.0,0.12566370614359174
9.06,0.8826080495026811,-0.4701047047098043,0.0021441928044410585,0.0,0.0,0.12566370614359174
9.08,0.8837867627321679,-0.4678849863552088,0.0021441928044410585,0.0,0.0,0.12566370614359174
9.1,0.8849598934841307,-0.4656623125847479,0.0021441928044410585,0.0,0.0,0.12566370614359174
9.120000000000001,0.8861274343484378,-0.4634366974380368,0.0021441928044410585,0.0,0.0,0.12566370614359174
9.14,0.8872893779502663,-0.4612081549732709,0.0021441928044410585,0.0,0.0,0.12566370614359174
9.16,0.8884457169501493,-0.45897669926713536,0.0021441928044410585,0.0,0.0,0.12566370614359174
9.18,0.889596444044021,-0.456742344414717,0.0021441928044410585,0.0,0.0,0.12566370614359174
9.200000000000001,0.890741551963264,-0.4545051045294156,0.0021441928044410585,0.0,0.0,0.12566370614359174
9.22,0.8918810334747539,-0.4522649937428543,0.0021441928044410585,0.0,0.0,0.12566370614359174
9.24,0.8930148813809063,-0.45002202620479015,0.0021441928044410585,0.0,0.0,0.12566370614359174
9.26,0.8941430885197218,-0.44777621608302526,0.0021441928044410585,0.0,0.0,0.12566370614359174
9.28,0.8952656477648306,-0.445527577563317,0.0021441928044410585,0.0,0.0,0.12566370614359174
9.3,0.8963825520255386,-0.44327612484928797,0.0021441928044410585,0.0,0.0,0.12566370614359174
9.32,0.8974937942468715,-0.44102187216233774,0.0021441928044410585,0.0,0.0,0.12566370614359174
9.34,0.8985993674096195,-0.4387648337415512,0.0021441928044410585,0.0,0.0,0.12566370614359174
9.36,0.8996992645303814,-0.43650502384360956,0.0021441928044410585,0.0,0.0,0.12566370614359174
9.38,0.9007934786616095,-0.43424245674270023,0.0021441928044410585,0.0,0.0,0.12566370614359174
9.4,0.9018820028916524,-0.4319771467304271,0.0021441928044410585,0.0,0.0,0.12566370614359174
9.42,0.9029648303447997,-0.429709108115719,0.0021441928044410585,0.0,0.0,0.12566370614359174
9.44,0.9040419541813243,-0.42743835522474094,0.0021441928044410585,0.0,0.0,0.12566370614359174
9.46,0.9051133675975268,-0.4251649024008017,0.0021441928044410585,0.0,0.0,0.12566370614359174
9.48,0.9061790638257782,-0.4228887640042656,0.0021441928044410585,0.0,0.0,0.12566370614359174
9.5,0.9072390361345612,-0.42060995441245935,0.0021441928044410585,0.0,0.0,0.12566370614359174
9.52,0.9082932778285153,-0.4183284880195829,0.0021441928044410585,0.0,0.0,0.12566370614359174
9.540000000000001,0.9093417822484767,-0.41604437923661786,0.0021441928044410585,0.0,0.0,0.12566370614359174
9.56,0.9103845427715217,-0.4137576424912371,0.0021441928044410585,0.0,0.0,0.12566370614359174
9.58,0.9114215528110079,-0.41146829222771253,0.0021441928044410585,0.0,0.0,0.12566370614359174
9.6,0.9124528058166163,-0.40917634290682453,0.0021441928044410585,0.0,0.0,0.12566370614359174
9.620000000000001,0.913478295274393,-0.4068818090057706,0.0021441928044410585,0.0,0.0,0.12566370614359174
9.64,0.914498014706788,-0.4045847050180742,0.0021441928044410585,0.0,0.0,0.12566370614359174
9.66,0.9155119576727005,-0.40228504545349253,0.0021441928044410585,0.0,0.0,0.12566370614359174
9.68,0.9165201177675149,-0.399982844837925,0.0021441928044410585,0.0,0.0,0.12566370614359174
9.700000000000001,0.9175224886231443,-0.39767811771332195,0.0021441928044410585,0.0,0.0,0.12566370614359174
9.72,0.9185190639080695,-0.3953708786375928,0.0021441928044410585,0.0,0.0,0.12566370614359174
9.74,0.9195098373273797,-0.3930611421845133,0.0021441928044410585,0.0,0.0,0.12566370614359174
9.76,0.9204948026228112,-0.39074892294363434,0.0021441928044410585,0.0,0.0,0.12566370614359174
9.78,0.9214739535727878,-0.3884342355201892,0.0021441928044410585,0.0,0.0,0.12566370614359174
9.8,0.9224472839924605,-0.3861170945350015,0.0021441928044410585,0.0,0.0,0.12566370614359174
9.82,0.9234147877337449,-0.38379751462439343,0.0021441928044410585,0.0,0.0,0.12566370614359174
9.84,0.9243764586853613,-0.3814755104400922,0.0021441928044410585,0.0,0.0,0.12566370614359174
9.86,0.9253322907728738,-0.37915109664913826,0.0021441928044410585,0.0,0.0,0.12566370614359174
9.88,0.9262822779587274,-0.37682428793379213,0.0021441928044410585,0.0,0.0,0.12566370614359174
9.9,0.9272264142422862,-0.3744950989914427,0.0021441928044410585,0.0,0.0,0.12566370614359174
9.92,0.9281646936598729,-0.37216354453451317,0.0021441928044410585,0.0,0.0,0.12566370614359174
9.94,0.9290971102848044,-0.3698296392903684,0.0021441928044410585,0.0,0.0,0.12566370614359174
9.96,0.9300236582274309,-0.3674933980012222,0.0021441928044410585,0.0,0.0,0.12566370614359174
9.98,0.9309443316351718,-0.3651548354240449,0.0021441928044410585,0.0,0.0,0.12566370614359174
10.0,0.9318591246925535,-0.36281396633046825,0.0021441928044410585,0.0,0.0,0.12566370614359174
10.02,0.9327680316212454,-0.36047080550669397,0.0021441928044410585,0.0,0.0,0.12566370614359174
10.040000000000001,0.9336710466800981,-0.358125367753399,0.0021441928044410585,0.0,0.0,0.12566370614359174
10.06,0.9345681641651776,-0.35577766788564313,0.0021441928044410585,0.0,0.0,0.12566370614359174
10.08,0.9354593784098022,-0.353427720732775,0.0021441928044410585,0.0,0.0,0.12566370614359174
10.1,0.936344683784578,-0.35107554113833744,0.0021441928044410585,0.0,0.0,0.12566370614359174
10.120000000000001,0.9372240746974353,-0.34872114395997533,0.0021441928044410585,0.0,0.0,0.12566370614359174
10.14,0.9380975455936634,-0.34636454406934103,0.0021441928044410585,0.0,0.0,0.12566370614359174
10.16,0.9389650909559449,-0.344005756352,0.0021441928044410585,0.0,0.0,0.12566370614359174
10.18,0.9398267053043925,-0.3416447957073375,0.0021441928044410585,0.0,0.0,0.12566370614359174
10.200000000000001,0.9406823831965812,-0.33928167704846396,0.0021441928044410585,0.0,0.0,0.12566370614359174
10.22,0.9415321192275843,-0.3369164153021216,0.0021441928044410585,0.0,0.0,0.12566370614359174
10.24,0.9423759080300076,-0.3345490254085889,0.0021441928044410585,0.0,0.0,0.12566370614359174
10.26,0.9432137442740222,-0.3321795223215871,0.0021441928044410585,0.0,0.0,0.12566370614359174
10.28,0.9440456226673988,-0.32980792100818557,0.0021441928044410585,0.0,0.0,0.12566370614359174
10.3,0.9448715379555419,-0.32743423644870695,0.0021441928044410585,0.0,0.0,0.12566370614359174
10.32,0.9456914849215211,-0.32505848363663314,0.0021441928044410585,0.0,0.0,0.12566370614359174
10.34,0.946505458386106,-0.3226806775785099,0.0021441928044410585,0.0,0.0,0.12566370614359174
10.36,0.9473134532077977,-0.3203008332938528,0.0021441928044410585,0.0,0.0,0.12566370614359174
10.38,0.9481154642828619,-0.31791896581505164,0.0021441928044410585,0.0,0.0,0.12566370614359174
10.4,0.9489114865453606,-0.3155350901872762,0.0021441928044410585,0.0,0.0,0.12566370614359174
10.42,0.9497015149671848,-0.31314922146838037,0.0021441928044410585,0.0,0.0,0.12566370614359174
10.44,0.9504855445580854,-0.31076137472880777,0.0021441928044410585,0.0,0.0,0.12566370614359174
10.46,0.9512635703657054,-0.3083715650514959,0.0021441928044410585,0.0,0.0,0.12566370614359174
10.48,0.952035587475611,-0.305979807531782,0.0021441928044410585,0.0,0.0,0.12566370614359174
10.5,0.9528015910113227,-0.3035861172773061,0.0021441928044410585,0.0,0.0,0.12566370614359174
10.52,0.9535615761343457,-0.301190509407917,0.0021441928044410585,0.0,0.0,0.12566370614359174
10.540000000000001,0.9543155380442012,-0.29879299905557555,0.0021441928044410585,0.0,0.0,0.12566370614359174
10.56,0.9550634719784556,-0.2963936013642609,0.0021441928044410585,0.0,0.0,0.12566370614359174
10.58,0.9558053732127514,-0.29399233148987247,0.0021441928044410585,0.0,0.0,0.12566370614359174
10.6,0.9565412370608378,-0.29158920460013604,0.0021441928044410585,0.0,0.0,0.12566370614359174
10.620000000000001,0.957271058874599,-0.2891842358745067,0.0021441928044410585,0.0,0.0,0.12566370614359174
10.64,0.9579948340440829,-0.2867774405040746,0.0021441928044410585,0.0,0.0,0.12566370614359174
10.66,0.9587125579975329,-0.2843688336914671,0.0021441928044410585,0.0,0.0,0.12566370614359174
10.68,0.9594242262014141,-0.2819584306507536,0.0021441928044410585,0.0,0.0,0.12566370614359174
10.700000000000001,0.9601298341604432,-0.27954624660735006,0.0021441928044410585,0.0,0.0,0.12566370614359174
10.72,0.9608293774176173,-0.27713229679792206,0.0021441928044410585,0.0,0.0,0.12566370614359174
10.74,0.9615228515542407,-0.2747165964702883,0.0021441928044410585,0.0,0.0,0.12566370614359174
10.76,0.9622102521899539,-0.27229916088332495,0.0021441928044410585,0.0,0.0,0.12566370614359174
10.78,0.9628915749827609,-0.26988000530686906,0.0021441928044410585,0.0,0.0,0.12566370614359174
10.8,0.9635668156290568,-0.26745914502162216,0.0021441928044410585,0.0,0.0,0.12566370614359174
10.82,0.9642359698636542,-0.2650365953190535,0.0021441928044410585,0.0,0.0,0.12566370614359174
10.84,0.9648990334598119,-0.26261237150130357,0.0021441928044410585,0.0,0.0,0.12566370614359174
10.86,0.9655560022292593,-0.26018648888108753,0.0021441928044410585,0.0,0.0,0.12566370614359174
10.88,0.9662068720222251,-0.25775896278159816,0.0021441928044410585,0.0,0.0,0.12566370614359174
10.9,0.9668516387274614,-0.2553298085364103,0.0021441928044410585,0.0,0.0,0.12566370614359174
10.92,0.9674902982722716,-0.25289904148938214,0.0021441928044410585,0.0,0.0,0.12566370614359174
10.94,0.968122846622535,-0.25046667699455943,0.0021441928044410585,0.0,0.0,0.12566370614359174
10.96,0.9687492797827326,-0.24803273041607796,0.0021441928044410585,0.0,0.0,0.12566370614359174
10.98,0.9693695937959717,-0.24559721712806765,0.0021441928044410585,0.0,0.0,0.12566370614359174
11.0,0.9699837847440113,-0.2431601525145539,0.0021441928044410585,0.0,0.0,0.12566370614359174
11.02,0.9705918487472885,-0.24072155196936126,0.0021441928044410585,0.0,0.0,0.12566370614359174
11.040000000000001,0.9711937819649402,-0.238281430896016,0.0021441928044410585,0.0,0.0,0.12566370614359174
11.06,0.9717895805948291,-0.2358398047076494,0.0021441928044410585,0.0,0.0,0.12566370614359174
11.08,0.9723792408735675,-0.23339668882689932,0.0021441928044410585,0.0,0.0,0.12566370614359174
11.1,0.9729627590765403,-0.23095209868581335,0.0021441928044410585,0.0,0.0,0.12566370614359174
11.120000000000001,0.9735401315179301,-0.22850604972575134,0.0021441928044410585,0.0,0.0,0.12566370614359174
11.14,0.9741113545507376,-0.2260585573972883,0.0021441928044410585,0.0,0.0,0.12566370614359174
11.16,0.9746764245668085,-0.2236096371601158,0.0021441928044410585,0.0,0.0,0.12566370614359174
11.18,0.9752353379968529,-0.22115930448294494,0.0021441928044410585,0.0,0.0,0.12566370614359174
11.200000000000001,0.9757880913104704,-0.21870757484340853,0.0021441928044410585,0.0,0.0,0.12566370614359174
11.22,0.9763346810161702,-0.21625446372796378,0.0021441928044410585,0.0,0.0,0.12566370614359174
11.24,0.9768751036613949,-0.2137999866317936,0.0021441928044410585,0.0,0.0,0.12566370614359174
11.26,0.9774093558325413,-0.21134415905870932,0.0021441928044410585,0.0,0.0,0.12566370614359174
11.28,0.9779374341549824,-0.20888699652105266,0.0021441928044410585,0.0,0.0,0.12566370614359174
11.3,0.9784593352930879,-0.2064285145395973,0.0021441928044410585,0.0,0.0,0.12566370614359174
11.32,0.9789750559502475,-0.20396872864345217,0.0021441928044410585,0.0,0.0,0.12566370614359174
11.34,0.9794845928688886,-0.20150765436996163,0.0021441928044410585,0.0,0.0,0.12566370614359174
11.36,0.9799879428304994,-0.1990453072646083,0.0021441928044410585,0.0,0.0,0.12566370614359174
11.38,0.9804851026556478,-0.19658170288091462,0.0021441928044410585,0.0,0.0,0.12566370614359174
11.4,0.9809760692040027,-0.1941168567803452,0.0021441928044410585,0.0,0.0,0.12566370614359174
11.42,0.9814608393743515,-0.19165078453220744,0.0021441928044410585,0.0,0.0,0.12566370614359174
11.44,0.981939410104623,-0.1891835017135539,0.0021441928044410585,0.0,0.0,0.12566370614359174
11.46,0.9824117783719043,-0.18671502390908368,0.0021441928044410585,0.0,0.0,0.12566370614359174
11.48,0.9828779411924605,-0.18424536671104452,0.0021441928044410585,0.0,0.0,0.12566370614359174
11.5,0.9833378956217543,-0.18177454571913343,0.0021441928044410585,0.0,0.0,0.12566370614359174
11.52,0.9837916387544632,-0.17930257654039852,0.0021441928044410585,0.0,0.0,0.12566370614359174
11.540000000000001,0.984239167724499,-0.17682947478914063,0.0021441928044410585,0.0,0.0,0.12566370614359174
11.56,0.9846804797050256,-0.17435525608681476,0.0021441928044410585,0.0,0.0,0.12566370614359174
11.58,0.9851155719084763,-0.17187993606193078,0.0021441928044410585,0.0,0.0,0.12566370614359174
11.6,0.9855444415865726,-0.16940353034995523,0.0021441928044410585,0.0,0.0,0.12566370614359174
11.620000000000001,0.9859670860303408,-0.16692605459321244,0.0021441928044410585,0.0,0.0,0.12566370614359174
11.64,0.9863835025701284,-0.16444752444078609,0.0021441928044410585,0.0,0.0,0.12566370614359174
11.66,0.9867936885756227,-0.16196795554841956,0.0021441928044410585,0.0,0.0,0.12566370614359174
11.68,0.9871976414558654,-0.15948736357841747,0.0021441928044410585,0.0,0.0,0.12566370614359174
11.700000000000001,0.9875953586592708,-0.1570057641995467,0.0021441928044410585,0.0,0.0,0.12566370614359174
11.72,0.9879868376736411,-0.15452317308693814,0.0021441928044410585,0.0,0.0,0.12566370614359174
11.74,0.9883720760261819,-0.15203960592198623,0.0021441928044410585,0.0,0.0,0.12566370614359174
11.76,0.9887510712835182,-0.14955507839225113,0.0021441928044410585,0.0,0.0,0.12566370614359174
11.78,0.9891238210517105,-0.14706960619135892,0.0021441928044410585,0.0,0.0,0.12566370614359174
11.8,0.9894903229762679,-0.14458320501890268,0.0021441928044410585,0.0,0.0,0.12566370614359174
11.82,0.9898505747421661,-0.14209589058034391,0.0021441928044410585,0.0,0.0,0.12566370614359174
11.84,0.9902045740738583,-0.13960767858691236,0.0021441928044410585,0.0,0.0,0.12566370614359174
11.86,0.9905523187352924,-0.13711858475550723,0.0021441928044410585,0.0,0.0,0.12566370614359174
11.88,0.9908938065299246,-0.13462862480859775,0.0021441928044410585,0.0,0.0,0.12566370614359174
11.9,0.9912290353007321,-0.1321378144741246,0.0021441928044410585,0.0,0.0,0.12566370614359174
11.92,0.9915580029302276,-0.12964616948539934,0.0021441928044410585,0.0,0.0,0.12566370614359174
11.94,0.991880707340473,-0.12715370558100608,0.0021441928044410585,0.0,0.0,0.12566370614359174
11.96,0.9921971464930918,-0.12466043850470113,0.0021441928044410585,0.0,0.0,0.12566370614359174
11.98,0.9925073183892824,-0.12216638400531485,0.0021441928044410585,0.0,0.0,0.12566370614359174
12.0,0.9928112210698306,-0.11967155783665073,0.0021441928044410585,0.0,0.0,0.12566370614359174
12.02,0.9931088526151213,-0.11717597575738688,0.0021441928044410585,0.0,0.0,0.12566370614359174
12.040000000000001,0.9934002111451526,-0.11467965353097569,0.0021441928044410585,0.0,0.0,0.12566370614359174
12.06,0.9936852948195455,-0.11218260692554559,0.0021441928044410585,0.0,0.0,0.12566370614359174
12.08,0.9939641018375565,-0.10968485171379981,0.0021441928044410585,0.0,0.0,0.12566370614359174
12.1,0.9942366304380887,-0.10718640367291776,0.0021441928044410585,0.0,0.0,0.12566370614359174
12.120000000000001,0.9945028788997038,-0.10468727858445495,0.0021441928044410585,0.0,0.0,0.12566370614359174
12.14,0.9947628455406315,-0.10218749223424417,0.0021441928044410585,0.0,0.0,0.12566370614359174
12.16,0.9950165287187815,-0.09968706041229436,0.0021441928044410585,0.0,0.0,0.12566370614359174
12.18,0.9952639268317528,-0.0971859989126919,0.0021441928044410585,0.0,0.0,0.12566370614359174
12.200000000000001,0.9955050383168444,-0.09468432353350031,0.0021441928044410585,0.0,0.0,0.12566370614359174
12.22,0.9957398616510652,-0.09218205007666137,0.0021441928044410585,0.0,0.0,0.12566370614359174
12.24,0.9959683953511432,-0.08967919434789393,0.0021441928044410585,0.0,0.0,0.12566370614359174
12.26,0.9961906379735356,-0.08717577215659508,0.0021441928044410585,0.0,0.0,0.12566370614359174
12.280000000000001,0.9964065881144366,-0.08467179931573976,0.0021441928044410585,0.0,0.0,0.12566370614359174
12.3,0.9966162444097889,-0.08216729164178176,0.0021441928044410585,0.0,0.0,0.12566370614359174
12.32,0.9968196055352887,-0.07966226495455249,0.0021441928044410585,0.0,0.0,0.12566370614359174
12.34,0.9970166702063967,-0.07715673507716195,0.0021441928044410585,0.0,0.0,0.12566370614359174
12.36,0.9972074371783451,-0.07465071783589863,0.0021441928044410585,0.0,0.0,0.12566370614359174
12.38,0.9973919052461463,-0.0721442290601292,0.0021441928044410585,0.0,0.0,0.12566370614359174
12.4,0.9975700732445995,-0.06963728458219945,0.0021441928044410585,0.0,0.0,0.12566370614359174
12.42,0.9977419400482992,-0.06712990023733297,0.0021441928044410585,0.0,0.0,0.12566370614359174
12.44,0.9979075045716408,-0.06462209186353204,0.0021441928044410585,0.0,0.0,0.12566370614359174
12.46,0.9980667657688291,-0.06211387530147713,0.0021441928044410585,0.0,0.0,0.12566370614359174
12.48,0.9982197226338837,-0.05960526639442763,0.0021441928044410585,0.0,0.0,0.12566370614359174
12.5,0.9983663742006459,-0.05709628098812061,0.0021441928044410585,0.0,0.0,0.12566370614359174
12.52,0.9985067195427846,-0.054586934930671516,0.0021441928044410585,0.0,0.0,0.12566370614359174
12.540000000000001,0.9986407577738025,-0.05207724407247361,0.0021441928044410585,0.0,0.0,0.12566370614359174
12.56,0.998768488047041,-0.049567224266098824,0.0021441928044410585,0.0,0.0,0.12566370614359174
12.58,0.9988899095556867,-0.04705689136619619,0.0021441928044410585,0.0,0.0,0.12566370614359174
12.6,0.999005021532775,-0.044546261229392634,0.0021441928044410585,0.0,0.0,0.12566370614359174
12.620000000000001,0.9991138232511966,-0.042035349714192406,0.0021441928044410585,0.0,0.0,0.12566370614359174
12.64,0.9992163140237005,-0.03952417268087774,0.0021441928044410585,0.0,0.0,0.12566370614359174
12.66,0.999312493202899,-0.03701274599140738,0.0021441928044410585,0.0,0.0,0.12566370614359174
12.68,0.9994023601812723,-0.0345010855093172,0.0021441928044410585,0.0,0.0,0.12566370614359174
12.700000000000001,0.9994859143911714,-0.031989207099619665,0.0021441928044410585,0.0,0.0,0.12566370614359174
12.72,0.999563155304823,-0.029477126628704442,0.0021441928044410585,0.0,0.0,0.12566370614359174
12.74,0.999634082434331,-0.026964859964236865,0.0021441928044410585,0.0,0.0,0.12566370614359174
12.76,0.999698695331682,-0.024452422975058567,0.0021441928044410585,0.0,0.0,0.12566370614359174
12.780000000000001,0.9997569935887448,-0.021939831531086838,0.0021441928044410585,0.0,0.0,0.12566370614359174
12.8,0.9998089768372765,-0.019427101503215277,0.0021441928044410585,0.0,0.0,0.12566370614359174
12.82,0.9998546447489225,-0.016914248763212143,0.0021441928044410585,0.0,0.0,0.12566370614359174
12.84,0.99989399703522,-0.014401289183621066,0.0021441928044410585,0.0,0.0,0.12566370614359174
12.86,0.9999270334475975,-0.011888238637660519,0.0021441928044410585,0.0,0.0,0.12566370614359174
12.88,0.9999537537773796,-0.009375112999123351,0.0021441928044410585,0.0,0.0,0.12566370614359174
12.9,0.9999741578557859,-0.006861928142277412,0.0021441928044410585,0.0,0.0,0.12566370614359174
12.92,0.999988245553934,-0.004348699941763921,0.0021441928044410585,0.0,0.0,0.12566370614359174
12.94,0.9999960167828374,-0.0018354442724981173,0.0021441928044410585,0.0,0.0,0.12566370614359174
12.96,0.9999974714934095,0.0006778229904314855,0.0021441928044410585,0.0,0.0,0.12566370614359174
12.98,0.9999926096764608,0.0031910859718624653,0.0021441928044410585,0.0,0.0,0.12566370614359174
13.0,0.9999814313627018,0.005704328796660119,0.0021441928044410585,0.0,0.0,0.12566370614359174
13.02,0.9999639366227405,0.008217535589816836,0.0021441928044410585,0.0,0.0,0.12566370614359174
13.040000000000001,0.9999401255670836,0.010730690476552826,0.0021441928044410585,0.0,0.0,0.12566370614359174
13.06,0.9999099983461339,0.0132437775824155,0.0021441928044410585,0.0,0.0,0.12566370614359174
13.08,0.999873555150192,0.015756781033381084,0.0021441928044410585,0.0,0.0,0.12566370614359174
13.1,0.9998307962094526,0.018269684955953974,0.0021441928044410585,0.0,0.0,0.12566370614359174
13.120000000000001,0.9997817217940046,0.020782473477267485,0.0021441928044410585,0.0,0.0,0.12566370614359174
13.14,0.9997263322138286,0.023295130725183185,0.0021441928044410585,0.0,0.0,0.12566370614359174
13.16,0.9996646278187954,0.02580764082839251,0.0021441928044410585,0.0,0.0,0.12566370614359174
13.18,0.9995966089986632,0.028319987916516125,0.0021441928044410585,0.0,0.0,0.12566370614359174
13.200000000000001,0.999522276183076,0.030832156120204596,0.0021441928044410585,0.0,0.0,0.12566370614359174
13.22,0.9994416298415606,0.03334412957123777,0.0021441928044410585,0.0,0.0,0.12566370614359174
13.24,0.9993546704835226,0.035855892402626315,0.0021441928044410585,0.0,0.0,0.12566370614359174
13.26,0.9992613986582447,0.038367428748711054,0.0021441928044410585,0.0,0.0,0.12566370614359174
13.280000000000001,0.9991618149548824,0.040878722745263676,0.0021441928044410585,0.0,0.0,0.12566370614359174
13.3,0.9990559200024608,0.04338975852958593,0.0021441928044410585,0.0,0.0,0.12566370614359174
13.32,0.9989437144698697,0.04590052024061136,0.0021441928044410585,0.0,0.0,0.12566370614359174
13.34,0.9988251990658601,0.04841099201900438,0.0021441928044410585,0.0,0.0,0.12566370614359174
13.36,0.9987003745390398,0.05092115800726085,0.0021441928044410585,0.0,0.0,0.12566370614359174
13.38,0.9985692416778685,0.05343100234980834,0.0021441928044410585,0.0,0.0,0.12566370614359174
13.4,0.9984318013106529,0.05594050919310544,0.0021441928044410585,0.0,0.0,0.12566370614359174
13.42,0.9982880543055404,0.05844966268574326,0.0021441928044410585,0.0,0.0,0.12566370614359174
13.44,0.9981380015705157,0.060958446978544654,0.0021441928044410585,0.0,0.0,0.12566370614359174
13.46,0.9979816440533934,0.0634668462246647,0.0021441928044410585,0.0,0.0,0.12566370614359174
13.48,0.9978189827418121,0.06597484457969009,0.0021441928044410585,0.0,0.0,0.12566370614359174
13.5,0.9976500186632294,0.06848242620174036,0.0021441928044410585,0.0,0.0,0.12566370614359174
13.52,0.9974747528849143,0.07098957525156706,0.0021441928044410585,0.0,0.0,0.12566370614359174
13.540000000000001,0.9972931865139403,0.07349627589265444,0.0021441928044410585,0.0,0.0,0.12566370614359174
13.56,0.9971053206971799,0.07600251229131844,0.0021441928044410585,0.0,0.0,0.12566370614359174
13.58,0.9969111566212955,0.07850826861680806,0.0021441928044410585,0.0,0.0,0.12566370614359174
13.6,0.9967106955127324,0.08101352904140453,0.0021441928044410585,0.0,0.0,0.12566370614359174
13.620000000000001,0.9965039386377129,0.0835182777405216,0.0021441928044410585,0.0,0.0,0.12566370614359174
13.64,0.9962908873022253,0.08602249889280476,0.0021441928044410585,0.0,0.0,0.12566370614359174
13.66,0.9960715428520172,0.08852617668023238,0.0021441928044410585,0.0,0.0,0.12566370614359174
13.68,0.9958459066725879,0.09102929528821484,0.0021441928044410585,0.0,0.0,0.12566370614359174
13.700000000000001,0.9956139801891779,0.0935318389056948,0.0021441928044410585,0.0,0.0,0.12566370614359174
13.72,0.995375764866761,0.09603379172524622,0.0021441928044410585,0.0,0.0,0.12566370614359174
13.74,0.9951312622100348,0.09853513794317549,0.0021441928044410585,0.0,0.0,0.12566370614359174
13.76,0.9948804737634108,0.10103586175962052,0.0021441928044410585,0.0,0.0,0.12566370614359174
13.780000000000001,0.9946234011110048,0.10353594737865068,0.0021441928044410585,0.0,0.0,0.12566370614359174
13.8,0.9943600458766281,0.10603537900836606,0.0021441928044410585,0.0,0.0,0.12566370614359174
13.82,0.9940904097237752,0.10853414086099827,0.0021441928044410585,0.0,0.0,0.12566370614359174
13.84,0.9938144943556143,0.11103221715300937,0.0021441928044410585,0.0,0.0,0.12566370614359174
13.86,0.9935323015149771,0.11352959210519184,0.0021441928044410585,0.0,0.0,0.12566370614359174
13.88,0.9932438329843469,0.1160262499427684,0.0021441928044410585,0.0,0.0,0.12566370614359174
13.9,0.9929490905858476,0.11852217489549076,0.0021441928044410585,0.0,0.0,0.12566370614359174
13.92,0.9926480761812323,0.12101735119774065,0.0021441928044410585,0.0,0.0,0.12566370614359174
13.94,0.9923407916718716,0.12351176308862846,0.0021441928044410585,0.0,0.0,0.12566370614359174
13.96,0.9920272389987418,0.1260053948120932,0.0021441928044410585,0.0,0.0,0.12566370614359174
13.98,0.9917074201424118,0.12849823061700116,0.0021441928044410585,0.0,0.0,0.12566370614359174
14.0,0.9913813371230316,0.1309902547572468,0.0021441928044410585,0.0,0.0,0.12566370614359174
14.02,0.9910489920003182,0.13348145149185128,0.0021441928044410585,0.0,0.0,0.12566370614359174
14.040000000000001,0.9907103868735443,0.1359718050850623,0.0021441928044410585,0.0,0.0,0.12566370614359174
14.06,0.9903655238815243,0.13846129980645258,0.0021441928044410585,0.0,0.0,0.12566370614359174
14.08,0.9900144052025999,0.14094991993102077,0.0021441928044410585,0.0,0.0,0.12566370614359174
14.1,0.9896570330546276,0.14343764973928952,0.0021441928044410585,0.0,0.0,0.12566370614359174
14.120000000000001,0.9892934096949639,0.14592447351740553,0.0021441928044410585,0.0,0.0,0.12566370614359174
14.14,0.9889235374204519,0.14841037555723788,0.0021441928044410585,0.0,0.0,0.12566370614359174
14.16,0.9885474185674054,0.1508953401564784,0.0021441928044410585,0.0,0.0,0.12566370614359174
14.18,0.9881650555115957,0.1533793516187401,0.0021441928044410585,0.0,0.0,0.12566370614359174
14.200000000000001,0.9877764506682357,0.15586239425365672,0.0021441928044410585,0.0,0.0,0.12566370614359174
14.22,0.9873816064919647,0.15834445237698105,0.0021441928044410585,0.0,0.0,0.12566370614359174
14.24,0.9869805254768335,0.16082551031068532,0.0021441928044410585,0.0,0.0,0.12566370614359174
14.26,0.9865732101562876,0.1633055523830591,0.0021441928044410585,0.0,0.0,0.12566370614359174
14.280000000000001,0.9861596631031521,0.16578456292880905,0.0021441928044410585,0.0,0.0,0.12566370614359174
14.3,0.9857398869296148,0.16826252628915678,0.0021441928044410585,0.0,0.0,0.12566370614359174
14.32,0.9853138842872102,0.1707394268119391,0.0021441928044410585,0.0,0.0,0.12566370614359174
14.34,0.9848816578668022,0.17321524885170622,0.0021441928044410585,0.0,0.0,0.12566370614359174
14.36,0.9844432103985681,0.1756899767698205,0.0021441928044410585,0.0,0.0,0.12566370614359174
14.38,0.9839985446519804,0.1781635949345557,0.0021441928044410585,0.0,0.0,0.12566370614359174
14.4,0.9835476634357894,0.1806360877211946,0.0021441928044410585,0.0,0.0,0.12566370614359174
14.42,0.9830905695980061,0.18310743951212924,0.0021441928044410585,0.0,0.0,0.12566370614359174
14.44,0.9826272660258832,0.18557763469695854,0.0021441928044410585,0.0,0.0,0.12566370614359174
14.46,0.9821577556458987,0.18804665767258738,0.0021441928044410585,0.0,0.0,0.12566370614359174
14.48,0.9816820414237346,0.19051449284332433,0.0021441928044410585,0.0,0.0,0.12566370614359174
14.5,0.9812001263642606,0.1929811246209814,0.0021441928044410585,0.0,0.0,0.12566370614359174
14.52,0.9807120135115143,0.19544653742497173,0.0021441928044410585,0.0,0.0,0.12566370614359174
14.540000000000001,0.9802177059486815,0.19791071568240826,0.0021441928044410585,0.0,0.0,0.12566370614359174
14.56,0.979717206798078,0.20037364382820144,0.0021441928044410585,0.0,0.0,0.12566370614359174
14.58,0.9792105192211281,0.20283530630515884,0.0021441928044410585,0.0,0.0,0.12566370614359174
14.6,0.978697646418346,0.20529568756408229,0.0021441928044410585,0.0,0.0,0.12566370614359174
14.620000000000001,0.9781785916293151,0.2077547720638668,0.0021441928044410585,0.0,0.0,0.12566370614359174
14.64,0.9776533581326672,0.21021254427159766,0.0021441928044410585,0.0,0.0,0.12566370614359174
14.66,0.9771219492460628,0.2126689886626502,0.0021441928044410585,0.0,0.0,0.12566370614359174
14.68,0.9765843683261691,0.21512408972078642,0.0021441928044410585,0.0,0.0,0.12566370614359174
14.700000000000001,0.9760406187686396,0.21757783193825406,0.0021441928044410585,0.0,0.0,0.12566370614359174
14.72,0.9754907040080917,0.22003019981588312,0.0021441928044410585,0.0,0.0,0.12566370614359174
14.74,0.9749346275180861,0.2224811778631856,0.0021441928044410585,0.0,0.0,0.12566370614359174
14.76,0.974372392811104,0.22493075059845197,0.0021441928044410585,0.0,0.0,0.12566370614359174
14.780000000000001,0.9738040034385256,0.22737890254884977,0.0021441928044410585,0.0,0.0,0.12566370614359174
14.8,0.9732294629906069,0.22982561825052034,0.0021441928044410585,0.0,0.0,0.12566370614359174
14.82,0.972648775096458,0.23227088224867762,0.0021441928044410585,0.0,0.0,0.12566370614359174
14.84,0.9720619434240187,0.23471467909770535,0.0021441928044410585,0.0,0.0,0.12566370614359174
14.86,0.9714689716800375,0.23715699336125434,0.0021441928044410585,0.0,0.0,0.12566370614359174
14.88,0.9708698636100452,0.23959780961234056,0.0021441928044410585,0.0,0.0,0.12566370614359174
14.9,0.9702646229983348,0.2420371124334417,0.0021441928044410585,0.0,0.0,0.12566370614359174
14.92,0.9696532536679343,0.24447488641659543,0.0021441928044410585,0.0,0.0,0.12566370614359174
14.94,0.9690357594805855,0.24691111616349654,0.0021441928044410585,0.0,0.0,0.12566370614359174
14.96,0.9684121443367165,0.24934578628559406,0.0021441928044410585,0.0,0.0,0.12566370614359174
14.98,0.96778241217542,0.2517788814041877,0.0021441928044410585,0.0,0.0,0.12566370614359174
15.0,0.9671465669744264,0.2542103861505267,0.0021441928044410585,0.0,0.0,0.12566370614359174
15.02,0.9665046127500797,0.2566402851659054,0.0021441928044410585,0.0,0.0,0.12566370614359174
15.040000000000001,0.9658565535573114,0.2590685631017615,0.0021441928044410585,0.0,0.0,0.12566370614359174
15.06,0.9652023934896155,0.26149520461977105,0.0021441928044410585,0.0,0.0,0.12566370614359174
15.08,0.9645421366790229,0.2639201943919477,0.0021441928044410585,0.0,0.0,0.12566370614359174
15.1,0.9638757872960739,0.26634351710073817,0.0021441928044410585,0.0,0.0,0.12566370614359174
15.120000000000001,0.963203349549794,0.26876515743911933,0.0021441928044410585,0.0,0.0,0.12566370614359174
15.14,0.9625248276876653,0.27118510011069413,0.0021441928044410585,0.0,0.0,0.12566370614359174
15.16,0.9618402259956005,0.2736033298297899,0.0021441928044410585,0.0,0.0,0.12566370614359174
15.18,0.9611495487979163,0.2760198313215533,0.0021441928044410585,0.0,0.0,0.12566370614359174
15.200000000000001,0.9604528004573051,0.2784345893220476,0.0021441928044410585,0.0,0.0,0.12566370614359174
15.22,0.9597499853748078,0.2808475885783486,0.0021441928044410585,0.0,0.0,0.12566370614359174
15.24,0.9590411079897866,0.283258813848642,0.0021441928044410585,0.0,0.0,0.12566370614359174
15.26,0.9583261727798965,0.28566824990231826,0.0021441928044410585,0.0,0.0,0.12566370614359174
15.280000000000001,0.9576051842610567,0.2880758815200699,0.0021441928044410585,0.0,0.0,0.12566370614359174
15.3,0.9568781469874226,0.2904816934939867,0.0021441928044410585,0.0,0.0,0.12566370614359174
15.32,0.9561450655513566,0.2928856706276531,0.0021441928044410585,0.0,0.0,0.12566370614359174
15.34,0.9554059445833998,0.29528779773624275,0.0021441928044410585,0.0,0.0,0.12566370614359174
15.36,0.9546607887522415,0.29768805964661543,0.0021441928044410585,0.0,0.0,0.12566370614359174
15.38,0.9539096027646907,0.30008644119741246,0.0021441928044410585,0.0,0.0,0.12566370614359174
15.4,0.953152391365647,0.30248292723915243,0.0021441928044410585,0.0,0.0,0.12566370614359174
15.42,0.9523891593380693,0.3048775026343269,0.0021441928044410585,0.0,0.0,0.12566370614359174
15.44,0.9516199115029453,0.30727015225749615,0.0021441928044410585,0.0,0.0,0.12566370614359174
15.46,0.9508446527192624,0.3096608609953853,0.0021441928044410585,0.0,0.0,0.12566370614359174
15.48,0.9500633878839769,0.31204961374697804,0.0021441928044410585,0.0,0.0,0.12566370614359174
15.5,0.9492761219319822,0.31443639542361385,0.0021441928044410585,0.0,0.0,0.12566370614359174
15.52,0.9484828598360772,0.3168211909490826,0.0021441928044410585,0.0,0.0,0.12566370614359174
15.540000000000001,0.9476836066069368,0.3192039852597199,0.0021441928044410585,0.0,0.0,0.12566370614359174
15.56,0.9468783672930788,0.32158476330450114,0.0021441928044410585,0.0,0.0,0.12566370614359174
15.58,0.946067146980832,0.3239635100451389,0.0021441928044410585,0.0,0.0,0.12566370614359174
15.6,0.9452499507943055,0.32634021045617573,0.0021441928044410585,0.0,0.0,0.12566370614359174
15.620000000000001,0.9444267838953542,0.3287148495250801,0.0021441928044410585,0.0,0.0,0.12566370614359174
15.64,0.9435976514835477,0.3310874122523409,0.0021441928044410585,0.0,0.0,0.12566370614359174
15.66,0.9427625587961369,0.33345788365156254,0.0021441928044410585,0.0,0.0,0.12566370614359174
15.68,0.9419215111080211,0.3358262487495596,0.0021441928044410585,0.0,0.0,0.12566370614359174
15.700000000000001,0.9410745137317142,0.3381924925864507,0.0021441928044410585,0.0,0.0,0.12566370614359174
15.72,0.9402215720173125,0.34055660021575385,0.0021441928044410585,0.0,0.0,0.12566370614359174
15.74,0.9393626913524589,0.3429185567044801,0.0021441928044410585,0.0,0.0,0.12566370614359174
15.76,0.9384978771623111,0.345278347133229,0.0021441928044410585,0.0,0.0,0.12566370614359174
15.780000000000001,0.9376271349095053,0.34763595659628144,0.0021441928044410585,0.0,0.0,0.12566370614359174
15.8,0.9367504700941227,0.3499913702016946,0.0021441928044410585,0.0,0.0,0.12566370614359174
15.82,0.9358678882536545,0.3523445730713961,0.0021441928044410585,0.0,0.0,0.12566370614359174
15.84,0.934979394962968,0.3546955503412777,0.0021441928044410585,0.0,0.0,0.12566370614359174
15.860000000000001,0.934084995834269,0.35704428716128933,0.0021441928044410585,0.0,0.0,0.12566370614359174
15.88,0.9331846965170688,0.35939076869553255,0.0021441928044410585,0.0,0.0,0.12566370614359174
15.9,0.932278502698147,0.36173498012235483,0.0021441928044410585,0.0,0.0,0.12566370614359174
15.92,0.9313664201015166,0.3640769066344425,0.0021441928044410585,0.0,0.0,0.12566370614359174
15.94,0.9304484544883869,0.3664165334389151,0.0021441928044410585,0.0,0.0,0.12566370614359174
15.96,0.9295246116571272,0.3687538457574184,0.0021441928044410585,0.0,0.0,0.12566370614359174
15.98,0.9285948974432316,0.37108882882621697,0.0021441928044410585,0.0,0.0,0.12566370614359174
16.0,0.9276593177192799,0.3734214678962889,0.0021441928044410585,0.0,0.0,0.12566370614359174
16.02,0.9267178783949026,0.3757517482334181,0.0021441928044410585,0.0,0.0,0.12566370614359174
16.04,0.9257705854167415,0.3780796551182874,0.0021441928044410585,0.0,0.0,0.12566370614359174
16.06,0.9248174447684142,0.3804051738465719,0.0021441928044410585,0.0,0.0,0.12566370614359174
16.080000000000002,0.9238584624704745,0.38272828972903167,0.0021441928044410585,0.0,0.0,0.12566370614359174
16.1,0.9228936445803773,0.38504898809160354,0.0021441928044410585,0.0,0.0,0.12566370614359174
16.12,0.9219229971924353,0.38736725427549556,0.0021441928044410585,0.0,0.0,0.12566370614359174
16.14,0.9209465264377856,0.3896830736372787,0.0021441928044410585,0.0,0.0,0.12566370614359174
16.16,0.919964238484348,0.39199643154897895,0.0021441928044410585,0.0,0.0,0.12566370614359174
16.18,0.9189761395367869,0.3943073133981708,0.0021441928044410585,0.0,0.0,0.12566370614359174
16.2,0.9179822358364726,0.3966157045880685,0.0021441928044410585,0.0,0.0,0.12566370614359174
16.22,0.9169825336614417,0.3989215905376186,0.0021441928044410585,0.0,0.0,0.12566370614359174
16.240000000000002,0.9159770393263549,0.4012249566815927,0.0021441928044410585,0.0,0.0,0.12566370614359174
16.26,0.9149657591824618,0.40352578847067766,0.0021441928044410585,0.0,0.0,0.12566370614359174
16.28,0.9139486996175574,0.4058240713715693,0.0021441928044410585,0.0,0.0,0.12566370614359174
16.3,0.9129258670559423,0.40811979086706424,0.0021441928044410585,0.0,0.0,0.12566370614359174
16.32,0.9118972679583834,0.41041293245615035,0.0021441928044410585,0.0,0.0,0.12566370614359174
16.34,0.9108629088220713,0.412703481654099,0.0021441928044410585,0.0,0.0,0.12566370614359174
16.36,0.9098227961805806,0.4149914239925565,0.0021441928044410585,0.0,0.0,0.12566370614359174
16.38,0.9087769366038283,0.41727674501963563,0.0021441928044410585,0.0,0.0,0.12566370614359174
16.4,0.9077253366980312,0.4195594303000068,0.0021441928044410585,0.0,0.0,0.12566370614359174
16.42,0.9066680031056662,0.42183946541498946,0.0021441928044410585,0.0,0.0,0.12566370614359174
16.44,0.9056049425054272,0.42411683596264177,0.0021441928044410585,0.0,0.0,0.12566370614359174
16.46,0.9045361616121822,0.42639152755785403,0.0021441928044410585,0.0,0.0,0.12566370614359174
16.48,0.9034616671769324,0.4286635258324382,0.0021441928044410585,0.0,0.0,0.12566370614359174
16.5,0.9023814659867692,0.4309328164352179,0.0021441928044410585,0.0,0.0,0.12566370614359174
16.52,0.9012955648648296,0.43319938503212063,0.0021441928044410585,0.0,0.0,0.12566370614359174
16.54,0.9002039706702557,0.4354632173062671,0.0021441928044410585,0.0,0.0,0.12566370614359174
16.56,0.8991066902981497,0.43772429895806253,0.0021441928044410585,0.0,0.0,0.12566370614359174
16.580000000000002,0.8980037306795303,0.43998261570528646,0.0021441928044410585,0.0,0.0,0.12566370614359174
16.6,0.8968950987812905,0.44223815328318233,0.0021441928044410585,0.0,0.0,0.12566370614359174
16.62,0.8957808016061517,0.4444908974445495,0.0021441928044410585,0.0,0.0,0.12566370614359174
16.64,0.8946608461926201,0.44674083395983094,0.0021441928044410585,0.0,0.0,0.12566370614359174
16.66,0.8935352396149433,0.4489879486172053,0.0021441928044410585,0.0,0.0,0.12566370614359174
16.68,0.8924039889830636,0.45123222722267475,0.0021441928044410585,0.0,0.0,0.12566370614359174
16.7,0.8912671014425758,0.4534736556001561,0.0021441928044410585,0.0,0.0,0.12566370614359174
16.72,0.8901245841746789,0.45571221959156955,0.0021441928044410585,0.0,0.0,0.12566370614359174
16.740000000000002,0.8889764443961327,0.45794790505692856,0.0021441928044410585,0.0,0.0,0.12566370614359174
16.76,0.887822689359212,0.4601806978744278,0.0021441928044410585,0.0,0.0,0.12566370614359174
16.78,0.8866633263516616,0.4624105839405349,0.0021441928044410585,0.0,0.0,0.12566370614359174
16.8,0.8854983626966474,0.46463754917007744,0.0021441928044410585,0.0,0.0,0.12566370614359174
16.82,0.8843278057527133,0.46686157949633267,0.0021441928044410585,0.0,0.0,0.12566370614359174
16.84,0.8831516629137331,0.4690826608711164,0.0021441928044410585,0.0,0.0,0.12566370614359174
16.86,0.8819699416088645,0.4713007792648715,0.0021441928044410585,0.0,0.0,0.12566370614359174
16.88,0.8807826493025013,0.47351592066675674,0.0021441928044410585,0.0,0.0,0.12566370614359174
16.9,0.8795897934942265,0.47572807108473486,0.0021441928044410585,0.0,0.0,0.12566370614359174
16.92,0.8783913817187664,0.4779372165456621,0.0021441928044410585,0.0,0.0,0.12566370614359174
16.94,0.8771874215459408,0.4801433430953744,0.0021441928044410585,0.0,0.0,0.12566370614359174
16.96,0.8759779205806166,0.4823464367987777,0.0021441928044410585,0.0,0.0,0.12566370614359174
16.98,0.8747628864626592,0.48454648373993486,0.0021441928044410585,0.0,0.0,0.12566370614359174
17.0,0.8735423268668845,0.4867434700221538,0.0021441928044410585,0.0,0.0,0.12566370614359174
17.02,0.87231624950301,0.4889373817680748,0.0021441928044410585,0.0,0.0,0.12566370614359174
17.04,0.8710846621156071,0.4911282051197592,0.0021441928044410585,0.0,0.0,0.12566370614359174
17.06,0.869847572484051,0.4933159262387759,0.0021441928044410585,0.0,0.0,0.12566370614359174
17.080000000000002,0.8686049884224718,0.4955005313062897,0.0021441928044410585,0.0,0.0,0.12566370614359174
17.1,0.8673569177797067,0.49768200652314687,0.0021441928044410585,0.0,0.0,0.12566370614359174
17.12,0.8661033684392468,0.49986033810996483,0.0021441928044410585,0.0,0.0,0.12566370614359174
17.14,0.8648443483191921,0.5020355123072172,0.0021441928044410585,0.0,0.0,0.12566370614359174
17.16,0.8635798653721978,0.5042075153753218,0.0021441928044410585,0.0,0.0,0.12566370614359174
17.18,0.862309927585425,0.5063763335947264,0.0021441928044410585,0.0,0.0,0.12566370614359174
17.2,0.8610345429804912,0.5085419532659967,0.0021441928044410585,0.0,0.0,0.12566370614359174
17.22,0.8597537196134187,0.5107043607099019,0.0021441928044410585,0.0,0.0,0.12566370614359174
17.240000000000002,0.8584674655745839,0.5128635422675015,0.0021441928044410585,0.0,0.0,0.12566370614359174
17.26,0.8571757889886668,0.5150194843002305,0.0021441928044410585,0.0,0.0,0.12566370614359174
17.28,0.8558786980145981,0.517172173189988,0.0021441928044410585,0.0,0.0,0.12566370614359174
17.3,0.85457620084551,0.5193215953392206,0.0021441928044410585,0.0,0.0,0.12566370614359174
17.32,0.8532683057086821,0.5214677371710104,0.0021441928044410585,0.0,0.0,0.12566370614359174
17.34,0.8519550208654907,0.5236105851291586,0.0021441928044410585,0.0,0.0,0.12566370614359174
17.36,0.8506363546113572,0.5257501256782731,0.0021441928044410585,0.0,0.0,0.12566370614359174
17.38,0.8493123152756942,0.5278863453038529,0.0021441928044410585,0.0,0.0,0.12566370614359174
17.400000000000002,0.8479829112218532,0.5300192305123745,0.0021441928044410585,0.0,0.0,0.12566370614359174
17.42,0.8466481508470736,0.5321487678313745,0.0021441928044410585,0.0,0.0,0.12566370614359174
17.44,0.8453080425824266,0.5342749438095383,0.0021441928044410585,0.0,0.0,0.12566370614359174
17.46,0.8439625948927649,0.5363977450167832,0.0021441928044410585,0.0,0.0,0.12566370614359174
17.48,0.8426118162766673,0.5385171580443424,0.0021441928044410585,0.0,0.0,0.12566370614359174
17.5,0.841255715266385,0.540633169504852,0.0021441928044410585,0.0,0.0,0.12566370614359174
17.52,0.8398943004277898,0.5427457660324332,0.0021441928044410585,0.0,0.0,0.12566370614359174
17.54,0.8385275803603173,0.5448549342827783,0.0021441928044410585,0.0,0.0,0.12566370614359174
17.56,0.8371555636969142,0.5469606609332341,0.0021441928044410585,0.0,0.0,0.12566370614359174
17.580000000000002,0.8357782591039837,0.5490629326828876,0.0021441928044410585,0.0,0.0,0.12566370614359174
17.6,0.8343956752813301,0.5511617362526464,0.0021441928044410585,0.0,0.0,0.12566370614359174
17.62,0.8330078209621045,0.5532570583853272,0.0021441928044410585,0.0,0.0,0.12566370614359174
17.64,0.8316147049127485,0.5553488858457365,0.0021441928044410585,0.0,0.0,0.12566370614359174
17.66,0.8302163359329406,0.557437205420755,0.0021441928044410585,0.0,0.0,0.12566370614359174
17.68,0.8288127228555392,0.5595220039194219,0.0021441928044410585,0.0,0.0,0.12566370614359174
17.7,0.8274038745465274,0.5616032681730165,0.0021441928044410585,0.0,0.0,0.12566370614359174
17.72,0.8259897999049566,0.5636809850351424,0.0021441928044410585,0.0,0.0,0.12566370614359174
17.740000000000002,0.8245705078628907,0.565755141381811,0.0021441928044410585,0.0,0.0,0.12566370614359174
17.76,0.82314600738535,0.5678257241115229,0.0021441928044410585,0.0,0.0,0.12566370614359174
17.78,0.8217163074702536,0.5698927201453527,0.0021441928044410585,0.0,0.0,0.12566370614359174
17.8,0.8202814171483629,0.5719561164270303,0.0021441928044410585,0.0,0.0,0.12566370614359174
17.82,0.8188413454832257,0.5740158999230232,0.0021441928044410585,0.0,0.0,0.12566370614359174
17.84,0.8173961015711169,0.576072057622619,0.0021441928044410585,0.0,0.0,0.12566370614359174
17.86,0.8159456945409825,0.5781245765380085,0.0021441928044410585,0.0,0.0,0.12566370614359174
17.88,0.8144901335543815,0.5801734437043667,0.0021441928044410585,0.0,0.0,0.12566370614359174
17.900000000000002,0.8130294278054279,0.5822186461799355,0.0021441928044410585,0.0,0.0,0.12566370614359174
17.92,0.8115635865207338,0.5842601710461033,0.0021441928044410585,0.0,0.0,0.12566370614359174
17.94,0.810092618959349,0.5862980054074901,0.0021441928044410585,0.0,0.0,0.12566370614359174
17.96,0.8086165344127043,0.5883321363920265,0.0021441928044410585,0.0,0.0,0.12566370614359174
17.98,0.8071353422045516,0.5903625511510359,0.0021441928044410585,0.0,0.0,0.12566370614359174
18.0,0.8056490516909063,0.5923892368593151,0.0021441928044410585,0.0,0.0,0.12566370614359174
18.02,0.8041576722599867,0.5944121807152154,0.0021441928044410585,0.0,0.0,0.12566370614359174
18.04,0.8026612133321558,0.5964313699407243,0.0021441928044410585,0.0,0.0,0.12566370614359174
18.06,0.8011596843598617,0.598446791781545,0.0021441928044410585,0.0,0.0,0.12566370614359174
18.080000000000002,0.7996530948275775,0.6004584335071784,0.0021441928044410585,0.0,0.0,0.12566370614359174
18.1,0.7981414542517417,0.6024662824110011,0.0021441928044410585,0.0,0.0,0.12566370614359174
18.12,0.7966247721806973,0.6044703258103487,0.0021441928044410585,0.0,0.0,0.12566370614359174
18.14,0.7951030581946329,0.6064705510465936,0.0021441928044410585,0.0,0.0,0.12566370614359174
18.16,0.7935763219055209,0.6084669454852266,0.0021441928044410585,0.0,0.0,0.12566370614359174
18.18,0.7920445729570578,0.610459496515935,0.0021441928044410585,0.0,0.0,0.12566370614359174
18.2,0.7905078210246018,0.6124481915526836,0.0021441928044410585,0.0,0.0,0.12566370614359174
18.22,0.788966075815114,0.6144330180337938,0.0021441928044410585,0.0,0.0,0.12566370614359174
18.240000000000002,0.7874193470670946,0.6164139634220233,0.0021441928044410585,0.0,0.0,0.12566370614359174
18.26,0.7858676445505233,0.6183910152046437,0.0021441928044410585,0.0,0.0,0.12566370614359174
18.28,0.7843109780667962,0.620364160893521,0.0021441928044410585,0.0,0.0,0.12566370614359174
18.3,0.7827493574486653,0.6223333880251956,0.0021441928044410585,0.0,0.0,0.12566370614359174
18.32,0.781182792560175,0.6242986841609585,0.0021441928044410585,0.0,0.0,0.12566370614359174
18.34,0.7796112932966001,0.626260036886931,0.0021441928044410585,0.0,0.0,0.12566370614359174
18.36,0.7780348695843843,0.6282174338141432,0.0021441928044410585,0.0,0.0,0.12566370614359174
18.38,0.7764535313810769,0.6301708625786124,0.0021441928044410585,0.0,0.0,0.12566370614359174
18.400000000000002,0.7748672886752689,0.6321203108414213,0.0021441928044410585,0.0,0.0,0.12566370614359174
18.42,0.773276151486532,0.6340657662887944,0.0021441928044410585,0.0,0.0,0.12566370614359174
18.44,0.7716801298653527,0.636007216632178,0.0021441928044410585,0.0,0.0,0.12566370614359174
18.46,0.7700792338930716,0.6379446496083168,0.0021441928044410585,0.0,0.0,0.12566370614359174
18.48,0.7684734736818175,0.6398780529793309,0.0021441928044410585,0.0,0.0,0.12566370614359174
18.5,0.7668628593744446,0.6418074145327936,0.0021441928044410585,0.0,0.0,0.12566370614359174
18.52,0.7652474011444683,0.6437327220818092,0.0021441928044410585,0.0,0.0,0.12566370614359174
18.54,0.7636271091960003,0.6456539634650884,0.0021441928044410585,0.0,0.0,0.12566370614359174
18.56,0.7620019937636858,0.6475711265470273,0.0021441928044410585,0.0,0.0,0.12566370614359174
18.580000000000002,0.7603720651126366,0.6494841992177813,0.0021441928044410585,0.0,0.0,0.12566370614359174
18.6,0.7587373335383684,0.6513931693933436,0.0021441928044410585,0.0,0.0,0.12566370614359174
18.62,0.7570978093667338,0.6532980250156211,0.0021441928044410585,0.0,0.0,0.12566370614359174
18.64,0.7554535029538588,0.6551987540525105,0.0021441928044410585,0.0,0.0,0.12566370614359174
18.66,0.7538044246860768,0.6570953444979741,0.0021441928044410585,0.0,0.0,0.12566370614359174
18.68,0.7521505849798616,0.658987784372116,0.0021441928044410585,0.0,0.0,0.12566370614359174
18.7,0.750491994281764,0.6608760617212576,0.0021441928044410585,0.0,0.0,0.12566370614359174
18.72,0.7488286630683443,0.6627601646180122,0.0021441928044410585,0.0,0.0,0.12566370614359174
18.740000000000002,0.7471606018461063,0.6646400811613624,0.0021441928044410585,0.0,0.0,0.12566370614359174
18.76,0.7454878211514314,0.6665157994767332,0.0021441928044410585,0.0,0.0,0.12566370614359174
18.78,0.743810331550512,0.668387307716069,0.0021441928044410585,0.0,0.0,0.12566370614359174
18.8,0.7421281436392836,0.6702545940579065,0.0021441928044410585,0.0,0.0,0.12566370614359174
18.82,0.7404412680433593,0.67211764670745,0.0021441928044410585,0.0,0.0,0.12566370614359174
18.84,0.7387497154179623,0.6739764538966464,0.0021441928044410585,0.0,0.0,0.12566370614359174
18.86,0.7370534964478584,0.6758310038842591,0.0021441928044410585,0.0,0.0,0.12566370614359174
18.88,0.7353526218472886,0.6776812849559425,0.0021441928044410585,0.0,0.0,0.12566370614359174
18.900000000000002,0.7336471023599006,0.6795272854243165,0.0021441928044410585,0.0,0.0,0.12566370614359174
18.92,0.7319369487586831,0.6813689936290379,0.0021441928044410585,0.0,0.0,0.12566370614359174
18.94,0.7302221718458956,0.6832063979368771,0.0021441928044410585,0.0,0.0,0.12566370614359174
18.96,0.7285027824530008,0.6850394867417894,0.0021441928044410585,0.0,0.0,0.12566370614359174
18.98,0.726778791440597,0.6868682484649904,0.0021441928044410585,0.0,0.0,0.12566370614359174
19.0,0.7250502096983477,0.6886926715550271,0.0021441928044410585,0.0,0.0,0.12566370614359174
19.02,0.7233170481449154,0.6905127444878512,0.0021441928044410585,0.0,0.0,0.12566370614359174
19.04,0.7215793177278901,0.6923284557668931,0.0021441928044410585,0.0,0.0,0.12566370614359174
19.06,0.7198370294237216,0.6941397939231335,0.0021441928044410585,0.0,0.0,0.12566370614359174
19.080000000000002,0.7180901942376493,0.6959467475151766,0.0021441928044410585,0.0,0.0,0.12566370614359174
19.1,0.7163388232036344,0.6977493051293207,0.0021441928044410585,0.0,0.0,0.12566370614359174
19.12,0.7145829273842877,0.6995474553796328,0.0021441928044410585,0.0,0.0,0.12566370614359174
19.14,0.712822517870802,0.7013411869080186,0.0021441928044410585,0.0,0.0,0.12566370614359174
19.16,0.71105760578288,0.7031304883842943,0.0021441928044410585,0.0,0.0,0.12566370614359174
19.18,0.7092882022686662,0.7049153485062597,0.0021441928044410585,0.0,0.0,0.12566370614359174
19.2,0.7075143185046743,0.7066957559997682,0.0021441928044410585,0.0,0.0,0.12566370614359174
19.22,0.7057359656957184,0.7084716996187986,0.0021441928044410585,0.0,0.0,0.12566370614359174
19.240000000000002,0.7039531550748414,0.710243168145526,0.0021441928044410585,0.0,0.0,0.12566370614359174
19.26,0.7021658979032445,0.7120101503903918,0.0021441928044410585,0.0,0.0,0.12566370614359174
19.28,0.7003742054702147,0.7137726351921758,0.0021441928044410585,0.0,0.0,0.12566370614359174
19.3,0.6985780890930554,0.7155306114180665,0.0021441928044410585,0.0,0.0,0.12566370614359174
19.32,0.6967775601170143,0.7172840679637305,0.0021441928044410585,0.0,0.0,0.12566370614359174
19.34,0.6949726299152106,0.7190329937533831,0.0021441928044410585,0.0,0.0,0.12566370614359174
19.36,0.6931633098885646,0.7207773777398587,0.0021441928044410585,0.0,0.0,0.12566370614359174
19.38,0.6913496114657245,0.7225172089046801,0.0021441928044410585,0.0,0.0,0.12566370614359174
19.400000000000002,0.6895315461029953,0.7242524762581278,0.0021441928044410585,0.0,0.0,0.12566370614359174
19.42,0.6877091252842665,0.7259831688393102,0.0021441928044410585,0.0,0.0,0.12566370614359174
19.44,0.6858823605209383,0.7277092757162322,0.0021441928044410585,0.0,0.0,0.12566370614359174
19.46,0.6840512633518495,0.7294307859858647,0.0021441928044410585,0.0,0.0,0.12566370614359174
19.48,0.6822158453432052,0.7311476887742135,0.0021441928044410585,0.0,0.0,0.12566370614359174
19.5,0.6803761180885027,0.7328599732363873,0.0021441928044410585,0.0,0.0,0.12566370614359174
19.52,0.6785320932084598,0.7345676285566666,0.0021441928044410585,0.0,0.0,0.12566370614359174
19.54,0.6766837823509392,0.7362706439485721,0.0021441928044410585,0.0,0.0,0.12566370614359174
19.56,0.6748311971908775,0.7379690086549333,0.0021441928044410585,0.0,0.0,0.12566370614359174
19.580000000000002,0.672974349430209,0.7396627119479564,0.0021441928044410585,0.0,0.0,0.12566370614359174
19.6,0.6711132507977933,0.7413517431292898,0.0021441928044410585,0.0,0.0,0.12566370614359174
19.62,0.6692479130493411,0.7430360915300949,0.0021441928044410585,0.0,0.0,0.12566370614359174
19.64,0.6673783479673395,0.744715746511112,0.0021441928044410585,0.0,0.0,0.12566370614359174
19.66,0.6655045673609772,0.7463906974627272,0.0021441928044410585,0.0,0.0,0.12566370614359174
19.68,0.6636265830660715,0.7480609338050402,0.0021441928044410585,0.0,0.0,0.12566370614359174
19.7,0.6617444069449916,0.7497264449879302,0.0021441928044410585,0.0,0.0,0.12566370614359174
19.72,0.6598580508865848,0.7513872204911235,0.0021441928044410585,0.0,0.0,0.12566370614359174
19.740000000000002,0.6579675268061005,0.7530432498242597,0.0021441928044410585,0.0,0.0,0.12566370614359174
19.76,0.6560728466451176,0.7546945225269569,0.0021441928044410585,0.0,0.0,0.12566370614359174
19.78,0.6541740223714649,0.7563410281688794,0.0021441928044410585,0.0,0.0,0.12566370614359174
19.8,0.6522710659791486,0.7579827563498027,0.0021441928044410585,0.0,0.0,0.12566370614359174
19.82,0.6503639894882756,0.7596196966996795,0.0021441928044410585,0.0,0.0,0.12566370614359174
19.84,0.6484528049449775,0.7612518388787047,0.0021441928044410585,0.0,0.0,0.12566370614359174
19.86,0.6465375244213345,0.7628791725773816,0.0021441928044410585,0.0,0.0,0.12566370614359174
19.88,0.6446181600152996,0.7645016875165862,0.0021441928044410585,0.0,0.0,0.12566370614359174
19.900000000000002,0.6426947238506208,0.7661193734476323,0.0021441928044410585,0.0,0.0,0.12566370614359174
19.92,0.6407672280767673,0.7677322201523356,0.0021441928044410585,0.0,0.0,0.12566370614359174
19.94,0.6388356848688497,0.7693402174430802,0.0021441928044410585,0.0,0.0,0.12566370614359174
19.96,0.6369001064275444,0.7709433551628816,0.0021441928044410585,0.0,0.0,0.12566370614359174
19.98,0.6349605049790167,0.7725416231854504,0.0021441928044410585,0.0,0.0,0.12566370614359174
20.0,0.6330168927748439,0.7741350114152571,0.0021441928044410585,0.0,0.0,0.12566370614359174
20.02,0.6310692820919368,0.7757235097875956,0.0021441928044410585,0.0,0.0,0.12566370614359174
20.04,0.629117685232463,0.777307108268647,0.0021441928044410585,0.0,0.0,0.12566370614359174
20.06,0.6271621145237694,0.7788857968555424,0.0021441928044410585,0.0,0.0,0.12566370614359174
20.080000000000002,0.6252025823183023,0.7804595655764272,0.0021441928044410585,0.0,0.0,0.12566370614359174
20.1,0.6232391009935332,0.7820284044905221,0.0021441928044410585,0.0,0.0,0.12566370614359174
20.12,0.621271682951877,0.7835923036881882,0.0021441928044410585,0.0,0.0,0.12566370614359174
20.14,0.6193003406206149,0.7851512532909881,0.0021441928044410585,0.0,0.0,0.12566370614359174
20.16,0.6173250864518174,0.7867052434517489,0.0021441928044410585,0.0,0.0,0.12566370614359174
20.18,0.6153459329222624,0.7882542643546241,0.0021441928044410585,0.0,0.0,0.12566370614359174
20.2,0.6133628925333597,0.7897983062151562,0.0021441928044410585,0.0,0.0,0.12566370614359174
20.22,0.6113759778110698,0.7913373592803372,0.0021441928044410585,0.0,0.0,0.12566370614359174
20.240000000000002,0.6093852013058259,0.792871413828672,0.0021441928044410585,0.0,0.0,0.12566370614359174
20.26,0.607390575592455,0.7944004601702376,0.0021441928044410585,0.0,0.0,0.12566370614359174
20.28,0.6053921132700969,0.7959244886467469,0.0021441928044410585,0.0,0.0,0.12566370614359174
20.3,0.6033898269621258,0.7974434896316069,0.0021441928044410585,0.0,0.0,0.12566370614359174
20.32,0.6013837293160702,0.7989574535299826,0.0021441928044410585,0.0,0.0,0.12566370614359174
20.34,0.599373833003533,0.8004663707788552,0.0021441928044410585,0.0,0.0,0.12566370614359174
20.36,0.597360150720112,0.8019702318470827,0.0021441928044410585,0.0,0.0,0.12566370614359174
20.38,0.5953426951853188,0.803469027235462,0.0021441928044410585,0.0,0.0,0.12566370614359174
20.400000000000002,0.5933214791424983,0.8049627474767868,0.0021441928044410585,0.0,0.0,0.12566370614359174
20.42,0.5912965153587507,0.8064513831359074,0.0021441928044410585,0.0,0.0,0.12566370614359174
20.44,0.5892678166248471,0.8079349248097921,0.0021441928044410585,0.0,0.0,0.12566370614359174
20.46,0.587235395755152,0.8094133631275859,0.0021441928044410585,0.0,0.0,0.12566370614359174
20.48,0.5851992655875392,0.8108866887506689,0.0021441928044410585,0.0,0.0,0.12566370614359174
20.5,0.5831594389833138,0.8123548923727153,0.0021441928044410585,0.0,0.0,0.12566370614359174
20.52,0.5811159288271296,0.813817964719753,0.0021441928044410585,0.0,0.0,0.12566370614359174
20.54,0.5790687480269071,0.815275896550222,0.0021441928044410585,0.0,0.0,0.12566370614359174
20.56,0.5770179095137533,0.816728678655033,0.0021441928044410585,0.0,0.0,0.12566370614359174
20.580000000000002,0.574963426241878,0.8181763018576248,0.0021441928044410585,0.0,0.0,0.12566370614359174
20.6,0.5729053111885147,0.8196187570140214,0.0021441928044410585,0.0,0.0,0.12566370614359174
20.62,0.5708435773538368,0.8210560350128929,0.0021441928044410585,0.0,0.0,0.12566370614359174
20.64,0.5687782377608757,0.8224881267756101,0.0021441928044410585,0.0,0.0,0.12566370614359174
20.66,0.5667093054554383,0.8239150232563027,0.0021441928044410585,0.0,0.0,0.12566370614359174
20.68,0.5646367935060258,0.8253367154419174,0.0021441928044410585,0.0,0.0,0.12566370614359174
20.7,0.5625607150037504,0.8267531943522738,0.0021441928044410585,0.0,0.0,0.12566370614359174
20.72,0.5604810830622519,0.828164451040121,0.0021441928044410585,0.0,0.0,0.12566370614359174
20.740000000000002,0.558397910817615,0.8295704765911952,0.0021441928044410585,0.0,0.0,0.12566370614359174
20.76,0.5563112114282895,0.8309712621242742,0.0021441928044410585,0.0,0.0,0.12566370614359174
20.78,0.5542209980750018,0.8323667987912354,0.0021441928044410585,0.0,0.0,0.12566370614359174
20.8,0.5521272839606755,0.833757077777111,0.0021441928044410585,0.0,0.0,0.12566370614359174
20.82,0.5500300823103471,0.8351420903001433,0.0021441928044410585,0.0,0.0,0.12566370614359174
20.84,0.5479294063710822,0.8365218276118402,0.0021441928044410585,0.0,0.0,0.12566370614359174
20.86,0.5458252694118914,0.8378962809970313,0.0021441928044410585,0.0,0.0,0.12566370614359174
20.88,0.5437176847236477,0.8392654417739218,0.0021441928044410585,0.0,0.0,0.12566370614359174
20.900000000000002,0.5416066656190004,0.8406293012941485,0.0021441928044410585,0.0,0.0,0.12566370614359174
20.92,0.5394922254322948,0.8419878509428328,0.0021441928044410585,0.0,0.0,0.12566370614359174
20.94,0.5373743775194839,0.8433410821386371,0.0021441928044410585,0.0,0.0,0.12566370614359174
20.96,0.535253135258046,0.8446889863338176,0.0021441928044410585,0.0,0.0,0.12566370614359174
20.98,0.5331285120468999,0.8460315550142787,0.0021441928044410585,0.0,0.0,0.12566370614359174
21.0,0.5310005213063209,0.8473687796996271,0.0021441928044410585,0.0,0.0,0.12566370614359174
21.02,0.5288691764778548,0.8487006519432253,0.0021441928044410585,0.0,0.0,0.12566370614359174
21.04,0.5267344910242341,0.8500271633322439,0.0021441928044410585,0.0,0.0,0.12566370614359174
21.06,0.5245964784292924,0.8513483054877158,0.0021441928044410585,0.0,0.0,0.12566370614359174
21.080000000000002,0.5224551521978784,0.8526640700645898,0.0021441928044410585,0.0,0.0,0.12566370614359174
21.1,0.5203105258557735,0.853974448751781,0.0021441928044410585,0.0,0.0,0.12566370614359174
21.12,0.5181626129496028,0.8552794332722258,0.0021441928044410585,0.0,0.0,0.12566370614359174
21.14,0.5160114270467517,0.8565790153829329,0.0021441928044410585,0.0,0.0,0.12566370614359174
21.16,0.5138569817352793,0.857873186875035,0.0021441928044410585,0.0,0.0,0.12566370614359174
21.18,0.5116992906238329,0.859161939573842,0.0021441928044410585,0.0,0.0,0.12566370614359174
21.2,0.5095383673415629,0.8604452653388911,0.0021441928044410585,0.0,0.0,0.12566370614359174
21.22,0.5073742255380348,0.8617231560639993,0.0021441928044410585,0.0,0.0,0.12566370614359174
21.240000000000002,0.5052068788831441,0.8629956036773146,0.0021441928044410585,0.0,0.0,0.12566370614359174
21.26,0.5030363410670309,0.8642626001413657,0.0021441928044410585,0.0,0.0,0.12566370614359174
21.28,0.5008626257999916,0.8655241374531145,0.0021441928044410585,0.0,0.0,0.12566370614359174
21.3,0.49868574681239297,0.866780207644006,0.0021441928044410585,0.0,0.0,0.12566370614359174
21.32,0.49650571785458575,0.868030802780018,0.0021441928044410585,0.0,0.0,0.12566370614359174
21.34,0.4943225526968177,0.8692759149617123,0.0021441928044410585,0.0,0.0,0.12566370614359174
21.36,0.4921362651291465,0.8705155363242831,0.0021441928044410585,0.0,0.0,0.12566370614359174
21.38,0.4899468689613528,0.8717496590376086,0.0021441928044410585,0.0,0.0,0.12566370614359174
21.400000000000002,0.48775437802285226,0.8729782753062986,0.0021441928044410585,0.0,0.0,0.12566370614359174
21.42,0.48555880616261005,0.8742013773697457,0.0021441928044410585,0.0,0.0,0.12566370614359174
21.44,0.4833601672490508,0.8754189575021718,0.0021441928044410585,0.0,0.0,0.12566370614359174
21.46,0.4811584751699729,0.8766310080126795,0.0021441928044410585,0.0,0.0,0.12566370614359174
21.48,0.4789537438324603,0.8778375212452986,0.0021441928044410585,0.0,0.0,0.12566370614359174
21.5,0.4767459871627943,0.879038489579036,0.0021441928044410585,0.0,0.0,0.12566370614359174
21.52,0.47453521910636565,0.8802339054279229,0.0021441928044410585,0.0,0.0,0.12566370614359174
21.54,0.4723214536275872,0.8814237612410634,0.0021441928044410585,0.0,0.0,0.12566370614359174
21.56,0.47010470470980475,0.8826080495026812,0.0021441928044410585,0.0,0.0,0.12566370614359174
21.580000000000002,0.46788498635520887,0.8837867627321685,0.0021441928044410585,0.0,0.0,0.12566370614359174
21.6,0.46566231258474794,0.8849598934841311,0.0021441928044410585,0.0,0.0,0.12566370614359174
21.62,0.4634366974380371,0.8861274343484381,0.0021441928044410585,0.0,0.0,0.12566370614359174
21.64,0.4612081549732712,0.8872893779502666,0.0021441928044410585,0.0,0.0,0.12566370614359174
21.66,0.45897669926713563,0.88844571695015,0.0021441928044410585,0.0,0.0,0.12566370614359174
21.68,0.45674234441471734,0.8895964440440218,0.0021441928044410585,0.0,0.0,0.12566370614359174
21.7,0.45450510452941617,0.8907415519632645,0.0021441928044410585,0.0,0.0,0.12566370614359174
21.72,0.4522649937428549,0.8918810334747543,0.0021441928044410585,0.0,0.0,0.12566370614359174
21.740000000000002,0.45002202620479037,0.8930148813809071,0.0021441928044410585,0.0,0.0,0.12566370614359174
21.76,0.4477762160830255,0.8941430885197224,0.0021441928044410585,0.0,0.0,0.12566370614359174
21.78,0.44552757756331723,0.8952656477648313,0.0021441928044410585,0.0,0.0,0.12566370614359174
21.8,0.4432761248492884,0.8963825520255393,0.0021441928044410585,0.0,0.0,0.12566370614359174
21.82,0.4410218721623381,0.8974937942468723,0.0021441928044410585,0.0,0.0,0.12566370614359174
21.84,0.43876483374155156,0.8985993674096201,0.0021441928044410585,0.0,0.0,0.12566370614359174
21.86,0.43650502384360984,0.899699264530382,0.0021441928044410585,0.0,0.0,0.12566370614359174
21.88,0.4342424567427007,0.9007934786616101,0.0021441928044410585,0.0,0.0,0.12566370614359174
21.900000000000002,0.4319771467304271,0.9018820028916533,0.0021441928044410585,0.0,0.0,0.12566370614359174
21.92,0.4297091081157191,0.9029648303448005,0.0021441928044410585,0.0,0.0,0.12566370614359174
21.94,0.42743835522474094,0.9040419541813253,0.0021441928044410585,0.0,0.0,0.12566370614359174
21.96,0.425164902400802,0.9051133675975279,0.0021441928044410585,0.0,0.0,0.12566370614359174
21.98,0.42288876400426584,0.9061790638257793,0.0021441928044410585,0.0,0.0,0.12566370614359174
22.0,0.42060995441245963,0.9072390361345626,0.0021441928044410585,0.0,0.0,0.12566370614359174
22.02,0.4183284880195832,0.9082932778285164,0.0021441928044410585,0.0,0.0,0.12566370614359174
22.04,0.4160443792366183,0.9093417822484776,0.0021441928044410585,0.0,0.0,0.12566370614359174
22.06,0.4137576424912376,0.9103845427715225,0.0021441928044410585,0.0,0.0,0.12566370614359174
22.080000000000002,0.41146829222771264,0.9114215528110089,0.0021441928044410585,0.0,0.0,0.12566370614359174
22.1,0.40917634290682475,0.9124528058166173,0.0021441928044410585,0.0,0.0,0.12566370614359174
22.12,0.406881809005771,0.9134782952743934,0.0021441928044410585,0.0,0.0,0.12566370614359174
22.14,0.4045847050180746,0.914498014706789,0.0021441928044410585,0.0,0.0,0.12566370614359174
22.16,0.4022850454534928,0.9155119576727013,0.0021441928044410585,0.0,0.0,0.12566370614359174
22.18,0.39998284483792546,0.9165201177675155,0.0021441928044410585,0.0,0.0,0.12566370614359174
22.2,0.3976781177133227,0.9175224886231449,0.0021441928044410585,0.0,0.0,0.12566370614359174
22.22,0.3953708786375935,0.9185190639080704,0.0021441928044410585,0.0,0.0,0.12566370614359174
22.240000000000002,0.3930611421845137,0.9195098373273808,0.0021441928044410585,0.0,0.0,0.12566370614359174
22.26,0.39074892294363484,0.920494802622812,0.0021441928044410585,0.0,0.0,0.12566370614359174
22.28,0.3884342355201897,0.9214739535727886,0.0021441928044410585,0.0,0.0,0.12566370614359174
22.3,0.3861170945350023,0.922447283992461,0.0021441928044410585,0.0,0.0,0.12566370614359174
22.32,0.3837975146243942,0.9234147877337454,0.0021441928044410585,0.0,0.0,0.12566370614359174
22.34,0.38147551044009287,0.9243764586853621,0.0021441928044410585,0.0,0.0,0.12566370614359174
22.36,0.3791510966491389,0.9253322907728747,0.0021441928044410585,0.0,0.0,0.12566370614359174
22.38,0.3768242879337929,0.926282277958728,0.0021441928044410585,0.0,0.0,0.12566370614359174
22.400000000000002,0.3744950989914429,0.927226414242287,0.0021441928044410585,0.0,0.0,0.12566370614359174
22.42,0.3721635445345133,0.9281646936598739,0.0021441928044410585,0.0,0.0,0.12566370614359174
22.44,0.36982963929036844,0.9290971102848052,0.0021441928044410585,0.0,0.0,0.12566370614359174
22.46,0.36749339800122255,0.9300236582274318,0.0021441928044410585,0.0,0.0,0.12566370614359174
22.48,0.36515483542404514,0.9309443316351725,0.0021441928044410585,0.0,0.0,0.12566370614359174
22.5,0.36281396633046864,0.931859124692554,0.0021441928044410585,0.0,0.0,0.12566370614359174
22.52,0.36047080550669447,0.9327680316212461,0.0021441928044410585,0.0,0.0,0.12566370614359174
22.54,0.3581253677533997,0.933671046680099,0.0021441928044410585,0.0,0.0,0.12566370614359174
22.56,0.355777667885644,0.9345681641651784,0.0021441928044410585,0.0,0.0,0.12566370614359174
22.580000000000002,0.3534277207327753,0.935459378409803,0.0021441928044410585,0.0,0.0,0.12566370614359174
22.6,0.3510755411383378,0.9363446837845788,0.0021441928044410585,0.0,0.0,0.12566370614359174
22.62,0.3487211439599758,0.9372240746974362,0.0021441928044410585,0.0,0.0,0.12566370614359174
22.64,0.3463645440693414,0.9380975455936641,0.0021441928044410585,0.0,0.0,0.12566370614359174
22.66,0.34400575635200037,0.9389650909559456,0.0021441928044410585,0.0,0.0,0.12566370614359174
22.68,0.3416447957073379,0.9398267053043933,0.0021441928044410585,0.0,0.0,0.12566370614359174
22.7,0.3392816770484647,0.9406823831965818,0.0021441928044410585,0.0,0.0,0.12566370614359174
22.72,0.3369164153021224,0.941532119227585,0.0021441928044410585,0.0,0.0,0.12566370614359174
22.740000000000002,0.3345490254085893,0.9423759080300084,0.0021441928044410585,0.0,0.0,0.12566370614359174
22.76,0.3321795223215874,0.9432137442740228,0.0021441928044410585,0.0,0.0,0.12566370614359174
22.78,0.3298079210081857,0.9440456226673994,0.0021441928044410585,0.0,0.0,0.12566370614359174
22.8,0.32743423644870695,0.9448715379555426,0.0021441928044410585,0.0,0.0,0.12566370614359174
22.82,0.32505848363663303,0.9456914849215218,0.0021441928044410585,0.0,0.0,0.12566370614359174
22.84,0.3226806775785099,0.9465054583861063,0.0021441928044410585,0.0,0.0,0.12566370614359174
22.86,0.32030083329385284,0.9473134532077981,0.0021441928044410585,0.0,0.0,0.12566370614359174
22.88,0.3179189658150517,0.9481154642828623,0.0021441928044410585,0.0,0.0,0.12566370614359174
22.900000000000002,0.31553509018727594,0.9489114865453614,0.0021441928044410585,0.0,0.0,0.12566370614359174
22.92,0.3131492214683802,0.9497015149671857,0.0021441928044410585,0.0,0.0,0.12566370614359174
22.94,0.31076137472880766,0.9504855445580864,0.0021441928044410585,0.0,0.0,0.12566370614359174
22.96,0.30837156505149593,0.9512635703657064,0.0021441928044410585,0.0,0.0,0.12566370614359174
22.98,0.30597980753178206,0.952035587475612,0.0021441928044410585,0.0,0.0,0.12566370614359174
23.0,0.3035861172773062,0.9528015910113236,0.0021441928044410585,0.0,0.0,0.12566370614359174
23.02,0.30119050940791714,0.9535615761343467,0.0021441928044410585,0.0,0.0,0.12566370614359174
23.04,0.2987929990555761,0.9543155380442017,0.0021441928044410585,0.0,0.0,0.12566370614359174
23.06,0.29639360136426135,0.955063471978456,0.0021441928044410585,0.0,0.0,0.12566370614359174
23.080000000000002,0.2939923314898725,0.955805373212752,0.0021441928044410585,0.0,0.0,0.12566370614359174
23.1,0.29158920460013604,0.9565412370608386,0.0021441928044410585,0.0,0.0,0.12566370614359174
23.12,0.289184235874507,0.9572710588745996,0.0021441928044410585,0.0,0.0,0.12566370614359174
23.14,0.2867774405040748,0.9579948340440837,0.0021441928044410585,0.0,0.0,0.12566370614359174
23.16,0.2843688336914672,0.9587125579975339,0.0021441928044410585,0.0,0.0,0.12566370614359174
23.18,0.28195843065075393,0.9594242262014149,0.0021441928044410585,0.0,0.0,0.12566370614359174
23.2,0.2795462466073505,0.9601298341604442,0.0021441928044410585,0.0,0.0,0.12566370614359174
23.22,0.2771322967979226,0.9608293774176182,0.0021441928044410585,0.0,0.0,0.12566370614359174
23.240000000000002,0.27471659647028845,0.9615228515542416,0.0021441928044410585,0.0,0.0,0.12566370614359174
23.26,0.27229916088332534,0.9622102521899549,0.0021441928044410585,0.0,0.0,0.12566370614359174
23.28,0.26988000530686956,0.9628915749827617,0.0021441928044410585,0.0,0.0,0.12566370614359174
23.3,0.2674591450216225,0.9635668156290572,0.0021441928044410585,0.0,0.0,0.12566370614359174
23.32,0.26503659531905366,0.9642359698636549,0.0021441928044410585,0.0,0.0,0.12566370614359174
23.34,0.2626123715013037,0.9648990334598124,0.0021441928044410585,0.0,0.0,0.12566370614359174
23.36,0.2601864888810878,0.9655560022292601,0.0021441928044410585,0.0,0.0,0.12566370614359174
23.38,0.2577589627815988,0.9662068720222258,0.0021441928044410585,0.0,0.0,0.12566370614359174
23.400000000000002,0.2553298085364107,0.9668516387274623,0.0021441928044410585,0.0,0.0,0.12566370614359174
23.42,0.2528990414893825,0.9674902982722725,0.0021441928044410585,0.0,0.0,0.12566370614359174
23.44,0.2504666769945598,0.9681228466225357,0.0021441928044410585,0.0,0.0,0.12566370614359174
23.46,0.24803273041607862,0.9687492797827328,0.0021441928044410585,0.0,0.0,0.12566370614359174
23.48,0.2455972171280682,0.9693695937959715,0.0021441928044410585,0.0,0.0,0.12566370614359174
23.5,0.24316015251455442,0.9699837847440117,0.0021441928044410585,0.0,0.0,0.12566370614359174
23.52,0.24072155196936185,0.9705918487472889,0.0021441928044410585,0.0,0.0,0.12566370614359174
23.54,0.2382814308960168,0.971193781964941,0.0021441928044410585,0.0,0.0,0.12566370614359174
23.56,0.23583980470765023,0.9717895805948303,0.0021441928044410585,0.0,0.0,0.12566370614359174
23.580000000000002,0.23339668882689965,0.972379240873569,0.0021441928044410585,0.0,0.0,0.12566370614359174
23.6,0.23095209868581373,0.9729627590765422,0.0021441928044410585,0.0,0.0,0.12566370614359174
23.62,0.22850604972575186,0.9735401315179313,0.0021441928044410585,0.0,0.0,0.12566370614359174
23.64,0.22605855739728886,0.974111354550739,0.0021441928044410585,0.0,0.0,0.12566370614359174
23.66,0.22360963716011636,0.9746764245668097,0.0021441928044410585,0.0,0.0,0.12566370614359174
23.68,0.2211593044829456,0.9752353379968544,0.0021441928044410585,0.0,0.0,0.12566370614359174
23.7,0.21870757484340936,0.9757880913104717,0.0021441928044410585,0.0,0.0,0.12566370614359174
23.72,0.2162544637279647,0.9763346810161714,0.0021441928044410585,0.0,0.0,0.12566370614359174
23.740000000000002,0.21379998663179414,0.9768751036613963,0.0021441928044410585,0.0,0.0,0.12566370614359174
23.76,0.21134415905870996,0.9774093558325426,0.0021441928044410585,0.0,0.0,0.12566370614359174
23.78,0.20888699652105328,0.9779374341549834,0.0021441928044410585,0.0,0.0,0.12566370614359174
23.8,0.20642851453959826,0.9784593352930894,0.0021441928044410585,0.0,0.0,0.12566370614359174
23.82,0.20396872864345317,0.9789750559502489,0.0021441928044410585,0.0,0.0,0.12566370614359174
23.84,0.2015076543699626,0.97948459286889,0.0021441928044410585,0.0,0.0,0.12566370614359174
23.86,0.1990453072646093,0.9799879428305006,0.0021441928044410585,0.0,0.0,0.12566370614359174
23.88,0.1965817028809158,0.9804851026556489,0.0021441928044410585,0.0,0.0,0.12566370614359174
23.900000000000002,0.19411685678034596,0.980976069204003,0.0021441928044410585,0.0,0.0,0.12566370614359174
23.92,0.19165078453220813,0.9814608393743521,0.0021441928044410585,0.0,0.0,0.12566370614359174
23.94,0.18918350171355464,0.9819394101046237,0.0021441928044410585,0.0,0.0,0.12566370614359174
23.96,0.18671502390908457,0.9824117783719051,0.0021441928044410585,0.0,0.0,0.12566370614359174
23.98,0.18424536671104547,0.9828779411924613,0.0021441928044410585,0.0,0.0,0.12566370614359174
24.0,0.18177454571913435,0.9833378956217549,0.0021441928044410585,0.0,0.0,0.12566370614359174
24.02,0.17930257654039952,0.9837916387544636,0.0021441928044410585,0.0,0.0,0.12566370614359174
24.04,0.17682947478914174,0.9842391677244995,0.0021441928044410585,0.0,0.0,0.12566370614359174
24.060000000000002,0.1743552560868154,0.9846804797050258,0.0021441928044410585,0.0,0.0,0.12566370614359174
24.080000000000002,0.1718799360619314,0.9851155719084765,0.0021441928044410585,0.0,0.0,0.12566370614359174
24.1,0.16940353034995587,0.9855444415865732,0.0021441928044410585,0.0,0.0,0.12566370614359174
24.12,0.16692605459321325,0.9859670860303412,0.0021441928044410585,0.0,0.0,0.12566370614359174
24.14,0.16444752444078684,0.9863835025701289,0.0021441928044410585,0.0,0.0,0.12566370614359174
24.16,0.1619679555484202,0.986793688575623,0.0021441928044410585,0.0,0.0,0.12566370614359174
24.18,0.15948736357841803,0.9871976414558659,0.0021441928044410585,0.0,0.0,0.12566370614359174
24.2,0.15700576419954748,0.9875953586592713,0.0021441928044410585,0.0,0.0,0.12566370614359174
24.22,0.15452317308693891,0.9879868376736417,0.0021441928044410585,0.0,0.0,0.12566370614359174
24.240000000000002,0.15203960592198668,0.9883720760261826,0.0021441928044410585,0.0,0.0,0.12566370614359174
24.26,0.1495550783922515,0.988751071283519,0.0021441928044410585,0.0,0.0,0.12566370614359174
24.28,0.14706960619135925,0.9891238210517111,0.0021441928044410585,0.0,0.0,0.12566370614359174
24.3,0.14458320501890315,0.9894903229762688,0.0021441928044410585,0.0,0.0,0.12566370614359174
24.32,0.1420958905803444,0.9898505747421669,0.0021441928044410585,0.0,0.0,0.12566370614359174
24.34,0.13960767858691275,0.9902045740738589,0.0021441928044410585,0.0,0.0,0.12566370614359174
24.36,0.13711858475550753,0.9905523187352929,0.0021441928044410585,0.0,0.0,0.12566370614359174
24.38,0.13462862480859822,0.9908938065299251,0.0021441928044410585,0.0,0.0,0.12566370614359174
24.400000000000002,0.1321378144741246,0.9912290353007325,0.0021441928044410585,0.0,0.0,0.12566370614359174
24.42,0.12964616948539937,0.9915580029302282,0.0021441928044410585,0.0,0.0,0.12566370614359174
24.44,0.12715370558100603,0.9918807073404736,0.0021441928044410585,0.0,0.0,0.12566370614359174
24.46,0.12466043850470129,0.9921971464930922,0.0021441928044410585,0.0,0.0,0.12566370614359174
24.48,0.12216638400531499,0.992507318389283,0.0021441928044410585,0.0,0.0,0.12566370614359174
24.5,0.11967155783665087,0.9928112210698311,0.0021441928044410585,0.0,0.0,0.12566370614359174
24.52,0.11717597575738699,0.993108852615122,0.0021441928044410585,0.0,0.0,0.12566370614359174
24.54,0.11467965353097603,0.9934002111451534,0.0021441928044410585,0.0,0.0,0.12566370614359174
24.560000000000002,0.11218260692554548,0.9936852948195461,0.0021441928044410585,0.0,0.0,0.12566370614359174
24.580000000000002,0.1096848517137997,0.993964101837557,0.0021441928044410585,0.0,0.0,0.12566370614359174
24.6,0.10718640367291765,0.9942366304380893,0.0021441928044410585,0.0,0.0,0.12566370614359174
24.62,0.10468727858445506,0.9945028788997043,0.0021441928044410585,0.0,0.0,0.12566370614359174
24.64,0.1021874922342443,0.9947628455406322,0.0021441928044410585,0.0,0.0,0.12566370614359174
24.66,0.09968706041229451,0.9950165287187821,0.0021441928044410585,0.0,0.0,0.12566370614359174
24.68,0.09718599891269206,0.9952639268317534,0.0021441928044410585,0.0,0.0,0.12566370614359174
24.7,0.09468432353350067,0.995505038316845,0.0021441928044410585,0.0,0.0,0.12566370614359174
24.72,0.0921820500766617,0.9957398616510658,0.0021441928044410585,0.0,0.0,0.12566370614359174
24.740000000000002,0.08967919434789384,0.9959683953511439,0.0021441928044410585,0.0,0.0,0.12566370614359174
24.76,0.08717577215659501,0.9961906379735361,0.0021441928044410585,0.0,0.0,0.12566370614359174
24.78,0.0846717993157399,0.9964065881144373,0.0021441928044410585,0.0,0.0,0.12566370614359174
24.8,0.08216729164178187,0.9966162444097895,0.0021441928044410585,0.0,0.0,0.12566370614359174
24.82,0.0796622649545526,0.9968196055352895,0.0021441928044410585,0.0,0.0,0.12566370614359174
24.84,0.07715673507716213,0.9970166702063975,0.0021441928044410585,0.0,0.0,0.12566370614359174
24.86,0.07465071783589883,0.9972074371783459,0.0021441928044410585,0.0,0.0,0.12566370614359174
24.88,0.0721442290601296,0.9973919052461474,0.0021441928044410585,0.0,0.0,0.12566370614359174
24.900000000000002,0.06963728458219938,0.9975700732446008,0.0021441928044410585,0.0,0.0,0.12566370614359174
24.92,0.0671299002373329,0.9977419400483005,0.0021441928044410585,0.0,0.0,0.12566370614359174
24.94,0.06462209186353195,0.9979075045716423,0.0021441928044410585,0.0,0.0,0.12566370614359174
24.96,0.062113875301477266,0.9980667657688307,0.0021441928044410585,0.0,0.0,0.12566370614359174
24.98,0.059605266394427765,0.9982197226338853,0.0021441928044410585,0.0,0.0,0.12566370614359174
25.0,0.05709628098812076,0.9983663742006474,0.0021441928044410585,0.0,0.0,0.12566370614359174
25.02,0.054586934930671654,0.9985067195427862,0.0021441928044410585,0.0,0.0,0.12566370614359174
25.04,0.05207724407247397,0.9986407577738045,0.0021441928044410585,0.0,0.0,0.12566370614359174
25.060000000000002,0.04956722426609874,0.9987684880470431,0.0021441928044410585,0.0,0.0,0.12566370614359174
25.080000000000002,0.0470568913661961,0.9988899095556887,0.0021441928044410585,0.0,0.0,0.12566370614359174
25.1,0.04454626122939256,0.9990050215327771,0.0021441928044410585,0.0,0.0,0.12566370614359174
25.12,0.04203534971419256,0.9991138232511982,0.0021441928044410585,0.0,0.0,0.12566370614359174
25.14,0.03952417268087789,0.9992163140237019,0.0021441928044410585,0.0,0.0,0.12566370614359174
25.16,0.037012745991407525,0.9993124932029003,0.0021441928044410585,0.0,0.0,0.12566370614359174
25.18,0.03450108550931734,0.9994023601812732,0.0021441928044410585,0.0,0.0,0.12566370614359174
25.2,0.031989207099620026,0.9994859143911723,0.0021441928044410585,0.0,0.0,0.12566370614359174
25.22,0.02947712662870479,0.9995631553048241,0.0021441928044410585,0.0,0.0,0.12566370614359174
25.240000000000002,0.02696485996423675,0.9996340824343325,0.0021441928044410585,0.0,0.0,0.12566370614359174
25.26,0.024452422975058445,0.9996986953316831,0.0021441928044410585,0.0,0.0,0.12566370614359174
25.28,0.02193983153108694,0.9997569935887463,0.0021441928044410585,0.0,0.0,0.12566370614359174
25.3,0.019427101503215364,0.9998089768372783,0.0021441928044410585,0.0,0.0,0.12566370614359174
25.32,0.016914248763212226,0.9998546447489243,0.0021441928044410585,0.0,0.0,0.12566370614359174
25.34,0.014401289183621144,0.9998939970352213,0.0021441928044410585,0.0,0.0,0.12566370614359174
25.36,0.011888238637660592,0.9999270334475991,0.0021441928044410585,0.0,0.0,0.12566370614359174
25.38,0.009375112999123645,0.9999537537773814,0.0021441928044410585,0.0,0.0,0.12566370614359174
25.400000000000002,0.006861928142277249,0.9999741578557881,0.0021441928044410585,0.0,0.0,0.12566370614359174
25.42,0.004348699941763752,0.999988245553936,0.0021441928044410585,0.0,0.0,0.12566370614359174
25.44,0.001835444272497941,0.9999960167828396,0.0021441928044410585,0.0,0.0,0.12566370614359174
25.46,-0.000677822990431443,0.9999974714934112,0.0021441928044410585,0.0,0.0,0.12566370614359174
25.48,-0.0031910859718624284,0.9999926096764629,0.0021441928044410585,0.0,0.0,0.12566370614359174
25.5,-0.005704328796660087,0.9999814313627038,0.0021441928044410585,0.0,0.0,0.12566370614359174
25.52,-0.00821753558981681,0.9999639366227426,0.0021441928044410585,0.0,0.0,0.12566370614359174
25.54,-0.01073069047655258,0.9999401255670856,0.0021441928044410585,0.0,0.0,0.12566370614359174
25.560000000000002,-0.013243777582415711,0.9999099983461364,0.0021441928044410585,0.0,0.0,0.12566370614359174
25.580000000000002,-0.015756781033381295,0.9998735551501946,0.0021441928044410585,0.0,0.0,0.12566370614359174
25.6,-0.018269684955954196,0.9998307962094553,0.0021441928044410585,0.0,0.0,0.12566370614359174
25.62,-0.02078247347726749,0.9997817217940076,0.0021441928044410585,0.0,0.0,0.12566370614359174
25.64,-0.0232951307251832,0.9997263322138318,0.0021441928044410585,0.0,0.0,0.12566370614359174
25.66,-0.02580764082839254,0.9996646278187986,0.0021441928044410585,0.0,0.0,0.12566370614359174
25.68,-0.028319987916516163,0.9995966089986666,0.0021441928044410585,0.0,0.0,0.12566370614359174
25.7,-0.030832156120204415,0.9995222761830795,0.0021441928044410585,0.0,0.0,0.12566370614359174
25.72,-0.0333441295712376,0.9994416298415637,0.0021441928044410585,0.0,0.0,0.12566370614359174
25.740000000000002,-0.035855892402626585,0.9993546704835257,0.0021441928044410585,0.0,0.0,0.12566370614359174
25.76,-0.03836742874871133,0.9992613986582477,0.0021441928044410585,0.0,0.0,0.12566370614359174
25.78,-0.04087872274526371,0.9991618149548853,0.0021441928044410585,0.0,0.0,0.12566370614359174
25.8,-0.043389758529585994,0.9990559200024636,0.0021441928044410585,0.0,0.0,0.12566370614359174
25.82,-0.04590052024061143,0.9989437144698725,0.0021441928044410585,0.0,0.0,0.12566370614359174
25.84,-0.04841099201900445,0.9988251990658631,0.0021441928044410585,0.0,0.0,0.12566370614359174
25.86,-0.050921158007260936,0.9987003745390433,0.0021441928044410585,0.0,0.0,0.12566370614359174
25.88,-0.053431002349808215,0.9985692416778719,0.0021441928044410585,0.0,0.0,0.12566370614359174
25.900000000000002,-0.055940509193105774,0.9984318013106562,0.0021441928044410585,0.0,0.0,0.12566370614359174
25.92,-0.05844966268574363,0.998288054305544,0.0021441928044410585,0.0,0.0,0.12566370614359174
25.94,-0.06095844697854503,0.9981380015705191,0.0021441928044410585,0.0,0.0,0.12566370614359174
25.96,-0.0634668462246649,0.9979816440533966,0.0021441928044410585,0.0,0.0,0.12566370614359174
25.98,-0.06597484457969027,0.9978189827418155,0.0021441928044410585,0.0,0.0,0.12566370614359174
26.0,-0.0684824262017405,0.9976500186632329,0.0021441928044410585,0.0,0.0,0.12566370614359174
26.02,-0.07098957525156724,0.9974747528849182,0.0021441928044410585,0.0,0.0,0.12566370614359174
26.04,-0.07349627589265444,0.9972931865139448,0.0021441928044410585,0.0,0.0,0.12566370614359174
26.060000000000002,-0.07600251229131894,0.9971053206971845,0.0021441928044410585,0.0,0.0,0.12566370614359174
26.080000000000002,-0.07850826861680861,0.9969111566213001,0.0021441928044410585,0.0,0.0,0.12566370614359174
26.1,-0.08101352904140513,0.9967106955127376,0.0021441928044410585,0.0,0.0,0.12566370614359174
26.12,-0.08351827774052203,0.9965039386377178,0.0021441928044410585,0.0,0.0,0.12566370614359174
26.14,-0.08602249889280521,0.9962908873022299,0.0021441928044410585,0.0,0.0,0.12566370614359174
26.16,-0.08852617668023283,0.9960715428520219,0.0021441928044410585,0.0,0.0,0.12566370614359174
26.18,-0.09102929528821531,0.9958459066725927,0.0021441928044410585,0.0,0.0,0.12566370614359174
26.2,-0.09353183890569505,0.9956139801891829,0.0021441928044410585,0.0,0.0,0.12566370614359174
26.22,-0.09603379172524644,0.9953757648667659,0.0021441928044410585,0.0,0.0,0.12566370614359174
26.240000000000002,-0.0985351379431762,0.9951312622100397,0.0021441928044410585,0.0,0.0,0.12566370614359174
26.26,-0.10103586175962123,0.9948804737634156,0.0021441928044410585,0.0,0.0,0.12566370614359174
26.28,-0.10353594737865117,0.9946234011110099,0.0021441928044410585,0.0,0.0,0.12566370614359174
26.3,-0.10603537900836656,0.9943600458766331,0.0021441928044410585,0.0,0.0,0.12566370614359174
26.32,-0.1085341408609988,0.9940904097237802,0.0021441928044410585,0.0,0.0,0.12566370614359174
26.34,-0.11103221715300991,0.9938144943556192,0.0021441928044410585,0.0,0.0,0.12566370614359174
26.36,-0.11352959210519242,0.9935323015149822,0.0021441928044410585,0.0,0.0,0.12566370614359174
26.38,-0.11602624994276878,0.9932438329843518,0.0021441928044410585,0.0,0.0,0.12566370614359174
26.400000000000002,-0.11852217489549162,0.9929490905858527,0.0021441928044410585,0.0,0.0,0.12566370614359174
26.42,-0.12101735119774154,0.9926480761812376,0.0021441928044410585,0.0,0.0,0.12566370614359174
26.44,-0.12351176308862938,0.9923407916718775,0.0021441928044410585,0.0,0.0,0.12566370614359174
26.46,-0.12600539481209388,0.9920272389987473,0.0021441928044410585,0.0,0.0,0.12566370614359174
26.48,-0.12849823061700194,0.9917074201424174,0.0021441928044410585,0.0,0.0,0.12566370614359174
26.5,-0.13099025475724752,0.9913813371230371,0.0021441928044410585,0.0,0.0,0.12566370614359174
26.52,-0.133481451491852,0.9910489920003236,0.0021441928044410585,0.0,0.0,0.12566370614359174
26.54,-0.13597180508506287,0.9907103868735498,0.0021441928044410585,0.0,0.0,0.12566370614359174
26.560000000000002,-0.13846129980645366,0.9903655238815295,0.0021441928044410585,0.0,0.0,0.12566370614359174
26.580000000000002,-0.14094991993102185,0.9900144052026051,0.0021441928044410585,0.0,0.0,0.12566370614359174
26.6,-0.1434376497392906,0.9896570330546327,0.0021441928044410585,0.0,0.0,0.12566370614359174
26.62,-0.14592447351740642,0.989293409694969,0.0021441928044410585,0.0,0.0,0.12566370614359174
26.64,-0.14841037555723877,0.988923537420457,0.0021441928044410585,0.0,0.0,0.12566370614359174
26.66,-0.15089534015647918,0.9885474185674105,0.0021441928044410585,0.0,0.0,0.12566370614359174
26.68,-0.1533793516187409,0.9881650555116008,0.0021441928044410585,0.0,0.0,0.12566370614359174
26.7,-0.15586239425365733,0.9877764506682408,0.0021441928044410585,0.0,0.0,0.12566370614359174
26.72,-0.15834445237698172,0.9873816064919698,0.0021441928044410585,0.0,0.0,0.12566370614359174
26.740000000000002,-0.16082551031068637,0.9869805254768387,0.0021441928044410585,0.0,0.0,0.12566370614359174
26.76,-0.1633055523830602,0.9865732101562927,0.0021441928044410585,0.0,0.0,0.12566370614359174
26.78,-0.1657845629288099,0.9861596631031572,0.0021441928044410585,0.0,0.0,0.12566370614359174
26.8,-0.16826252628915755,0.98573988692962,0.0021441928044410585,0.0,0.0,0.12566370614359174
26.82,-0.17073942681193996,0.9853138842872156,0.0021441928044410585,0.0,0.0,0.12566370614359174
26.84,-0.17321524885170714,0.9848816578668077,0.0021441928044410585,0.0,0.0,0.12566370614359174
26.86,-0.1756899767698215,0.9844432103985733,0.0021441928044410585,0.0,0.0,0.12566370614359174
26.88,-0.1781635949345565,0.9839985446519854,0.0021441928044410585,0.0,0.0,0.12566370614359174
26.900000000000002,-0.18063608772119588,0.9835476634357945,0.0021441928044410585,0.0,0.0,0.12566370614359174
26.92,-0.18310743951213054,0.983090569598011,0.0021441928044410585,0.0,0.0,0.12566370614359174
26.94,-0.18557763469695987,0.9826272660258883,0.0021441928044410585,0.0,0.0,0.12566370614359174
26.96,-0.1880466576725885,0.9821577556459038,0.0021441928044410585,0.0,0.0,0.12566370614359174
26.98,-0.1905144928433255,0.9816820414237397,0.0021441928044410585,0.0,0.0,0.12566370614359174
27.0,-0.19298112462098257,0.9812001263642658,0.0021441928044410585,0.0,0.0,0.12566370614359174
27.02,-0.19544653742497292,0.9807120135115194,0.0021441928044410585,0.0,0.0,0.12566370614359174
27.04,-0.19791071568240928,0.9802177059486868,0.0021441928044410585,0.0,0.0,0.12566370614359174
27.060000000000002,-0.20037364382820297,0.9797172067980834,0.0021441928044410585,0.0,0.0,0.12566370614359174
27.080000000000002,-0.2028353063051604,0.9792105192211333,0.0021441928044410585,0.0,0.0,0.12566370614359174
27.1,-0.2052956875640838,0.978697646418351,0.0021441928044410585,0.0,0.0,0.12566370614359174
27.12,-0.20775477206386805,0.9781785916293196,0.0021441928044410585,0.0,0.0,0.12566370614359174
27.14,-0.210212544271599,0.9776533581326717,0.0021441928044410585,0.0,0.0,0.12566370614359174
27.16,-0.21266898866265146,0.9771219492460673,0.0021441928044410585,0.0,0.0,0.12566370614359174
27.18,-0.2151240897207877,0.9765843683261738,0.0021441928044410585,0.0,0.0,0.12566370614359174
27.2,-0.21757783193825508,0.9760406187686442,0.0021441928044410585,0.0,0.0,0.12566370614359174
27.22,-0.22003019981588415,0.9754907040080965,0.0021441928044410585,0.0,0.0,0.12566370614359174
27.240000000000002,-0.22248117786318705,0.9749346275180909,0.0021441928044410585,0.0,0.0,0.12566370614359174
27.26,-0.2249307505984534,0.9743723928111088,0.0021441928044410585,0.0,0.0,0.12566370614359174
27.28,-0.22737890254885093,0.9738040034385306,0.0021441928044410585,0.0,0.0,0.12566370614359174
27.3,-0.22982561825052142,0.9732294629906121,0.0021441928044410585,0.0,0.0,0.12566370614359174
27.32,-0.23227088224867876,0.9726487750964632,0.0021441928044410585,0.0,0.0,0.12566370614359174
27.34,-0.23471467909770652,0.9720619434240241,0.0021441928044410585,0.0,0.0,0.12566370614359174
27.36,-0.2371569933612555,0.9714689716800424,0.0021441928044410585,0.0,0.0,0.12566370614359174
27.38,-0.2395978096123415,0.9708698636100505,0.0021441928044410585,0.0,0.0,0.12566370614359174
27.400000000000002,-0.24203711243344309,0.9702646229983402,0.0021441928044410585,0.0,0.0,0.12566370614359174
27.42,-0.24447488641659684,0.9696532536679401,0.0021441928044410585,0.0,0.0,0.12566370614359174
27.44,-0.24691111616349798,0.9690357594805912,0.0021441928044410585,0.0,0.0,0.12566370614359174
27.46,-0.24934578628559523,0.9684121443367226,0.0021441928044410585,0.0,0.0,0.12566370614359174
27.48,-0.2517788814041889,0.9677824121754262,0.0021441928044410585,0.0,0.0,0.12566370614359174
27.5,-0.2542103861505278,0.9671465669744328,0.0021441928044410585,0.0,0.0,0.12566370614359174
27.52,-0.25664028516590665,0.9665046127500861,0.0021441928044410585,0.0,0.0,0.12566370614359174
27.54,-0.25906856310176246,0.9658565535573177,0.0021441928044410585,0.0,0.0,0.12566370614359174
27.560000000000002,-0.26149520461977255,0.965202393489622,0.0021441928044410585,0.0,0.0,0.12566370614359174
27.580000000000002,-0.2639201943919493,0.9645421366790295,0.0021441928044410585,0.0,0.0,0.12566370614359174
27.6,-0.2663435171007397,0.9638757872960813,0.0021441928044410585,0.0,0.0,0.12566370614359174
27.62,-0.26876515743912077,0.9632033495498015,0.0021441928044410585,0.0,0.0,0.12566370614359174
27.64,-0.2711851001106956,0.9625248276876729,0.0021441928044410585,0.0,0.0,0.12566370614359174
27.66,-0.2736033298297914,0.9618402259956084,0.0021441928044410585,0.0,0.0,0.12566370614359174
27.68,-0.2760198313215548,0.961149548797924,0.0021441928044410585,0.0,0.0,0.12566370614359174
27.7,-0.27843458932204906,0.9604528004573125,0.0021441928044410585,0.0,0.0,0.12566370614359174
27.72,-0.2808475885783502,0.9597499853748152,0.0021441928044410585,0.0,0.0,0.12566370614359174
27.740000000000002,-0.2832588138486438,0.9590411079897937,0.0021441928044410585,0.0,0.0,0.12566370614359174
27.76,-0.28566824990232,0.9583261727799036,0.0021441928044410585,0.0,0.0,0.12566370614359174
27.78,-0.28807588152007146,0.9576051842610636,0.0021441928044410585,0.0,0.0,0.12566370614359174
27.8,-0.2904816934939883,0.9568781469874291,0.0021441928044410585,0.0,0.0,0.12566370614359174
27.82,-0.2928856706276547,0.956145065551363,0.0021441928044410585,0.0,0.0,0.12566370614359174
27.84,-0.29528779773624453,0.955405944583406,0.0021441928044410585,0.0,0.0,0.12566370614359174
27.86,-0.29768805964661726,0.9546607887522478,0.0021441928044410585,0.0,0.0,0.12566370614359174
27.88,-0.3000864411974143,0.9539096027646973,0.0021441928044410585,0.0,0.0,0.12566370614359174
27.900000000000002,-0.30248292723915454,0.9531523913656538,0.0021441928044410585,0.0,0.0,0.12566370614359174
27.92,-0.3048775026343289,0.952389159338076,0.0021441928044410585,0.0,0.0,0.12566370614359174
27.94,-0.3072701522574982,0.9516199115029518,0.0021441928044410585,0.0,0.0,0.12566370614359174
27.96,-0.30966086099538714,0.9508446527192691,0.0021441928044410585,0.0,0.0,0.12566370614359174
27.98,-0.3120496137469798,0.9500633878839835,0.0021441928044410585,0.0,0.0,0.12566370614359174
28.0,-0.31443639542361573,0.9492761219319882,0.0021441928044410585,0.0,0.0,0.12566370614359174
28.02,-0.31682119094908445,0.9484828598360834,0.0021441928044410585,0.0,0.0,0.12566370614359174
28.04,-0.31920398525972143,0.947683606606943,0.0021441928044410585,0.0,0.0,0.12566370614359174
28.060000000000002,-0.3215847633045033,0.9468783672930848,0.0021441928044410585,0.0,0.0,0.12566370614359174
28.080000000000002,-0.32396351004514096,0.9460671469808386,0.0021441928044410585,0.0,0.0,0.12566370614359174
28.1,-0.3263402104561776,0.9452499507943122,0.0021441928044410585,0.0,0.0,0.12566370614359174
28.12,-0.3287148495250818,0.9444267838953609,0.0021441928044410585,0.0,0.0,0.12566370614359174
28.14,-0.3310874122523426,0.9435976514835543,0.0021441928044410585,0.0,0.0,0.12566370614359174
28.16,-0.33345788365156426,0.9427625587961433,0.0021441928044410585,0.0,0.0,0.12566370614359174
28.18,-0.33582624874956113,0.9419215111080272,0.0021441928044410585,0.0,0.0,0.12566370614359174
28.2,-0.3381924925864522,0.9410745137317204,0.0021441928044410585,0.0,0.0,0.12566370614359174
28.22,-0.3405566002157552,0.9402215720173186,0.0021441928044410585,0.0,0.0,0.12566370614359174
28.240000000000002,-0.34291855670448196,0.9393626913524651,0.0021441928044410585,0.0,0.0,0.12566370614359174
28.26,-0.3452783471332305,0.9384978771623175,0.0021441928044410585,0.0,0.0,0.12566370614359174
28.28,-0.3476359565962829,0.9376271349095114,0.0021441928044410585,0.0,0.0,0.12566370614359174
28.3,-0.34999137020169613,0.9367504700941288,0.0021441928044410585,0.0,0.0,0.12566370614359174
28.32,-0.3523445730713977,0.9358678882536607,0.0021441928044410585,0.0,0.0,0.12566370614359174
28.34,-0.3546955503412794,0.934979394962974,0.0021441928044410585,0.0,0.0,0.12566370614359174
28.36,-0.35704428716129105,0.9340849958342748,0.0021441928044410585,0.0,0.0,0.12566370614359174
28.38,-0.3593907686955342,0.9331846965170746,0.0021441928044410585,0.0,0.0,0.12566370614359174
28.400000000000002,-0.36173498012235683,0.9322785026981529,0.0021441928044410585,0.0,0.0,0.12566370614359174
28.42,-0.36407690663444453,0.9313664201015225,0.0021441928044410585,0.0,0.0,0.12566370614359174
28.44,-0.3664165334389172,0.9304484544883929,0.0021441928044410585,0.0,0.0,0.12566370614359174
28.46,-0.36875384575742043,0.9295246116571335,0.0021441928044410585,0.0,0.0,0.12566370614359174
28.48,-0.371088828826219,0.9285948974432379,0.0021441928044410585,0.0,0.0,0.12566370614359174
28.5,-0.3734214678962908,0.9276593177192862,0.0021441928044410585,0.0,0.0,0.12566370614359174
28.52,-0.3757517482334199,0.9267178783949089,0.0021441928044410585,0.0,0.0,0.12566370614359174
28.54,-0.37807965511828934,0.9257705854167478,0.0021441928044410585,0.0,0.0,0.12566370614359174
28.560000000000002,-0.3804051738465743,0.9248174447684204,0.0021441928044410585,0.0,0.0,0.12566370614359174
28.580000000000002,-0.38272828972903356,0.923858462470481,0.0021441928044410585,0.0,0.0,0.12566370614359174
28.6,-0.38504898809160526,0.9228936445803836,0.0021441928044410585,0.0,0.0,0.12566370614359174
28.62,-0.3873672542754971,0.9219229971924418,0.0021441928044410585,0.0,0.0,0.12566370614359174
28.64,-0.38968307363728016,0.9209465264377921,0.0021441928044410585,0.0,0.0,0.12566370614359174
28.66,-0.3919964315489807,0.9199642384843545,0.0021441928044410585,0.0,0.0,0.12566370614359174
28.68,-0.3943073133981726,0.9189761395367934,0.0021441928044410585,0.0,0.0,0.12566370614359174
28.7,-0.39661570458807033,0.9179822358364791,0.0021441928044410585,0.0,0.0,0.12566370614359174
28.72,-0.39892159053762044,0.916982533661448,0.0021441928044410585,0.0,0.0,0.12566370614359174
28.740000000000002,-0.4012249566815945,0.9159770393263612,0.0021441928044410585,0.0,0.0,0.12566370614359174
28.76,-0.40352578847067927,0.9149657591824681,0.0021441928044410585,0.0,0.0,0.12566370614359174
28.78,-0.4058240713715711,0.9139486996175636,0.0021441928044410585,0.0,0.0,0.12566370614359174
28.8,-0.40811979086706607,0.9129258670559485,0.0021441928044410585,0.0,0.0,0.12566370614359174
28.82,-0.4104129324561522,0.9118972679583899,0.0021441928044410585,0.0,0.0,0.12566370614359174
28.84,-0.4127034816541009,0.9108629088220777,0.0021441928044410585,0.0,0.0,0.12566370614359174
28.86,-0.4149914239925585,0.9098227961805869,0.0021441928044410585,0.0,0.0,0.12566370614359174
28.88,-0.4172767450196377,0.9087769366038346,0.0021441928044410585,0.0,0.0,0.12566370614359174
28.900000000000002,-0.4195594303000092,0.9077253366980373,0.0021441928044410585,0.0,0.0,0.12566370614359174
28.92,-0.4218394654149917,0.9066680031056723,0.0021441928044410585,0.0,0.0,0.12566370614359174
28.94,-0.4241168359626441,0.9056049425054333,0.0021441928044410585,0.0,0.0,0.12566370614359174
28.96,-0.4263915275578566,0.9045361616121883,0.0021441928044410585,0.0,0.0,0.12566370614359174
28.98,-0.42866352583244066,0.9034616671769385,0.0021441928044410585,0.0,0.0,0.12566370614359174
29.0,-0.4309328164352204,0.902381465986775,0.0021441928044410585,0.0,0.0,0.12566370614359174
29.02,-0.4331993850321231,0.9012955648648358,0.0021441928044410585,0.0,0.0,0.12566370614359174
29.04,-0.4354632173062696,0.9002039706702617,0.0021441928044410585,0.0,0.0,0.12566370614359174
29.060000000000002,-0.4377242989580654,0.8991066902981555,0.0021441928044410585,0.0,0.0,0.12566370614359174
29.080000000000002,-0.43998261570528896,0.8980037306795362,0.0021441928044410585,0.0,0.0,0.12566370614359174
29.1,-0.44223815328318483,0.8968950987812963,0.0021441928044410585,0.0,0.0,0.12566370614359174
29.12,-0.44449089744455195,0.8957808016061575,0.0021441928044410585,0.0,0.0,0.12566370614359174
29.14,-0.4467408339598335,0.8946608461926259,0.0021441928044410585,0.0,0.0,0.12566370614359174
29.16,-0.44898794861720787,0.8935352396149491,0.0021441928044410585,0.0,0.0,0.12566370614359174
29.18,-0.45123222722267725,0.8924039889830695,0.0021441928044410585,0.0,0.0,0.12566370614359174
29.2,-0.45347365560015873,0.8912671014425818,0.0021441928044410585,0.0,0.0,0.12566370614359174
29.22,-0.45571221959157215,0.8901245841746847,0.0021441928044410585,0.0,0.0,0.12566370614359174
29.240000000000002,-0.4579479050569312,0.8889764443961383,0.0021441928044410585,0.0,0.0,0.12566370614359174
29.26,-0.46018069787443044,0.8878226893592178,0.0021441928044410585,0.0,0.0,0.12566370614359174
29.28,-0.4624105839405375,0.8866633263516672,0.0021441928044410585,0.0,0.0,0.12566370614359174
29.3,-0.4646375491700801,0.885498362696653,0.0021441928044410585,0.0,0.0,0.12566370614359174
29.32,-0.46686157949633533,0.8843278057527189,0.0021441928044410585,0.0,0.0,0.12566370614359174
29.34,-0.4690826608711191,0.8831516629137387,0.0021441928044410585,0.0,0.0,0.12566370614359174
29.36,-0.4713007792648742,0.8819699416088702,0.0021441928044410585,0.0,0.0,0.12566370614359174
29.38,-0.47351592066675946,0.8807826493025068,0.0021441928044410585,0.0,0.0,0.12566370614359174
29.400000000000002,-0.4757280710847381,0.8795897934942324,0.0021441928044410585,0.0,0.0,0.12566370614359174
29.42,-0.47793721654566496,0.8783913817187723,0.0021441928044410585,0.0,0.0,0.12566370614359174
29.44,-0.48014334309537726,0.8771874215459469,0.0021441928044410585,0.0,0.0,0.12566370614359174
29.46,-0.4823464367987806,0.875977920580623,0.0021441928044410585,0.0,0.0,0.12566370614359174
29.48,-0.48454648373993775,0.8747628864626658,0.0021441928044410585,0.0,0.0,0.12566370614359174
29.5,-0.4867434700221567,0.873542326866891,0.0021441928044410585,0.0,0.0,0.12566370614359174
29.52,-0.4889373817680777,0.8723162495030167,0.0021441928044410585,0.0,0.0,0.12566370614359174
29.54,-0.4911282051197622,0.8710846621156138,0.0021441928044410585,0.0,0.0,0.12566370614359174
29.560000000000002,-0.4933159262387794,0.8698475724840575,0.0021441928044410585,0.0,0.0,0.12566370614359174
29.580000000000002,-0.49550053130629285,0.8686049884224786,0.0021441928044410585,0.0,0.0,0.12566370614359174
29.6,-0.49768200652315014,0.8673569177797132,0.0021441928044410585,0.0,0.0,0.12566370614359174
29.62,-0.4998603381099681,0.8661033684392535,0.0021441928044410585,0.0,0.0,0.12566370614359174
29.64,-0.5020355123072204,0.8648443483191989,0.0021441928044410585,0.0,0.0,0.12566370614359174
29.66,-0.5042075153753252,0.8635798653722042,0.0021441928044410585,0.0,0.0,0.12566370614359174
29.68,-0.50637633359473,0.8623099275854315,0.0021441928044410585,0.0,0.0,0.12566370614359174
29.7,-0.5085419532660004,0.8610345429804974,0.0021441928044410585,0.0,0.0,0.12566370614359174
29.72,-0.5107043607099055,0.8597537196134251,0.0021441928044410585,0.0,0.0,0.12566370614359174
29.740000000000002,-0.5128635422675052,0.8584674655745901,0.0021441928044410585,0.0,0.0,0.12566370614359174
29.76,-0.5150194843002341,0.8571757889886729,0.0021441928044410585,0.0,0.0,0.12566370614359174
29.78,-0.5171721731899916,0.8558786980146045,0.0021441928044410585,0.0,0.0,0.12566370614359174
29.8,-0.5193215953392246,0.8545762008455164,0.0021441928044410585,0.0,0.0,0.12566370614359174
29.82,-0.5214677371710142,0.8532683057086883,0.0021441928044410585,0.0,0.0,0.12566370614359174
29.84,-0.5236105851291627,0.851955020865497,0.0021441928044410585,0.0,0.0,0.12566370614359174
29.86,-0.5257501256782771,0.8506363546113636,0.0021441928044410585,0.0,0.0,0.12566370614359174
29.88,-0.5278863453038568,0.8493123152757004,0.0021441928044410585,0.0,0.0,0.12566370614359174
29.900000000000002,-0.5300192305123781,0.8479829112218592,0.0021441928044410585,0.0,0.0,0.12566370614359174
29.92,-0.532148767831378,0.8466481508470792,0.0021441928044410585,0.0,0.0,0.12566370614359174
29.94,-0.534274943809542,0.8453080425824325,0.0021441928044410585,0.0,0.0,0.12566370614359174
29.96,-0.5363977450167867,0.8439625948927709,0.0021441928044410585,0.0,0.0,0.12566370614359174
29.98,-0.5385171580443461,0.8426118162766729,0.0021441928044410585,0.0,0.0,0.12566370614359174
30.0,-0.5406331695048553,0.8412557152663908,0.0021441928044410585,0.0,0.0,0.12566370614359174
30.02,-0.5427457660324365,0.8398943004277956,0.0021441928044410585,0.0,0.0,0.12566370614359174
30.04,-0.5448549342827814,0.8385275803603229,0.0021441928044410585,0.0,0.0,0.12566370614359174
30.060000000000002,-0.5469606609332377,0.8371555636969199,0.0021441928044410585,0.0,0.0,0.12566370614359174
30.080000000000002,-0.5490629326828904,0.8357782591039898,0.0021441928044410585,0.0,0.0,0.12566370614359174
30.1,-0.5511617362526492,0.8343956752813365,0.0021441928044410585,0.0,0.0,0.12566370614359174
30.12,-0.5532570583853299,0.8330078209621107,0.0021441928044410585,0.0,0.0,0.12566370614359174
30.14,-0.5553488858457393,0.8316147049127547,0.0021441928044410585,0.0,0.0,0.12566370614359174
30.16,-0.557437205420758,0.8302163359329466,0.0021441928044410585,0.0,0.0,0.12566370614359174
30.18,-0.5595220039194251,0.8288127228555454,0.0021441928044410585,0.0,0.0,0.12566370614359174
30.2,-0.5616032681730195,0.8274038745465333,0.0021441928044410585,0.0,0.0,0.12566370614359174
30.22,-0.5636809850351453,0.8259897999049626,0.0021441928044410585,0.0,0.0,0.12566370614359174
30.240000000000002,-0.5657551413818139,0.8245705078628965,0.0021441928044410585,0.0,0.0,0.12566370614359174
30.26,-0.5678257241115261,0.823146007385356,0.0021441928044410585,0.0,0.0,0.12566370614359174
30.28,-0.5698927201453562,0.8217163074702597,0.0021441928044410585,0.0,0.0,0.12566370614359174
30.3,-0.5719561164270338,0.8202814171483694,0.0021441928044410585,0.0,0.0,0.12566370614359174
30.32,-0.5740158999230266,0.8188413454832318,0.0021441928044410585,0.0,0.0,0.12566370614359174
30.34,-0.5760720576226226,0.8173961015711229,0.0021441928044410585,0.0,0.0,0.12566370614359174
30.36,-0.5781245765380121,0.8159456945409882,0.0021441928044410585,0.0,0.0,0.12566370614359174
30.38,-0.5801734437043703,0.814490133554387,0.0021441928044410585,0.0,0.0,0.12566370614359174
30.400000000000002,-0.5822186461799388,0.8130294278054334,0.0021441928044410585,0.0,0.0,0.12566370614359174
30.42,-0.5842601710461067,0.8115635865207395,0.0021441928044410585,0.0,0.0,0.12566370614359174
30.44,-0.5862980054074937,0.8100926189593548,0.0021441928044410585,0.0,0.0,0.12566370614359174
30.46,-0.5883321363920302,0.8086165344127101,0.0021441928044410585,0.0,0.0,0.12566370614359174
30.48,-0.5903625511510394,0.8071353422045575,0.0021441928044410585,0.0,0.0,0.12566370614359174
30.5,-0.5923892368593184,0.8056490516909119,0.0021441928044410585,0.0,0.0,0.12566370614359174
30.52,-0.594412180715219,0.8041576722599926,0.0021441928044410585,0.0,0.0,0.12566370614359174
30.54,-0.5964313699407279,0.8026612133321621,0.0021441928044410585,0.0,0.0,0.12566370614359174
30.560000000000002,-0.5984467917815494,0.8011596843598682,0.0021441928044410585,0.0,0.0,0.12566370614359174
30.580000000000002,-0.6004584335071823,0.7996530948275838,0.0021441928044410585,0.0,0.0,0.12566370614359174
30.6,-0.602466282411005,0.7981414542517479,0.0021441928044410585,0.0,0.0,0.12566370614359174
30.62,-0.6044703258103526,0.7966247721807035,0.0021441928044410585,0.0,0.0,0.12566370614359174
30.64,-0.606470551046598,0.7951030581946391,0.0021441928044410585,0.0,0.0,0.12566370614359174
30.66,-0.608466945485231,0.7935763219055271,0.0021441928044410585,0.0,0.0,0.12566370614359174
30.68,-0.6104594965159393,0.7920445729570638,0.0021441928044410585,0.0,0.0,0.12566370614359174
30.7,-0.6124481915526879,0.7905078210246079,0.0021441928044410585,0.0,0.0,0.12566370614359174
30.72,-0.6144330180337985,0.78896607581512,0.0021441928044410585,0.0,0.0,0.12566370614359174
30.740000000000002,-0.6164139634220279,0.7874193470671003,0.0021441928044410585,0.0,0.0,0.12566370614359174
30.76,-0.6183910152046481,0.7858676445505287,0.0021441928044410585,0.0,0.0,0.12566370614359174
30.78,-0.6203641608935259,0.7843109780668017,0.0021441928044410585,0.0,0.0,0.12566370614359174
30.8,-0.6223333880252006,0.7827493574486704,0.0021441928044410585,0.0,0.0,0.12566370614359174
30.82,-0.6242986841609635,0.7811827925601799,0.0021441928044410585,0.0,0.0,0.12566370614359174
30.84,-0.6262600368869359,0.7796112932966052,0.0021441928044410585,0.0,0.0,0.12566370614359174
30.86,-0.6282174338141481,0.7780348695843899,0.0021441928044410585,0.0,0.0,0.12566370614359174
30.88,-0.6301708625786173,0.7764535313810826,0.0021441928044410585,0.0,0.0,0.12566370614359174
30.900000000000002,-0.6321203108414263,0.7748672886752743,0.0021441928044410585,0.0,0.0,0.12566370614359174
30.92,-0.6340657662887991,0.7732761514865372,0.0021441928044410585,0.0,0.0,0.12566370614359174
30.94,-0.6360072166321825,0.7716801298653582,0.0021441928044410585,0.0,0.0,0.12566370614359174
30.96,-0.6379446496083211,0.770079233893077,0.0021441928044410585,0.0,0.0,0.12566370614359174
30.98,-0.6398780529793352,0.768473473681823,0.0021441928044410585,0.0,0.0,0.12566370614359174
31.0,-0.6418074145327982,0.76686285937445,0.0021441928044410585,0.0,0.0,0.12566370614359174
31.02,-0.6437327220818138,0.7652474011444734,0.0021441928044410585,0.0,0.0,0.12566370614359174
31.04,-0.6456539634650933,0.763627109196006,0.0021441928044410585,0.0,0.0,0.12566370614359174
31.060000000000002,-0.6475711265470322,0.7620019937636909,0.0021441928044410585,0.0,0.0,0.12566370614359174
31.080000000000002,-0.6494841992177859,0.7603720651126419,0.0021441928044410585,0.0,0.0,0.12566370614359174
31.1,-0.6513931693933481,0.7587373335383735,0.0021441928044410585,0.0,0.0,0.12566370614359174
31.12,-0.6532980250156255,0.7570978093667392,0.0021441928044410585,0.0,0.0,0.12566370614359174
31.14,-0.6551987540525149,0.7554535029538644,0.0021441928044410585,0.0,0.0,0.12566370614359174
31.16,-0.6570953444979785,0.753804424686082,0.0021441928044410585,0.0,0.0,0.12566370614359174
31.18,-0.6589877843721204,0.752150584979867,0.0021441928044410585,0.0,0.0,0.12566370614359174
31.2,-0.6608760617212615,0.7504919942817697,0.0021441928044410585,0.0,0.0,0.12566370614359174
31.220000000000002,-0.6627601646180165,0.7488286630683497,0.0021441928044410585,0.0,0.0,0.12566370614359174
31.240000000000002,-0.6646400811613671,0.747160601846112,0.0021441928044410585,0.0,0.0,0.12566370614359174
31.26,-0.6665157994767387,0.745487821151437,0.0021441928044410585,0.0,0.0,0.12566370614359174
31.28,-0.6683873077160748,0.7438103315505173,0.0021441928044410585,0.0,0.0,0.12566370614359174
31.3,-0.670254594057912,0.7421281436392888,0.0021441928044410585,0.0,0.0,0.12566370614359174
31.32,-0.6721176467074552,0.7404412680433645,0.0021441928044410585,0.0,0.0,0.12566370614359174
31.34,-0.6739764538966516,0.7387497154179675,0.0021441928044410585,0.0,0.0,0.12566370614359174
31.36,-0.6758310038842645,0.7370534964478633,0.0021441928044410585,0.0,0.0,0.12566370614359174
31.38,-0.6776812849559483,0.7353526218472932,0.0021441928044410585,0.0,0.0,0.12566370614359174
31.400000000000002,-0.6795272854243222,0.7336471023599049,0.0021441928044410585,0.0,0.0,0.12566370614359174
31.42,-0.6813689936290438,0.7319369487586874,0.0021441928044410585,0.0,0.0,0.12566370614359174
31.44,-0.6832063979368831,0.7302221718458995,0.0021441928044410585,0.0,0.0,0.12566370614359174
31.46,-0.6850394867417963,0.7285027824530047,0.0021441928044410585,0.0,0.0,0.12566370614359174
31.48,-0.6868682484649976,0.7267787914406008,0.0021441928044410585,0.0,0.0,0.12566370614359174
31.5,-0.6886926715550339,0.7250502096983515,0.0021441928044410585,0.0,0.0,0.12566370614359174
31.52,-0.6905127444878582,0.7233170481449193,0.0021441928044410585,0.0,0.0,0.12566370614359174
31.54,-0.6923284557669003,0.7215793177278937,0.0021441928044410585,0.0,0.0,0.12566370614359174
31.560000000000002,-0.694139793923141,0.7198370294237249,0.0021441928044410585,0.0,0.0,0.12566370614359174
31.580000000000002,-0.6959467475151838,0.7180901942376532,0.0021441928044410585,0.0,0.0,0.12566370614359174
31.6,-0.6977493051293282,0.7163388232036382,0.0021441928044410585,0.0,0.0,0.12566370614359174
31.62,-0.6995474553796399,0.7145829273842917,0.0021441928044410585,0.0,0.0,0.12566370614359174
31.64,-0.7013411869080253,0.7128225178708054,0.0021441928044410585,0.0,0.0,0.12566370614359174
31.66,-0.7031304883843011,0.7110576057828837,0.0021441928044410585,0.0,0.0,0.12566370614359174
31.68,-0.7049153485062668,0.7092882022686696,0.0021441928044410585,0.0,0.0,0.12566370614359174
31.7,-0.7066957559997753,0.7075143185046777,0.0021441928044410585,0.0,0.0,0.12566370614359174
31.720000000000002,-0.7084716996188056,0.7057359656957217,0.0021441928044410585,0.0,0.0,0.12566370614359174
31.740000000000002,-0.7102431681455327,0.7039531550748448,0.0021441928044410585,0.0,0.0,0.12566370614359174
31.76,-0.7120101503903984,0.7021658979032477,0.0021441928044410585,0.0,0.0,0.12566370614359174
31.78,-0.7137726351921826,0.7003742054702183,0.0021441928044410585,0.0,0.0,0.12566370614359174
31.8,-0.7155306114180733,0.6985780890930595,0.0021441928044410585,0.0,0.0,0.12566370614359174
31.82,-0.7172840679637372,0.6967775601170184,0.0021441928044410585,0.0,0.0,0.12566370614359174
31.84,-0.7190329937533899,0.6949726299152148,0.0021441928044410585,0.0,0.0,0.12566370614359174
31.86,-0.7207773777398654,0.6931633098885684,0.0021441928044410585,0.0,0.0,0.12566370614359174
31.88,-0.7225172089046865,0.6913496114657284,0.0021441928044410585,0.0,0.0,0.12566370614359174
31.900000000000002,-0.7242524762581343,0.6895315461029992,0.0021441928044410585,0.0,0.0,0.12566370614359174
31.92,-0.7259831688393165,0.6877091252842704,0.0021441928044410585,0.0,0.0,0.12566370614359174
31.94,-0.7277092757162382,0.685882360520942,0.0021441928044410585,0.0,0.0,0.12566370614359174
31.96,-0.7294307859858707,0.6840512633518531,0.0021441928044410585,0.0,0.0,0.12566370614359174
31.98,-0.7311476887742191,0.6822158453432086,0.0021441928044410585,0.0,0.0,0.12566370614359174
32.0,-0.7328599732363924,0.6803761180885063,0.0021441928044410585,0.0,0.0,0.12566370614359174
32.02,-0.7345676285566718,0.6785320932084629,0.0021441928044410585,0.0,0.0,0.12566370614359174
32.04,-0.7362706439485773,0.6766837823509428,0.0021441928044410585,0.0,0.0,0.12566370614359174
32.06,-0.7379690086549391,0.6748311971908809,0.0021441928044410585,0.0,0.0,0.12566370614359174
32.08,-0.7396627119479615,0.6729743494302125,0.0021441928044410585,0.0,0.0,0.12566370614359174
32.1,-0.7413517431292952,0.6711132507977966,0.0021441928044410585,0.0,0.0,0.12566370614359174
32.12,-0.7430360915301001,0.669247913049345,0.0021441928044410585,0.0,0.0,0.12566370614359174
32.14,-0.7447157465111174,0.6673783479673429,0.0021441928044410585,0.0,0.0,0.12566370614359174
32.160000000000004,-0.7463906974627328,0.6655045673609803,0.0021441928044410585,0.0,0.0,0.12566370614359174
32.18,-0.7480609338050453,0.663626583066075,0.0021441928044410585,0.0,0.0,0.12566370614359174
32.2,-0.7497264449879355,0.6617444069449941,0.0021441928044410585,0.0,0.0,0.12566370614359174
32.22,-0.7513872204911285,0.6598580508865872,0.0021441928044410585,0.0,0.0,0.12566370614359174
32.24,-0.7530432498242645,0.6579675268061032,0.0021441928044410585,0.0,0.0,0.12566370614359174
32.26,-0.7546945225269613,0.6560728466451202,0.0021441928044410585,0.0,0.0,0.12566370614359174
32.28,-0.7563410281688842,0.6541740223714675,0.0021441928044410585,0.0,0.0,0.12566370614359174
32.3,-0.7579827563498075,0.6522710659791516,0.0021441928044410585,0.0,0.0,0.12566370614359174
32.32,-0.7596196966996848,0.6503639894882782,0.0021441928044410585,0.0,0.0,0.12566370614359174
32.34,-0.7612518388787106,0.64845280494498,0.0021441928044410585,0.0,0.0,0.12566370614359174
32.36,-0.7628791725773872,0.6465375244213376,0.0021441928044410585,0.0,0.0,0.12566370614359174
32.38,-0.7645016875165921,0.6446181600153025,0.0021441928044410585,0.0,0.0,0.12566370614359174
32.4,-0.7661193734476377,0.6426947238506245,0.0021441928044410585,0.0,0.0,0.12566370614359174
32.42,-0.7677322201523413,0.6407672280767711,0.0021441928044410585,0.0,0.0,0.12566370614359174
32.44,-0.7693402174430857,0.6388356848688537,0.0021441928044410585,0.0,0.0,0.12566370614359174
32.46,-0.7709433551628875,0.636900106427548,0.0021441928044410585,0.0,0.0,0.12566370614359174
32.480000000000004,-0.7725416231854565,0.6349605049790199,0.0021441928044410585,0.0,0.0,0.12566370614359174
32.5,-0.7741350114152629,0.6330168927748475,0.0021441928044410585,0.0,0.0,0.12566370614359174
32.52,-0.7757235097876015,0.6310692820919401,0.0021441928044410585,0.0,0.0,0.12566370614359174
32.54,-0.7773071082686526,0.6291176852324665,0.0021441928044410585,0.0,0.0,0.12566370614359174
32.56,-0.7788857968555482,0.6271621145237722,0.0021441928044410585,0.0,0.0,0.12566370614359174
32.58,-0.7804595655764324,0.6252025823183058,0.0021441928044410585,0.0,0.0,0.12566370614359174
32.6,-0.7820284044905276,0.6232391009935363,0.0021441928044410585,0.0,0.0,0.12566370614359174
32.62,-0.7835923036881934,0.6212716829518805,0.0021441928044410585,0.0,0.0,0.12566370614359174
32.64,-0.7851512532909938,0.6193003406206181,0.0021441928044410585,0.0,0.0,0.12566370614359174
32.660000000000004,-0.7867052434517549,0.6173250864518202,0.0021441928044410585,0.0,0.0,0.12566370614359174
32.68,-0.7882542643546298,0.6153459329222656,0.0021441928044410585,0.0,0.0,0.12566370614359174
32.7,-0.7897983062151622,0.6133628925333626,0.0021441928044410585,0.0,0.0,0.12566370614359174
32.72,-0.7913373592803431,0.611375977811073,0.0021441928044410585,0.0,0.0,0.12566370614359174
32.74,-0.792871413828678,0.6093852013058292,0.0021441928044410585,0.0,0.0,0.12566370614359174
32.76,-0.7944004601702433,0.6073905755924587,0.0021441928044410585,0.0,0.0,0.12566370614359174
32.78,-0.7959244886467526,0.6053921132701002,0.0021441928044410585,0.0,0.0,0.12566370614359174
32.8,-0.7974434896316126,0.6033898269621295,0.0021441928044410585,0.0,0.0,0.12566370614359174
32.82,-0.7989574535299888,0.6013837293160735,0.0021441928044410585,0.0,0.0,0.12566370614359174
32.84,-0.8004663707788617,0.599373833003536,0.0021441928044410585,0.0,0.0,0.12566370614359174
32.86,-0.8019702318470893,0.5973601507201152,0.0021441928044410585,0.0,0.0,0.12566370614359174
32.88,-0.8034690272354688,0.5953426951853213,0.0021441928044410585,0.0,0.0,0.12566370614359174
32.9,-0.8049627474767929,0.5933214791425014,0.0021441928044410585,0.0,0.0,0.12566370614359174
32.92,-0.8064513831359138,0.5912965153587535,0.0021441928044410585,0.0,0.0,0.12566370614359174
32.94,-0.8079349248097986,0.5892678166248505,0.0021441928044410585,0.0,0.0,0.12566370614359174
32.96,-0.8094133631275929,0.5872353957551546,0.0021441928044410585,0.0,0.0,0.12566370614359174
32.980000000000004,-0.810886688750676,0.5851992655875414,0.0021441928044410585,0.0,0.0,0.12566370614359174
33.0,-0.812354892372722,0.5831594389833167,0.0021441928044410585,0.0,0.0,0.12566370614359174
33.02,-0.8138179647197604,0.5811159288271319,0.0021441928044410585,0.0,0.0,0.12566370614359174
33.04,-0.8152758965502298,0.5790687480269098,0.0021441928044410585,0.0,0.0,0.12566370614359174
33.06,-0.8167286786550412,0.5770179095137552,0.0021441928044410585,0.0,0.0,0.12566370614359174
33.08,-0.8181763018576321,0.5749634262418805,0.0021441928044410585,0.0,0.0,0.12566370614359174
33.1,-0.8196187570140293,0.5729053111885168,0.0021441928044410585,0.0,0.0,0.12566370614359174
33.12,-0.8210560350129003,0.5708435773538393,0.0021441928044410585,0.0,0.0,0.12566370614359174
33.14,-0.8224881267756173,0.5687782377608773,0.0021441928044410585,0.0,0.0,0.12566370614359174
33.160000000000004,-0.8239150232563104,0.5667093054554397,0.0021441928044410585,0.0,0.0,0.12566370614359174
33.18,-0.825336715441925,0.5646367935060278,0.0021441928044410585,0.0,0.0,0.12566370614359174
33.2,-0.8267531943522813,0.5625607150037515,0.0021441928044410585,0.0,0.0,0.12566370614359174
33.22,-0.8281644510401284,0.5604810830622529,0.0021441928044410585,0.0,0.0,0.12566370614359174
33.24,-0.8295704765912024,0.5583979108176165,0.0021441928044410585,0.0,0.0,0.12566370614359174
33.26,-0.830971262124281,0.5563112114282912,0.0021441928044410585,0.0,0.0,0.12566370614359174
33.28,-0.8323667987912425,0.5542209980750031,0.0021441928044410585,0.0,0.0,0.12566370614359174
33.3,-0.8337570777771179,0.5521272839606776,0.0021441928044410585,0.0,0.0,0.12566370614359174
33.32,-0.8351420903001504,0.550030082310349,0.0021441928044410585,0.0,0.0,0.12566370614359174
33.34,-0.8365218276118479,0.5479294063710839,0.0021441928044410585,0.0,0.0,0.12566370614359174
33.36,-0.8378962809970384,0.5458252694118934,0.0021441928044410585,0.0,0.0,0.12566370614359174
33.38,-0.8392654417739294,0.5437176847236491,0.0021441928044410585,0.0,0.0,0.12566370614359174
33.4,-0.8406293012941555,0.5416066656190031,0.0021441928044410585,0.0,0.0,0.12566370614359174
33.42,-0.8419878509428399,0.5394922254322971,0.0021441928044410585,0.0,0.0,0.12566370614359174
33.44,-0.8433410821386438,0.5373743775194864,0.0021441928044410585,0.0,0.0,0.12566370614359174
33.46,-0.8446889863338243,0.535253135258048,0.0021441928044410585,0.0,0.0,0.12566370614359174
33.480000000000004,-0.8460315550142858,0.5331285120469019,0.0021441928044410585,0.0,0.0,0.12566370614359174
33.5,-0.8473687796996342,0.5310005213063234,0.0021441928044410585,0.0,0.0,0.12566370614359174
33.52,-0.8487006519432324,0.5288691764778571,0.0021441928044410585,0.0,0.0,0.12566370614359174
33.54,-0.8500271633322507,0.526734491024237,0.0021441928044410585,0.0,0.0,0.12566370614359174
33.56,-0.8513483054877231,0.5245964784292946,0.0021441928044410585,0.0,0.0,0.12566370614359174
33.58,-0.8526640700645963,0.5224551521978813,0.0021441928044410585,0.0,0.0,0.12566370614359174
33.6,-0.853974448751788,0.5203105258557759,0.0021441928044410585,0.0,0.0,0.12566370614359174
33.62,-0.8552794332722324,0.5181626129496053,0.0021441928044410585,0.0,0.0,0.12566370614359174
33.64,-0.8565790153829397,0.5160114270467537,0.0021441928044410585,0.0,0.0,0.12566370614359174
33.660000000000004,-0.8578731868750419,0.5138569817352809,0.0021441928044410585,0.0,0.0,0.12566370614359174
33.68,-0.8591619395738486,0.5116992906238351,0.0021441928044410585,0.0,0.0,0.12566370614359174
33.7,-0.8604452653388974,0.5095383673415649,0.0021441928044410585,0.0,0.0,0.12566370614359174
33.72,-0.8617231560640054,0.5073742255380372,0.0021441928044410585,0.0,0.0,0.12566370614359174
33.74,-0.8629956036773208,0.5052068788831464,0.0021441928044410585,0.0,0.0,0.12566370614359174
33.76,-0.8642626001413717,0.5030363410670339,0.0021441928044410585,0.0,0.0,0.12566370614359174
33.78,-0.8655241374531207,0.5008626257999942,0.0021441928044410585,0.0,0.0,0.12566370614359174
33.8,-0.8667802076440123,0.49868574681239586,0.0021441928044410585,0.0,0.0,0.12566370614359174
33.82,-0.8680308027800248,0.49650571785458814,0.0021441928044410585,0.0,0.0,0.12566370614359174
33.84,-0.8692759149617193,0.49432255269681974,0.0021441928044410585,0.0,0.0,0.12566370614359174
33.86,-0.8705155363242899,0.492136265129149,0.0021441928044410585,0.0,0.0,0.12566370614359174
33.88,-0.8717496590376157,0.489946868961355,0.0021441928044410585,0.0,0.0,0.12566370614359174
33.9,-0.8729782753063053,0.4877543780228552,0.0021441928044410585,0.0,0.0,0.12566370614359174
33.92,-0.8742013773697527,0.48555880616261254,0.0021441928044410585,0.0,0.0,0.12566370614359174
33.94,-0.8754189575021786,0.4833601672490537,0.0021441928044410585,0.0,0.0,0.12566370614359174
33.96,-0.8766310080126865,0.4811584751699754,0.0021441928044410585,0.0,0.0,0.12566370614359174
33.980000000000004,-0.8778375212453058,0.4789537438324624,0.0021441928044410585,0.0,0.0,0.12566370614359174
34.0,-0.8790384895790431,0.4767459871627968,0.0021441928044410585,0.0,0.0,0.12566370614359174
34.02,-0.8802339054279306,0.4745352191063677,0.0021441928044410585,0.0,0.0,0.12566370614359174
34.04,-0.8814237612410707,0.47232145362758965,0.0021441928044410585,0.0,0.0,0.12566370614359174
34.06,-0.882608049502689,0.47010470470980675,0.0021441928044410585,0.0,0.0,0.12566370614359174
34.08,-0.8837867627321757,0.4678849863552118,0.0021441928044410585,0.0,0.0,0.12566370614359174
34.1,-0.8849598934841384,0.46566231258475044,0.0021441928044410585,0.0,0.0,0.12566370614359174
34.12,-0.8861274343484451,0.4634366974380399,0.0021441928044410585,0.0,0.0,0.12566370614359174
34.14,-0.8872893779502742,0.4612081549732735,0.0021441928044410585,0.0,0.0,0.12566370614359174
34.160000000000004,-0.8884457169501572,0.4589766992671375,0.0021441928044410585,0.0,0.0,0.12566370614359174
34.18,-0.8895964440440285,0.45674234441471967,0.0021441928044410585,0.0,0.0,0.12566370614359174
34.2,-0.8907415519632715,0.45450510452941795,0.0021441928044410585,0.0,0.0,0.12566370614359174
34.22,-0.8918810334747613,0.4522649937428571,0.0021441928044410585,0.0,0.0,0.12566370614359174
34.24,-0.8930148813809141,0.45002202620479265,0.0021441928044410585,0.0,0.0,0.12566370614359174
34.26,-0.8941430885197293,0.4477762160830282,0.0021441928044410585,0.0,0.0,0.12566370614359174
34.28,-0.8952656477648382,0.4455275775633194,0.0021441928044410585,0.0,0.0,0.12566370614359174
34.300000000000004,-0.8963825520255466,0.44327612484929013,0.0021441928044410585,0.0,0.0,0.12566370614359174
34.32,-0.8974937942468791,0.4410218721623401,0.0021441928044410585,0.0,0.0,0.12566370614359174
34.34,-0.8985993674096273,0.43876483374155306,0.0021441928044410585,0.0,0.0,0.12566370614359174
34.36,-0.8996992645303892,0.4365050238436118,0.0021441928044410585,0.0,0.0,0.12566370614359174
34.38,-0.9007934786616174,0.43424245674270223,0.0021441928044410585,0.0,0.0,0.12566370614359174
34.4,-0.9018820028916601,0.43197714673042953,0.0021441928044410585,0.0,0.0,0.12566370614359174
34.42,-0.9029648303448073,0.42970910811572116,0.0021441928044410585,0.0,0.0,0.12566370614359174
34.44,-0.9040419541813317,0.42743835522474344,0.0021441928044410585,0.0,0.0,0.12566370614359174
34.46,-0.9051133675975347,0.425164902400804,0.0021441928044410585,0.0,0.0,0.12566370614359174
34.480000000000004,-0.906179063825786,0.42288876400426734,0.0021441928044410585,0.0,0.0,0.12566370614359174
34.5,-0.907239036134569,0.4206099544124615,0.0021441928044410585,0.0,0.0,0.12566370614359174
34.52,-0.9082932778285233,0.41832848801958467,0.0021441928044410585,0.0,0.0,0.12566370614359174
34.54,-0.9093417822484846,0.4160443792366203,0.0021441928044410585,0.0,0.0,0.12566370614359174
34.56,-0.9103845427715295,0.4137576424912392,0.0021441928044410585,0.0,0.0,0.12566370614359174
34.58,-0.9114215528110153,0.41146829222771497,0.0021441928044410585,0.0,0.0,0.12566370614359174
34.6,-0.9124528058166238,0.4091763429068264,0.0021441928044410585,0.0,0.0,0.12566370614359174
34.62,-0.9134782952743999,0.4068818090057731,0.0021441928044410585,0.0,0.0,0.12566370614359174
34.64,-0.9144980147067954,0.40458470501807625,0.0021441928044410585,0.0,0.0,0.12566370614359174
34.660000000000004,-0.915511957672708,0.4022850454534941,0.0021441928044410585,0.0,0.0,0.12566370614359174
34.68,-0.9165201177675223,0.3999828448379271,0.0021441928044410585,0.0,0.0,0.12566370614359174
34.7,-0.9175224886231519,0.39767811771332395,0.0021441928044410585,0.0,0.0,0.12566370614359174
34.72,-0.918519063908077,0.39537087863759524,0.0021441928044410585,0.0,0.0,0.12566370614359174
34.74,-0.9195098373273872,0.3930611421845153,0.0021441928044410585,0.0,0.0,0.12566370614359174
34.76,-0.9204948026228187,0.3907489229436367,0.0021441928044410585,0.0,0.0,0.12566370614359174
34.78,-0.9214739535727955,0.38843423552019113,0.0021441928044410585,0.0,0.0,0.12566370614359174
34.800000000000004,-0.9224472839924681,0.3861170945350032,0.0021441928044410585,0.0,0.0,0.12566370614359174
34.82,-0.9234147877337524,0.38379751462439554,0.0021441928044410585,0.0,0.0,0.12566370614359174
34.84,-0.924376458685369,0.38147551044009376,0.0021441928044410585,0.0,0.0,0.12566370614359174
34.86,-0.9253322907728813,0.37915109664914015,0.0021441928044410585,0.0,0.0,0.12566370614359174
34.88,-0.926282277958735,0.37682428793379374,0.0021441928044410585,0.0,0.0,0.12566370614359174
34.9,-0.9272264142422937,0.3744950989914446,0.0021441928044410585,0.0,0.0,0.12566370614359174
34.92,-0.9281646936598805,0.3721635445345146,0.0021441928044410585,0.0,0.0,0.12566370614359174
34.94,-0.9290971102848118,0.3698296392903701,0.0021441928044410585,0.0,0.0,0.12566370614359174
34.96,-0.9300236582274384,0.3674933980012237,0.0021441928044410585,0.0,0.0,0.12566370614359174
34.980000000000004,-0.9309443316351793,0.3651548354240459,0.0021441928044410585,0.0,0.0,0.12566370614359174
35.0,-0.9318591246925608,0.3628139663304698,0.0021441928044410585,0.0,0.0,0.12566370614359174
35.02,-0.932768031621253,0.3604708055066952,0.0021441928044410585,0.0,0.0,0.12566370614359174
35.04,-0.9336710466801058,0.35812536775340087,0.0021441928044410585,0.0,0.0,0.12566370614359174
35.06,-0.9345681641651853,0.35577766788564474,0.0021441928044410585,0.0,0.0,0.12566370614359174
35.08,-0.9354593784098095,0.3534277207327768,0.0021441928044410585,0.0,0.0,0.12566370614359174
35.1,-0.9363446837845855,0.3510755411383389,0.0021441928044410585,0.0,0.0,0.12566370614359174
35.12,-0.9372240746974428,0.34872114395997733,0.0021441928044410585,0.0,0.0,0.12566370614359174
35.14,-0.938097545593671,0.34636454406934264,0.0021441928044410585,0.0,0.0,0.12566370614359174
35.160000000000004,-0.9389650909559527,0.3440057563520011,0.0021441928044410585,0.0,0.0,0.12566370614359174
35.18,-0.9398267053044002,0.3416447957073389,0.0021441928044410585,0.0,0.0,0.12566370614359174
35.2,-0.9406823831965889,0.33928167704846524,0.0021441928044410585,0.0,0.0,0.12566370614359174
35.22,-0.9415321192275918,0.33691641530212324,0.0021441928044410585,0.0,0.0,0.12566370614359174
35.24,-0.9423759080300153,0.3345490254085901,0.0021441928044410585,0.0,0.0,0.12566370614359174
35.26,-0.9432137442740297,0.3321795223215888,0.0021441928044410585,0.0,0.0,0.12566370614359174
35.28,-0.9440456226674062,0.32980792100818684,0.0021441928044410585,0.0,0.0,0.12566370614359174
35.300000000000004,-0.9448715379555495,0.32743423644870795,0.0021441928044410585,0.0,0.0,0.12566370614359174
35.32,-0.9456914849215284,0.3250584836366346,0.0021441928044410585,0.0,0.0,0.12566370614359174
35.34,-0.9465054583861136,0.3226806775785109,0.0021441928044410585,0.0,0.0,0.12566370614359174
35.36,-0.947313453207805,0.32030083329385417,0.0021441928044410585,0.0,0.0,0.12566370614359174
35.38,-0.9481154642828693,0.31791896581505286,0.0021441928044410585,0.0,0.0,0.12566370614359174
35.4,-0.9489114865453679,0.3155350901872778,0.0021441928044410585,0.0,0.0,0.12566370614359174
35.42,-0.9497015149671922,0.3131492214683816,0.0021441928044410585,0.0,0.0,0.12566370614359174
35.44,-0.9504855445580926,0.31076137472880927,0.0021441928044410585,0.0,0.0,0.12566370614359174
35.46,-0.951263570365713,0.30837156505149727,0.0021441928044410585,0.0,0.0,0.12566370614359174
35.480000000000004,-0.9520355874756188,0.30597980753178283,0.0021441928044410585,0.0,0.0,0.12566370614359174
35.5,-0.9528015910113304,0.3035861172773074,0.0021441928044410585,0.0,0.0,0.12566370614359174
35.52,-0.9535615761343534,0.3011905094079177,0.0021441928044410585,0.0,0.0,0.12566370614359174
35.54,-0.9543155380442089,0.2987929990555768,0.0021441928044410585,0.0,0.0,0.12566370614359174
35.56,-0.9550634719784631,0.2963936013642616,0.0021441928044410585,0.0,0.0,0.12566370614359174
35.58,-0.9558053732127594,0.2939923314898735,0.0021441928044410585,0.0,0.0,0.12566370614359174
35.6,-0.9565412370608464,0.29158920460013654,0.0021441928044410585,0.0,0.0,0.12566370614359174
35.62,-0.9572710588746071,0.2891842358745078,0.0021441928044410585,0.0,0.0,0.12566370614359174
35.64,-0.9579948340440914,0.2867774405040753,0.0021441928044410585,0.0,0.0,0.12566370614359174
35.660000000000004,-0.9587125579975413,0.28436883369146726,0.0021441928044410585,0.0,0.0,0.12566370614359174
35.68,-0.9594242262014224,0.28195843065075443,0.0021441928044410585,0.0,0.0,0.12566370614359174
35.7,-0.960129834160452,0.27954624660735056,0.0021441928044410585,0.0,0.0,0.12566370614359174
35.72,-0.9608293774176258,0.2771322967979229,0.0021441928044410585,0.0,0.0,0.12566370614359174
35.74,-0.9615228515542494,0.2747165964702886,0.0021441928044410585,0.0,0.0,0.12566370614359174
35.76,-0.9622102521899626,0.2722991608833257,0.0021441928044410585,0.0,0.0,0.12566370614359174
35.78,-0.9628915749827699,0.2698800053068694,0.0021441928044410585,0.0,0.0,0.12566370614359174
35.800000000000004,-0.9635668156290658,0.2674591450216221,0.0021441928044410585,0.0,0.0,0.12566370614359174
35.82,-0.9642359698636631,0.2650365953190538,0.0021441928044410585,0.0,0.0,0.12566370614359174
35.84,-0.9648990334598209,0.2626123715013035,0.0021441928044410585,0.0,0.0,0.12566370614359174
35.86,-0.965556002229268,0.260186488881088,0.0021441928044410585,0.0,0.0,0.12566370614359174
35.88,-0.9662068720222338,0.2577589627815986,0.0021441928044410585,0.0,0.0,0.12566370614359174
35.9,-0.96685163872747,0.25532980853641124,0.0021441928044410585,0.0,0.0,0.12566370614359174
35.92,-0.9674902982722805,0.2528990414893826,0.0021441928044410585,0.0,0.0,0.12566370614359174
35.94,-0.9681228466225439,0.25046667699456004,0.0021441928044410585,0.0,0.0,0.12566370614359174
35.96,-0.9687492797827411,0.24803273041607832,0.0021441928044410585,0.0,0.0,0.12566370614359174
35.980000000000004,-0.9693695937959802,0.2455972171280675,0.0021441928044410585,0.0,0.0,0.12566370614359174
36.0,-0.9699837847440201,0.2431601525145541,0.0021441928044410585,0.0,0.0,0.12566370614359174
36.02,-0.9705918487472976,0.24072155196936107,0.0021441928044410585,0.0,0.0,0.12566370614359174
36.04,-0.9711937819649495,0.23828143089601647,0.0021441928044410585,0.0,0.0,0.12566370614359174
36.06,-0.971789580594839,0.2358398047076494,0.0021441928044410585,0.0,0.0,0.12566370614359174
36.08,-0.9723792408735774,0.2333966888268997,0.0021441928044410585,0.0,0.0,0.12566370614359174
36.1,-0.9729627590765507,0.2309520986858133,0.0021441928044410585,0.0,0.0,0.12566370614359174
36.12,-0.9735401315179397,0.22850604972575195,0.0021441928044410585,0.0,0.0,0.12566370614359174
36.14,-0.9741113545507476,0.22605855739728847,0.0021441928044410585,0.0,0.0,0.12566370614359174
36.160000000000004,-0.9746764245668184,0.22360963716011548,0.0021441928044410585,0.0,0.0,0.12566370614359174
36.18,-0.975235337996863,0.22115930448294507,0.0021441928044410585,0.0,0.0,0.12566370614359174
36.2,-0.9757880913104804,0.21870757484340841,0.0021441928044410585,0.0,0.0,0.12566370614359174
36.22,-0.97633468101618,0.2162544637279641,0.0021441928044410585,0.0,0.0,0.12566370614359174
36.24,-0.9768751036614048,0.21379998663179348,0.0021441928044410585,0.0,0.0,0.12566370614359174
36.26,-0.9774093558325511,0.2113441590587096,0.0021441928044410585,0.0,0.0,0.12566370614359174
36.28,-0.977937434154992,0.20888699652105247,0.0021441928044410585,0.0,0.0,0.12566370614359174
36.300000000000004,-0.978459335293098,0.20642851453959685,0.0021441928044410585,0.0,0.0,0.12566370614359174
36.32,-0.9789750559502575,0.20396872864345217,0.0021441928044410585,0.0,0.0,0.12566370614359174
36.34,-0.9794845928688989,0.20150765436996118,0.0021441928044410585,0.0,0.0,0.12566370614359174
36.36,-0.9799879428305095,0.19904530726460828,0.0021441928044410585,0.0,0.0,0.12566370614359174
36.38,-0.980485102655658,0.19658170288091434,0.0021441928044410585,0.0,0.0,0.12566370614359174
36.4,-0.9809760692040123,0.19411685678034538,0.0021441928044410585,0.0,0.0,0.12566370614359174
36.42,-0.9814608393743611,0.1916507845322071,0.0021441928044410585,0.0,0.0,0.12566370614359174
36.44,-0.9819394101046326,0.18918350171355408,0.0021441928044410585,0.0,0.0,0.12566370614359174
36.46,-0.9824117783719138,0.18671502390908357,0.0021441928044410585,0.0,0.0,0.12566370614359174
36.480000000000004,-0.9828779411924702,0.184245366711044,0.0021441928044410585,0.0,0.0,0.12566370614359174
36.5,-0.9833378956217637,0.18177454571913326,0.0021441928044410585,0.0,0.0,0.12566370614359174
36.52,-0.9837916387544725,0.179302576540398,0.0021441928044410585,0.0,0.0,0.12566370614359174
36.54,-0.984239167724508,0.17682947478914066,0.0021441928044410585,0.0,0.0,0.12566370614359174
36.56,-0.9846804797050346,0.17435525608681432,0.0021441928044410585,0.0,0.0,0.12566370614359174
36.58,-0.9851155719084858,0.1718799360619308,0.0021441928044410585,0.0,0.0,0.12566370614359174
36.6,-0.9855444415865822,0.16940353034995484,0.0021441928044410585,0.0,0.0,0.12566370614359174
36.62,-0.9859670860303503,0.16692605459321266,0.0021441928044410585,0.0,0.0,0.12566370614359174
36.64,-0.9863835025701381,0.1644475244407858,0.0021441928044410585,0.0,0.0,0.12566370614359174
36.660000000000004,-0.9867936885756324,0.16196795554841872,0.0021441928044410585,0.0,0.0,0.12566370614359174
36.68,-0.987197641455875,0.159487363578417,0.0021441928044410585,0.0,0.0,0.12566370614359174
36.7,-0.9875953586592805,0.157005764199546,0.0021441928044410585,0.0,0.0,0.12566370614359174
36.72,-0.9879868376736505,0.15452317308693786,0.0021441928044410585,0.0,0.0,0.12566370614359174
36.74,-0.9883720760261911,0.1520396059219856,0.0021441928044410585,0.0,0.0,0.12566370614359174
36.76,-0.9887510712835276,0.14955507839225082,0.0021441928044410585,0.0,0.0,0.12566370614359174
36.78,-0.9891238210517197,0.14706960619135812,0.0021441928044410585,0.0,0.0,0.12566370614359174
36.800000000000004,-0.9894903229762775,0.14458320501890154,0.0021441928044410585,0.0,0.0,0.12566370614359174
36.82,-0.9898505747421753,0.1420958905803432,0.0021441928044410585,0.0,0.0,0.12566370614359174
36.84,-0.9902045740738675,0.13960767858691112,0.0021441928044410585,0.0,0.0,0.12566370614359174
36.86,-0.9905523187353017,0.13711858475550628,0.0021441928044410585,0.0,0.0,0.12566370614359174
36.88,-0.9908938065299336,0.1346286248085965,0.0021441928044410585,0.0,0.0,0.12566370614359174
36.9,-0.991229035300741,0.1321378144741237,0.0021441928044410585,0.0,0.0,0.12566370614359174
36.92,-0.9915580029302367,0.12964616948539798,0.0021441928044410585,0.0,0.0,0.12566370614359174
36.94,-0.991880707340482,0.12715370558100506,0.0021441928044410585,0.0,0.0,0.12566370614359174
36.96,-0.9921971464931009,0.12466043850469985,0.0021441928044410585,0.0,0.0,0.12566370614359174
36.980000000000004,-0.9925073183892914,0.12216638400531309,0.0021441928044410585,0.0,0.0,0.12566370614359174
37.0,-0.9928112210698394,0.1196715578366494,0.0021441928044410585,0.0,0.0,0.12566370614359174
37.02,-0.9931088526151303,0.11717597575738506,0.0021441928044410585,0.0,0.0,0.12566370614359174
37.04,-0.9934002111451615,0.11467965353097453,0.0021441928044410585,0.0,0.0,0.12566370614359174
37.06,-0.9936852948195544,0.11218260692554394,0.0021441928044410585,0.0,0.0,0.12566370614359174
37.08,-0.9939641018375653,0.10968485171379856,0.0021441928044410585,0.0,0.0,0.12566370614359174
37.1,-0.9942366304380977,0.10718640367291607,0.0021441928044410585,0.0,0.0,0.12566370614359174
37.12,-0.9945028788997128,0.10468727858445394,0.0021441928044410585,0.0,0.0,0.12566370614359174
37.14,-0.9947628455406407,0.10218749223424271,0.0021441928044410585,0.0,0.0,0.12566370614359174
37.160000000000004,-0.9950165287187906,0.09968706041229249,0.0021441928044410585,0.0,0.0,0.12566370614359174
37.18,-0.9952639268317619,0.09718599891269045,0.0021441928044410585,0.0,0.0,0.12566370614359174
37.2,-0.9955050383168536,0.0946843235334986,0.0021441928044410585,0.0,0.0,0.12566370614359174
37.22,-0.9957398616510741,0.09218205007666,0.0021441928044410585,0.0,0.0,0.12566370614359174
37.24,-0.9959683953511524,0.0896791943478921,0.0021441928044410585,0.0,0.0,0.12566370614359174
37.26,-0.9961906379735447,0.08717577215659365,0.0021441928044410585,0.0,0.0,0.12566370614359174
37.28,-0.9964065881144459,0.0846717993157381,0.0021441928044410585,0.0,0.0,0.12566370614359174
37.300000000000004,-0.9966162444097982,0.08216729164177958,0.0021441928044410585,0.0,0.0,0.12566370614359174
37.32,-0.9968196055352979,0.07966226495455075,0.0021441928044410585,0.0,0.0,0.12566370614359174
37.34,-0.9970166702064059,0.07715673507715978,0.0021441928044410585,0.0,0.0,0.12566370614359174
37.36,-0.9972074371783543,0.0746507178358969,0.0021441928044410585,0.0,0.0,0.12566370614359174
37.38,-0.9973919052461555,0.07214422906012719,0.0021441928044410585,0.0,0.0,0.12566370614359174
37.4,-0.9975700732446087,0.06963728458219787,0.0021441928044410585,0.0,0.0,0.12566370614359174
37.42,-0.9977419400483081,0.06712990023733095,0.0021441928044410585,0.0,0.0,0.12566370614359174
37.44,-0.9979075045716497,0.06462209186353046,0.0021441928044410585,0.0,0.0,0.12566370614359174
37.46,-0.9980667657688379,0.06211387530147527,0.0021441928044410585,0.0,0.0,0.12566370614359174
37.480000000000004,-0.9982197226338924,0.05960526639442531,0.0021441928044410585,0.0,0.0,0.12566370614359174
37.5,-0.9983663742006544,0.05709628098811871,0.0021441928044410585,0.0,0.0,0.12566370614359174
37.52,-0.998506719542793,0.05458693493066915,0.0021441928044410585,0.0,0.0,0.12566370614359174
37.54,-0.9986407577738108,0.052077244072471884,0.0021441928044410585,0.0,0.0,0.12566370614359174
37.56,-0.9987684880470495,0.04956722426609663,0.0021441928044410585,0.0,0.0,0.12566370614359174
37.58,-0.9988899095556955,0.04705689136619441,0.0021441928044410585,0.0,0.0,0.12566370614359174
37.6,-0.9990050215327838,0.04454626122939041,0.0021441928044410585,0.0,0.0,0.12566370614359174
37.62,-0.9991138232512055,0.04203534971419085,0.0021441928044410585,0.0,0.0,0.12566370614359174
37.64,-0.999216314023709,0.039524172680875734,0.0021441928044410585,0.0,0.0,0.12566370614359174
37.660000000000004,-0.9993124932029074,0.03701274599140489,0.0021441928044410585,0.0,0.0,0.12566370614359174
37.68,-0.9994023601812804,0.03450108550931514,0.0021441928044410585,0.0,0.0,0.12566370614359174
37.7,-0.9994859143911797,0.03198920709961737,0.0021441928044410585,0.0,0.0,0.12566370614359174
37.72,-0.9995631553048312,0.02947712662870257,0.0021441928044410585,0.0,0.0,0.12566370614359174
37.74,-0.9996340824343396,0.026964859964234512,0.0021441928044410585,0.0,0.0,0.12566370614359174
37.76,-0.9996986953316903,0.024452422975056634,0.0021441928044410585,0.0,0.0,0.12566370614359174
37.78,-0.9997569935887533,0.021939831531084673,0.0021441928044410585,0.0,0.0,0.12566370614359174
37.800000000000004,-0.999808976837285,0.01942710150321262,0.0021441928044410585,0.0,0.0,0.12566370614359174
37.82,-0.9998546447489312,0.01691424876320991,0.0021441928044410585,0.0,0.0,0.12566370614359174
37.84,-0.9998939970352281,0.014401289183618363,0.0021441928044410585,0.0,0.0,0.12566370614359174
37.86,-0.9999270334476054,0.011888238637658246,0.0021441928044410585,0.0,0.0,0.12566370614359174
37.88,-0.9999537537773875,0.009375112999120836,0.0021441928044410585,0.0,0.0,0.12566370614359174
37.9,-0.9999741578557944,0.006861928142275319,0.0021441928044410585,0.0,0.0,0.12566370614359174
37.92,-0.9999882455539421,0.004348699941761363,0.0021441928044410585,0.0,0.0,0.12566370614359174
37.94,-0.9999960167828453,0.0018354442724959833,0.0021441928044410585,0.0,0.0,0.12566370614359174
37.96,-0.9999974714934172,-0.0006778229904338622,0.0021441928044410585,0.0,0.0,0.12566370614359174
37.980000000000004,-0.999992609676469,-0.0031910859718653093,0.0021441928044410585,0.0,0.0,0.12566370614359174
38.0,-0.99998143136271,-0.005704328796662537,0.0021441928044410585,0.0,0.0,0.12566370614359174
38.02,-0.9999639366227489,-0.008217535589819722,0.0021441928044410585,0.0,0.0,0.12566370614359174
38.04,-0.9999401255670918,-0.010730690476555067,0.0021441928044410585,0.0,0.0,0.12566370614359174
38.06,-0.9999099983461422,-0.01324377758241821,0.0021441928044410585,0.0,0.0,0.12566370614359174
38.08,-0.9998735551502005,-0.015756781033383366,0.0021441928044410585,0.0,0.0,0.12566370614359174
38.1,-0.9998307962094612,-0.01826968495595673,0.0021441928044410585,0.0,0.0,0.12566370614359174
38.12,-0.9997817217940135,-0.02078247347726959,0.0021441928044410585,0.0,0.0,0.12566370614359174
38.14,-0.9997263322138377,-0.023295130725185756,0.0021441928044410585,0.0,0.0,0.12566370614359174
38.160000000000004,-0.9996646278188044,-0.025807640828395553,0.0021441928044410585,0.0,0.0,0.12566370614359174
38.18,-0.9995966089986723,-0.028319987916518744,0.0021441928044410585,0.0,0.0,0.12566370614359174
38.2,-0.9995222761830852,-0.030832156120207472,0.0021441928044410585,0.0,0.0,0.12566370614359174
38.22,-0.9994416298415691,-0.03334412957124023,0.0021441928044410585,0.0,0.0,0.12566370614359174
38.24,-0.9993546704835309,-0.03585589240262924,0.0021441928044410585,0.0,0.0,0.12566370614359174
38.26,-0.9992613986582528,-0.03836742874871356,0.0021441928044410585,0.0,0.0,0.12566370614359174
38.28,-0.9991618149548904,-0.0408787227452664,0.0021441928044410585,0.0,0.0,0.12566370614359174
38.300000000000004,-0.9990559200024686,-0.04338975852958914,0.0021441928044410585,0.0,0.0,0.12566370614359174
38.32,-0.9989437144698775,-0.045900520240614126,0.0021441928044410585,0.0,0.0,0.12566370614359174
38.34,-0.9988251990658682,-0.048410992019007615,0.0021441928044410585,0.0,0.0,0.12566370614359174
38.36,-0.9987003745390483,-0.050921158007263635,0.0021441928044410585,0.0,0.0,0.12566370614359174
38.38,-0.9985692416778769,-0.053431002349811366,0.0021441928044410585,0.0,0.0,0.12566370614359174
38.4,-0.9984318013106609,-0.05594050919310805,0.0021441928044410585,0.0,0.0,0.12566370614359174
38.42,-0.9982880543055485,-0.058449662685746355,0.0021441928044410585,0.0,0.0,0.12566370614359174
38.44,-0.9981380015705236,-0.06095844697854732,0.0021441928044410585,0.0,0.0,0.12566370614359174
38.46,-0.9979816440534011,-0.06346684622466764,0.0021441928044410585,0.0,0.0,0.12566370614359174
38.480000000000004,-0.99781898274182,-0.06597484457969352,0.0021441928044410585,0.0,0.0,0.12566370614359174
38.5,-0.9976500186632377,-0.06848242620174333,0.0021441928044410585,0.0,0.0,0.12566370614359174
38.52,-0.9974747528849225,-0.0709895752515705,0.0021441928044410585,0.0,0.0,0.12566370614359174
38.54,-0.9972931865139488,-0.07349627589265724,0.0021441928044410585,0.0,0.0,0.12566370614359174
38.56,-0.9971053206971886,-0.07600251229132167,0.0021441928044410585,0.0,0.0,0.12566370614359174
38.58,-0.9969111566213043,-0.07850826861681087,0.0021441928044410585,0.0,0.0,0.12566370614359174
38.6,-0.9967106955127414,-0.08101352904140775,0.0021441928044410585,0.0,0.0,0.12566370614359174
38.62,-0.9965039386377216,-0.08351827774052416,0.0021441928044410585,0.0,0.0,0.12566370614359174
38.64,-0.9962908873022338,-0.08602249889280776,0.0021441928044410585,0.0,0.0,0.12566370614359174
38.660000000000004,-0.9960715428520258,-0.08852617668023584,0.0021441928044410585,0.0,0.0,0.12566370614359174
38.68,-0.9958459066725964,-0.09102929528821786,0.0021441928044410585,0.0,0.0,0.12566370614359174
38.7,-0.9956139801891863,-0.09353183890569805,0.0021441928044410585,0.0,0.0,0.12566370614359174
38.72,-0.9953757648667697,-0.09603379172524901,0.0021441928044410585,0.0,0.0,0.12566370614359174
38.74,-0.9951312622100433,-0.09853513794317877,0.0021441928044410585,0.0,0.0,0.12566370614359174
38.76,-0.9948804737634193,-0.10103586175962337,0.0021441928044410585,0.0,0.0,0.12566370614359174
38.78,-0.9946234011110134,-0.10353594737865375,0.0021441928044410585,0.0,0.0,0.12566370614359174
38.800000000000004,-0.9943600458766364,-0.10603537900836961,0.0021441928044410585,0.0,0.0,0.12566370614359174
38.82,-0.9940904097237832,-0.10853414086100141,0.0021441928044410585,0.0,0.0,0.12566370614359174
38.84,-0.9938144943556221,-0.11103221715301301,0.0021441928044410585,0.0,0.0,0.12566370614359174
38.86,-0.9935323015149846,-0.11352959210519506,0.0021441928044410585,0.0,0.0,0.12566370614359174
38.88,-0.9932438329843545,-0.11602624994277186,0.0021441928044410585,0.0,0.0,0.12566370614359174
38.9,-0.9929490905858551,-0.1185221748954938,0.0021441928044410585,0.0,0.0,0.12566370614359174
38.92,-0.9926480761812398,-0.12101735119774416,0.0021441928044410585,0.0,0.0,0.12566370614359174
38.94,-0.9923407916718792,-0.12351176308863153,0.0021441928044410585,0.0,0.0,0.12566370614359174
38.96,-0.9920272389987493,-0.12600539481209655,0.0021441928044410585,0.0,0.0,0.12566370614359174
38.980000000000004,-0.991707420142419,-0.12849823061700494,0.0021441928044410585,0.0,0.0,0.12566370614359174
39.0,-0.9913813371230388,-0.1309902547572502,0.0021441928044410585,0.0,0.0,0.12566370614359174
39.02,-0.9910489920003254,-0.13348145149185517,0.0021441928044410585,0.0,0.0,0.12566370614359174
39.04,-0.9907103868735517,-0.1359718050850655,0.0021441928044410585,0.0,0.0,0.12566370614359174
39.06,-0.9903655238815317,-0.13846129980645627,0.0021441928044410585,0.0,0.0,0.12566370614359174
39.08,-0.9900144052026073,-0.14094991993102396,0.0021441928044410585,0.0,0.0,0.12566370614359174
39.1,-0.9896570330546349,-0.14343764973929318,0.0021441928044410585,0.0,0.0,0.12566370614359174
39.12,-0.9892934096949713,-0.1459244735174086,0.0021441928044410585,0.0,0.0,0.12566370614359174
39.14,-0.9889235374204591,-0.1484103755572414,0.0021441928044410585,0.0,0.0,0.12566370614359174
39.160000000000004,-0.9885474185674126,-0.15089534015648226,0.0021441928044410585,0.0,0.0,0.12566370614359174
39.18,-0.9881650555116029,-0.1533793516187435,0.0021441928044410585,0.0,0.0,0.12566370614359174
39.2,-0.9877764506682429,-0.15586239425366039,0.0021441928044410585,0.0,0.0,0.12566370614359174
39.22,-0.987381606491972,-0.15834445237698433,0.0021441928044410585,0.0,0.0,0.12566370614359174
39.24,-0.9869805254768408,-0.160825510310689,0.0021441928044410585,0.0,0.0,0.12566370614359174
39.26,-0.9865732101562951,-0.16330555238306235,0.0021441928044410585,0.0,0.0,0.12566370614359174
39.28,-0.9861596631031595,-0.1657845629288125,0.0021441928044410585,0.0,0.0,0.12566370614359174
39.300000000000004,-0.9857398869296221,-0.16826252628916064,0.0021441928044410585,0.0,0.0,0.12566370614359174
39.32,-0.9853138842872174,-0.17073942681194254,0.0021441928044410585,0.0,0.0,0.12566370614359174
39.34,-0.9848816578668096,-0.1732152488517101,0.0021441928044410585,0.0,0.0,0.12566370614359174
39.36,-0.9844432103985753,-0.175689976769824,0.0021441928044410585,0.0,0.0,0.12566370614359174
39.38,-0.9839985446519874,-0.17816359493455936,0.0021441928044410585,0.0,0.0,0.12566370614359174
39.4,-0.9835476634357962,-0.18063608772119782,0.0021441928044410585,0.0,0.0,0.12566370614359174
39.42,-0.9830905695980129,-0.18310743951213293,0.0021441928044410585,0.0,0.0,0.12566370614359174
39.44,-0.9826272660258905,-0.1855776346969618,0.0021441928044410585,0.0,0.0,0.12566370614359174
39.46,-0.9821577556459058,-0.1880466576725909,0.0021441928044410585,0.0,0.0,0.12566370614359174
39.480000000000004,-0.9816820414237415,-0.1905144928433283,0.0021441928044410585,0.0,0.0,0.12566370614359174
39.5,-0.981200126364268,-0.19298112462098496,0.0021441928044410585,0.0,0.0,0.12566370614359174
39.52,-0.980712013511522,-0.19544653742497572,0.0021441928044410585,0.0,0.0,0.12566370614359174
39.54,-0.98021770594869,-0.19791071568241164,0.0021441928044410585,0.0,0.0,0.12566370614359174
39.56,-0.9797172067980864,-0.20037364382820533,0.0021441928044410585,0.0,0.0,0.12566370614359174
39.58,-0.9792105192211364,-0.2028353063051623,0.0021441928044410585,0.0,0.0,0.12566370614359174
39.6,-0.9786976464183542,-0.20529568756408625,0.0021441928044410585,0.0,0.0,0.12566370614359174
39.62,-0.9781785916293233,-0.20775477206387014,0.0021441928044410585,0.0,0.0,0.12566370614359174
39.64,-0.9776533581326754,-0.2102125442716015,0.0021441928044410585,0.0,0.0,0.12566370614359174
39.660000000000004,-0.9771219492460709,-0.21266898866265443,0.0021441928044410585,0.0,0.0,0.12566370614359174
39.68,-0.9765843683261773,-0.21512408972079025,0.0021441928044410585,0.0,0.0,0.12566370614359174
39.7,-0.9760406187686478,-0.21757783193825814,0.0021441928044410585,0.0,0.0,0.12566370614359174
39.72,-0.9754907040081002,-0.22003019981588673,0.0021441928044410585,0.0,0.0,0.12566370614359174
39.74,-0.9749346275180948,-0.22248117786318972,0.0021441928044410585,0.0,0.0,0.12566370614359174
39.76,-0.9743723928111131,-0.22493075059845571,0.0021441928044410585,0.0,0.0,0.12566370614359174
39.78,-0.9738040034385348,-0.2273789025488537,0.0021441928044410585,0.0,0.0,0.12566370614359174
39.800000000000004,-0.9732294629906162,-0.22982561825052464,0.0021441928044410585,0.0,0.0,0.12566370614359174
39.82,-0.9726487750964671,-0.23227088224868156,0.0021441928044410585,0.0,0.0,0.12566370614359174
39.84,-0.972061943424028,-0.2347146790977097,0.0021441928044410585,0.0,0.0,0.12566370614359174
39.86,-0.9714689716800464,-0.23715699336125834,0.0021441928044410585,0.0,0.0,0.12566370614359174
39.88,-0.9708698636100541,-0.2395978096123448,0.0021441928044410585,0.0,0.0,0.12566370614359174
39.9,-0.9702646229983436,-0.24203711243344553,0.0021441928044410585,0.0,0.0,0.12566370614359174
39.92,-0.9696532536679435,-0.24447488641659973,0.0021441928044410585,0.0,0.0,0.12566370614359174
39.94,-0.9690357594805946,-0.24691111616350045,0.0021441928044410585,0.0,0.0,0.12566370614359174
39.96,-0.9684121443367256,-0.24934578628559814,0.0021441928044410585,0.0,0.0,0.12566370614359174
39.980000000000004,-0.9677824121754292,-0.2517788814041923,0.0021441928044410585,0.0,0.0,0.12566370614359174
40.0,-0.9671465669744357,-0.25421038615053093,0.0021441928044410585,0.0,0.0,0.12566370614359174
40.02,-0.9665046127500887,-0.2566402851659101,0.0021441928044410585,0.0,0.0,0.12566370614359174
40.04,-0.9658565535573206,-0.25906856310176546,0.0021441928044410585,0.0,0.0,0.12566370614359174
40.06,-0.9652023934896248,-0.2614952046197755,0.0021441928044410585,0.0,0.0,0.12566370614359174
40.08,-0.9645421366790324,-0.2639201943919518,0.0021441928044410585,0.0,0.0,0.12566370614359174
40.1,-0.963875787296084,-0.26634351710074283,0.0021441928044410585,0.0,0.0,0.12566370614359174
40.12,-0.9632033495498046,-0.26876515743912327,0.0021441928044410585,0.0,0.0,0.12566370614359174
40.14,-0.962524827687676,-0.2711851001106988,0.0021441928044410585,0.0,0.0,0.12566370614359174
40.160000000000004,-0.9618402259956115,-0.273603329829795,0.0021441928044410585,0.0,0.0,0.12566370614359174
40.18,-0.9611495487979271,-0.27601983132155794,0.0021441928044410585,0.0,0.0,0.12566370614359174
40.2,-0.9604528004573154,-0.2784345893220526,0.0021441928044410585,0.0,0.0,0.12566370614359174
40.22,-0.9597499853748184,-0.28084758857835335,0.0021441928044410585,0.0,0.0,0.12566370614359174
40.24,-0.9590411079897972,-0.2832588138486471,0.0021441928044410585,0.0,0.0,0.12566370614359174
40.26,-0.9583261727799072,-0.2856682499023229,0.0021441928044410585,0.0,0.0,0.12566370614359174
40.28,-0.957605184261067,-0.2880758815200748,0.0021441928044410585,0.0,0.0,0.12566370614359174
40.300000000000004,-0.9568781469874327,-0.29048169349399217,0.0021441928044410585,0.0,0.0,0.12566370614359174
40.32,-0.9561450655513667,-0.2928856706276581,0.0021441928044410585,0.0,0.0,0.12566370614359174
40.34,-0.9554059445834095,-0.29528779773624814,0.0021441928044410585,0.0,0.0,0.12566370614359174
40.36,-0.9546607887522514,-0.29768805964662054,0.0021441928044410585,0.0,0.0,0.12566370614359174
40.38,-0.9539096027647008,-0.3000864411974179,0.0021441928044410585,0.0,0.0,0.12566370614359174
40.4,-0.9531523913656575,-0.3024829272391574,0.0021441928044410585,0.0,0.0,0.12566370614359174
40.42,-0.9523891593380793,-0.3048775026343322,0.0021441928044410585,0.0,0.0,0.12566370614359174
40.44,-0.9516199115029554,-0.30727015225750115,0.0021441928044410585,0.0,0.0,0.12566370614359174
40.46,-0.9508446527192727,-0.3096608609953904,0.0021441928044410585,0.0,0.0,0.12566370614359174
40.480000000000004,-0.9500633878839871,-0.3120496137469835,0.0021441928044410585,0.0,0.0,0.12566370614359174
40.5,-0.949276121931992,-0.31443639542361884,0.0021441928044410585,0.0,0.0,0.12566370614359174
40.52,-0.9484828598360866,-0.31682119094908806,0.0021441928044410585,0.0,0.0,0.12566370614359174
40.54,-0.9476836066069464,-0.3192039852597247,0.0021441928044410585,0.0,0.0,0.12566370614359174
40.56,-0.9468783672930882,-0.3215847633045066,0.0021441928044410585,0.0,0.0,0.12566370614359174
40.58,-0.946067146980842,-0.32396351004514384,0.0021441928044410585,0.0,0.0,0.12566370614359174
40.6,-0.9452499507943156,-0.32634021045618095,0.0021441928044410585,0.0,0.0,0.12566370614359174
40.62,-0.9444267838953643,-0.3287148495250847,0.0021441928044410585,0.0,0.0,0.12566370614359174
40.64,-0.9435976514835572,-0.33108741225234584,0.0021441928044410585,0.0,0.0,0.12566370614359174
40.660000000000004,-0.942762558796146,-0.3334578836515681,0.0021441928044410585,0.0,0.0,0.12566370614359174
40.68,-0.9419215111080304,-0.3358262487495646,0.0021441928044410585,0.0,0.0,0.12566370614359174
40.7,-0.9410745137317233,-0.33819249258645606,0.0021441928044410585,0.0,0.0,0.12566370614359174
40.72,-0.9402215720173217,-0.3405566002157587,0.0021441928044410585,0.0,0.0,0.12566370614359174
40.74,-0.9393626913524681,-0.34291855670448546,0.0021441928044410585,0.0,0.0,0.12566370614359174
40.76,-0.9384978771623202,-0.34527834713323363,0.0021441928044410585,0.0,0.0,0.12566370614359174
40.78,-0.9376271349095142,-0.3476359565962864,0.0021441928044410585,0.0,0.0,0.12566370614359174
40.800000000000004,-0.9367504700941315,-0.3499913702017,0.0021441928044410585,0.0,0.0,0.12566370614359174
40.82,-0.9358678882536635,-0.35234457307140105,0.0021441928044410585,0.0,0.0,0.12566370614359174
40.84,-0.9349793949629767,-0.3546955503412831,0.0021441928044410585,0.0,0.0,0.12566370614359174
40.86,-0.9340849958342781,-0.3570442871612944,0.0021441928044410585,0.0,0.0,0.12566370614359174
40.88,-0.9331846965170778,-0.35939076869553804,0.0021441928044410585,0.0,0.0,0.12566370614359174
40.9,-0.9322785026981562,-0.3617349801223598,0.0021441928044410585,0.0,0.0,0.12566370614359174
40.92,-0.9313664201015254,-0.364076906634448,0.0021441928044410585,0.0,0.0,0.12566370614359174
40.94,-0.9304484544883959,-0.3664165334389203,0.0021441928044410585,0.0,0.0,0.12566370614359174
40.96,-0.9295246116571358,-0.3687538457574236,0.0021441928044410585,0.0,0.0,0.12566370614359174
40.980000000000004,-0.9285948974432401,-0.3710888288262225,0.0021441928044410585,0.0,0.0,0.12566370614359174
41.0,-0.9276593177192887,-0.37342146789629393,0.0021441928044410585,0.0,0.0,0.12566370614359174
41.02,-0.9267178783949106,-0.37575174823342367,0.0021441928044410585,0.0,0.0,0.12566370614359174
41.04,-0.9257705854167497,-0.3780796551182925,0.0021441928044410585,0.0,0.0,0.12566370614359174
41.06,-0.9248174447684222,-0.38040517384657724,0.0021441928044410585,0.0,0.0,0.12566370614359174
41.08,-0.9238584624704833,-0.38272828972903616,0.0021441928044410585,0.0,0.0,0.12566370614359174
41.1,-0.9228936445803857,-0.38504898809160837,0.0021441928044410585,0.0,0.0,0.12566370614359174
41.12,-0.921922997192444,-0.38736725427550006,0.0021441928044410585,0.0,0.0,0.12566370614359174
41.14,-0.9209465264377938,-0.38968307363728355,0.0021441928044410585,0.0,0.0,0.12566370614359174
41.160000000000004,-0.9199642384843559,-0.3919964315489843,0.0021441928044410585,0.0,0.0,0.12566370614359174
41.18,-0.918976139536795,-0.3943073133981758,0.0021441928044410585,0.0,0.0,0.12566370614359174
41.2,-0.9179822358364806,-0.3966157045880738,0.0021441928044410585,0.0,0.0,0.12566370614359174
41.22,-0.9169825336614494,-0.39892159053762355,0.0021441928044410585,0.0,0.0,0.12566370614359174
41.24,-0.9159770393263629,-0.4012249566815977,0.0021441928044410585,0.0,0.0,0.12566370614359174
41.26,-0.91496575918247,-0.4035257884706822,0.0021441928044410585,0.0,0.0,0.12566370614359174
41.28,-0.9139486996175655,-0.4058240713715744,0.0021441928044410585,0.0,0.0,0.12566370614359174
41.300000000000004,-0.9129258670559504,-0.4081197908670698,0.0021441928044410585,0.0,0.0,0.12566370614359174
41.32,-0.9118972679583918,-0.41041293245615557,0.0021441928044410585,0.0,0.0,0.12566370614359174
41.34,-0.9108629088220794,-0.41270348165410464,0.0021441928044410585,0.0,0.0,0.12566370614359174
41.36,-0.9098227961805889,-0.4149914239925618,0.0021441928044410585,0.0,0.0,0.12566370614359174
41.38,-0.9087769366038364,-0.41727674501964135,0.0021441928044410585,0.0,0.0,0.12566370614359174
41.4,-0.9077253366980396,-0.4195594303000121,0.0021441928044410585,0.0,0.0,0.12566370614359174
41.42,-0.9066680031056744,-0.4218394654149948,0.0021441928044410585,0.0,0.0,0.12566370614359174
41.44,-0.9056049425054356,-0.4241168359626468,0.0021441928044410585,0.0,0.0,0.12566370614359174
41.46,-0.9045361616121904,-0.42639152755785964,0.0021441928044410585,0.0,0.0,0.12566370614359174
41.480000000000004,-0.9034616671769409,-0.42866352583244416,0.0021441928044410585,0.0,0.0,0.12566370614359174
41.5,-0.9023814659867776,-0.43093281643522346,0.0021441928044410585,0.0,0.0,0.12566370614359174
41.52,-0.901295564864838,-0.4331993850321265,0.0021441928044410585,0.0,0.0,0.12566370614359174
41.54,-0.9002039706702641,-0.43546321730627263,0.0021441928044410585,0.0,0.0,0.12566370614359174
41.56,-0.8991066902981577,-0.4377242989580684,0.0021441928044410585,0.0,0.0,0.12566370614359174
41.58,-0.8980037306795386,-0.4399826157052917,0.0021441928044410585,0.0,0.0,0.12566370614359174
41.6,-0.8968950987812983,-0.4422381532831881,0.0021441928044410585,0.0,0.0,0.12566370614359174
41.62,-0.8957808016061596,-0.4444908974445546,0.0021441928044410585,0.0,0.0,0.12566370614359174
41.64,-0.8946608461926279,-0.44674083395983666,0.0021441928044410585,0.0,0.0,0.12566370614359174
41.660000000000004,-0.8935352396149508,-0.44898794861721125,0.0021441928044410585,0.0,0.0,0.12566370614359174
41.68,-0.892403988983072,-0.45123222722268047,0.0021441928044410585,0.0,0.0,0.12566370614359174
41.7,-0.8912671014425836,-0.4534736556001623,0.0021441928044410585,0.0,0.0,0.12566370614359174
41.72,-0.8901245841746869,-0.45571221959157515,0.0021441928044410585,0.0,0.0,0.12566370614359174
41.74,-0.8889764443961405,-0.4579479050569341,0.0021441928044410585,0.0,0.0,0.12566370614359174
41.76,-0.8878226893592206,-0.4601806978744331,0.0021441928044410585,0.0,0.0,0.12566370614359174
41.78,-0.8866633263516693,-0.46241058394054063,0.0021441928044410585,0.0,0.0,0.12566370614359174
41.800000000000004,-0.8854983626966552,-0.4646375491700836,0.0021441928044410585,0.0,0.0,0.12566370614359174
41.82,-0.8843278057527214,-0.46686157949633866,0.0021441928044410585,0.0,0.0,0.12566370614359174
41.84,-0.8831516629137411,-0.4690826608711229,0.0021441928044410585,0.0,0.0,0.12566370614359174
41.86,-0.8819699416088725,-0.4713007792648776,0.0021441928044410585,0.0,0.0,0.12566370614359174
41.88,-0.8807826493025089,-0.4735159206667631,0.0021441928044410585,0.0,0.0,0.12566370614359174
41.9,-0.8795897934942347,-0.4757280710847411,0.0021441928044410585,0.0,0.0,0.12566370614359174
41.92,-0.8783913817187745,-0.47793721654566845,0.0021441928044410585,0.0,0.0,0.12566370614359174
41.94,-0.8771874215459495,-0.4801433430953805,0.0021441928044410585,0.0,0.0,0.12566370614359174
41.96,-0.875977920580625,-0.4823464367987842,0.0021441928044410585,0.0,0.0,0.12566370614359174
41.980000000000004,-0.8747628864626676,-0.48454648373994175,0.0021441928044410585,0.0,0.0,0.12566370614359174
42.0,-0.8735423268668929,-0.4867434700221603,0.0021441928044410585,0.0,0.0,0.12566370614359174
42.02,-0.8723162495030184,-0.48893738176808177,0.0021441928044410585,0.0,0.0,0.12566370614359174
42.04,-0.8710846621156157,-0.4911282051197658,0.0021441928044410585,0.0,0.0,0.12566370614359174
42.06,-0.8698475724840593,-0.493315926238783,0.0021441928044410585,0.0,0.0,0.12566370614359174
42.08,-0.8686049884224804,-0.4955005313062961,0.0021441928044410585,0.0,0.0,0.12566370614359174
42.1,-0.8673569177797142,-0.49768200652315386,0.0021441928044410585,0.0,0.0,0.12566370614359174
42.12,-0.866103368439255,-0.4998603381099715,0.0021441928044410585,0.0,0.0,0.12566370614359174
42.14,-0.8648443483191998,-0.5020355123072242,0.0021441928044410585,0.0,0.0,0.12566370614359174
42.160000000000004,-0.8635798653722048,-0.5042075153753294,0.0021441928044410585,0.0,0.0,0.12566370614359174
42.18,-0.8623099275854319,-0.5063763335947338,0.0021441928044410585,0.0,0.0,0.12566370614359174
42.2,-0.861034542980498,-0.5085419532660045,0.0021441928044410585,0.0,0.0,0.12566370614359174
42.22,-0.8597537196134256,-0.5107043607099093,0.0021441928044410585,0.0,0.0,0.12566370614359174
42.24,-0.858467465574591,-0.5128635422675087,0.0021441928044410585,0.0,0.0,0.12566370614359174
42.26,-0.8571757889886736,-0.5150194843002375,0.0021441928044410585,0.0,0.0,0.12566370614359174
42.28,-0.8558786980146049,-0.5171721731899953,0.0021441928044410585,0.0,0.0,0.12566370614359174
42.300000000000004,-0.8545762008455164,-0.5193215953392284,0.0021441928044410585,0.0,0.0,0.12566370614359174
42.32,-0.8532683057086888,-0.5214677371710178,0.0021441928044410585,0.0,0.0,0.12566370614359174
42.34,-0.8519550208654976,-0.5236105851291664,0.0021441928044410585,0.0,0.0,0.12566370614359174
42.36,-0.8506363546113644,-0.5257501256782806,0.0021441928044410585,0.0,0.0,0.12566370614359174
42.38,-0.849312315275701,-0.5278863453038609,0.0021441928044410585,0.0,0.0,0.12566370614359174
42.4,-0.8479829112218604,-0.5300192305123816,0.0021441928044410585,0.0,0.0,0.12566370614359174
42.42,-0.8466481508470806,-0.5321487678313818,0.0021441928044410585,0.0,0.0,0.12566370614359174
42.44,-0.8453080425824337,-0.5342749438095453,0.0021441928044410585,0.0,0.0,0.12566370614359174
42.46,-0.8439625948927719,-0.5363977450167904,0.0021441928044410585,0.0,0.0,0.12566370614359174
42.480000000000004,-0.8426118162766739,-0.53851715804435,0.0021441928044410585,0.0,0.0,0.12566370614359174
42.5,-0.841255715266392,-0.5406331695048592,0.0021441928044410585,0.0,0.0,0.12566370614359174
42.52,-0.8398943004277963,-0.5427457660324407,0.0021441928044410585,0.0,0.0,0.12566370614359174
42.54,-0.8385275803603239,-0.5448549342827856,0.0021441928044410585,0.0,0.0,0.12566370614359174
42.56,-0.8371555636969207,-0.5469606609332418,0.0021441928044410585,0.0,0.0,0.12566370614359174
42.58,-0.8357782591039907,-0.5490629326828945,0.0021441928044410585,0.0,0.0,0.12566370614359174
42.6,-0.8343956752813371,-0.5511617362526537,0.0021441928044410585,0.0,0.0,0.12566370614359174
42.62,-0.8330078209621116,-0.5532570583853343,0.0021441928044410585,0.0,0.0,0.12566370614359174
42.64,-0.8316147049127552,-0.555348885845744,0.0021441928044410585,0.0,0.0,0.12566370614359174
42.660000000000004,-0.830216335932947,-0.5574372054207631,0.0021441928044410585,0.0,0.0,0.12566370614359174
42.68,-0.8288127228555459,-0.5595220039194295,0.0021441928044410585,0.0,0.0,0.12566370614359174
42.7,-0.8274038745465335,-0.5616032681730243,0.0021441928044410585,0.0,0.0,0.12566370614359174
42.72,-0.8259897999049628,-0.5636809850351497,0.0021441928044410585,0.0,0.0,0.12566370614359174
42.74,-0.8245705078628969,-0.5657551413818186,0.0021441928044410585,0.0,0.0,0.12566370614359174
42.76,-0.8231460073853565,-0.5678257241115305,0.0021441928044410585,0.0,0.0,0.12566370614359174
42.78,-0.8217163074702599,-0.5698927201453612,0.0021441928044410585,0.0,0.0,0.12566370614359174
42.800000000000004,-0.8202814171483693,-0.5719561164270391,0.0021441928044410585,0.0,0.0,0.12566370614359174
42.82,-0.818841345483232,-0.5740158999230316,0.0021441928044410585,0.0,0.0,0.12566370614359174
42.84,-0.8173961015711227,-0.5760720576226278,0.0021441928044410585,0.0,0.0,0.12566370614359174
42.86,-0.8159456945409882,-0.578124576538017,0.0021441928044410585,0.0,0.0,0.12566370614359174
42.88,-0.8144901335543868,-0.5801734437043754,0.0021441928044410585,0.0,0.0,0.12566370614359174
42.9,-0.8130294278054336,-0.5822186461799433,0.0021441928044410585,0.0,0.0,0.12566370614359174
42.92,-0.8115635865207393,-0.5842601710461116,0.0021441928044410585,0.0,0.0,0.12566370614359174
42.94,-0.8100926189593549,-0.5862980054074979,0.0021441928044410585,0.0,0.0,0.12566370614359174
42.96,-0.8086165344127099,-0.5883321363920351,0.0021441928044410585,0.0,0.0,0.12566370614359174
42.980000000000004,-0.807135342204557,-0.590362551151045,0.0021441928044410585,0.0,0.0,0.12566370614359174
43.0,-0.8056490516909117,-0.5923892368593239,0.0021441928044410585,0.0,0.0,0.12566370614359174
43.02,-0.804157672259992,-0.594412180715225,0.0021441928044410585,0.0,0.0,0.12566370614359174
43.04,-0.8026612133321619,-0.5964313699407334,0.0021441928044410585,0.0,0.0,0.12566370614359174
43.06,-0.8011596843598678,-0.5984467917815547,0.0021441928044410585,0.0,0.0,0.12566370614359174
43.08,-0.7996530948275841,-0.6004584335071874,0.0021441928044410585,0.0,0.0,0.12566370614359174
43.1,-0.798141454251748,-0.6024662824110106,0.0021441928044410585,0.0,0.0,0.12566370614359174
43.12,-0.796624772180704,-0.604470325810358,0.0021441928044410585,0.0,0.0,0.12566370614359174
43.14,-0.7951030581946396,-0.6064705510466033,0.0021441928044410585,0.0,0.0,0.12566370614359174
43.160000000000004,-0.7935763219055275,-0.6084669454852366,0.0021441928044410585,0.0,0.0,0.12566370614359174
43.18,-0.7920445729570642,-0.6104594965159448,0.0021441928044410585,0.0,0.0,0.12566370614359174
43.2,-0.790507821024608,-0.6124481915526936,0.0021441928044410585,0.0,0.0,0.12566370614359174
43.22,-0.7889660758151202,-0.6144330180338038,0.0021441928044410585,0.0,0.0,0.12566370614359174
43.24,-0.7874193470671006,-0.6164139634220333,0.0021441928044410585,0.0,0.0,0.12566370614359174
43.26,-0.7858676445505293,-0.6183910152046531,0.0021441928044410585,0.0,0.0,0.12566370614359174
43.28,-0.7843109780668022,-0.6203641608935313,0.0021441928044410585,0.0,0.0,0.12566370614359174
43.300000000000004,-0.782749357448671,-0.6223333880252064,0.0021441928044410585,0.0,0.0,0.12566370614359174
43.32,-0.7811827925601806,-0.6242986841609689,0.0021441928044410585,0.0,0.0,0.12566370614359174
43.34,-0.7796112932966055,-0.6262600368869415,0.0021441928044410585,0.0,0.0,0.12566370614359174
43.36,-0.7780348695843902,-0.6282174338141535,0.0021441928044410585,0.0,0.0,0.12566370614359174
43.38,-0.7764535313810825,-0.6301708625786231,0.0021441928044410585,0.0,0.0,0.12566370614359174
43.4,-0.774867288675275,-0.6321203108414313,0.0021441928044410585,0.0,0.0,0.12566370614359174
43.42,-0.7732761514865375,-0.6340657662888044,0.0021441928044410585,0.0,0.0,0.12566370614359174
43.44,-0.7716801298653586,-0.6360072166321875,0.0021441928044410585,0.0,0.0,0.12566370614359174
43.46,-0.7700792338930768,-0.6379446496083264,0.0021441928044410585,0.0,0.0,0.12566370614359174
43.480000000000004,-0.7684734736818223,-0.6398780529793405,0.0021441928044410585,0.0,0.0,0.12566370614359174
43.5,-0.7668628593744494,-0.641807414532803,0.0021441928044410585,0.0,0.0,0.12566370614359174
43.52,-0.7652474011444725,-0.643732722081819,0.0021441928044410585,0.0,0.0,0.12566370614359174
43.54,-0.7636271091960047,-0.6456539634650982,0.0021441928044410585,0.0,0.0,0.12566370614359174
43.56,-0.7620019937636898,-0.6475711265470374,0.0021441928044410585,0.0,0.0,0.12566370614359174
43.58,-0.7603720651126412,-0.6494841992177908,0.0021441928044410585,0.0,0.0,0.12566370614359174
43.6,-0.7587373335383727,-0.6513931693933531,0.0021441928044410585,0.0,0.0,0.12566370614359174
43.62,-0.7570978093667385,-0.6532980250156303,0.0021441928044410585,0.0,0.0,0.12566370614359174
43.64,-0.7554535029538634,-0.65519875405252,0.0021441928044410585,0.0,0.0,0.12566370614359174
43.660000000000004,-0.7538044246860808,-0.657095344497984,0.0021441928044410585,0.0,0.0,0.12566370614359174
43.68,-0.752150584979866,-0.6589877843721257,0.0021441928044410585,0.0,0.0,0.12566370614359174
43.7,-0.750491994281768,-0.6608760617212674,0.0021441928044410585,0.0,0.0,0.12566370614359174
43.72,-0.748828663068349,-0.6627601646180217,0.0021441928044410585,0.0,0.0,0.12566370614359174
43.74,-0.7471606018461109,-0.6646400811613722,0.0021441928044410585,0.0,0.0,0.12566370614359174
43.76,-0.7454878211514364,-0.6665157994767427,0.0021441928044410585,0.0,0.0,0.12566370614359174
43.78,-0.7438103315505162,-0.6683873077160787,0.0021441928044410585,0.0,0.0,0.12566370614359174
43.800000000000004,-0.7421281436392874,-0.6702545940579165,0.0021441928044410585,0.0,0.0,0.12566370614359174
43.82,-0.7404412680433633,-0.6721176467074599,0.0021441928044410585,0.0,0.0,0.12566370614359174
43.84,-0.7387497154179659,-0.6739764538966565,0.0021441928044410585,0.0,0.0,0.12566370614359174
43.86,-0.7370534964478623,-0.6758310038842691,0.0021441928044410585,0.0,0.0,0.12566370614359174
43.88,-0.7353526218472921,-0.6776812849559533,0.0021441928044410585,0.0,0.0,0.12566370614359174
43.9,-0.7336471023599045,-0.6795272854243267,0.0021441928044410585,0.0,0.0,0.12566370614359174
43.92,-0.7319369487586868,-0.6813689936290483,0.0021441928044410585,0.0,0.0,0.12566370614359174
43.94,-0.7302221718458995,-0.683206397936887,0.0021441928044410585,0.0,0.0,0.12566370614359174
43.96,-0.7285027824530045,-0.6850394867417998,0.0021441928044410585,0.0,0.0,0.12566370614359174
43.980000000000004,-0.7267787914406003,-0.6868682484650014,0.0021441928044410585,0.0,0.0,0.12566370614359174
44.0,-0.7250502096983513,-0.6886926715550378,0.0021441928044410585,0.0,0.0,0.12566370614359174
44.02,-0.7233170481449188,-0.6905127444878625,0.0021441928044410585,0.0,0.0,0.12566370614359174
44.04,-0.7215793177278939,-0.6923284557669042,0.0021441928044410585,0.0,0.0,0.12566370614359174
44.06,-0.719837029423725,-0.694139793923145,0.0021441928044410585,0.0,0.0,0.12566370614359174
44.08,-0.7180901942376532,-0.6959467475151875,0.0021441928044410585,0.0,0.0,0.12566370614359174
44.1,-0.7163388232036378,-0.6977493051293319,0.0021441928044410585,0.0,0.0,0.12566370614359174
44.12,-0.7145829273842919,-0.6995474553796434,0.0021441928044410585,0.0,0.0,0.12566370614359174
44.14,-0.7128225178708057,-0.701341186908029,0.0021441928044410585,0.0,0.0,0.12566370614359174
44.160000000000004,-0.7110576057828834,-0.7031304883843053,0.0021441928044410585,0.0,0.0,0.12566370614359174
44.18,-0.7092882022686697,-0.7049153485062706,0.0021441928044410585,0.0,0.0,0.12566370614359174
44.2,-0.7075143185046775,-0.7066957559997795,0.0021441928044410585,0.0,0.0,0.12566370614359174
44.22,-0.7057359656957221,-0.7084716996188093,0.0021441928044410585,0.0,0.0,0.12566370614359174
44.24,-0.7039531550748453,-0.7102431681455367,0.0021441928044410585,0.0,0.0,0.12566370614359174
44.26,-0.7021658979032487,-0.7120101503904019,0.0021441928044410585,0.0,0.0,0.12566370614359174
44.28,-0.7003742054702189,-0.7137726351921864,0.0021441928044410585,0.0,0.0,0.12566370614359174
44.300000000000004,-0.6985780890930597,-0.7155306114180772,0.0021441928044410585,0.0,0.0,0.12566370614359174
44.32,-0.6967775601170189,-0.7172840679637409,0.0021441928044410585,0.0,0.0,0.12566370614359174
44.34,-0.6949726299152147,-0.7190329937533939,0.0021441928044410585,0.0,0.0,0.12566370614359174
44.36,-0.6931633098885687,-0.7207773777398689,0.0021441928044410585,0.0,0.0,0.12566370614359174
44.38,-0.6913496114657285,-0.7225172089046904,0.0021441928044410585,0.0,0.0,0.12566370614359174
44.4,-0.6895315461029996,-0.7242524762581377,0.0021441928044410585,0.0,0.0,0.12566370614359174
44.42,-0.6877091252842704,-0.7259831688393203,0.0021441928044410585,0.0,0.0,0.12566370614359174
44.44,-0.6858823605209422,-0.7277092757162419,0.0021441928044410585,0.0,0.0,0.12566370614359174
44.46,-0.6840512633518531,-0.7294307859858747,0.0021441928044410585,0.0,0.0,0.12566370614359174
44.480000000000004,-0.6822158453432082,-0.7311476887742235,0.0021441928044410585,0.0,0.0,0.12566370614359174
44.5,-0.6803761180885064,-0.7328599732363967,0.0021441928044410585,0.0,0.0,0.12566370614359174
44.52,-0.6785320932084631,-0.7345676285566761,0.0021441928044410585,0.0,0.0,0.12566370614359174
44.54,-0.6766837823509433,-0.7362706439485815,0.0021441928044410585,0.0,0.0,0.12566370614359174
44.56,-0.6748311971908812,-0.7379690086549434,0.0021441928044410585,0.0,0.0,0.12566370614359174
44.58,-0.6729743494302131,-0.7396627119479661,0.0021441928044410585,0.0,0.0,0.12566370614359174
44.6,-0.6711132507977974,-0.7413517431292996,0.0021441928044410585,0.0,0.0,0.12566370614359174
44.62,-0.6692479130493455,-0.7430360915301045,0.0021441928044410585,0.0,0.0,0.12566370614359174
44.64,-0.6673783479673434,-0.7447157465111222,0.0021441928044410585,0.0,0.0,0.12566370614359174
44.660000000000004,-0.6655045673609812,-0.7463906974627373,0.0021441928044410585,0.0,0.0,0.12566370614359174
44.68,-0.6636265830660755,-0.74806093380505,0.0021441928044410585,0.0,0.0,0.12566370614359174
44.7,-0.6617444069449949,-0.7497264449879403,0.0021441928044410585,0.0,0.0,0.12566370614359174
44.72,-0.6598580508865883,-0.7513872204911333,0.0021441928044410585,0.0,0.0,0.12566370614359174
44.74,-0.657967526806104,-0.7530432498242695,0.0021441928044410585,0.0,0.0,0.12566370614359174
44.76,-0.6560728466451213,-0.7546945225269664,0.0021441928044410585,0.0,0.0,0.12566370614359174
44.78,-0.6541740223714679,-0.756341028168889,0.0021441928044410585,0.0,0.0,0.12566370614359174
44.800000000000004,-0.6522710659791512,-0.7579827563498127,0.0021441928044410585,0.0,0.0,0.12566370614359174
44.82,-0.6503639894882789,-0.7596196966996893,0.0021441928044410585,0.0,0.0,0.12566370614359174
44.84,-0.6484528049449804,-0.7612518388787147,0.0021441928044410585,0.0,0.0,0.12566370614359174
44.86,-0.6465375244213379,-0.7628791725773912,0.0021441928044410585,0.0,0.0,0.12566370614359174
44.88,-0.6446181600153024,-0.7645016875165962,0.0021441928044410585,0.0,0.0,0.12566370614359174
44.9,-0.6426947238506246,-0.7661193734476416,0.0021441928044410585,0.0,0.0,0.12566370614359174
44.92,-0.640767228076771,-0.7677322201523452,0.0021441928044410585,0.0,0.0,0.12566370614359174
44.94,-0.6388356848688536,-0.7693402174430896,0.0021441928044410585,0.0,0.0,0.12566370614359174
44.96,-0.6369001064275481,-0.7709433551628911,0.0021441928044410585,0.0,0.0,0.12566370614359174
44.980000000000004,-0.6349605049790206,-0.7725416231854599,0.0021441928044410585,0.0,0.0,0.12566370614359174
45.0,-0.6330168927748481,-0.7741350114152664,0.0021441928044410585,0.0,0.0,0.12566370614359174
45.02,-0.6310692820919407,-0.7757235097876051,0.0021441928044410585,0.0,0.0,0.12566370614359174
45.04,-0.6291176852324672,-0.7773071082686562,0.0021441928044410585,0.0,0.0,0.12566370614359174
45.06,-0.6271621145237726,-0.7788857968555519,0.0021441928044410585,0.0,0.0,0.12566370614359174
45.08,-0.6252025823183063,-0.7804595655764361,0.0021441928044410585,0.0,0.0,0.12566370614359174
45.1,-0.6232391009935367,-0.7820284044905312,0.0021441928044410585,0.0,0.0,0.12566370614359174
45.12,-0.6212716829518806,-0.7835923036881969,0.0021441928044410585,0.0,0.0,0.12566370614359174
45.14,-0.6193003406206182,-0.7851512532909971,0.0021441928044410585,0.0,0.0,0.12566370614359174
45.160000000000004,-0.6173250864518197,-0.7867052434517584,0.0021441928044410585,0.0,0.0,0.12566370614359174
45.18,-0.6153459329222648,-0.7882542643546334,0.0021441928044410585,0.0,0.0,0.12566370614359174
45.2,-0.6133628925333614,-0.7897983062151656,0.0021441928044410585,0.0,0.0,0.12566370614359174
45.22,-0.611375977811072,-0.7913373592803461,0.0021441928044410585,0.0,0.0,0.12566370614359174
45.24,-0.6093852013058283,-0.792871413828681,0.0021441928044410585,0.0,0.0,0.12566370614359174
45.26,-0.6073905755924578,-0.7944004601702463,0.0021441928044410585,0.0,0.0,0.12566370614359174
45.28,-0.6053921132700993,-0.7959244886467557,0.0021441928044410585,0.0,0.0,0.12566370614359174
45.300000000000004,-0.603389826962128,-0.7974434896316165,0.0021441928044410585,0.0,0.0,0.12566370614359174
45.32,-0.6013837293160726,-0.798957453529992,0.0021441928044410585,0.0,0.0,0.12566370614359174
45.34,-0.5993738330035351,-0.8004663707788647,0.0021441928044410585,0.0,0.0,0.12566370614359174
45.36,-0.5973601507201141,-0.8019702318470924,0.0021441928044410585,0.0,0.0,0.12566370614359174
45.38,-0.5953426951853201,-0.8034690272354718,0.0021441928044410585,0.0,0.0,0.12566370614359174
45.4,-0.5933214791425003,-0.8049627474767957,0.0021441928044410585,0.0,0.0,0.12566370614359174
45.42,-0.5912965153587522,-0.8064513831359167,0.0021441928044410585,0.0,0.0,0.12566370614359174
45.44,-0.5892678166248487,-0.8079349248098014,0.0021441928044410585,0.0,0.0,0.12566370614359174
45.46,-0.5872353957551526,-0.8094133631275957,0.0021441928044410585,0.0,0.0,0.12566370614359174
45.480000000000004,-0.5851992655875395,-0.8108866887506789,0.0021441928044410585,0.0,0.0,0.12566370614359174
45.5,-0.5831594389833146,-0.8123548923727251,0.0021441928044410585,0.0,0.0,0.12566370614359174
45.52,-0.5811159288271299,-0.8138179647197634,0.0021441928044410585,0.0,0.0,0.12566370614359174
45.54,-0.5790687480269078,-0.8152758965502326,0.0021441928044410585,0.0,0.0,0.12566370614359174
45.56,-0.5770179095137532,-0.8167286786550438,0.0021441928044410585,0.0,0.0,0.12566370614359174
45.58,-0.5749634262418784,-0.8181763018576351,0.0021441928044410585,0.0,0.0,0.12566370614359174
45.6,-0.5729053111885148,-0.8196187570140321,0.0021441928044410585,0.0,0.0,0.12566370614359174
45.62,-0.5708435773538371,-0.8210560350129033,0.0021441928044410585,0.0,0.0,0.12566370614359174
45.64,-0.5687782377608755,-0.8224881267756203,0.0021441928044410585,0.0,0.0,0.12566370614359174
45.660000000000004,-0.5667093054554377,-0.8239150232563133,0.0021441928044410585,0.0,0.0,0.12566370614359174
45.68,-0.5646367935060258,-0.8253367154419278,0.0021441928044410585,0.0,0.0,0.12566370614359174
45.7,-0.5625607150037496,-0.8267531943522846,0.0021441928044410585,0.0,0.0,0.12566370614359174
45.72,-0.5604810830622514,-0.8281644510401314,0.0021441928044410585,0.0,0.0,0.12566370614359174
45.74,-0.5583979108176144,-0.8295704765912053,0.0021441928044410585,0.0,0.0,0.12566370614359174
45.76,-0.5563112114282892,-0.8309712621242841,0.0021441928044410585,0.0,0.0,0.12566370614359174
45.78,-0.5542209980750011,-0.8323667987912456,0.0021441928044410585,0.0,0.0,0.12566370614359174
45.800000000000004,-0.5521272839606747,-0.8337570777771216,0.0021441928044410585,0.0,0.0,0.12566370614359174
45.82,-0.550030082310347,-0.8351420903001534,0.0021441928044410585,0.0,0.0,0.12566370614359174
45.84,-0.5479294063710819,-0.8365218276118506,0.0021441928044410585,0.0,0.0,0.12566370614359174
45.86,-0.5458252694118916,-0.8378962809970415,0.0021441928044410585,0.0,0.0,0.12566370614359174
45.88,-0.5437176847236471,-0.8392654417739321,0.0021441928044410585,0.0,0.0,0.12566370614359174
45.9,-0.5416066656190006,-0.8406293012941582,0.0021441928044410585,0.0,0.0,0.12566370614359174
45.92,-0.539492225432295,-0.8419878509428428,0.0021441928044410585,0.0,0.0,0.12566370614359174
45.94,-0.5373743775194844,-0.8433410821386469,0.0021441928044410585,0.0,0.0,0.12566370614359174
45.96,-0.5352531352580461,-0.8446889863338277,0.0021441928044410585,0.0,0.0,0.12566370614359174
45.980000000000004,-0.5331285120468996,-0.8460315550142891,0.0021441928044410585,0.0,0.0,0.12566370614359174
46.0,-0.5310005213063214,-0.8473687796996374,0.0021441928044410585,0.0,0.0,0.12566370614359174
46.02,-0.528869176477855,-0.8487006519432355,0.0021441928044410585,0.0,0.0,0.12566370614359174
46.04,-0.5267344910242345,-0.8500271633322538,0.0021441928044410585,0.0,0.0,0.12566370614359174
46.06,-0.5245964784292924,-0.8513483054877262,0.0021441928044410585,0.0,0.0,0.12566370614359174
46.08,-0.5224551521978795,-0.8526640700646,0.0021441928044410585,0.0,0.0,0.12566370614359174
46.1,-0.5203105258557742,-0.8539744487517918,0.0021441928044410585,0.0,0.0,0.12566370614359174
46.12,-0.5181626129496038,-0.8552794332722364,0.0021441928044410585,0.0,0.0,0.12566370614359174
46.14,-0.5160114270467521,-0.8565790153829433,0.0021441928044410585,0.0,0.0,0.12566370614359174
46.160000000000004,-0.5138569817352794,-0.8578731868750458,0.0021441928044410585,0.0,0.0,0.12566370614359174
46.18,-0.5116992906238335,-0.8591619395738521,0.0021441928044410585,0.0,0.0,0.12566370614359174
46.2,-0.5095383673415632,-0.8604452653389014,0.0021441928044410585,0.0,0.0,0.12566370614359174
46.22,-0.5073742255380356,-0.8617231560640094,0.0021441928044410585,0.0,0.0,0.12566370614359174
46.24,-0.5052068788831449,-0.8629956036773246,0.0021441928044410585,0.0,0.0,0.12566370614359174
46.26,-0.5030363410670322,-0.8642626001413757,0.0021441928044410585,0.0,0.0,0.12566370614359174
46.28,-0.5008626257999924,-0.8655241374531248,0.0021441928044410585,0.0,0.0,0.12566370614359174
46.300000000000004,-0.49868574681239325,-0.8667802076440168,0.0021441928044410585,0.0,0.0,0.12566370614359174
46.32,-0.49650571785458636,-0.8680308027800283,0.0021441928044410585,0.0,0.0,0.12566370614359174
46.34,-0.49432255269681796,-0.8692759149617224,0.0021441928044410585,0.0,0.0,0.12566370614359174
46.36,-0.4921362651291472,-0.8705155363242932,0.0021441928044410585,0.0,0.0,0.12566370614359174
46.38,-0.48994686896135325,-0.871749659037619,0.0021441928044410585,0.0,0.0,0.12566370614359174
46.4,-0.4877543780228535,-0.8729782753063092,0.0021441928044410585,0.0,0.0,0.12566370614359174
46.42,-0.48555880616261077,-0.8742013773697562,0.0021441928044410585,0.0,0.0,0.12566370614359174
46.44,-0.4833601672490519,-0.875418957502182,0.0021441928044410585,0.0,0.0,0.12566370614359174
46.46,-0.4811584751699736,-0.8766310080126897,0.0021441928044410585,0.0,0.0,0.12566370614359174
46.480000000000004,-0.47895374383246053,-0.8778375212453092,0.0021441928044410585,0.0,0.0,0.12566370614359174
46.5,-0.4767459871627949,-0.8790384895790461,0.0021441928044410585,0.0,0.0,0.12566370614359174
46.52,-0.4745352191063658,-0.8802339054279331,0.0021441928044410585,0.0,0.0,0.12566370614359174
46.54,-0.47232145362758776,-0.8814237612410732,0.0021441928044410585,0.0,0.0,0.12566370614359174
46.56,-0.470104704709805,-0.882608049502691,0.0021441928044410585,0.0,0.0,0.12566370614359174
46.58,-0.46788498635520986,-0.8837867627321779,0.0021441928044410585,0.0,0.0,0.12566370614359174
46.6,-0.46566231258474855,-0.8849598934841408,0.0021441928044410585,0.0,0.0,0.12566370614359174
46.62,-0.463436697438038,-0.8861274343484479,0.0021441928044410585,0.0,0.0,0.12566370614359174
46.64,-0.4612081549732716,-0.8872893779502766,0.0021441928044410585,0.0,0.0,0.12566370614359174
46.660000000000004,-0.45897669926713575,-0.8884457169501597,0.0021441928044410585,0.0,0.0,0.12566370614359174
46.68,-0.45674234441471784,-0.8895964440440314,0.0021441928044410585,0.0,0.0,0.12566370614359174
46.7,-0.4545051045294162,-0.8907415519632742,0.0021441928044410585,0.0,0.0,0.12566370614359174
46.72,-0.45226499374285534,-0.8918810334747639,0.0021441928044410585,0.0,0.0,0.12566370614359174
46.74,-0.4500220262047907,-0.8930148813809167,0.0021441928044410585,0.0,0.0,0.12566370614359174
46.76,-0.44777621608302626,-0.8941430885197317,0.0021441928044410585,0.0,0.0,0.12566370614359174
46.78,-0.4455275775633176,-0.8952656477648409,0.0021441928044410585,0.0,0.0,0.12566370614359174
46.800000000000004,-0.4432761248492884,-0.896382552025549,0.0021441928044410585,0.0,0.0,0.12566370614359174
46.82,-0.44102187216233846,-0.8974937942468817,0.0021441928044410585,0.0,0.0,0.12566370614359174
46.84,-0.4387648337415514,-0.8985993674096296,0.0021441928044410585,0.0,0.0,0.12566370614359174
46.86,-0.4365050238436101,-0.8996992645303913,0.0021441928044410585,0.0,0.0,0.12566370614359174
46.88,-0.43424245674270057,-0.9007934786616195,0.0021441928044410585,0.0,0.0,0.12566370614359174
46.9,-0.43197714673042775,-0.9018820028916622,0.0021441928044410585,0.0,0.0,0.12566370614359174
46.92,-0.42970910811571933,-0.9029648303448093,0.0021441928044410585,0.0,0.0,0.12566370614359174
46.94,-0.42743835522474155,-0.9040419541813338,0.0021441928044410585,0.0,0.0,0.12566370614359174
46.96,-0.4251649024008022,-0.9051133675975368,0.0021441928044410585,0.0,0.0,0.12566370614359174
46.980000000000004,-0.42288876400426556,-0.9061790638257881,0.0021441928044410585,0.0,0.0,0.12566370614359174
47.0,-0.42060995441245974,-0.9072390361345712,0.0021441928044410585,0.0,0.0,0.12566370614359174
47.02,-0.4183284880195829,-0.9082932778285256,0.0021441928044410585,0.0,0.0,0.12566370614359174
47.04,-0.41604437923661836,-0.9093417822484868,0.0021441928044410585,0.0,0.0,0.12566370614359174
47.06,-0.4137576424912372,-0.9103845427715319,0.0021441928044410585,0.0,0.0,0.12566370614359174
47.08,-0.41146829222771303,-0.9114215528110179,0.0021441928044410585,0.0,0.0,0.12566370614359174
47.1,-0.4091763429068247,-0.9124528058166268,0.0021441928044410585,0.0,0.0,0.12566370614359174
47.12,-0.40688180900577137,-0.9134782952744029,0.0021441928044410585,0.0,0.0,0.12566370614359174
47.14,-0.40458470501807453,-0.9144980147067987,0.0021441928044410585,0.0,0.0,0.12566370614359174
47.160000000000004,-0.40228504545349236,-0.9155119576727115,0.0021441928044410585,0.0,0.0,0.12566370614359174
47.18,-0.39998284483792534,-0.916520117767526,0.0021441928044410585,0.0,0.0,0.12566370614359174
47.2,-0.3976781177133221,-0.9175224886231557,0.0021441928044410585,0.0,0.0,0.12566370614359174
47.22,-0.39537087863759335,-0.9185190639080809,0.0021441928044410585,0.0,0.0,0.12566370614359174
47.24,-0.3930611421845135,-0.9195098373273911,0.0021441928044410585,0.0,0.0,0.12566370614359174
47.26,-0.390748922943635,-0.9204948026228227,0.0021441928044410585,0.0,0.0,0.12566370614359174
47.28,-0.38843423552018935,-0.9214739535727999,0.0021441928044410585,0.0,0.0,0.12566370614359174
47.300000000000004,-0.3861170945350016,-0.9224472839924727,0.0021441928044410585,0.0,0.0,0.12566370614359174
47.32,-0.3837975146243939,-0.9234147877337567,0.0021441928044410585,0.0,0.0,0.12566370614359174
47.34,-0.3814755104400921,-0.9243764586853731,0.0021441928044410585,0.0,0.0,0.12566370614359174
47.36,-0.37915109664913854,-0.9253322907728854,0.0021441928044410585,0.0,0.0,0.12566370614359174
47.38,-0.37682428793379213,-0.926282277958739,0.0021441928044410585,0.0,0.0,0.12566370614359174
47.4,-0.3744950989914429,-0.9272264142422979,0.0021441928044410585,0.0,0.0,0.12566370614359174
47.42,-0.3721635445345128,-0.9281646936598845,0.0021441928044410585,0.0,0.0,0.12566370614359174
47.44,-0.3698296392903684,-0.9290971102848159,0.0021441928044410585,0.0,0.0,0.12566370614359174
47.46,-0.367493398001222,-0.9300236582274426,0.0021441928044410585,0.0,0.0,0.12566370614359174
47.480000000000004,-0.3651548354240442,-0.9309443316351834,0.0021441928044410585,0.0,0.0,0.12566370614359174
47.5,-0.36281396633046814,-0.9318591247526465,0.0021441666927669023,0.0,0.0,0.12566370614359174
47.52,-0.3604709844017008,-0.9325275278502649,-0.021285657282879733,1.2566370614359172,0.0,0.12566370614359174
47.54,-0.3581270701091629,-0.9326010368326747,-0.04472480020825942,1.2566370614359172,0.0,0.12566370614359174
47.56,-0.35578371872323566,-0.9320796048165412,-0.06815831406753065,1.2566370614359172,0.0,0.12566370614359174
47.58,-0.35344242515520513,-0.9309635644428029,-0.09157124974783593,1.2566370614359172,0.0,0.12566370614359174
47.6,-0.35110468300359493,-0.9292536276752552,-0.1149486712639397,1.2566370614359172,0.0,0.12566370614359174
47.62,-0.3487719836013506,-0.9269508853463646,-0.13827566528638363,1.2566370614359172,0.0,0.12566370614359174
47.64,-0.34644581506445676,-0.9240568064613808,-0.1615373506553222,1.2566370614359172,0.0,0.12566370614359174
47.660000000000004,-0.3441276613426178,-0.9205732372612085,-0.18471888787371127,1.2566370614359172,0.0,0.12566370614359174
47.68,-0.3418190012725886,-0.9165024000446215,-0.2078054885740035,1.2566370614359172,0.0,0.12566370614359174
47.7,-0.3395213076347666,-0.9118468917505677,-0.23078242495222256,1.2566370614359172,0.0,0.12566370614359174
47.72,-0.33723604621365655,-0.9066096823014972,-0.2536350391633226,1.2566370614359172,0.0,0.12566370614359174
47.74,-0.3349646748627849,-0.9007941127087242,-0.27634875267203945,1.2566370614359172,0.0,0.12566370614359174
47.76,-0.33270864257468713,-0.8944038929410865,-0.29890907555301743,1.2566370614359172,0.0,0.12566370614359174
47.78,-0.3304693885565352,-0.8874430995582007,-0.3213016157345373,1.2566370614359172,0.0,0.12566370614359174
47.800000000000004,-0.32824834131201885,-0.8799161731098883,-0.3435120881797003,1.2566370614359172,0.0,0.12566370614359174
47.82,-0.3260469177300479,-0.8718279153033782,-0.3655263239994102,1.2566370614359172,0.0,0.12566370614359174
47.84,-0.3238665221808629,-0.8631834859401077,-0.3873302794912598,1.2566370614359172,0.0,0.12566370614359174
47.86,-0.3217085456201411,-0.8539883996241142,-0.4089100450984769,1.2566370614359172,0.0,0.12566370614359174
47.88,-0.3195743647016473,-0.8442485222440387,-0.4302518542834136,1.2566370614359172,0.0,0.12566370614359174
47.9,-0.3174653408990215,-0.8339700672310825,-0.45134209230967176,1.2566370614359172,0.0,0.12566370614359174
47.92,-0.31538281963723747,-0.8231595915952001,-0.4721673049275118,1.2566370614359172,0.0,0.12566370614359174
47.94,-0.3133281294343126,-0.8118239917421671,-0.49271420695676055,1.2566370614359172,0.0,0.12566370614359174
47.96,-0.3113025810537903,-0.7999704990740744,-0.5129696907619838,1.2566370614359172,0.0,0.12566370614359174
47.980000000000004,-0.3093074666685603,-0.7876066753761762,-0.532920834614284,1.2566370614359172,0.0,0.12566370614359174
48.0,-0.3073440590365313,-0.774740407992932,-0.5525549109345743,1.2566370614359172,0.0,0.12566370614359174
48.02,-0.3054136106886888,-0.7613799047963619,-0.571859394412999,1.2566370614359172,0.0,0.12566370614359174
48.04,-0.30351735313006417,-0.7475336889499704,-0.590821969999246,1.2566370614359172,0.0,0.12566370614359174
48.06,-0.3016564960541057,-0.7332105934714656,-0.6094305407588319,1.2566370614359172,0.0,0.12566370614359174
48.08,-0.2998322265709756,-0.7184197555978854,-0.6276732355901334,1.2566370614359172,0.0,0.12566370614359174
48.1,-0.29804570845024264,-0.7031706109565735,-0.6455384167974617,1.2566370614359172,0.0,0.12566370614359174
48.120000000000005,-0.2962980813784756,-0.6874728875458774,-0.6630146875151329,1.2566370614359172,0.0,0.12566370614359174
48.14,-0.29459046023219115,-0.6713365995292786,-0.6800908989779768,1.2566370614359172,0.0,0.12566370614359174
48.160000000000004,-0.2929239343666322,-0.6547720408469676,-0.6967561576335668,1.2566370614359172,0.0,0.12566370614359174
48.18,-0.29129956692083075,-0.6377897786489951,-0.7129998320915816,1.2566370614359172,0.0,0.12566370614359174
48.2,-0.28971839413938766,-0.6204006465540466,-0.7288115599060134,1.2566370614359172,0.0,0.12566370614359174
48.22,-0.2881814247114178,-0.6026157377383197,-0.7441812541857123,1.2566370614359172,0.0,0.12566370614359174
48.24,-0.2866896391270656,-0.5844463978587248,-0.7590991100292346,1.2566370614359172,0.0,0.12566370614359174
48.26,-0.28524398905201775,-0.5659042178151172,-0.7735556107797131,1.2566370614359172,0.0,0.12566370614359174
48.28,-0.28384539672039627,-0.547001026355978,-0.7875415340959293,1.2566370614359172,0.0,0.12566370614359174
48.300000000000004,-0.282494754346434,-0.5277488825324603,-0.8010479578355529,1.2566370614359172,0.0,0.12566370614359174
48.32,-0.2811929235552968,-0.5081600680054508,-0.8140662657469251,1.2566370614359172,0.0,0.12566370614359174
48.34,-0.27994073483341925,-0.48824707921061866,-0.8265881529656999,1.2566370614359172,0.0,0.12566370614359174
48.36,-0.2787389869987095,-0.4680226193865226,-0.8386056313127962,1.2566370614359172,0.0,0.12566370614359174
48.38,-0.2775884466909502,-0.4474995904706837,-0.8501110343903894,1.2566370614359172,0.0,0.12566370614359174
48.4,-0.2764898478827333,-0.4266910848690161,-0.8610970224725591,1.2566370614359172,0.0,0.12566370614359174
48.42,-0.27544389141122844,-0.4056103771036335,-0.8715565871876074,1.2566370614359172,0.0,0.12566370614359174
48.44,-0.27445124453109637,-0.3842709153445966,-0.8814830559889283,1.2566370614359172,0.0,0.12566370614359174
48.46,-0.2735125404888187,-0.3626863128307629,-0.8908700964117048,1.2566370614359172,0.0,0.12566370614359174
48.480000000000004,-0.27262837811872936,-0.34087033918544674,-0.899711720112599,1.2566370614359172,0.0,0.12566370614359174
48.5,-0.27179932146099417,-0.3188369116322404,-0.9080022866899511,1.2566370614359172,0.0,0.12566370614359174
48.52,-0.27102589940178823,-0.2966000861166745,-0.9157365072820101,1.2566370614359172,0.0,0.12566370614359174
48.54,-0.2703086053359017,-0.2741740483394599,-0.9229094479408761,1.2566370614359172,0.0,0.12566370614359174
48.56,-0.2696478968519821,-0.25157310470683764,-0.9295165327800721,1.2566370614359172,0.0,0.12566370614359174
48.58,-0.2690441954406242,-0.22881167320405207,-0.9355535468936511,1.2566370614359172,0.0,0.12566370614359174
48.6,-0.2684978862254832,-0.2059042741975155,-0.9410166390450613,1.2566370614359172,0.0,0.12566370614359174
48.620000000000005,-0.2680093177175915,-0.18286552117178168,-0.9459023241239793,1.2566370614359172,0.0,0.12566370614359174
48.64,-0.26757880159302977,-0.1597101114070344,-0.9502074853695969,1.2566370614359172,0.0,0.12566370614359174
48.660000000000004,-0.26720661249409705,-0.13645281660311925,-0.9539293763589246,1.2566370614359172,0.0,0.12566370614359174
48.68,-0.2668929878541067,-0.11310847345618283,-0.9570656227588272,1.2566370614359172,0.0,0.12566370614359174
48.7,-0.26663812774591855,-0.08969197419372454,-0.9596142238407085,1.2566370614359172,0.0,0.12566370614359174
48.72,-0.26644219475430503,-0.06621825707435539,-0.9615735537568435,1.2566370614359172,0.0,0.12566370614359174
48.74,-0.2663053138722319,-0.042702296858058965,-0.9629423625775739,1.2566370614359172,0.0,0.12566370614359174
48.76,-0.26621996476304927,-0.03126772301942602,-0.9634050341672308,0.0,0.0,0.12566370614359174
48.78,-0.26614053969164086,-0.03193670731150786,-0.9634050341672308,0.0,0.0,0.12566370614359174
48.800000000000004,-0.26605943353193856,-0.03260548987398899,-0.9634050341672308,0.0,0.0,0.12566370614359174
48.82,-0.2659766467962529,-0.03327406648247501,-0.9634050341672308,0.0,0.0,0.12566370614359174
48.84,-0.2658921800075098,-0.033942432913873194,-0.9634050341672308,0.0,0.0,0.12566370614359174
48.86,-0.2658060336992477,-0.034610584946417416,-0.9634050341672308,0.0,0.0,0.12566370614359174
48.88,-0.2657182084156132,-0.03527851835969678,-0.9634050341672308,0.0,0.0,0.12566370614359174
48.9,-0.26562870471135885,-0.035946228934680385,-0.9634050341672308,0.0,0.0,0.12566370614359174
48.92,-0.2655375231518384,-0.03661371245374576,-0.9634050341672308,0.0,0.0,0.12566370614359174
48.94,-0.26544466431300423,-0.03728096470070382,-0.9634050341672308,0.0,0.0,0.12566370614359174
48.96,-0.2653501287814033,-0.037947981460827146,-0.9634050341672308,0.0,0.0,0.12566370614359174
48.980000000000004,-0.26525391715417346,-0.03861475852087515,-0.9634050341672308,0.0,0.0,0.12566370614359174
49.0,-0.26515603003903965,-0.039281291669121296,-0.9634050341672308,0.0,0.0,0.12566370614359174
49.02,-0.26505646805430977,-0.03994757669538044,-0.9634050341672308,0.0,0.0,0.12566370614359174
49.04,-0.2649552318288717,-0.04061360939103375,-0.9634050341672308,0.0,0.0,0.12566370614359174
49.06,-0.26485232200218856,-0.04127938554905722,-0.9634050341672308,0.0,0.0,0.12566370614359174
49.08,-0.2647477392242944,-0.04194490096404633,-0.9634050341672308,0.0,0.0,0.12566370614359174
49.1,-0.2646414841557912,-0.04261015143224446,-0.9634050341672308,0.0,0.0,0.12566370614359174
49.120000000000005,-0.26453355746784357,-0.043275132751567885,-0.9634050341672308,0.0,0.0,0.12566370614359174
49.14,-0.26442395984217504,-0.04393984072163293,-0.9634050341672308,0.0,0.0,0.12566370614359174
49.160000000000004,-0.26431269197106394,-0.0446042711437833,-0.9634050341672308,0.0,0.0,0.12566370614359174
49.18,-0.26419975455733863,-0.04526841982111479,-0.9634050341672308,0.0,0.0,0.12566370614359174
49.2,-0.26408514831437313,-0.04593228255850393,-0.9634050341672308,0.0,0.0,0.12566370614359174
49.22,-0.2639688739660828,-0.04659585516263238,-0.9634050341672308,0.0,0.0,0.12566370614359174
49.24,-0.2638509322469197,-0.047259133442015384,-0.9634050341672308,0.0,0.0,0.12566370614359174
49.26,-0.26373132390186743,-0.047922113207026384,-0.9634050341672308,0.0,0.0,0.12566370614359174
49.28,-0.2636100496864377,-0.04858479026992533,-0.9634050341672308,0.0,0.0,0.12566370614359174
49.300000000000004,-0.26348711036666417,-0.04924716044488351,-0.9634050341672308,0.0,0.0,0.12566370614359174
49.32,-0.2633625067190986,-0.04990921954801064,-0.9634050341672308,0.0,0.0,0.12566370614359174
49.34,-0.2632362395308051,-0.05057096339738209,-0.9634050341672308,0.0,0.0,0.12566370614359174
49.36,-0.2631083095993562,-0.0512323878130636,-0.9634050341672308,0.0,0.0,0.12566370614359174
49.38,-0.26297871773282644,-0.05189348861713952,-0.9634050341672308,0.0,0.0,0.12566370614359174
49.4,-0.2628474647497888,-0.05255426163373743,-0.9634050341672308,0.0,0.0,0.12566370614359174
49.42,-0.26271455147930844,-0.05321470268905628,-0.9634050341672308,0.0,0.0,0.12566370614359174
49.44,-0.26257997876093764,-0.05387480761139095,-0.9634050341672308,0.0,0.0,0.12566370614359174
49.46,-0.26244374744471094,-0.054534572231160476,-0.9634050341672308,0.0,0.0,0.12566370614359174
49.480000000000004,-0.2623058583911393,-0.055193992380932685,-0.9634050341672308,0.0,0.0,0.12566370614359174
49.5,-0.26216631247120503,-0.05585306389545129,-0.9634050341672308,0.0,0.0,0.12566370614359174
49.52,-0.26202511056635586,-0.056511782611662904,-0.9634050341672308,0.0,0.0,0.12566370614359174
49.54,-0.2618822535685,-0.057170144368741606,-0.9634050341672308,0.0,0.0,0.12566370614359174
49.56,-0.2617377423799995,-0.057828145008117206,-0.9634050341672308,0.0,0.0,0.12566370614359174
49.58,-0.26159157791366605,-0.058485780373499566,-0.9634050341672308,0.0,0.0,0.12566370614359174
49.6,-0.2614437610927535,-0.059143046310906805,-0.9634050341672308,0.0,0.0,0.12566370614359174
49.620000000000005,-0.26129429285095346,-0.05979993866868976,-0.9634050341672308,0.0,0.0,0.12566370614359174
49.64,-0.2611431741323885,-0.060456453297559075,-0.9634050341672308,0.0,0.0,0.12566370614359174
49.660000000000004,-0.2609904058916064,-0.06111258605061203,-0.9634050341672308,0.0,0.0,0.12566370614359174
49.68,-0.2608359890935745,-0.061768332783357055,-0.9634050341672308,0.0,0.0,0.12566370614359174
49.7,-0.2606799247136733,-0.062423689353741874,-0.9634050341672308,0.0,0.0,0.12566370614359174
49.72,-0.2605222137376902,-0.06307865162217774,-0.9634050341672308,0.0,0.0,0.12566370614359174
49.74,-0.26036285716181334,-0.06373321545156747,-0.9634050341672308,0.0,0.0,0.12566370614359174
49.76,-0.2602018559926257,-0.06438737670732969,-0.9634050341672308,0.0,0.0,0.12566370614359174
49.78,-0.26003921124709817,-0.06504113125742685,-0.9634050341672308,0.0,0.0,0.12566370614359174
49.800000000000004,-0.25987492395258305,-0.06569447497238963,-0.9634050341672308,0.0,0.0,0.12566370614359174
49.82,-0.25970899514680845,-0.06634740372534387,-0.9634050341672308,0.0,0.0,0.12566370614359174
49.84,-0.259541425877871,-0.0669999133920371,-0.9634050341672308,0.0,0.0,0.12566370614359174
49.86,-0.259372217204229,-0.06765199985086329,-0.9634050341672308,0.0,0.0,0.12566370614359174
49.88,-0.25920137019469636,-0.06830365898289031,-0.9634050341672308,0.0,0.0,0.12566370614359174
49.9,-0.25902888592843565,-0.0689548866718845,-0.9634050341672308,0.0,0.0,0.12566370614359174
49.92,-0.25885476549495134,-0.0696056788043383,-0.9634050341672308,0.0,0.0,0.12566370614359174
49.94,-0.2586790099940828,-0.0702560312694944,-0.9634050341672308,0.0,0.0,0.12566370614359174
49.96,-0.25850162053599696,-0.07090593995937364,-0.9634050341672308,0.0,0.0,0.12566370614359174
49.980000000000004,-0.2583225982411824,-0.07155540076879933,-0.9634050341672308,0.0,0.0,0.12566370614359174
