Time,Sx,Sy,Sz,Hx,Hy,Hz
0.0,0.0,0.0,1.0,0.0,0.0,0.18849555921538758
0.02,4.7371476951574594e-05,-0.02513001617134726,0.9996841901536562,1.2566370614359172,0.0,0.18849555921538758
0.04,0.00018945546267981598,-0.050243822320421405,0.9987369635821345,1.2566370614359172,0.0,0.18849555921538758
0.06,0.0004261601947786341,-0.07532517939366447,0.997158932034809,1.2566370614359172,0.0,0.18849555921538758
0.08,0.0007573328017218053,-0.1003578890442941,0.9949511146551882,1.2566370614359172,0.0,0.18849555921538758
0.1,0.0011827594015923178,-0.1253257843435975,0.9921149373227179,1.2566370614359172,0.0,0.18849555921538758
0.12,0.00170216524021419,-0.15021274022205383,0.9886522317319053,1.2566370614359172,0.0,0.18849555921538758
0.14,0.002315214868597554,-0.17500268388342255,0.9845652342093499,1.2566370614359172,0.0,0.18849555921538758
0.16,0.0030215123595823934,-0.1996796051850718,0.9798565842694513,1.2566370614359172,0.0,0.18849555921538758
0.18,0.003820601563541037,-0.2242275669778435,0.9745293229097273,1.2566370614359172,0.0,0.18849555921538758
0.2,0.004711966402974254,-0.24863071539877646,0.9685868906468393,1.2566370614359172,0.0,0.18849555921538758
0.22,0.005695031205810684,-0.2728732901100408,0.9620331252945964,1.2566370614359172,0.0,0.18849555921538758
0.24,0.006769161077194386,-0.29693963447747124,0.9548722594853718,1.2566370614359172,0.0,0.18849555921538758
0.26,0.007933662309520346,-0.32081420568212415,0.9471089179365323,1.2566370614359172,0.0,0.18849555921538758
0.28,0.009187782830453135,-0.3444815847583302,0.9387481144636469,1.2566370614359172,0.0,0.18849555921538758
0.3,0.010530712688639417,-0.367926486551758,0.9297952487424048,1.2566370614359172,0.0,0.18849555921538758
0.32,0.011961584576800577,-0.39113376959105817,0.9202561028213306,1.2566370614359172,0.0,0.18849555921538758
0.34,0.013479474391867636,-0.4140884458667125,0.91013683738755,1.2566370614359172,0.0,0.18849555921538758
0.36,0.015083401831796715,-0.436775690510772,0.8994439877880229,1.2566370614359172,0.0,0.18849555921538758
0.38,0.016772331028679664,-0.45918085137123354,0.8881844598088032,1.2566370614359172,0.0,0.18849555921538758
0.4,0.01854517121774077,-0.48128945847487087,0.8763655252150626,1.2566370614359172,0.0,0.18849555921538758
0.42,0.020400777441787806,-0.5030872333724079,0.8639948170547495,1.2566370614359172,0.0,0.18849555921538758
0.44,0.022337951290662156,-0.5245600983600011,0.8510803247289203,1.2566370614359172,0.0,0.18849555921538758
0.46,0.024355441675210615,-0.545694185571073,0.8376303888319304,1.2566370614359172,0.0,0.18849555921538758
0.48,0.026451945635279007,-0.5664758459326257,0.823653695764808,1.2566370614359172,0.0,0.18849555921538758
0.5,0.028626109181205776,-0.5868916579802518,0.8091592721252961,1.2566370614359172,0.0,0.18849555921538758
0.52,0.030876528168271945,-0.6069284365261474,0.7941564788781887,1.2566370614359172,0.0,0.18849555921538758
0.54,0.03320174920354301,-0.62657324117453,0.7786550053097149,1.2566370614359172,0.0,0.18849555921538758
0.56,0.035600270584516806,-0.6458133846789625,0.7626648627698899,1.2566370614359172,0.0,0.18849555921538758
0.58,0.03807054326897122,-0.6646364411361845,0.7461963782068607,1.2566370614359172,0.0,0.18849555921538758
0.6,0.040610971875385544,-0.6830302540111609,0.729260187497432,1.2566370614359172,0.0,0.18849555921538758
0.62,0.04321991571328904,-0.7009829439881621,0.7118672285780749,1.2566370614359172,0.0,0.18849555921538758
0.64,0.0458956898428717,-0.718482916642808,0.6940287343808572,1.2566370614359172,0.0,0.18849555921538758
0.66,0.04863656616317249,-0.7355188699301216,0.6757562255788521,1.2566370614359172,0.0,0.18849555921538758
0.68,0.05144077452814254,-0.7520798014837509,0.6570615031457185,1.2566370614359172,0.0,0.18849555921538758
0.7000000000000001,0.054306503889862336,-0.7681550157216522,0.637956640734253,1.2566370614359172,0.0,0.18849555921538758
0.72,0.05723190346817472,-0.783734130753641,0.6184539768788371,1.2566370614359172,0.0,0.18849555921538758
0.74,0.060215083945978284,-0.7988070850863486,0.5985661070268133,1.2566370614359172,0.0,0.18849555921538758
0.76,0.06325411868940893,-0.8133641441212607,0.5783058754039425,1.2566370614359172,0.0,0.18849555921538758
0.78,0.0663470449921221,-0.8273959064416321,0.5576863667191878,1.2566370614359172,0.0,0.18849555921538758
0.8,0.06949186534287165,-0.8408933098842245,0.5367208977141908,1.2566370614359172,0.0,0.18849555921538758
0.8200000000000001,0.07268654871556665,-0.8538476373919434,0.5154230085628906,1.2566370614359172,0.0,0.18849555921538758
0.84,0.07592903188097362,-0.8662505226435923,0.4938064541268442,1.2566370614359172,0.0,0.18849555921538758
0.86,0.07921722073921604,-0.8780939554571139,0.47188519507189486,1.2566370614359172,0.0,0.18849555921538758
0.88,0.08254899167221151,-0.8893702869628219,0.44967338885192476,1.2566370614359172,0.0,0.18849555921538758
0.9,0.08592219291517261,-0.9000722345432878,0.42718538056551736,1.2566370614359172,0.0,0.18849555921538758
0.92,0.08933464594628562,-0.9101928865366883,0.40443569369143034,1.2566370614359172,0.0,0.18849555921538758
0.9400000000000001,0.09278414689367019,-0.9197257067005794,0.3814390207088666,1.2566370614359172,0.0,0.18849555921538758
0.96,0.09626846795871043,-0.928664538433212,0.35821021360859884,1.2566370614359172,0.0,0.18849555921538758
0.98,0.099785358854839,-0.9370036087496627,0.3347642743010749,1.2566370614359172,0.0,0.18849555921538758
1.0,0.10333254826084448,-0.9447375320102144,0.3111163449277052,1.2566370614359172,0.0,0.18849555921538758
1.02,0.10690774528776374,-0.9518613133985738,0.2872816980815771,1.2566370614359172,0.0,0.18849555921538758
1.04,0.11050864095841142,-0.9583703521476852,0.2632757269439255,1.2566370614359172,0.0,0.18849555921538758
1.06,0.11413290969859201,-0.964260444511054,0.23911393534272152,1.2566370614359172,0.0,0.18849555921538758
1.08,0.11777821083903015,-0.9695277864776609,0.21481192773980073,1.2566370614359172,0.0,0.18849555921538758
1.1,0.12144219012705011,-0.9741689762287152,0.19038539915300073,1.2566370614359172,0.0,0.18849555921538758
1.12,0.12512248124702802,-0.9781810163346577,0.1658501250198144,1.2566370614359172,0.0,0.18849555921538758
1.1400000000000001,0.12881670734863448,-0.981561315690998,0.1412219510091044,1.2566370614359172,0.0,0.18849555921538758
1.16,0.13252248258188096,-0.9843076911917327,0.11651678278746141,1.2566370614359172,0.0,0.18849555921538758
1.18,0.13623741363797837,-0.9864183691392654,0.09175057574681178,1.2566370614359172,0.0,0.18849555921538758
1.2,0.13995910129501288,-0.9878919863899175,0.0669393246999152,1.2566370614359172,0.0,0.18849555921538758
1.22,0.14368514196744045,-0.9887275912342907,0.04209905355039789,1.2566370614359172,0.0,0.18849555921538758
1.24,0.14741312925839997,-0.988924644011911,0.01724580494400141,1.2566370614359172,0.0,0.18849555921538758
1.26,0.15114064748642014,-0.9885005203319694,0.0048193340637267545,0.0,0.0,0.18849555921538758
1.28,0.1548661238050247,-0.9879237104740404,0.0048193340637267545,0.0,0.0,0.18849555921538758
1.3,0.15858939913321296,-0.9873328600334113,0.0048193340637267545,0.0,0.0,0.18849555921538758
1.32,0.1623104205550011,-0.9867279774073744,0.0048193340637267545,0.0,0.0,0.18849555921538758
1.34,0.16602913518643822,-0.9861090711926509,0.0048193340637267545,0.0,0.0,0.18849555921538758
1.36,0.16974549017635795,-0.9854761501852681,0.0048193340637267545,0.0,0.0,0.18849555921538758
1.3800000000000001,0.17345943270712968,-0.9848292233804348,0.0048193340637267545,0.0,0.0,0.18849555921538758
1.4000000000000001,0.17717090999540927,-0.9841682999724122,0.0048193340637267545,0.0,0.0,0.18849555921538758
1.42,0.1808798692928891,-0.9834933893543852,0.0048193340637267545,0.0,0.0,0.18849555921538758
1.44,0.18458625788704774,-0.9828045011183281,0.0048193340637267545,0.0,0.0,0.18849555921538758
1.46,0.18829002310189913,-0.9821016450548669,0.0048193340637267545,0.0,0.0,0.18849555921538758
1.48,0.1919911122987413,-0.9813848311531421,0.0048193340637267545,0.0,0.0,0.18849555921538758
1.5,0.19568947287690436,-0.9806540696006663,0.0048193340637267545,0.0,0.0,0.18849555921538758
1.52,0.19938505227449813,-0.9799093707831782,0.0048193340637267545,0.0,0.0,0.18849555921538758
1.54,0.20307779796915926,-0.979150745284497,0.0048193340637267545,0.0,0.0,0.18849555921538758
1.56,0.20676765747879744,-0.9783782038863699,0.0048193340637267545,0.0,0.0,0.18849555921538758
1.58,0.2104545783623416,-0.9775917575683202,0.0048193340637267545,0.0,0.0,0.18849555921538758
1.6,0.21413850822048483,-0.9767914175074911,0.0048193340637267545,0.0,0.0,0.18849555921538758
1.62,0.21781939469642952,-0.9759771950784862,0.0048193340637267545,0.0,0.0,0.18849555921538758
1.6400000000000001,0.22149718547663133,-0.9751491018532087,0.0048193340637267545,0.0,0.0,0.18849555921538758
1.6600000000000001,0.22517182829154225,-0.9743071496006962,0.0048193340637267545,0.0,0.0,0.18849555921538758
1.68,0.22884327091635406,-0.9734513502869537,0.0048193340637267545,0.0,0.0,0.18849555921538758
1.7,0.23251146117174043,-0.972581716074784,0.0048193340637267545,0.0,0.0,0.18849555921538758
1.72,0.23617634692459819,-0.9716982593236141,0.0048193340637267545,0.0,0.0,0.18849555921538758
1.74,0.2398378760887885,-0.97080099258932,0.0048193340637267545,0.0,0.0,0.18849555921538758
1.76,0.24349599662587723,-0.969889928624048,0.0048193340637267545,0.0,0.0,0.18849555921538758
1.78,0.24715065654587426,-0.9689650803760337,0.0048193340637267545,0.0,0.0,0.18849555921538758
1.8,0.2508018039079724,-0.9680264609894181,0.0048193340637267545,0.0,0.0,0.18849555921538758
1.82,0.25444938682128593,-0.9670740838040602,0.0048193340637267545,0.0,0.0,0.18849555921538758
1.84,0.25809335344558776,-0.9661079623553477,0.0048193340637267545,0.0,0.0,0.18849555921538758
1.86,0.26173365199204607,-0.965128110374005,0.0048193340637267545,0.0,0.0,0.18849555921538758
1.8800000000000001,0.2653702307239608,-0.9641345417858973,0.0048193340637267545,0.0,0.0,0.18849555921538758
1.9000000000000001,0.2690030379574985,-0.9631272707118342,0.0048193340637267545,0.0,0.0,0.18849555921538758
1.92,0.2726320220624271,-0.9621063114673671,0.0048193340637267545,0.0,0.0,0.18849555921538758
1.94,0.2762571314628499,-0.9610716785625867,0.0048193340637267545,0.0,0.0,0.18849555921538758
1.96,0.27987831463793805,-0.9600233867019163,0.0048193340637267545,0.0,0.0,0.18849555921538758
1.98,0.28349552012266305,-0.9589614507839044,0.0048193340637267545,0.0,0.0,0.18849555921538758
2.0,0.28710869650852816,-0.9578858859010105,0.0048193340637267545,0.0,0.0,0.18849555921538758
2.02,0.2907177924442993,-0.9567967073393925,0.0048193340637267545,0.0,0.0,0.18849555921538758
2.04,0.29432275663673446,-0.9556939305786885,0.0048193340637267545,0.0,0.0,0.18849555921538758
2.06,0.29792353785131276,-0.9545775712917974,0.0048193340637267545,0.0,0.0,0.18849555921538758
2.08,0.3015200849129627,-0.9534476453446559,0.0048193340637267545,0.0,0.0,0.18849555921538758
2.1,0.30511234670678994,-0.9523041687960129,0.0048193340637267545,0.0,0.0,0.18849555921538758
2.12,0.30870027217880247,-0.9511471578972008,0.0048193340637267545,0.0,0.0,0.18849555921538758
2.14,0.31228381033663793,-0.9499766290919054,0.0048193340637267545,0.0,0.0,0.18849555921538758
2.16,0.3158629102502865,-0.9487925990159326,0.0048193340637267545,0.0,0.0,0.18849555921538758
2.18,0.31943752105281625,-0.9475950844969702,0.0048193340637267545,0.0,0.0,0.18849555921538758
2.2,0.3230075919410953,-0.9463841025543505,0.0048193340637267545,0.0,0.0,0.18849555921538758
2.22,0.32657307217651377,-0.9451596703988073,0.0048193340637267545,0.0,0.0,0.18849555921538758
2.24,0.33013391108570533,-0.9439218054322316,0.0048193340637267545,0.0,0.0,0.18849555921538758
2.2600000000000002,0.3336900580612672,-0.9426705252474249,0.0048193340637267545,0.0,0.0,0.18849555921538758
2.2800000000000002,0.33724146256247933,-0.9414058476278483,0.0048193340637267545,0.0,0.0,0.18849555921538758
2.3000000000000003,0.3407880741160227,-0.9401277905473701,0.0048193340637267545,0.0,0.0,0.18849555921538758
2.32,0.3443298423166967,-0.9388363721700104,0.0048193340637267545,0.0,0.0,0.18849555921538758
2.34,0.34786671682813525,-0.9375316108496828,0.0048193340637267545,0.0,0.0,0.18849555921538758
2.36,0.351398647383523,-0.936213525129934,0.0048193340637267545,0.0,0.0,0.18849555921538758
2.38,0.35492558378630884,-0.9348821337436795,0.0048193340637267545,0.0,0.0,0.18849555921538758
2.4,0.35844747591091936,-0.9335374556129379,0.0048193340637267545,0.0,0.0,0.18849555921538758
2.42,0.36196427370347173,-0.9321795098485621,0.0048193340637267545,0.0,0.0,0.18849555921538758
2.44,0.3654759271824848,-0.9308083157499673,0.0048193340637267545,0.0,0.0,0.18849555921538758
2.46,0.36898238643958975,-0.929423892804856,0.0048193340637267545,0.0,0.0,0.18849555921538758
2.48,0.372483601640239,-0.9280262606889438,0.0048193340637267545,0.0,0.0,0.18849555921538758
2.5,0.37597952302441445,-0.9266154392656762,0.0048193340637267545,0.0,0.0,0.18849555921538758
2.52,0.37947010090733513,-0.925191448585948,0.0048193340637267545,0.0,0.0,0.18849555921538758
2.54,0.382955285680163,-0.9237543088878193,0.0048193340637267545,0.0,0.0,0.18849555921538758
2.56,0.38643502781070754,-0.9223040405962263,0.0048193340637267545,0.0,0.0,0.18849555921538758
2.58,0.389909277844131,-0.9208406643226915,0.0048193340637267545,0.0,0.0,0.18849555921538758
2.6,0.3933779864036501,-0.919364200865031,0.0048193340637267545,0.0,0.0,0.18849555921538758
2.62,0.3968411041912382,-0.9178746712070589,0.0048193340637267545,0.0,0.0,0.18849555921538758
2.64,0.40029858198832563,-0.9163720965182884,0.0048193340637267545,0.0,0.0,0.18849555921538758
2.66,0.4037503706565002,-0.9148564981536323,0.0048193340637267545,0.0,0.0,0.18849555921538758
2.68,0.40719642113820415,-0.9133278976530973,0.0048193340637267545,0.0,0.0,0.18849555921538758
2.7,0.4106366844574323,-0.9117863167414804,0.0048193340637267545,0.0,0.0,0.18849555921538758
2.72,0.4140711117204277,-0.9102317773280592,0.0048193340637267545,0.0,0.0,0.18849555921538758
2.74,0.417499654116377,-0.908664301506279,0.0048193340637267545,0.0,0.0,0.18849555921538758
2.7600000000000002,0.4209222629181037,-0.9070839115534413,0.0048193340637267545,0.0,0.0,0.18849555921538758
2.7800000000000002,0.4243388894827607,-0.9054906299303852,0.0048193340637267545,0.0,0.0,0.18849555921538758
2.8000000000000003,0.4277494852525216,-0.9038844792811696,0.0048193340637267545,0.0,0.0,0.18849555921538758
2.82,0.43115400175527135,-0.9022654824327505,0.0048193340637267545,0.0,0.0,0.18849555921538758
2.84,0.4345523906052947,-0.9006336623946566,0.0048193340637267545,0.0,0.0,0.18849555921538758
2.86,0.4379446035039634,-0.8989890423586625,0.0048193340637267545,0.0,0.0,0.18849555921538758
2.88,0.44133059224042365,-0.8973316456984596,0.0048193340637267545,0.0,0.0,0.18849555921538758
2.9,0.4447103086922805,-0.8956614959693228,0.0048193340637267545,0.0,0.0,0.18849555921538758
2.92,0.4480837048262822,-0.893978616907777,0.0048193340637267545,0.0,0.0,0.18849555921538758
2.94,0.45145073269900277,-0.8922830324312583,0.0048193340637267545,0.0,0.0,0.18849555921538758
2.96,0.4548113444575231,-0.8905747666377758,0.0048193340637267545,0.0,0.0,0.18849555921538758
2.98,0.4581654923401112,-0.8888538438055673,0.0048193340637267545,0.0,0.0,0.18849555921538758
3.0,0.4615131286769015,-0.8871202883927555,0.0048193340637267545,0.0,0.0,0.18849555921538758
3.02,0.4648542058905716,-0.8853741250370002,0.0048193340637267545,0.0,0.0,0.18849555921538758
3.04,0.4681886764970187,-0.8836153785551479,0.0048193340637267545,0.0,0.0,0.18849555921538758
3.06,0.4715164931060347,-0.881844073942879,0.0048193340637267545,0.0,0.0,0.18849555921538758
3.08,0.47483760842197936,-0.8800602363743532,0.0048193340637267545,0.0,0.0,0.18849555921538758
3.1,0.4781519752444529,-0.8782638912018503,0.0048193340637267545,0.0,0.0,0.18849555921538758
3.12,0.48145954646896627,-0.8764550639554118,0.0048193340637267545,0.0,0.0,0.18849555921538758
3.14,0.4847602750876111,-0.8746337803424766,0.0048193340637267545,0.0,0.0,0.18849555921538758
3.16,0.48805411418972744,-0.872800066247516,0.0048193340637267545,0.0,0.0,0.18849555921538758
3.18,0.4913410169625707,-0.8709539477316665,0.0048193340637267545,0.0,0.0,0.18849555921538758
3.2,0.4946209366919772,-0.8690954510323586,0.0048193340637267545,0.0,0.0,0.18849555921538758
3.22,0.4978938267630271,-0.8672246025629444,0.0048193340637267545,0.0,0.0,0.18849555921538758
3.24,0.5011596406607081,-0.8653414289123212,0.0048193340637267545,0.0,0.0,0.18849555921538758
3.2600000000000002,0.5044183319705758,-0.8634459568445557,0.0048193340637267545,0.0,0.0,0.18849555921538758
3.2800000000000002,0.5076698543794138,-0.8615382132985008,0.0048193340637267545,0.0,0.0,0.18849555921538758
3.3000000000000003,0.5109141616758912,-0.8596182253874155,0.0048193340637267545,0.0,0.0,0.18849555921538758
3.3200000000000003,0.5141512077512195,-0.8576860203985783,0.0048193340637267545,0.0,0.0,0.18849555921538758
3.34,0.5173809465998093,-0.8557416257928989,0.0048193340637267545,0.0,0.0,0.18849555921538758
3.36,0.5206033323199226,-0.8537850692045282,0.0048193340637267545,0.0,0.0,0.18849555921538758
3.38,0.5238183191143254,-0.8518163784404662,0.0048193340637267545,0.0,0.0,0.18849555921538758
3.4,0.5270258612909392,-0.8498355814801665,0.0048193340637267545,0.0,0.0,0.18849555921538758
3.42,0.5302259132634893,-0.8478427064751385,0.0048193340637267545,0.0,0.0,0.18849555921538758
3.44,0.5334184295521541,-0.8458377817485471,0.0048193340637267545,0.0,0.0,0.18849555921538758
3.46,0.5366033647842104,-0.8438208357948106,0.0048193340637267545,0.0,0.0,0.18849555921538758
3.48,0.5397806736946786,-0.8417918972791958,0.0048193340637267545,0.0,0.0,0.18849555921538758
3.5,0.5429503111269666,-0.8397509950374095,0.0048193340637267545,0.0,0.0,0.18849555921538758
3.52,0.54611223203351,-0.8376981580751908,0.0048193340637267545,0.0,0.0,0.18849555921538758
3.54,0.5492663914764134,-0.8356334155678963,0.0048193340637267545,0.0,0.0,0.18849555921538758
3.56,0.5524127446280902,-0.8335567968600879,0.0048193340637267545,0.0,0.0,0.18849555921538758
3.58,0.5555512467718973,-0.8314683314651136,0.0048193340637267545,0.0,0.0,0.18849555921538758
3.6,0.5586818533027723,-0.8293680490646899,0.0048193340637267545,0.0,0.0,0.18849555921538758
3.62,0.5618045197278665,-0.8272559795084781,0.0048193340637267545,0.0,0.0,0.18849555921538758
3.64,0.564919201667178,-0.8251321528136618,0.0048193340637267545,0.0,0.0,0.18849555921538758
3.66,0.5680258548541822,-0.82299659916452,0.0048193340637267545,0.0,0.0,0.18849555921538758
3.68,0.571124435136461,-0.8208493489119963,0.0048193340637267545,0.0,0.0,0.18849555921538758
3.7,0.5742148984763292,-0.8186904325732707,0.0048193340637267545,0.0,0.0,0.18849555921538758
3.72,0.5772972009514624,-0.8165198808313224,0.0048193340637267545,0.0,0.0,0.18849555921538758
3.74,0.5803712987555197,-0.8143377245344967,0.0048193340637267545,0.0,0.0,0.18849555921538758
3.7600000000000002,0.5834371481987667,-0.8121439946960641,0.0048193340637267545,0.0,0.0,0.18849555921538758
3.7800000000000002,0.5864947057086962,-0.8099387224937821,0.0048193340637267545,0.0,0.0,0.18849555921538758
3.8000000000000003,0.5895439278306489,-0.8077219392694496,0.0048193340637267545,0.0,0.0,0.18849555921538758
3.8200000000000003,0.5925847712284289,-0.8054936765284634,0.0048193340637267545,0.0,0.0,0.18849555921538758
3.84,0.5956171926849197,-0.8032539659393694,0.0048193340637267545,0.0,0.0,0.18849555921538758
3.86,0.598641149102701,-0.8010028393334123,0.0048193340637267545,0.0,0.0,0.18849555921538758
3.88,0.601656597504658,-0.7987403287040843,0.0048193340637267545,0.0,0.0,0.18849555921538758
3.9,0.6046634950345946,-0.7964664662066697,0.0048193340637267545,0.0,0.0,0.18849555921538758
3.92,0.6076617989578406,-0.7941812841577873,0.0048193340637267545,0.0,0.0,0.18849555921538758
3.94,0.6106514666618609,-0.7918848150349326,0.0048193340637267545,0.0,0.0,0.18849555921538758
3.96,0.6136324556568596,-0.789577091476015,0.0048193340637267545,0.0,0.0,0.18849555921538758
3.98,0.6166047235763848,-0.7872581462788947,0.0048193340637267545,0.0,0.0,0.18849555921538758
4.0,0.6195682281779303,-0.7849280124009153,0.0048193340637267545,0.0,0.0,0.18849555921538758
4.0200000000000005,0.6225229273435356,-0.7825867229584373,0.0048193340637267545,0.0,0.0,0.18849555921538758
4.04,0.6254687790803859,-0.7802343112263666,0.0048193340637267545,0.0,0.0,0.18849555921538758
4.0600000000000005,0.6284057415214069,-0.7778708106376805,0.0048193340637267545,0.0,0.0,0.18849555921538758
4.08,0.631333772925861,-0.7754962547829541,0.0048193340637267545,0.0,0.0,0.18849555921538758
4.1,0.6342528316799417,-0.7731106774098822,0.0048193340637267545,0.0,0.0,0.18849555921538758
4.12,0.6371628762973622,-0.7707141124227996,0.0048193340637267545,0.0,0.0,0.18849555921538758
4.14,0.640063865419947,-0.7683065938822,0.0048193340637267545,0.0,0.0,0.18849555921538758
4.16,0.6429557578182193,-0.7658881560042502,0.0048193340637267545,0.0,0.0,0.18849555921538758
4.18,0.6458385123919871,-0.7634588331603063,0.0048193340637267545,0.0,0.0,0.18849555921538758
4.2,0.6487120881709267,-0.7610186598764229,0.0048193340637267545,0.0,0.0,0.18849555921538758
4.22,0.6515764443151658,-0.758567670832864,0.0048193340637267545,0.0,0.0,0.18849555921538758
4.24,0.6544315401158636,-0.7561059008636088,0.0048193340637267545,0.0,0.0,0.18849555921538758
4.26,0.6572773349957884,-0.7536333849558583,0.0048193340637267545,0.0,0.0,0.18849555921538758
4.28,0.6601137885098964,-0.7511501582495358,0.0048193340637267545,0.0,0.0,0.18849555921538758
4.3,0.6629408603459042,-0.7486562560367895,0.0048193340637267545,0.0,0.0,0.18849555921538758
4.32,0.6657585103248634,-0.7461517137614908,0.0048193340637267545,0.0,0.0,0.18849555921538758
4.34,0.6685666984017307,-0.7436365670187286,0.0048193340637267545,0.0,0.0,0.18849555921538758
4.36,0.671365384665938,-0.7411108515543052,0.0048193340637267545,0.0,0.0,0.18849555921538758
4.38,0.6741545293419582,-0.7385746032642289,0.0048193340637267545,0.0,0.0,0.18849555921538758
4.4,0.6769340927898716,-0.7360278581942016,0.0048193340637267545,0.0,0.0,0.18849555921538758
4.42,0.6797040355059295,-0.7334706525391075,0.0048193340637267545,0.0,0.0,0.18849555921538758
4.44,0.6824643181231145,-0.7309030226424996,0.0048193340637267545,0.0,0.0,0.18849555921538758
4.46,0.6852149014117006,-0.7283250049960823,0.0048193340637267545,0.0,0.0,0.18849555921538758
4.48,0.6879557462798109,-0.7257366362391925,0.0048193340637267545,0.0,0.0,0.18849555921538758
4.5,0.6906868137739728,-0.7231379531582802,0.0048193340637267545,0.0,0.0,0.18849555921538758
4.5200000000000005,0.6934080650796721,-0.7205289926863838,0.0048193340637267545,0.0,0.0,0.18849555921538758
4.54,0.696119461521904,-0.7179097919026065,0.0048193340637267545,0.0,0.0,0.18849555921538758
4.5600000000000005,0.6988209645657238,-0.7152803880315892,0.0048193340637267545,0.0,0.0,0.18849555921538758
4.58,0.7015125358167934,-0.712640818442981,0.0048193340637267545,0.0,0.0,0.18849555921538758
4.6000000000000005,0.7041941370219269,-0.7099911206509087,0.0048193340637267545,0.0,0.0,0.18849555921538758
4.62,0.7068657300696363,-0.7073313323134429,0.0048193340637267545,0.0,0.0,0.18849555921538758
4.64,0.7095272769906703,-0.7046614912320633,0.0048193340637267545,0.0,0.0,0.18849555921538758
4.66,0.7121787399585563,-0.7019816353511213,0.0048193340637267545,0.0,0.0,0.18849555921538758
4.68,0.7148200812901354,-0.6992918027573009,0.0048193340637267545,0.0,0.0,0.18849555921538758
4.7,0.7174512634461016,-0.6965920316790769,0.0048193340637267545,0.0,0.0,0.18849555921538758
4.72,0.7200722490315319,-0.6938823604861727,0.0048193340637267545,0.0,0.0,0.18849555921538758
4.74,0.7226830007964198,-0.6911628276890138,0.0048193340637267545,0.0,0.0,0.18849555921538758
4.76,0.7252834816362036,-0.6884334719381812,0.0048193340637267545,0.0,0.0,0.18849555921538758
4.78,0.7278736545922948,-0.6856943320238609,0.0048193340637267545,0.0,0.0,0.18849555921538758
4.8,0.7304534828526019,-0.6829454468752946,0.0048193340637267545,0.0,0.0,0.18849555921538758
4.82,0.733022929752055,-0.680186855560225,0.0048193340637267545,0.0,0.0,0.18849555921538758
4.84,0.735581958773126,-0.6774185972843404,0.0048193340637267545,0.0,0.0,0.18849555921538758
4.86,0.7381305335463485,-0.6746407113907188,0.0048193340637267545,0.0,0.0,0.18849555921538758
4.88,0.7406686178508333,-0.6718532373592676,0.0048193340637267545,0.0,0.0,0.18849555921538758
4.9,0.7431961756147843,-0.6690562148061626,0.0048193340637267545,0.0,0.0,0.18849555921538758
4.92,0.7457131709160112,-0.666249683483286,0.0048193340637267545,0.0,0.0,0.18849555921538758
4.94,0.7482195679824402,-0.6634336832776596,0.0048193340637267545,0.0,0.0,0.18849555921538758
4.96,0.7507153311926194,-0.6606082542108802,0.0048193340637267545,0.0,0.0,0.18849555921538758
4.98,0.7532004250762305,-0.6577734364385484,0.0048193340637267545,0.0,0.0,0.18849555921538758
5.0,0.7556748143145877,-0.6549292702497003,0.0048193340637267545,0.0,0.0,0.18849555921538758
5.0200000000000005,0.7581384637411437,-0.6520757960662321,0.0048193340637267545,0.0,0.0,0.18849555921538758
5.04,0.7605913383419861,-0.6492130544423287,0.0048193340637267545,0.0,0.0,0.18849555921538758
5.0600000000000005,0.7630334032563378,-0.6463410860638852,0.0048193340637267545,0.0,0.0,0.18849555921538758
5.08,0.7654646237770507,-0.6434599317479294,0.0048193340637267545,0.0,0.0,0.18849555921538758
5.1000000000000005,0.7678849653510996,-0.6405696324420412,0.0048193340637267545,0.0,0.0,0.18849555921538758
5.12,0.7702943935800736,-0.6376702292237723,0.0048193340637267545,0.0,0.0,0.18849555921538758
5.14,0.772692874220664,-0.6347617633000591,0.0048193340637267545,0.0,0.0,0.18849555921538758
5.16,0.7750803731851521,-0.6318442760066407,0.0048193340637267545,0.0,0.0,0.18849555921538758
5.18,0.7774568565418927,-0.6289178088074701,0.0048193340637267545,0.0,0.0,0.18849555921538758
5.2,0.7798222905157969,-0.6259824032941232,0.0048193340637267545,0.0,0.0,0.18849555921538758
5.22,0.7821766414888119,-0.6230381011852104,0.0048193340637267545,0.0,0.0,0.18849555921538758
5.24,0.7845198760003995,-0.6200849443257813,0.0048193340637267545,0.0,0.0,0.18849555921538758
5.26,0.7868519607480102,-0.6171229746867325,0.0048193340637267545,0.0,0.0,0.18849555921538758
5.28,0.7891728625875576,-0.6141522343642082,0.0048193340637267545,0.0,0.0,0.18849555921538758
5.3,0.7914825485338892,-0.6111727655790045,0.0048193340637267545,0.0,0.0,0.18849555921538758
5.32,0.7937809857612557,-0.6081846106759679,0.0048193340637267545,0.0,0.0,0.18849555921538758
5.34,0.7960681416037761,-0.6051878121233935,0.0048193340637267545,0.0,0.0,0.18849555921538758
5.36,0.7983439835559033,-0.6021824125124225,0.0048193340637267545,0.0,0.0,0.18849555921538758
5.38,0.8006084792728854,-0.5991684545564361,0.0048193340637267545,0.0,0.0,0.18849555921538758
5.4,0.8028615965712259,-0.5961459810904473,0.0048193340637267545,0.0,0.0,0.18849555921538758
5.42,0.8051033034291406,-0.5931150350704951,0.0048193340637267545,0.0,0.0,0.18849555921538758
5.44,0.8073335679870136,-0.5900756595730313,0.0048193340637267545,0.0,0.0,0.18849555921538758
5.46,0.8095523585478481,-0.5870278977943095,0.0048193340637267545,0.0,0.0,0.18849555921538758
5.48,0.8117596435777195,-0.5839717930497705,0.0048193340637267545,0.0,0.0,0.18849555921538758
5.5,0.8139553917062211,-0.5809073887734276,0.0048193340637267545,0.0,0.0,0.18849555921538758
5.5200000000000005,0.8161395717269121,-0.5778347285172487,0.0048193340637267545,0.0,0.0,0.18849555921538758
5.54,0.8183121525977597,-0.5747538559505371,0.0048193340637267545,0.0,0.0,0.18849555921538758
5.5600000000000005,0.8204731034415806,-0.571664814859312,0.0048193340637267545,0.0,0.0,0.18849555921538758
5.58,0.8226223935464801,-0.5685676491456847,0.0048193340637267545,0.0,0.0,0.18849555921538758
5.6000000000000005,0.8247599923662883,-0.5654624028272353,0.0048193340637267545,0.0,0.0,0.18849555921538758
5.62,0.8268858695209944,-0.5623491200363879,0.0048193340637267545,0.0,0.0,0.18849555921538758
5.64,0.8289999947971782,-0.559227845019782,0.0048193340637267545,0.0,0.0,0.18849555921538758
5.66,0.8311023381484403,-0.5560986221376445,0.0048193340637267545,0.0,0.0,0.18849555921538758
5.68,0.8331928696958277,-0.5529614958631591,0.0048193340637267545,0.0,0.0,0.18849555921538758
5.7,0.8352715597282601,-0.5498165107818345,0.0048193340637267545,0.0,0.0,0.18849555921538758
5.72,0.8373383787029506,-0.5466637115908697,0.0048193340637267545,0.0,0.0,0.18849555921538758
5.74,0.8393932972458266,-0.5435031430985202,0.0048193340637267545,0.0,0.0,0.18849555921538758
5.76,0.8414362861519473,-0.5403348502234604,0.0048193340637267545,0.0,0.0,0.18849555921538758
5.78,0.8434673163859183,-0.5371588779941447,0.0048193340637267545,0.0,0.0,0.18849555921538758
5.8,0.8454863590823041,-0.5339752715481688,0.0048193340637267545,0.0,0.0,0.18849555921538758
5.82,0.8474933855460387,-0.5307840761316273,0.0048193340637267545,0.0,0.0,0.18849555921538758
5.84,0.8494883672528334,-0.5275853370984706,0.0048193340637267545,0.0,0.0,0.18849555921538758
5.86,0.8514712758495825,-0.5243790999098605,0.0048193340637267545,0.0,0.0,0.18849555921538758
5.88,0.8534420831547657,-0.521165410133525,0.0048193340637267545,0.0,0.0,0.18849555921538758
5.9,0.8554007611588489,-0.5179443134431088,0.0048193340637267545,0.0,0.0,0.18849555921538758
5.92,0.8573472820246818,-0.5147158556175264,0.0048193340637267545,0.0,0.0,0.18849555921538758
5.94,0.8592816180878944,-0.5114800825403092,0.0048193340637267545,0.0,0.0,0.18849555921538758
5.96,0.8612037418572899,-0.5082370401989555,0.0048193340637267545,0.0,0.0,0.18849555921538758
5.98,0.8631136260152341,-0.5049867746842751,0.0048193340637267545,0.0,0.0,0.18849555921538758
6.0,0.8650112434180461,-0.5017293321897355,0.0048193340637267545,0.0,0.0,0.18849555921538758
6.0200000000000005,0.8668965670963824,-0.49846475901080467,0.0048193340637267545,0.0,0.0,0.18849555921538758
6.04,0.8687695702556202,-0.49519310154429425,0.0048193340637267545,0.0,0.0,0.18849555921538758
6.0600000000000005,0.8706302262762385,-0.49191440628769817,0.0048193340637267545,0.0,0.0,0.18849555921538758
6.08,0.8724785087141966,-0.4886287198385338,0.0048193340637267545,0.0,0.0,0.18849555921538758
6.1000000000000005,0.8743143913013104,-0.4853360888936781,0.0048193340637267545,0.0,0.0,0.18849555921538758
6.12,0.8761378479456242,-0.4820365602487054,0.0048193340637267545,0.0,0.0,0.18849555921538758
6.140000000000001,0.8779488527317827,-0.4787301807972209,0.0048193340637267545,0.0,0.0,0.18849555921538758
6.16,0.8797473799213994,-0.4754169975301958,0.0048193340637267545,0.0,0.0,0.18849555921538758
6.18,0.8815334039534222,-0.47209705753529757,0.0048193340637267545,0.0,0.0,0.18849555921538758
6.2,0.8833068994444957,-0.4687704079962225,0.0048193340637267545,0.0,0.0,0.18849555921538758
6.22,0.8850678411893237,-0.46543709619202406,0.0048193340637267545,0.0,0.0,0.18849555921538758
6.24,0.8868162041610264,-0.4620971694964411,0.0048193340637267545,0.0,0.0,0.18849555921538758
6.26,0.8885519635114952,-0.4587506753772252,0.0048193340637267545,0.0,0.0,0.18849555921538758
6.28,0.8902750945717482,-0.4553976613954648,0.0048193340637267545,0.0,0.0,0.18849555921538758
6.3,0.8919855728522786,-0.45203817520491113,0.0048193340637267545,0.0,0.0,0.18849555921538758
6.32,0.8936833740434041,-0.4486722645512986,0.0048193340637267545,0.0,0.0,0.18849555921538758
6.34,0.8953684740156113,-0.44529997727166876,0.0048193340637267545,0.0,0.0,0.18849555921538758
6.36,0.8970408488199002,-0.44192136129368775,0.0048193340637267545,0.0,0.0,0.18849555921538758
6.38,0.8987004746881225,-0.43853646463496765,0.0048193340637267545,0.0,0.0,0.18849555921538758
6.4,0.9003473280333215,-0.43514533540238237,0.0048193340637267545,0.0,0.0,0.18849555921538758
6.42,0.9019813854500656,-0.4317480217913845,0.0048193340637267545,0.0,0.0,0.18849555921538758
6.44,0.9036026237147817,-0.4283445720853203,0.0048193340637267545,0.0,0.0,0.18849555921538758
6.46,0.9052110197860855,-0.42493503465474386,0.0048193340637267545,0.0,0.0,0.18849555921538758
6.48,0.906806550805109,-0.42151945795672907,0.0048193340637267545,0.0,0.0,0.18849555921538758
6.5,0.9083891940958244,-0.4180978905341811,0.0048193340637267545,0.0,0.0,0.18849555921538758
6.5200000000000005,0.9099589271653674,-0.4146703810151467,0.0048193340637267545,0.0,0.0,0.18849555921538758
6.54,0.9115157277043564,-0.4112369781121232,0.0048193340637267545,0.0,0.0,0.18849555921538758
6.5600000000000005,0.9130595735872102,-0.4077977306213654,0.0048193340637267545,0.0,0.0,0.18849555921538758
6.58,0.914590442872461,-0.40435268742219305,0.0048193340637267545,0.0,0.0,0.18849555921538758
6.6000000000000005,0.9161083138030678,-0.4009018974762955,0.0048193340637267545,0.0,0.0,0.18849555921538758
6.62,0.9176131648067248,-0.3974454098270365,0.0048193340637267545,0.0,0.0,0.18849555921538758
6.640000000000001,0.9191049744961686,-0.39398327359875623,0.0048193340637267545,0.0,0.0,0.18849555921538758
6.66,0.9205837216694807,-0.3905155379960741,0.0048193340637267545,0.0,0.0,0.18849555921538758
6.68,0.9220493853103908,-0.38704225230318906,0.0048193340637267545,0.0,0.0,0.18849555921538758
6.7,0.9235019445885748,-0.3835634658831784,0.0048193340637267545,0.0,0.0,0.18849555921538758
6.72,0.9249413788599496,-0.38007922817729795,0.0048193340637267545,0.0,0.0,0.18849555921538758
6.74,0.9263676676669682,-0.37658958870427767,0.0048193340637267545,0.0,0.0,0.18849555921538758
6.76,0.9277807907389094,-0.37309459705961884,0.0048193340637267545,0.0,0.0,0.18849555921538758
6.78,0.9291807279921668,-0.3695943029148888,0.0048193340637267545,0.0,0.0,0.18849555921538758
6.8,0.9305674595305328,-0.36608875601701557,0.0048193340637267545,0.0,0.0,0.18849555921538758
6.82,0.931940965645483,-0.3625780061875798,0.0048193340637267545,0.0,0.0,0.18849555921538758
6.84,0.933301226816455,-0.359062103322108,0.0048193340637267545,0.0,0.0,0.18849555921538758
6.86,0.9346482237111267,-0.35554109738936185,0.0048193340637267545,0.0,0.0,0.18849555921538758
6.88,0.9359819371856909,-0.35201503843063003,0.0048193340637267545,0.0,0.0,0.18849555921538758
6.9,0.9373023482851267,-0.34848397655901464,0.0048193340637267545,0.0,0.0,0.18849555921538758
6.92,0.9386094382434695,-0.34494796195872157,0.0048193340637267545,0.0,0.0,0.18849555921538758
6.94,0.9399031884840781,-0.34140704488434465,0.0048193340637267545,0.0,0.0,0.18849555921538758
6.96,0.9411835806198974,-0.3378612756601539,0.0048193340637267545,0.0,0.0,0.18849555921538758
6.98,0.9424505964537212,-0.33431070467937796,0.0048193340637267545,0.0,0.0,0.18849555921538758
7.0,0.9437042179784502,-0.3307553824034903,0.0048193340637267545,0.0,0.0,0.18849555921538758
7.0200000000000005,0.9449444273773473,-0.3271953593614896,0.0048193340637267545,0.0,0.0,0.18849555921538758
7.04,0.946171207024292,-0.3236306861491839,0.0048193340637267545,0.0,0.0,0.18849555921538758
7.0600000000000005,0.9473845394840298,-0.3200614134284697,0.0048193340637267545,0.0,0.0,0.18849555921538758
7.08,0.9485844075124208,-0.3164875919266133,0.0048193340637267545,0.0,0.0,0.18849555921538758
7.1000000000000005,0.9497707940566845,-0.3129092724355284,0.0048193340637267545,0.0,0.0,0.18849555921538758
7.12,0.950943682255642,-0.30932650581105586,0.0048193340637267545,0.0,0.0,0.18849555921538758
7.140000000000001,0.9521030554399561,-0.30573934297223987,0.0048193340637267545,0.0,0.0,0.18849555921538758
7.16,0.9532488971323668,-0.3021478349006047,0.0048193340637267545,0.0,0.0,0.18849555921538758
7.18,0.9543811910479278,-0.29855203263943003,0.0048193340637267545,0.0,0.0,0.18849555921538758
7.2,0.9554999210942368,-0.2949519872930248,0.0048193340637267545,0.0,0.0,0.18849555921538758
7.22,0.9566050713716627,-0.29134775002600233,0.0048193340637267545,0.0,0.0,0.18849555921538758
7.24,0.9576966261735739,-0.2877393720625521,0.0048193340637267545,0.0,0.0,0.18849555921538758
7.26,0.9587745699865606,-0.2841269046857123,0.0048193340637267545,0.0,0.0,0.18849555921538758
7.28,0.9598388874906553,-0.2805103992366405,0.0048193340637267545,0.0,0.0,0.18849555921538758
7.3,0.96088956355955,-0.2768899071138844,0.0048193340637267545,0.0,0.0,0.18849555921538758
7.32,0.9619265832608125,-0.2732654797726508,0.0048193340637267545,0.0,0.0,0.18849555921538758
7.34,0.9629499318560976,-0.2696371687240752,0.0048193340637267545,0.0,0.0,0.18849555921538758
7.36,0.9639595948013562,-0.2660050255344887,0.0048193340637267545,0.0,0.0,0.18849555921538758
7.38,0.9649555577470431,-0.2623691018246858,0.0048193340637267545,0.0,0.0,0.18849555921538758
7.4,0.9659378065383197,-0.25872944926919045,0.0048193340637267545,0.0,0.0,0.18849555921538758
7.42,0.9669063272152573,-0.255086119595522,0.0048193340637267545,0.0,0.0,0.18849555921538758
7.44,0.9678611060130329,-0.2514391645834596,0.0048193340637267545,0.0,0.0,0.18849555921538758
7.46,0.9688021293621261,-0.24778863606430673,0.0048193340637267545,0.0,0.0,0.18849555921538758
7.48,0.9697293838885123,-0.24413458592015377,0.0048193340637267545,0.0,0.0,0.18849555921538758
7.5,0.9706428564138525,-0.2404770660831419,0.0048193340637267545,0.0,0.0,0.18849555921538758
7.5200000000000005,0.97154253395568,-0.23681612853472353,0.0048193340637267545,0.0,0.0,0.18849555921538758
7.54,0.9724284037275853,-0.23315182530492506,0.0048193340637267545,0.0,0.0,0.18849555921538758
7.5600000000000005,0.9733004531393984,-0.2294842084716061,0.0048193340637267545,0.0,0.0,0.18849555921538758
7.58,0.9741586697973666,-0.2258133301597204,0.0048193340637267545,0.0,0.0,0.18849555921538758
7.6000000000000005,0.9750030415043317,-0.222139242540574,0.0048193340637267545,0.0,0.0,0.18849555921538758
7.62,0.9758335562599026,-0.2184619978310848,0.0048193340637267545,0.0,0.0,0.18849555921538758
7.640000000000001,0.9766502022606263,-0.2147816482930395,0.0048193340637267545,0.0,0.0,0.18849555921538758
7.66,0.9774529679001556,-0.21109824623235185,0.0048193340637267545,0.0,0.0,0.18849555921538758
7.68,0.9782418417694136,-0.20741184399831816,0.0048193340637267545,0.0,0.0,0.18849555921538758
7.7,0.9790168126567567,-0.20372249398287384,0.0048193340637267545,0.0,0.0,0.18849555921538758
7.72,0.9797778695481331,-0.2000302486198494,0.0048193340637267545,0.0,0.0,0.18849555921538758
7.74,0.9805250016272395,-0.19633516038422383,0.0048193340637267545,0.0,0.0,0.18849555921538758
7.76,0.9812581982756756,-0.19263728179138048,0.0048193340637267545,0.0,0.0,0.18849555921538758
7.78,0.981977449073094,-0.18893666539635912,0.0048193340637267545,0.0,0.0,0.18849555921538758
7.8,0.9826827437973487,-0.18523336379311023,0.0048193340637267545,0.0,0.0,0.18849555921538758
7.82,0.9833740724246409,-0.18152742961374668,0.0048193340637267545,0.0,0.0,0.18849555921538758
7.84,0.9840514251296599,-0.17781891552779663,0.0048193340637267545,0.0,0.0,0.18849555921538758
7.86,0.9847147922857248,-0.1741078742414536,0.0048193340637267545,0.0,0.0,0.18849555921538758
7.88,0.98536416446492,-0.1703943584968291,0.0048193340637267545,0.0,0.0,0.18849555921538758
7.9,0.9859995324382296,-0.16667842107120134,0.0048193340637267545,0.0,0.0,0.18849555921538758
7.92,0.9866208871756681,-0.16296011477626676,0.0048193340637267545,0.0,0.0,0.18849555921538758
7.94,0.9872282198464093,-0.15923949245738803,0.0048193340637267545,0.0,0.0,0.18849555921538758
7.96,0.9878215218189114,-0.1555166069928442,0.0048193340637267545,0.0,0.0,0.18849555921538758
7.98,0.9884007846610405,-0.15179151129307797,0.0048193340637267545,0.0,0.0,0.18849555921538758
8.0,0.9889660001401889,-0.14806425829994507,0.0048193340637267545,0.0,0.0,0.18849555921538758
8.02,0.9895171602233939,-0.14433490098596075,0.0048193340637267545,0.0,0.0,0.18849555921538758
8.040000000000001,0.9900542570774509,-0.14060349235354702,0.0048193340637267545,0.0,0.0,0.18849555921538758
8.06,0.9905772830690244,-0.13687008543428078,0.0048193340637267545,0.0,0.0,0.18849555921538758
8.08,0.9910862307647571,-0.13313473328813774,0.0048193340637267545,0.0,0.0,0.18849555921538758
8.1,0.9915810929313763,-0.12939748900274028,0.0048193340637267545,0.0,0.0,0.18849555921538758
8.120000000000001,0.992061862535795,-0.12565840569260167,0.0048193340637267545,0.0,0.0,0.18849555921538758
8.14,0.9925285327452127,-0.12191753649837304,0.0048193340637267545,0.0,0.0,0.18849555921538758
8.16,0.9929810969272133,-0.11817493458608568,0.0048193340637267545,0.0,0.0,0.18849555921538758
8.18,0.9934195486498573,-0.1144306531463969,0.0048193340637267545,0.0,0.0,0.18849555921538758
8.2,0.9938438816817756,-0.11068474539383412,0.0048193340637267545,0.0,0.0,0.18849555921538758
8.22,0.9942540899922566,-0.10693726456603768,0.0048193340637267545,0.0,0.0,0.18849555921538758
8.24,0.9946501677513323,-0.1031882639230059,0.0048193340637267545,0.0,0.0,0.18849555921538758
8.26,0.9950321093298607,-0.09943779674633596,0.0048193340637267545,0.0,0.0,0.18849555921538758
8.28,0.9953999092996068,-0.09568591633846817,0.0048193340637267545,0.0,0.0,0.18849555921538758
8.3,0.9957535624333185,-0.09193267602192762,0.0048193340637267545,0.0,0.0,0.18849555921538758
8.32,0.9960930637048024,-0.08817812913856764,0.0048193340637267545,0.0,0.0,0.18849555921538758
8.34,0.9964184082889936,-0.0844223290488099,0.0048193340637267545,0.0,0.0,0.18849555921538758
8.36,0.9967295915620257,-0.08066532913088709,0.0048193340637267545,0.0,0.0,0.18849555921538758
8.38,0.9970266091012951,-0.07690718278008385,0.0048193340637267545,0.0,0.0,0.18849555921538758
8.4,0.997309456685526,-0.07314794340797923,0.0048193340637267545,0.0,0.0,0.18849555921538758
8.42,0.9975781302948278,-0.06938766444168538,0.0048193340637267545,0.0,0.0,0.18849555921538758
8.44,0.9978326261107534,-0.06562639932308986,0.0048193340637267545,0.0,0.0,0.18849555921538758
8.46,0.9980729405163543,-0.0618642015080952,0.0048193340637267545,0.0,0.0,0.18849555921538758
8.48,0.9982990700962309,-0.05810112446586074,0.0048193340637267545,0.0,0.0,0.18849555921538758
8.5,0.9985110116365808,-0.05433722167804048,0.0048193340637267545,0.0,0.0,0.18849555921538758
8.52,0.998708762125246,-0.05057254663802445,0.0048193340637267545,0.0,0.0,0.18849555921538758
8.540000000000001,0.9988923187517543,-0.04680715285017777,0.0048193340637267545,0.0,0.0,0.18849555921538758
8.56,0.9990616789073595,-0.043041093829081535,0.0048193340637267545,0.0,0.0,0.18849555921538758
8.58,0.9992168401850795,-0.03927442309877029,0.0048193340637267545,0.0,0.0,0.18849555921538758
8.6,0.9993578003797284,-0.035507194191972694,0.0048193340637267545,0.0,0.0,0.18849555921538758
8.620000000000001,0.9994845574879504,-0.031739460649349925,0.0048193340637267545,0.0,0.0,0.18849555921538758
8.64,0.9995971097082461,-0.027971276018736186,0.0048193340637267545,0.0,0.0,0.18849555921538758
8.66,0.9996954554409991,-0.02420269385437566,0.0048193340637267545,0.0,0.0,0.18849555921538758
8.68,0.9997795932884994,-0.02043376771616267,0.0048193340637267545,0.0,0.0,0.18849555921538758
8.700000000000001,0.9998495220549615,-0.01666455116887985,0.0048193340637267545,0.0,0.0,0.18849555921538758
8.72,0.999905240746543,-0.012895097781438178,0.0048193340637267545,0.0,0.0,0.18849555921538758
8.74,0.999946748571358,-0.00912546112611367,0.0048193340637267545,0.0,0.0,0.18849555921538758
8.76,0.9999740449394885,-0.0053556947777873,0.0048193340637267545,0.0,0.0,0.18849555921538758
8.78,0.9999871294629926,-0.0015858523131832786,0.0048193340637267545,0.0,0.0,0.18849555921538758
8.8,0.9999860019559104,0.00218401268989274,0.0048193340637267545,0.0,0.0,0.18849555921538758
8.82,0.9999706624342658,0.005953846653313777,0.0048193340637267545,0.0,0.0,0.18849555921538758
8.84,0.9999411111160678,0.009723595999394997,0.0048193340637267545,0.0,0.0,0.18849555921538758
8.86,0.9998973484213058,0.013493207151653837,0.0048193340637267545,0.0,0.0,0.18849555921538758
8.88,0.9998393749719445,0.0172626265355721,0.0048193340637267545,0.0,0.0,0.18849555921538758
8.9,0.9997671915919151,0.02103180057935604,0.0048193340637267545,0.0,0.0,0.18849555921538758
8.92,0.9996807993071034,0.02480067571469974,0.0048193340637267545,0.0,0.0,0.18849555921538758
8.94,0.9995801993453349,0.028569198377545117,0.0048193340637267545,0.0,0.0,0.18849555921538758
8.96,0.9994653931363574,0.03233731500884381,0.0048193340637267545,0.0,0.0,0.18849555921538758
8.98,0.9993363823118218,0.03610497205531707,0.0048193340637267545,0.0,0.0,0.18849555921538758
9.0,0.9991931687052569,0.039872115970218884,0.0048193340637267545,0.0,0.0,0.18849555921538758
9.02,0.9990357543520457,0.04363869321409561,0.0048193340637267545,0.0,0.0,0.18849555921538758
9.040000000000001,0.9988641414893941,0.04740465025554764,0.0048193340637267545,0.0,0.0,0.18849555921538758
9.06,0.9986783325563008,0.051169933571988756,0.0048193340637267545,0.0,0.0,0.18849555921538758
9.08,0.9984783301935222,0.05493448965040888,0.0048193340637267545,0.0,0.0,0.18849555921538758
9.1,0.9982641372435344,0.05869826498813331,0.0048193340637267545,0.0,0.0,0.18849555921538758
9.120000000000001,0.9980357567504936,0.062461206093583674,0.0048193340637267545,0.0,0.0,0.18849555921538758
9.14,0.9977931919601919,0.06622325948703689,0.0048193340637267545,0.0,0.0,0.18849555921538758
9.16,0.9975364463200117,0.06998437170138727,0.0048193340637267545,0.0,0.0,0.18849555921538758
9.18,0.9972655234788774,0.07374448928290502,0.0048193340637267545,0.0,0.0,0.18849555921538758
9.200000000000001,0.9969804272872016,0.07750355879199654,0.0048193340637267545,0.0,0.0,0.18849555921538758
9.22,0.9966811617968325,0.08126152680396276,0.0048193340637267545,0.0,0.0,0.18849555921538758
9.24,0.9963677312609956,0.08501833990976027,0.0048193340637267545,0.0,0.0,0.18849555921538758
9.26,0.9960401401342319,0.08877394471675913,0.0048193340637267545,0.0,0.0,0.18849555921538758
9.28,0.9956983930723369,0.09252828784950196,0.0048193340637267545,0.0,0.0,0.18849555921538758
9.3,0.9953424949322927,0.09628131595046295,0.0048193340637267545,0.0,0.0,0.18849555921538758
9.32,0.9949724507721998,0.10003297568080474,0.0048193340637267545,0.0,0.0,0.18849555921538758
9.34,0.9945882658512046,0.10378321372113858,0.0048193340637267545,0.0,0.0,0.18849555921538758
9.36,0.9941899456294252,0.10753197677228075,0.0048193340637267545,0.0,0.0,0.18849555921538758
9.38,0.9937774957678739,0.11127921155601073,0.0048193340637267545,0.0,0.0,0.18849555921538758
9.4,0.9933509221283758,0.11502486481582701,0.0048193340637267545,0.0,0.0,0.18849555921538758
9.42,0.992910230773487,0.11876888331770612,0.0048193340637267545,0.0,0.0,0.18849555921538758
9.44,0.9924554279664064,0.12251121385085775,0.0048193340637267545,0.0,0.0,0.18849555921538758
9.46,0.9919865201708894,0.1262518032284817,0.0048193340637267545,0.0,0.0,0.18849555921538758
9.48,0.9915035140511534,0.1299905982885223,0.0048193340637267545,0.0,0.0,0.18849555921538758
9.5,0.9910064164717844,0.13372754589442643,0.0048193340637267545,0.0,0.0,0.18849555921538758
9.52,0.9904952344976397,0.13746259293589677,0.0048193340637267545,0.0,0.0,0.18849555921538758
9.540000000000001,0.989969975393746,0.14119568632964763,0.0048193340637267545,0.0,0.0,0.18849555921538758
9.56,0.9894306466251984,0.144926773020158,0.0048193340637267545,0.0,0.0,0.18849555921538758
9.58,0.9888772558570522,0.14865579998042763,0.0048193340637267545,0.0,0.0,0.18849555921538758
9.6,0.9883098109542152,0.15238271421272911,0.0048193340637267545,0.0,0.0,0.18849555921538758
9.620000000000001,0.9877283199813355,0.15610746274936202,0.0048193340637267545,0.0,0.0,0.18849555921538758
9.64,0.9871327912026872,0.15982999265340425,0.0048193340637267545,0.0,0.0,0.18849555921538758
9.66,0.9865232330820519,0.16355025101946635,0.0048193340637267545,0.0,0.0,0.18849555921538758
9.68,0.9858996542826006,0.16726818497444207,0.0048193340637267545,0.0,0.0,0.18849555921538758
9.700000000000001,0.9852620636667676,0.17098374167826064,0.0048193340637267545,0.0,0.0,0.18849555921538758
9.72,0.984610470296127,0.17469686832463627,0.0048193340637267545,0.0,0.0,0.18849555921538758
9.74,0.9839448834312632,0.17840751214182046,0.0048193340637267545,0.0,0.0,0.18849555921538758
9.76,0.9832653125316385,0.18211562039335116,0.0048193340637267545,0.0,0.0,0.18849555921538758
9.78,0.98257176725546,0.1858211403788023,0.0048193340637267545,0.0,0.0,0.18849555921538758
9.8,0.9818642574595404,0.18952401943453273,0.0048193340637267545,0.0,0.0,0.18849555921538758
9.82,0.9811427931991609,0.19322420493443437,0.0048193340637267545,0.0,0.0,0.18849555921538758
9.84,0.9804073847279253,0.1969216442906811,0.0048193340637267545,0.0,0.0,0.18849555921538758
9.86,0.9796580424976159,0.20061628495447534,0.0048193340637267545,0.0,0.0,0.18849555921538758
9.88,0.9788947771580444,0.20430807441679547,0.0048193340637267545,0.0,0.0,0.18849555921538758
9.9,0.9781175995569005,0.20799696020914082,0.0048193340637267545,0.0,0.0,0.18849555921538758
9.92,0.9773265207395987,0.21168288990427922,0.0048193340637267545,0.0,0.0,0.18849555921538758
9.94,0.9765215519491196,0.21536581111699094,0.0048193340637267545,0.0,0.0,0.18849555921538758
9.96,0.9757027046258515,0.21904567150481358,0.0048193340637267545,0.0,0.0,0.18849555921538758
9.98,0.9748699904074276,0.22272241876878507,0.0048193340637267545,0.0,0.0,0.18849555921538758
10.0,0.9740234211285602,0.2263960006541886,0.0048193340637267545,0.0,0.0,0.18849555921538758
10.02,0.9731630088208726,0.23006636495129412,0.0048193340637267545,0.0,0.0,0.18849555921538758
10.040000000000001,0.9722887657127283,0.23373345949610094,0.0048193340637267545,0.0,0.0,0.18849555921538758
10.06,0.9714007042290568,0.23739723217107767,0.0048193340637267545,0.0,0.0,0.18849555921538758
10.08,0.9704988369911773,0.24105763090590523,0.0048193340637267545,0.0,0.0,0.18849555921538758
10.1,0.9695831768166202,0.24471460367821532,0.0048193340637267545,0.0,0.0,0.18849555921538758
10.120000000000001,0.9686537367189434,0.2483680985143303,0.0048193340637267545,0.0,0.0,0.18849555921538758
10.14,0.9677105299075471,0.252018063490001,0.0048193340637267545,0.0,0.0,0.18849555921538758
10.16,0.9667535697874888,0.25566444673114613,0.0048193340637267545,0.0,0.0,0.18849555921538758
10.18,0.9657828699592897,0.25930719641458877,0.0048193340637267545,0.0,0.0,0.18849555921538758
10.200000000000001,0.9647984442187428,0.26294626076879274,0.0048193340637267545,0.0,0.0,0.18849555921538758
10.22,0.963800306556717,0.26658158807459786,0.0048193340637267545,0.0,0.0,0.18849555921538758
10.24,0.962788471158958,0.2702131266659566,0.0048193340637267545,0.0,0.0,0.18849555921538758
10.26,0.9617629524058867,0.27384082493066747,0.0048193340637267545,0.0,0.0,0.18849555921538758
10.28,0.960723764872394,0.2774646313111078,0.0048193340637267545,0.0,0.0,0.18849555921538758
10.3,0.9596709233276353,0.2810844943049682,0.0048193340637267545,0.0,0.0,0.18849555921538758
10.32,0.9586044427348195,0.2847003624659821,0.0048193340637267545,0.0,0.0,0.18849555921538758
10.34,0.9575243382509966,0.2883121844046596,0.0048193340637267545,0.0,0.0,0.18849555921538758
10.36,0.9564306252268421,0.2919199087890163,0.0048193340637267545,0.0,0.0,0.18849555921538758
10.38,0.9553233192064388,0.2955234843453032,0.0048193340637267545,0.0,0.0,0.18849555921538758
10.4,0.9542024359270561,0.2991228598587343,0.0048193340637267545,0.0,0.0,0.18849555921538758
10.42,0.9530679913189267,0.3027179841742169,0.0048193340637267545,0.0,0.0,0.18849555921538758
10.44,0.95192000150502,0.30630880619707646,0.0048193340637267545,0.0,0.0,0.18849555921538758
10.46,0.9507584828008117,0.30989527489378416,0.0048193340637267545,0.0,0.0,0.18849555921538758
10.48,0.9495834517140541,0.31347733929268046,0.0048193340637267545,0.0,0.0,0.18849555921538758
10.5,0.9483949249445394,0.31705494848470156,0.0048193340637267545,0.0,0.0,0.18849555921538758
10.52,0.9471929193838642,0.320628051624102,0.0048193340637267545,0.0,0.0,0.18849555921538758
10.540000000000001,0.9459774521151879,0.3241965979291773,0.0048193340637267545,0.0,0.0,0.18849555921538758
10.56,0.9447485404129913,0.3277605366829848,0.0048193340637267545,0.0,0.0,0.18849555921538758
10.58,0.9435062017428294,0.33131981723406634,0.0048193340637267545,0.0,0.0,0.18849555921538758
10.6,0.9422504537610845,0.3348743889971668,0.0048193340637267545,0.0,0.0,0.18849555921538758
10.620000000000001,0.9409813143147153,0.3384242014539537,0.0048193340637267545,0.0,0.0,0.18849555921538758
10.64,0.9396988014410029,0.34196920415373383,0.0048193340637267545,0.0,0.0,0.18849555921538758
10.66,0.9384029333672937,0.34550934671417227,0.0048193340637267545,0.0,0.0,0.18849555921538758
10.68,0.9370937285107415,0.3490445788220072,0.0048193340637267545,0.0,0.0,0.18849555921538758
10.700000000000001,0.935771205478045,0.3525748502337655,0.0048193340637267545,0.0,0.0,0.18849555921538758
10.72,0.9344353830651844,0.35610011077647513,0.0048193340637267545,0.0,0.0,0.18849555921538758
10.74,0.9330862802571527,0.3596203103483813,0.0048193340637267545,0.0,0.0,0.18849555921538758
10.76,0.9317239162276872,0.3631353989196559,0.0048193340637267545,0.0,0.0,0.18849555921538758
10.78,0.9303483103389961,0.36664532653310977,0.0048193340637267545,0.0,0.0,0.18849555921538758
10.8,0.9289594821414842,0.37015004330490264,0.0048193340637267545,0.0,0.0,0.18849555921538758
10.82,0.9275574513734746,0.3736494994252506,0.0048193340637267545,0.0,0.0,0.18849555921538758
10.84,0.9261422379609274,0.3771436451591365,0.0048193340637267545,0.0,0.0,0.18849555921538758
10.86,0.9247138620171583,0.3806324308470155,0.0048193340637267545,0.0,0.0,0.18849555921538758
10.88,0.9232723438425507,0.38411580690552044,0.0048193340637267545,0.0,0.0,0.18849555921538758
10.9,0.921817703924269,0.3875937238281666,0.0048193340637267545,0.0,0.0,0.18849555921538758
10.92,0.9203499629359663,0.39106613218605646,0.0048193340637267545,0.0,0.0,0.18849555921538758
10.94,0.9188691417374908,0.3945329826285809,0.0048193340637267545,0.0,0.0,0.18849555921538758
10.96,0.9173752613745894,0.39799422588412176,0.0048193340637267545,0.0,0.0,0.18849555921538758
10.98,0.9158683430786088,0.40144981276075004,0.0048193340637267545,0.0,0.0,0.18849555921538758
11.0,0.9143484082661936,0.4048996941469277,0.0048193340637267545,0.0,0.0,0.18849555921538758
11.02,0.912815478538982,0.40834382101220396,0.0048193340637267545,0.0,0.0,0.18849555921538758
11.040000000000001,0.9112695756832985,0.41178214440791294,0.0048193340637267545,0.0,0.0,0.18849555921538758
11.06,0.9097107216698442,0.41521461546786753,0.0048193340637267545,0.0,0.0,0.18849555921538758
11.08,0.9081389386533857,0.41864118540905637,0.0048193340637267545,0.0,0.0,0.18849555921538758
11.1,0.9065542489724383,0.42206180553233624,0.0048193340637267545,0.0,0.0,0.18849555921538758
11.120000000000001,0.9049566751489507,0.4254764272231237,0.0048193340637267545,0.0,0.0,0.18849555921538758
11.14,0.9033462398879828,0.42888500195208573,0.0048193340637267545,0.0,0.0,0.18849555921538758
11.16,0.9017229660773842,0.43228748127583083,0.0048193340637267545,0.0,0.0,0.18849555921538758
11.18,0.9000868767874695,0.43568381683759627,0.0048193340637267545,0.0,0.0,0.18849555921538758
11.200000000000001,0.8984379952706881,0.43907396036793644,0.0048193340637267545,0.0,0.0,0.18849555921538758
11.22,0.896776344961297,0.44245786368540685,0.0048193340637267545,0.0,0.0,0.18849555921538758
11.24,0.8951019494750246,0.4458354786972514,0.0048193340637267545,0.0,0.0,0.18849555921538758
11.26,0.8934148326087377,0.4492067574000847,0.0048193340637267545,0.0,0.0,0.18849555921538758
11.28,0.8917150183401007,0.4525716518805736,0.0048193340637267545,0.0,0.0,0.18849555921538758
11.3,0.8900025308272369,0.4559301143161199,0.0048193340637267545,0.0,0.0,0.18849555921538758
11.32,0.8882773944083848,0.4592820969755379,0.0048193340637267545,0.0,0.0,0.18849555921538758
11.34,0.8865396336015519,0.4626275522197344,0.0048193340637267545,0.0,0.0,0.18849555921538758
11.36,0.8847892731041648,0.4659664325023854,0.0048193340637267545,0.0,0.0,0.18849555921538758
11.38,0.8830263377927212,0.4692986903706115,0.0048193340637267545,0.0,0.0,0.18849555921538758
11.4,0.8812508527224343,0.4726242784656521,0.0048193340637267545,0.0,0.0,0.18849555921538758
11.42,0.8794628431268771,0.4759431495235395,0.0048193340637267545,0.0,0.0,0.18849555921538758
11.44,0.8776623344176232,0.47925525637576916,0.0048193340637267545,0.0,0.0,0.18849555921538758
11.46,0.8758493521838868,0.48256055194997216,0.0048193340637267545,0.0,0.0,0.18849555921538758
11.48,0.8740239221921585,0.4858589892705813,0.0048193340637267545,0.0,0.0,0.18849555921538758
11.5,0.8721860703858395,0.4891505214595016,0.0048193340637267545,0.0,0.0,0.18849555921538758
11.52,0.8703358228848721,0.4924351017367747,0.0048193340637267545,0.0,0.0,0.18849555921538758
11.540000000000001,0.8684732059853684,0.49571268342124464,0.0048193340637267545,0.0,0.0,0.18849555921538758
11.56,0.8665982461592378,0.4989832199312202,0.0048193340637267545,0.0,0.0,0.18849555921538758
11.58,0.8647109700538093,0.5022466647851387,0.0048193340637267545,0.0,0.0,0.18849555921538758
11.6,0.8628114044914541,0.5055029716022251,0.0048193340637267545,0.0,0.0,0.18849555921538758
11.620000000000001,0.8608995764692032,0.5087520941031516,0.0048193340637267545,0.0,0.0,0.18849555921538758
11.64,0.8589755131583651,0.511993986110695,0.0048193340637267545,0.0,0.0,0.18849555921538758
11.66,0.8570392419041378,0.5152286015503946,0.0048193340637267545,0.0,0.0,0.18849555921538758
11.68,0.8550907902252227,0.5184558944512049,0.0048193340637267545,0.0,0.0,0.18849555921538758
11.700000000000001,0.8531301858134304,0.5216758189461503,0.0048193340637267545,0.0,0.0,0.18849555921538758
11.72,0.8511574565332896,0.5248883292729761,0.0048193340637267545,0.0,0.0,0.18849555921538758
11.74,0.8491726304216496,0.5280933797748,0.0048193340637267545,0.0,0.0,0.18849555921538758
11.76,0.8471757356872837,0.5312909249007596,0.0048193340637267545,0.0,0.0,0.18849555921538758
11.78,0.8451668007104853,0.5344809192066611,0.0048193340637267545,0.0,0.0,0.18849555921538758
11.8,0.8431458540426677,0.5376633173556248,0.0048193340637267545,0.0,0.0,0.18849555921538758
11.82,0.8411129244059566,0.5408380741187276,0.0048193340637267545,0.0,0.0,0.18849555921538758
11.84,0.8390680406927816,0.5440051443756496,0.0048193340637267545,0.0,0.0,0.18849555921538758
11.86,0.837011231965467,0.5471644831153114,0.0048193340637267545,0.0,0.0,0.18849555921538758
11.88,0.8349425274558172,0.5503160454365174,0.0048193340637267545,0.0,0.0,0.18849555921538758
11.9,0.8328619565647025,0.55345978654859,0.0048193340637267545,0.0,0.0,0.18849555921538758
11.92,0.8307695488616409,0.5565956617720091,0.0048193340637267545,0.0,0.0,0.18849555921538758
11.94,0.8286653340843773,0.5597236265390474,0.0048193340637267545,0.0,0.0,0.18849555921538758
11.96,0.8265493421384608,0.5628436363944015,0.0048193340637267545,0.0,0.0,0.18849555921538758
11.98,0.8244216030968214,0.5659556469958248,0.0048193340637267545,0.0,0.0,0.18849555921538758
12.0,0.8222821471993405,0.5690596141147585,0.0048193340637267545,0.0,0.0,0.18849555921538758
12.02,0.8201310048524219,0.572155493636959,0.0048193340637267545,0.0,0.0,0.18849555921538758
12.040000000000001,0.8179682066285597,0.575243241563126,0.0048193340637267545,0.0,0.0,0.18849555921538758
12.06,0.815793783265905,0.578322814009526,0.0048193340637267545,0.0,0.0,0.18849555921538758
12.08,0.8136077656678261,0.5813941672086185,0.0048193340637267545,0.0,0.0,0.18849555921538758
12.1,0.8114101849024721,0.5844572575096756,0.0048193340637267545,0.0,0.0,0.18849555921538758
12.120000000000001,0.8092010722023295,0.5875120413794048,0.0048193340637267545,0.0,0.0,0.18849555921538758
12.14,0.8069804589637801,0.5905584754025648,0.0048193340637267545,0.0,0.0,0.18849555921538758
12.16,0.8047483767466536,0.5935965162825851,0.0048193340637267545,0.0,0.0,0.18849555921538758
12.18,0.8025048572737786,0.5966261208421799,0.0048193340637267545,0.0,0.0,0.18849555921538758
12.200000000000001,0.800249932430533,0.5996472460239626,0.0048193340637267545,0.0,0.0,0.18849555921538758
12.22,0.7979836342643899,0.6026598488910567,0.0048193340637267545,0.0,0.0,0.18849555921538758
12.24,0.7957059949844628,0.6056638866277075,0.0048193340637267545,0.0,0.0,0.18849555921538758
12.26,0.7934170469610479,0.6086593165398893,0.0048193340637267545,0.0,0.0,0.18849555921538758
12.280000000000001,0.7911168227251627,0.6116460960559125,0.0048193340637267545,0.0,0.0,0.18849555921538758
12.3,0.7888053549680855,0.6146241827270285,0.0048193340637267545,0.0,0.0,0.18849555921538758
12.32,0.7864826765408894,0.6175935342280343,0.0048193340637267545,0.0,0.0,0.18849555921538758
12.34,0.7841488204539759,0.620554108357872,0.0048193340637267545,0.0,0.0,0.18849555921538758
12.36,0.7818038198766064,0.6235058630402299,0.0048193340637267545,0.0,0.0,0.18849555921538758
12.38,0.779447708136429,0.626448756324141,0.0048193340637267545,0.0,0.0,0.18849555921538758
12.4,0.777080518719008,0.6293827463845767,0.0048193340637267545,0.0,0.0,0.18849555921538758
12.42,0.7747022852673437,0.6323077915230443,0.0048193340637267545,0.0,0.0,0.18849555921538758
12.44,0.7723130415813984,0.6352238501681776,0.0048193340637267545,0.0,0.0,0.18849555921538758
12.46,0.7699128216176129,0.6381308808763292,0.0048193340637267545,0.0,0.0,0.18849555921538758
12.48,0.7675016594884263,0.641028842332157,0.0048193340637267545,0.0,0.0,0.18849555921538758
12.5,0.7650795894617897,0.6439176933492147,0.0048193340637267545,0.0,0.0,0.18849555921538758
12.52,0.7626466459606789,0.6467973928705345,0.0048193340637267545,0.0,0.0,0.18849555921538758
12.540000000000001,0.7602028635626064,0.6496678999692123,0.0048193340637267545,0.0,0.0,0.18849555921538758
12.56,0.7577482769991299,0.652529173848988,0.0048193340637267545,0.0,0.0,0.18849555921538758
12.58,0.7552829211553577,0.6553811738448269,0.0048193340637267545,0.0,0.0,0.18849555921538758
12.6,0.7528068310694528,0.6582238594234955,0.0048193340637267545,0.0,0.0,0.18849555921538758
12.620000000000001,0.7503200419321366,0.6610571901841401,0.0048193340637267545,0.0,0.0,0.18849555921538758
12.64,0.7478225890861869,0.6638811258588586,0.0048193340637267545,0.0,0.0,0.18849555921538758
12.66,0.7453145080259374,0.6666956263132741,0.0048193340637267545,0.0,0.0,0.18849555921538758
12.68,0.742795834396771,0.669500651547105,0.0048193340637267545,0.0,0.0,0.18849555921538758
12.700000000000001,0.7402666039946153,0.6722961616947348,0.0048193340637267545,0.0,0.0,0.18849555921538758
12.72,0.737726852765433,0.6750821170257758,0.0048193340637267545,0.0,0.0,0.18849555921538758
12.74,0.7351766168047108,0.6778584779456354,0.0048193340637267545,0.0,0.0,0.18849555921538758
12.76,0.7326159323569462,0.6806252049960801,0.0048193340637267545,0.0,0.0,0.18849555921538758
12.780000000000001,0.7300448358151334,0.6833822588557947,0.0048193340637267545,0.0,0.0,0.18849555921538758
12.8,0.7274633637202458,0.6861296003409407,0.0048193340637267545,0.0,0.0,0.18849555921538758
12.82,0.7248715527607158,0.6888671904057141,0.0048193340637267545,0.0,0.0,0.18849555921538758
12.84,0.722269439771914,0.691594990142901,0.0048193340637267545,0.0,0.0,0.18849555921538758
12.86,0.7196570617356259,0.6943129607844288,0.0048193340637267545,0.0,0.0,0.18849555921538758
12.88,0.7170344557795254,0.6970210637019184,0.0048193340637267545,0.0,0.0,0.18849555921538758
12.9,0.7144016591766491,0.699719260407233,0.0048193340637267545,0.0,0.0,0.18849555921538758
12.92,0.7117587093448641,0.7024075125530248,0.0048193340637267545,0.0,0.0,0.18849555921538758
12.94,0.7091056438463376,0.7050857819332805,0.0048193340637267545,0.0,0.0,0.18849555921538758
12.96,0.7064425003870027,0.7077540304838641,0.0048193340637267545,0.0,0.0,0.18849555921538758
12.98,0.7037693168160234,0.710412220283057,0.0048193340637267545,0.0,0.0,0.18849555921538758
13.0,0.7010861311252546,0.7130603135520982,0.0048193340637267545,0.0,0.0,0.18849555921538758
13.02,0.698392981448705,0.7156982726557215,0.0048193340637267545,0.0,0.0,0.18849555921538758
13.040000000000001,0.6956899060619922,0.7183260601026883,0.0048193340637267545,0.0,0.0,0.18849555921538758
13.06,0.6929769433818013,0.7209436385463223,0.0048193340637267545,0.0,0.0,0.18849555921538758
13.08,0.6902541319653366,0.7235509707850398,0.0048193340637267545,0.0,0.0,0.18849555921538758
13.1,0.6875215105097757,0.7261480197628791,0.0048193340637267545,0.0,0.0,0.18849555921538758
13.120000000000001,0.6847791178517177,0.7287347485700251,0.0048193340637267545,0.0,0.0,0.18849555921538758
13.14,0.6820269929666329,0.7313111204433355,0.0048193340637267545,0.0,0.0,0.18849555921538758
13.16,0.6792651749683077,0.7338770987668632,0.0048193340637267545,0.0,0.0,0.18849555921538758
13.18,0.676493703108289,0.7364326470723767,0.0048193340637267545,0.0,0.0,0.18849555921538758
13.200000000000001,0.6737126167753267,0.738977729039878,0.0048193340637267545,0.0,0.0,0.18849555921538758
13.22,0.6709219554948139,0.7415123084981187,0.0048193340637267545,0.0,0.0,0.18849555921538758
13.24,0.668121758928224,0.7440363494251138,0.0048193340637267545,0.0,0.0,0.18849555921538758
13.26,0.6653120668725487,0.7465498159486552,0.0048193340637267545,0.0,0.0,0.18849555921538758
13.280000000000001,0.6624929192597314,0.7490526723468203,0.0048193340637267545,0.0,0.0,0.18849555921538758
13.3,0.6596643561561,0.7515448830484789,0.0048193340637267545,0.0,0.0,0.18849555921538758
13.32,0.6568264177617968,0.7540264126338009,0.0048193340637267545,0.0,0.0,0.18849555921538758
13.34,0.6539791444102088,0.7564972258347578,0.0048193340637267545,0.0,0.0,0.18849555921538758
13.36,0.6511225765673924,0.758957287535625,0.0048193340637267545,0.0,0.0,0.18849555921538758
13.38,0.6482567548314992,0.7614065627734807,0.0048193340637267545,0.0,0.0,0.18849555921538758
13.4,0.6453817199322007,0.7638450167387016,0.0048193340637267545,0.0,0.0,0.18849555921538758
13.42,0.6424975127301061,0.7662726147754597,0.0048193340637267545,0.0,0.0,0.18849555921538758
13.44,0.6396041742161839,0.7686893223822133,0.0048193340637267545,0.0,0.0,0.18849555921538758
13.46,0.6367017455111786,0.7710951052121984,0.0048193340637267545,0.0,0.0,0.18849555921538758
13.48,0.6337902678650271,0.7734899290739149,0.0048193340637267545,0.0,0.0,0.18849555921538758
13.5,0.6308697826562712,0.7758737599316152,0.0048193340637267545,0.0,0.0,0.18849555921538758
13.52,0.6279403313914703,0.7782465639057863,0.0048193340637267545,0.0,0.0,0.18849555921538758
13.540000000000001,0.6250019557046107,0.7806083072736315,0.0048193340637267545,0.0,0.0,0.18849555921538758
13.56,0.6220546973565154,0.7829589564695498,0.0048193340637267545,0.0,0.0,0.18849555921538758
13.58,0.6190985982342495,0.7852984780856129,0.0048193340637267545,0.0,0.0,0.18849555921538758
13.6,0.6161337003505251,0.7876268388720397,0.0048193340637267545,0.0,0.0,0.18849555921538758
13.620000000000001,0.6131600458431027,0.7899440057376702,0.0048193340637267545,0.0,0.0,0.18849555921538758
13.64,0.6101776769741962,0.792249945750434,0.0048193340637267545,0.0,0.0,0.18849555921538758
13.66,0.6071866361298686,0.794544626137819,0.0048193340637267545,0.0,0.0,0.18849555921538758
13.68,0.6041869658194305,0.7968280142873381,0.0048193340637267545,0.0,0.0,0.18849555921538758
13.700000000000001,0.6011787086748374,0.7991000777469912,0.0048193340637267545,0.0,0.0,0.18849555921538758
13.72,0.5981619074500815,0.8013607842257273,0.0048193340637267545,0.0,0.0,0.18849555921538758
13.74,0.5951366050205862,0.8036101015939033,0.0048193340637267545,0.0,0.0,0.18849555921538758
13.76,0.5921028443825955,0.8058479978837401,0.0048193340637267545,0.0,0.0,0.18849555921538758
13.780000000000001,0.5890606686525629,0.8080744412897785,0.0048193340637267545,0.0,0.0,0.18849555921538758
13.8,0.5860101210665402,0.8102894001693288,0.0048193340637267545,0.0,0.0,0.18849555921538758
13.82,0.5829512449795606,0.812492843042923,0.0048193340637267545,0.0,0.0,0.18849555921538758
13.84,0.5798840838650245,0.8146847385947604,0.0048193340637267545,0.0,0.0,0.18849555921538758
13.86,0.57680868131408,0.8168650556731533,0.0048193340637267545,0.0,0.0,0.18849555921538758
13.88,0.5737250810350051,0.8190337632909701,0.0048193340637267545,0.0,0.0,0.18849555921538758
13.9,0.5706333268525849,0.8211908306260748,0.0048193340637267545,0.0,0.0,0.18849555921538758
13.92,0.5675334627074904,0.8233362270217661,0.0048193340637267545,0.0,0.0,0.18849555921538758
13.94,0.5644255326556523,0.8254699219872124,0.0048193340637267545,0.0,0.0,0.18849555921538758
13.96,0.5613095808676363,0.8275918851978852,0.0048193340637267545,0.0,0.0,0.18849555921538758
13.98,0.5581856516280145,0.8297020864959903,0.0048193340637267545,0.0,0.0,0.18849555921538758
14.0,0.5550537893347366,0.8318004958908961,0.0048193340637267545,0.0,0.0,0.18849555921538758
14.02,0.5519140384984976,0.8338870835595606,0.0048193340637267545,0.0,0.0,0.18849555921538758
14.040000000000001,0.5487664437421066,0.8359618198469547,0.0048193340637267545,0.0,0.0,0.18849555921538758
14.06,0.5456110497998528,0.8380246752664826,0.0048193340637267545,0.0,0.0,0.18849555921538758
14.08,0.5424479015168683,0.8400756205004027,0.0048193340637267545,0.0,0.0,0.18849555921538758
14.1,0.5392770438484921,0.8421146264002437,0.0048193340637267545,0.0,0.0,0.18849555921538758
14.120000000000001,0.53609852185963,0.8441416639872186,0.0048193340637267545,0.0,0.0,0.18849555921538758
14.14,0.5329123807241152,0.8461567044526359,0.0048193340637267545,0.0,0.0,0.18849555921538758
14.16,0.5297186657240665,0.8481597191583108,0.0048193340637267545,0.0,0.0,0.18849555921538758
14.18,0.5265174222492427,0.8501506796369701,0.0048193340637267545,0.0,0.0,0.18849555921538758
14.200000000000001,0.5233086957963992,0.8521295575926591,0.0048193340637267545,0.0,0.0,0.18849555921538758
14.22,0.5200925319686419,0.8540963249011414,0.0048193340637267545,0.0,0.0,0.18849555921538758
14.24,0.5168689764747781,0.8560509536102999,0.0048193340637267545,0.0,0.0,0.18849555921538758
14.26,0.5136380751286664,0.8579934159405346,0.0048193340637267545,0.0,0.0,0.18849555921538758
14.280000000000001,0.510399873848566,0.8599236842851559,0.0048193340637267545,0.0,0.0,0.18849555921538758
14.3,0.5071544186564858,0.8618417312107777,0.0048193340637267545,0.0,0.0,0.18849555921538758
14.32,0.5039017556775276,0.8637475294577077,0.0048193340637267545,0.0,0.0,0.18849555921538758
14.34,0.5006419311392318,0.8656410519403344,0.0048193340637267545,0.0,0.0,0.18849555921538758
14.36,0.49737499137092134,0.867522271747512,0.0048193340637267545,0.0,0.0,0.18849555921538758
14.38,0.49410098280304093,0.8693911621429428,0.0048193340637267545,0.0,0.0,0.18849555921538758
14.4,0.49081995196649986,0.8712476965655581,0.0048193340637267545,0.0,0.0,0.18849555921538758
14.42,0.48753194549200884,0.8730918486298939,0.0048193340637267545,0.0,0.0,0.18849555921538758
14.44,0.48423701010941805,0.874923592126467,0.0048193340637267545,0.0,0.0,0.18849555921538758
14.46,0.4809351926470519,0.8767429010221478,0.0048193340637267545,0.0,0.0,0.18849555921538758
14.48,0.47762654003104604,0.87854974946053,0.0048193340637267545,0.0,0.0,0.18849555921538758
14.5,0.47431109928467735,0.880344111762298,0.0048193340637267545,0.0,0.0,0.18849555921538758
14.52,0.47098891752769784,0.8821259624255913,0.0048193340637267545,0.0,0.0,0.18849555921538758
14.540000000000001,0.4676600419756634,0.8838952761263682,0.0048193340637267545,0.0,0.0,0.18849555921538758
14.56,0.46432451993926477,0.8856520277187645,0.0048193340637267545,0.0,0.0,0.18849555921538758
14.58,0.46098239882365305,0.8873961922354513,0.0048193340637267545,0.0,0.0,0.18849555921538758
14.6,0.45763372612776726,0.8891277448879906,0.0048193340637267545,0.0,0.0,0.18849555921538758
14.620000000000001,0.4542785494436581,0.8908466610671859,0.0048193340637267545,0.0,0.0,0.18849555921538758
14.64,0.45091691645581355,0.8925529163434336,0.0048193340637267545,0.0,0.0,0.18849555921538758
14.66,0.4475488749404793,0.8942464864670694,0.0048193340637267545,0.0,0.0,0.18849555921538758
14.68,0.44417447276498023,0.8959273473687133,0.0048193340637267545,0.0,0.0,0.18849555921538758
14.700000000000001,0.44079375788704034,0.8975954751596111,0.0048193340637267545,0.0,0.0,0.18849555921538758
14.72,0.43740677835410197,0.8992508461319748,0.0048193340637267545,0.0,0.0,0.18849555921538758
14.74,0.434013582302641,0.900893436759318,0.0048193340637267545,0.0,0.0,0.18849555921538758
14.76,0.4306142179574841,0.9025232236967928,0.0048193340637267545,0.0,0.0,0.18849555921538758
14.780000000000001,0.42720873363112305,0.9041401837815191,0.0048193340637267545,0.0,0.0,0.18849555921538758
14.8,0.42379717772302855,0.9057442940329147,0.0048193340637267545,0.0,0.0,0.18849555921538758
14.82,0.42037959871896124,0.907335531653022,0.0048193340637267545,0.0,0.0,0.18849555921538758
14.84,0.4169560451902838,0.9089138740268324,0.0048193340637267545,0.0,0.0,0.18849555921538758
14.86,0.41352656579326974,0.9104792987226078,0.0048193340637267545,0.0,0.0,0.18849555921538758
14.88,0.41009120926841214,0.9120317834921975,0.0048193340637267545,0.0,0.0,0.18849555921538758
14.9,0.406650024439732,0.9135713062713563,0.0048193340637267545,0.0,0.0,0.18849555921538758
14.92,0.40320306021408275,0.9150978451800583,0.0048193340637267545,0.0,0.0,0.18849555921538758
14.94,0.3997503655804557,0.9166113785228062,0.0048193340637267545,0.0,0.0,0.18849555921538758
14.96,0.39629198960928397,0.9181118847889411,0.0048193340637267545,0.0,0.0,0.18849555921538758
14.98,0.39282798145174563,0.9195993426529478,0.0048193340637267545,0.0,0.0,0.18849555921538758
15.0,0.38935839033906416,0.9210737309747573,0.0048193340637267545,0.0,0.0,0.18849555921538758
15.02,0.3858832655818091,0.9225350288000482,0.0048193340637267545,0.0,0.0,0.18849555921538758
15.040000000000001,0.3824026565691951,0.9239832153605437,0.0048193340637267545,0.0,0.0,0.18849555921538758
15.06,0.37891661276838146,0.9254182700743072,0.0048193340637267545,0.0,0.0,0.18849555921538758
15.08,0.3754251837237662,0.9268401725460348,0.0048193340637267545,0.0,0.0,0.18849555921538758
15.1,0.3719284190562847,0.9282489025673446,0.0048193340637267545,0.0,0.0,0.18849555921538758
15.120000000000001,0.3684263684627026,0.929644440117065,0.0048193340637267545,0.0,0.0,0.18849555921538758
15.14,0.3649190817149113,0.9310267653615187,0.0048193340637267545,0.0,0.0,0.18849555921538758
15.16,0.3614066086592185,0.9323958586548043,0.0048193340637267545,0.0,0.0,0.18849555921538758
15.18,0.35788899921564127,0.9337517005390751,0.0048193340637267545,0.0,0.0,0.18849555921538758
15.200000000000001,0.35436630337719544,0.9350942717448167,0.0048193340637267545,0.0,0.0,0.18849555921538758
15.22,0.3508385712091873,0.9364235531911206,0.0048193340637267545,0.0,0.0,0.18849555921538758
15.24,0.34730585284849935,0.937739525985955,0.0048193340637267545,0.0,0.0,0.18849555921538758
15.26,0.343768198502879,0.939042171426434,0.0048193340637267545,0.0,0.0,0.18849555921538758
15.280000000000001,0.34022565845022484,0.9403314709990825,0.0048193340637267545,0.0,0.0,0.18849555921538758
15.3,0.33667828303787317,0.9416074063800991,0.0048193340637267545,0.0,0.0,0.18849555921538758
15.32,0.33312612268188047,0.9428699594356178,0.0048193340637267545,0.0,0.0,0.18849555921538758
15.34,0.32956922786630793,0.9441191122219657,0.0048193340637267545,0.0,0.0,0.18849555921538758
15.36,0.32600764914250413,0.9453548469859163,0.0048193340637267545,0.0,0.0,0.18849555921538758
15.38,0.32244143712838613,0.9465771461649435,0.0048193340637267545,0.0,0.0,0.18849555921538758
15.4,0.31887064250772096,0.9477859923874696,0.0048193340637267545,0.0,0.0,0.18849555921538758
15.42,0.315295316029404,0.9489813684731145,0.0048193340637267545,0.0,0.0,0.18849555921538758
15.44,0.3117155085067385,0.9501632574329381,0.0048193340637267545,0.0,0.0,0.18849555921538758
15.46,0.3081312708167128,0.9513316424696827,0.0048193340637267545,0.0,0.0,0.18849555921538758
15.48,0.3045426538992788,0.9524865069780101,0.0048193340637267545,0.0,0.0,0.18849555921538758
15.5,0.3009497087566263,0.9536278345447393,0.0048193340637267545,0.0,0.0,0.18849555921538758
15.52,0.29735248645245854,0.9547556089490795,0.0048193340637267545,0.0,0.0,0.18849555921538758
15.540000000000001,0.29375103811126657,0.9558698141628598,0.0048193340637267545,0.0,0.0,0.18849555921538758
15.56,0.290145414917604,0.956970434350758,0.0048193340637267545,0.0,0.0,0.18849555921538758
15.58,0.2865356681153571,0.958057453870525,0.0048193340637267545,0.0,0.0,0.18849555921538758
15.6,0.2829218490070181,0.9591308572732072,0.0048193340637267545,0.0,0.0,0.18849555921538758
15.620000000000001,0.27930400895295515,0.9601906293033665,0.0048193340637267545,0.0,0.0,0.18849555921538758
15.64,0.27568219937068444,0.961236754899296,0.0048193340637267545,0.0,0.0,0.18849555921538758
15.66,0.2720564717341368,0.962269219193236,0.0048193340637267545,0.0,0.0,0.18849555921538758
15.68,0.26842687757292727,0.9632880075115834,0.0048193340637267545,0.0,0.0,0.18849555921538758
15.700000000000001,0.26479346847162283,0.9642931053751008,0.0048193340637267545,0.0,0.0,0.18849555921538758
15.72,0.2611562960690099,0.965284498499123,0.0048193340637267545,0.0,0.0,0.18849555921538758
15.74,0.257515412057359,0.966262172793759,0.0048193340637267545,0.0,0.0,0.18849555921538758
15.76,0.2538708681816911,0.9672261143640934,0.0048193340637267545,0.0,0.0,0.18849555921538758
15.780000000000001,0.2502227162390414,0.9681763095103826,0.0048193340637267545,0.0,0.0,0.18849555921538758
15.8,0.24657100807772508,0.9691127447282503,0.0048193340637267545,0.0,0.0,0.18849555921538758
15.82,0.2429157955965977,0.9700354067088791,0.0048193340637267545,0.0,0.0,0.18849555921538758
15.84,0.23925713074431953,0.9709442823392,0.0048193340637267545,0.0,0.0,0.18849555921538758
15.860000000000001,0.23559506551861625,0.9718393587020788,0.0048193340637267545,0.0,0.0,0.18849555921538758
15.88,0.2319296519655413,0.9727206230764986,0.0048193340637267545,0.0,0.0,0.18849555921538758
15.9,0.22826094217873438,0.9735880629377425,0.0048193340637267545,0.0,0.0,0.18849555921538758
15.92,0.22458898829868235,0.9744416659575694,0.0048193340637267545,0.0,0.0,0.18849555921538758
15.94,0.2209138425119777,0.9752814200043918,0.0048193340637267545,0.0,0.0,0.18849555921538758
15.96,0.2172355570505767,0.976107313143445,0.0048193340637267545,0.0,0.0,0.18849555921538758
15.98,0.2135541841910583,0.9769193336369595,0.0048193340637267545,0.0,0.0,0.18849555921538758
16.0,0.20986977625387918,0.977717469944327,0.0048193340637267545,0.0,0.0,0.18849555921538758
16.02,0.20618238560263163,0.9785017107222639,0.0048193340637267545,0.0,0.0,0.18849555921538758
16.04,0.20249206464329886,0.9792720448249728,0.0048193340637267545,0.0,0.0,0.18849555921538758
16.06,0.1987988658235102,0.9800284613043008,0.0048193340637267545,0.0,0.0,0.18849555921538758
16.080000000000002,0.1951028416317952,0.9807709494098956,0.0048193340637267545,0.0,0.0,0.18849555921538758
16.1,0.19140404459684007,0.9814994985893573,0.0048193340637267545,0.0,0.0,0.18849555921538758
16.12,0.18770252728673742,0.9822140984883896,0.0048193340637267545,0.0,0.0,0.18849555921538758
16.14,0.1839983423082415,0.9829147389509467,0.0048193340637267545,0.0,0.0,0.18849555921538758
16.16,0.18029154230602012,0.9836014100193764,0.0048193340637267545,0.0,0.0,0.18849555921538758
16.18,0.17658217996190625,0.9842741019345627,0.0048193340637267545,0.0,0.0,0.18849555921538758
16.2,0.17287030799414957,0.9849328051360645,0.0048193340637267545,0.0,0.0,0.18849555921538758
16.22,0.16915597915666683,0.9855775102622513,0.0048193340637267545,0.0,0.0,0.18849555921538758
16.240000000000002,0.16543924623829206,0.9862082081504363,0.0048193340637267545,0.0,0.0,0.18849555921538758
16.26,0.16172016206202816,0.9868248898370066,0.0048193340637267545,0.0,0.0,0.18849555921538758
16.28,0.15799877948429297,0.9874275465575498,0.0048193340637267545,0.0,0.0,0.18849555921538758
16.3,0.15427515139417022,0.9880161697469807,0.0048193340637267545,0.0,0.0,0.18849555921538758
16.32,0.15054933071265725,0.9885907510396604,0.0048193340637267545,0.0,0.0,0.18849555921538758
16.34,0.14682137039191318,0.9891512822695168,0.0048193340637267545,0.0,0.0,0.18849555921538758
16.36,0.14309132341450595,0.9896977554701605,0.0048193340637267545,0.0,0.0,0.18849555921538758
16.38,0.13935924279265954,0.9902301628749981,0.0048193340637267545,0.0,0.0,0.18849555921538758
16.4,0.13562518156750067,0.9907484969173413,0.0048193340637267545,0.0,0.0,0.18849555921538758
16.42,0.1318891928083039,0.9912527502305164,0.0048193340637267545,0.0,0.0,0.18849555921538758
16.44,0.12815132961174075,0.9917429156479675,0.0048193340637267545,0.0,0.0,0.18849555921538758
16.46,0.12441164510112011,0.9922189862033589,0.0048193340637267545,0.0,0.0,0.18849555921538758
16.48,0.12067019242563672,0.9926809551306746,0.0048193340637267545,0.0,0.0,0.18849555921538758
16.5,0.1169270247596148,0.9931288158643131,0.0048193340637267545,0.0,0.0,0.18849555921538758
16.52,0.11318219530175251,0.993562562039182,0.0048193340637267545,0.0,0.0,0.18849555921538758
16.54,0.10943575727436558,0.9939821874907888,0.0048193340637267545,0.0,0.0,0.18849555921538758
16.56,0.10568776392263117,0.9943876862553265,0.0048193340637267545,0.0,0.0,0.18849555921538758
16.580000000000002,0.10193826851383035,0.9947790525697601,0.0048193340637267545,0.0,0.0,0.18849555921538758
16.6,0.09818732433659369,0.9951562808719078,0.0048193340637267545,0.0,0.0,0.18849555921538758
16.62,0.09443498470014003,0.9955193658005208,0.0048193340637267545,0.0,0.0,0.18849555921538758
16.64,0.09068130293352146,0.9958683021953586,0.0048193340637267545,0.0,0.0,0.18849555921538758
16.66,0.08692633238486466,0.9962030850972624,0.0048193340637267545,0.0,0.0,0.18849555921538758
16.68,0.08317012642061276,0.9965237097482258,0.0048193340637267545,0.0,0.0,0.18849555921538758
16.7,0.07941273842476695,0.9968301715914634,0.0048193340637267545,0.0,0.0,0.18849555921538758
16.72,0.07565422179812761,0.997122466271474,0.0048193340637267545,0.0,0.0,0.18849555921538758
16.740000000000002,0.07189462995753479,0.9974005896341029,0.0048193340637267545,0.0,0.0,0.18849555921538758
16.76,0.06813401633511183,0.9976645377266016,0.0048193340637267545,0.0,0.0,0.18849555921538758
16.78,0.06437243437750173,0.9979143067976832,0.0048193340637267545,0.0,0.0,0.18849555921538758
16.8,0.06060993754511038,0.9981498932975769,0.0048193340637267545,0.0,0.0,0.18849555921538758
16.82,0.056846579311346145,0.9983712938780764,0.0048193340637267545,0.0,0.0,0.18849555921538758
16.84,0.05308241316185967,0.9985785053925904,0.0048193340637267545,0.0,0.0,0.18849555921538758
16.86,0.04931749259378396,0.9987715248961838,0.0048193340637267545,0.0,0.0,0.18849555921538758
16.88,0.045551871114973955,0.9989503496456221,0.0048193340637267545,0.0,0.0,0.18849555921538758
16.9,0.04178560224324612,0.9991149770994103,0.0048193340637267545,0.0,0.0,0.18849555921538758
16.92,0.038018739505617065,0.9992654049178274,0.0048193340637267545,0.0,0.0,0.18849555921538758
16.94,0.034251336437545646,0.9994016309629615,0.0048193340637267545,0.0,0.0,0.18849555921538758
16.96,0.03048344658216793,0.9995236532987389,0.0048193340637267545,0.0,0.0,0.18849555921538758
16.98,0.026715123489539007,0.999631470190952,0.0048193340637267545,0.0,0.0,0.18849555921538758
17.0,0.022946420715871232,0.999725080107284,0.0048193340637267545,0.0,0.0,0.18849555921538758
17.02,0.019177391822773057,0.9998044817173312,0.0048193340637267545,0.0,0.0,0.18849555921538758
17.04,0.015408090376487821,0.9998696738926206,0.0048193340637267545,0.0,0.0,0.18849555921538758
17.06,0.011638569947132452,0.9999206557066271,0.0048193340637267545,0.0,0.0,0.18849555921538758
17.080000000000002,0.007868884107935426,0.9999574264347867,0.0048193340637267545,0.0,0.0,0.18849555921538758
17.1,0.004099086434478076,0.9999799855545054,0.0048193340637267545,0.0,0.0,0.18849555921538758
17.12,0.0003292305039291444,0.9999883327451683,0.0048193340637267545,0.0,0.0,0.18849555921538758
17.14,-0.0034406301057140014,0.9999824678881435,0.0048193340637267545,0.0,0.0,0.18849555921538758
17.16,-0.007210441816387494,0.9999623910667835,0.0048193340637267545,0.0,0.0,0.18849555921538758
17.18,-0.01098015105072242,0.9999281025664244,0.0048193340637267545,0.0,0.0,0.18849555921538758
17.2,-0.014749704232806296,0.9998796028743819,0.0048193340637267545,0.0,0.0,0.18849555921538758
17.22,-0.018519047788944483,0.9998168926799438,0.0048193340637267545,0.0,0.0,0.18849555921538758
17.240000000000002,-0.02228812814842224,0.9997399728743603,0.0048193340637267545,0.0,0.0,0.18849555921538758
17.26,-0.02605689174426345,0.9996488445508329,0.0048193340637267545,0.0,0.0,0.18849555921538758
17.28,-0.029825285013995916,0.9995435090044962,0.0048193340637267545,0.0,0.0,0.18849555921538758
17.3,-0.03359325440040989,0.9994239677324018,0.0048193340637267545,0.0,0.0,0.18849555921538758
17.32,-0.03736074635232001,0.9992902224334957,0.0048193340637267545,0.0,0.0,0.18849555921538758
17.34,-0.041127707325326224,0.9991422750085944,0.0048193340637267545,0.0,0.0,0.18849555921538758
17.36,-0.044894083782574944,0.9989801275603587,0.0048193340637267545,0.0,0.0,0.18849555921538758
17.38,-0.048659822195519835,0.9988037823932627,0.0048193340637267545,0.0,0.0,0.18849555921538758
17.400000000000002,-0.05242486904468323,0.9986132420135614,0.0048193340637267545,0.0,0.0,0.18849555921538758
17.42,-0.0561891708204141,0.9984085091292554,0.0048193340637267545,0.0,0.0,0.18849555921538758
17.44,-0.0599526740236526,0.9981895866500521,0.0048193340637267545,0.0,0.0,0.18849555921538758
17.46,-0.06371532516668767,0.9979564776873247,0.0048193340637267545,0.0,0.0,0.18849555921538758
17.48,-0.06747707077391789,0.9977091855540674,0.0048193340637267545,0.0,0.0,0.18849555921538758
17.5,-0.07123785738261158,0.9974477137648488,0.0048193340637267545,0.0,0.0,0.18849555921538758
17.52,-0.07499763154366647,0.9971720660357617,0.0048193340637267545,0.0,0.0,0.18849555921538758
17.54,-0.07875633982236946,0.9968822462843706,0.0048193340637267545,0.0,0.0,0.18849555921538758
17.56,-0.082513928799156,0.9965782586296555,0.0048193340637267545,0.0,0.0,0.18849555921538758
17.580000000000002,-0.08627034507036999,0.9962601073919541,0.0048193340637267545,0.0,0.0,0.18849555921538758
17.6,-0.09002553524901998,0.9959277970928998,0.0048193340637267545,0.0,0.0,0.18849555921538758
17.62,-0.09377944596554212,0.9955813324553574,0.0048193340637267545,0.0,0.0,0.18849555921538758
17.64,-0.09753202386855576,0.9952207184033562,0.0048193340637267545,0.0,0.0,0.18849555921538758
17.66,-0.10128321562562258,0.9948459600620205,0.0048193340637267545,0.0,0.0,0.18849555921538758
17.68,-0.10503296792400439,0.9944570627574951,0.0048193340637267545,0.0,0.0,0.18849555921538758
17.7,-0.10878122747142101,0.9940540320168719,0.0048193340637267545,0.0,0.0,0.18849555921538758
17.72,-0.11252794099680742,0.9936368735681101,0.0048193340637267545,0.0,0.0,0.18849555921538758
17.740000000000002,-0.11627305525107177,0.9932055933399543,0.0048193340637267545,0.0,0.0,0.18849555921538758
17.76,-0.1200165170078493,0.9927601974618515,0.0048193340637267545,0.0,0.0,0.18849555921538758
17.78,-0.12375827306426296,0.9923006922638627,0.0048193340637267545,0.0,0.0,0.18849555921538758
17.8,-0.12749827024167676,0.9918270842765741,0.0048193340637267545,0.0,0.0,0.18849555921538758
17.82,-0.13123645538645237,0.9913393802310032,0.0048193340637267545,0.0,0.0,0.18849555921538758
17.84,-0.1349727753707043,0.9908375870585046,0.0048193340637267545,0.0,0.0,0.18849555921538758
17.86,-0.13870717709305522,0.9903217118906693,0.0048193340637267545,0.0,0.0,0.18849555921538758
17.88,-0.1424396074793906,0.9897917620592259,0.0048193340637267545,0.0,0.0,0.18849555921538758
17.900000000000002,-0.14617001348361355,0.9892477450959339,0.0048193340637267545,0.0,0.0,0.18849555921538758
17.92,-0.1498983420883962,0.9886896687324792,0.0048193340637267545,0.0,0.0,0.18849555921538758
17.94,-0.15362454030593695,0.9881175409003621,0.0048193340637267545,0.0,0.0,0.18849555921538758
17.96,-0.1573485551787113,0.9875313697307856,0.0048193340637267545,0.0,0.0,0.18849555921538758
17.98,-0.16107033378022462,0.986931163554539,0.0048193340637267545,0.0,0.0,0.18849555921538758
18.0,-0.16478982321576496,0.9863169309018809,0.0048193340637267545,0.0,0.0,0.18849555921538758
18.02,-0.1685069706231542,0.9856886805024172,0.0048193340637267545,0.0,0.0,0.18849555921538758
18.04,-0.17222172317349987,0.9850464212849764,0.0048193340637267545,0.0,0.0,0.18849555921538758
18.06,-0.17593402807194553,0.9843901623774839,0.0048193340637267545,0.0,0.0,0.18849555921538758
18.080000000000002,-0.17964383255842203,0.9837199131068308,0.0048193340637267545,0.0,0.0,0.18849555921538758
18.1,-0.1833510839083946,0.9830356829987433,0.0048193340637267545,0.0,0.0,0.18849555921538758
18.12,-0.1870557294336163,0.9823374817776459,0.0048193340637267545,0.0,0.0,0.18849555921538758
18.14,-0.1907577164828739,0.9816253193665234,0.0048193340637267545,0.0,0.0,0.18849555921538758
18.16,-0.194456992442737,0.9808992058867798,0.0048193340637267545,0.0,0.0,0.18849555921538758
18.18,-0.198153504738306,0.980159151658095,0.0048193340637267545,0.0,0.0,0.18849555921538758
18.2,-0.2018472008339588,0.9794051671982774,0.0048193340637267545,0.0,0.0,0.18849555921538758
18.22,-0.2055380282340979,0.9786372632231155,0.0048193340637267545,0.0,0.0,0.18849555921538758
18.240000000000002,-0.20922593448389695,0.9778554506462244,0.0048193340637267545,0.0,0.0,0.18849555921538758
18.26,-0.2129108671700436,0.9770597405788912,0.0048193340637267545,0.0,0.0,0.18849555921538758
18.28,-0.21659277392148837,0.9762501443299176,0.0048193340637267545,0.0,0.0,0.18849555921538758
18.3,-0.22027160241018656,0.9754266734054582,0.0048193340637267545,0.0,0.0,0.18849555921538758
18.32,-0.22394730035184215,0.9745893395088577,0.0048193340637267545,0.0,0.0,0.18849555921538758
18.34,-0.22761981550665117,0.973738154540484,0.0048193340637267545,0.0,0.0,0.18849555921538758
18.36,-0.2312890956800442,0.9728731305975595,0.0048193340637267545,0.0,0.0,0.18849555921538758
18.38,-0.23495508872342796,0.9719942799739901,0.0048193340637267545,0.0,0.0,0.18849555921538758
18.400000000000002,-0.23861774253492726,0.9711016151601873,0.0048193340637267545,0.0,0.0,0.18849555921538758
18.42,-0.24227700506012284,0.9701951488428946,0.0048193340637267545,0.0,0.0,0.18849555921538758
18.44,-0.24593282429279512,0.9692748939050049,0.0048193340637267545,0.0,0.0,0.18849555921538758
18.46,-0.24958514827566058,0.9683408634253777,0.0048193340637267545,0.0,0.0,0.18849555921538758
18.48,-0.2532339251011109,0.9673930706786537,0.0048193340637267545,0.0,0.0,0.18849555921538758
18.5,-0.256879102911951,0.9664315291350654,0.0048193340637267545,0.0,0.0,0.18849555921538758
18.52,-0.2605206299021355,0.9654562524602468,0.0048193340637267545,0.0,0.0,0.18849555921538758
18.54,-0.26415845431750523,0.9644672545150383,0.0048193340637267545,0.0,0.0,0.18849555921538758
18.56,-0.26779252445652285,0.9634645493552899,0.0048193340637267545,0.0,0.0,0.18849555921538758
18.580000000000002,-0.27142278867100866,0.9624481512316613,0.0048193340637267545,0.0,0.0,0.18849555921538758
18.6,-0.275049195366871,0.9614180745894195,0.0048193340637267545,0.0,0.0,0.18849555921538758
18.62,-0.2786716930048443,0.960374334068234,0.0048193340637267545,0.0,0.0,0.18849555921538758
18.64,-0.28229023010121873,0.9593169445019676,0.0048193340637267545,0.0,0.0,0.18849555921538758
18.66,-0.28590475522857256,0.9582459209184666,0.0048193340637267545,0.0,0.0,0.18849555921538758
18.68,-0.2895152170165029,0.9571612785393468,0.0048193340637267545,0.0,0.0,0.18849555921538758
18.7,-0.29312156415235585,0.9560630327797778,0.0048193340637267545,0.0,0.0,0.18849555921538758
18.72,-0.296723745381956,0.9549511992482622,0.0048193340637267545,0.0,0.0,0.18849555921538758
18.740000000000002,-0.3003217095103354,0.953825793746416,0.0048193340637267545,0.0,0.0,0.18849555921538758
18.76,-0.3039154054024584,0.9526868322687418,0.0048193340637267545,0.0,0.0,0.18849555921538758
18.78,-0.30750478198395226,0.9515343310024036,0.0048193340637267545,0.0,0.0,0.18849555921538758
18.8,-0.3110897882418308,0.950368306326996,0.0048193340637267545,0.0,0.0,0.18849555921538758
18.82,-0.31467037322521946,0.9491887748143097,0.0048193340637267545,0.0,0.0,0.18849555921538758
18.84,-0.31824648604607997,0.9479957532280993,0.0048193340637267545,0.0,0.0,0.18849555921538758
18.86,-0.3218180758799335,0.9467892585238418,0.0048193340637267545,0.0,0.0,0.18849555921538758
18.88,-0.3253850919665828,0.9455693078484979,0.0048193340637267545,0.0,0.0,0.18849555921538758
18.900000000000002,-0.32894748361083426,0.9443359185402667,0.0048193340637267545,0.0,0.0,0.18849555921538758
18.92,-0.332505200183216,0.9430891081283407,0.0048193340637267545,0.0,0.0,0.18849555921538758
18.94,-0.3360581911207012,0.9418288943326554,0.0048193340637267545,0.0,0.0,0.18849555921538758
18.96,-0.33960640592742397,0.9405552950636386,0.0048193340637267545,0.0,0.0,0.18849555921538758
18.98,-0.34314979417539776,0.9392683284219547,0.0048193340637267545,0.0,0.0,0.18849555921538758
19.0,-0.34668830550523255,0.9379680126982484,0.0048193340637267545,0.0,0.0,0.18849555921538758
19.02,-0.35022188962684964,0.9366543663728845,0.0048193340637267545,0.0,0.0,0.18849555921538758
19.04,-0.35375049632019717,0.9353274081156848,0.0048193340637267545,0.0,0.0,0.18849555921538758
19.06,-0.3572740754359634,0.933987156785664,0.0048193340637267545,0.0,0.0,0.18849555921538758
19.080000000000002,-0.36079257689629035,0.9326336314307593,0.0048193340637267545,0.0,0.0,0.18849555921538758
19.1,-0.36430595069548255,0.9312668512875626,0.0048193340637267545,0.0,0.0,0.18849555921538758
19.12,-0.3678141469007223,0.9298868357810451,0.0048193340637267545,0.0,0.0,0.18849555921538758
19.14,-0.37131711565277603,0.9284936045242816,0.0048193340637267545,0.0,0.0,0.18849555921538758
19.16,-0.37481480716670396,0.9270871773181724,0.0048193340637267545,0.0,0.0,0.18849555921538758
19.18,-0.3783071717325675,0.9256675741511612,0.0048193340637267545,0.0,0.0,0.18849555921538758
19.2,-0.38179415971613573,0.9242348151989512,0.0048193340637267545,0.0,0.0,0.18849555921538758
19.22,-0.3852757215595911,0.9227889208242186,0.0048193340637267545,0.0,0.0,0.18849555921538758
19.240000000000002,-0.38875180778223384,0.9213299115763226,0.0048193340637267545,0.0,0.0,0.18849555921538758
19.26,-0.3922223689811832,0.9198578081910149,0.0048193340637267545,0.0,0.0,0.18849555921538758
19.28,-0.395687355832083,0.9183726315901428,0.0048193340637267545,0.0,0.0,0.18849555921538758
19.3,-0.3991467190898005,0.9168744028813531,0.0048193340637267545,0.0,0.0,0.18849555921538758
19.32,-0.4026004095891262,0.9153631433577919,0.0048193340637267545,0.0,0.0,0.18849555921538758
19.34,-0.4060483782454736,0.9138388744978023,0.0048193340637267545,0.0,0.0,0.18849555921538758
19.36,-0.4094905760555758,0.9123016179646191,0.0048193340637267545,0.0,0.0,0.18849555921538758
19.38,-0.4129269540981828,0.9107513956060601,0.0048193340637267545,0.0,0.0,0.18849555921538758
19.400000000000002,-0.41635746353475656,0.9091882294542164,0.0048193340637267545,0.0,0.0,0.18849555921538758
19.42,-0.4197820556101636,0.9076121417251396,0.0048193340637267545,0.0,0.0,0.18849555921538758
19.44,-0.42320068165337044,0.9060231548185242,0.0048193340637267545,0.0,0.0,0.18849555921538758
19.46,-0.4266132930781341,0.9044212913173922,0.0048193340637267545,0.0,0.0,0.18849555921538758
19.48,-0.4300198413836923,0.9028065739877692,0.0048193340637267545,0.0,0.0,0.18849555921538758
19.5,-0.43342027815545325,0.9011790257783626,0.0048193340637267545,0.0,0.0,0.18849555921538758
19.52,-0.43681455506568373,0.8995386698202352,0.0048193340637267545,0.0,0.0,0.18849555921538758
19.54,-0.44020262387419523,0.8978855294264759,0.0048193340637267545,0.0,0.0,0.18849555921538758
19.56,-0.44358443642903067,0.8962196280918695,0.0048193340637267545,0.0,0.0,0.18849555921538758
19.580000000000002,-0.4469599446671486,0.8945409894925604,0.0048193340637267545,0.0,0.0,0.18849555921538758
19.6,-0.45032910061510406,0.8928496374857197,0.0048193340637267545,0.0,0.0,0.18849555921538758
19.62,-0.45369185638973397,0.891145596109203,0.0048193340637267545,0.0,0.0,0.18849555921538758
19.64,-0.45704816419883504,0.8894288895812099,0.0048193340637267545,0.0,0.0,0.18849555921538758
19.66,-0.46039797634184454,0.8876995422999406,0.0048193340637267545,0.0,0.0,0.18849555921538758
19.68,-0.4637412452105168,0.8859575788432476,0.0048193340637267545,0.0,0.0,0.18849555921538758
19.7,-0.4670779232896009,0.8842030239682872,0.0048193340637267545,0.0,0.0,0.18849555921538758
19.72,-0.4704079631575157,0.8824359026111681,0.0048193340637267545,0.0,0.0,0.18849555921538758
19.740000000000002,-0.47373131748702396,0.8806562398865962,0.0048193340637267545,0.0,0.0,0.18849555921538758
19.76,-0.4770479390459034,0.878864061087519,0.0048193340637267545,0.0,0.0,0.18849555921538758
19.78,-0.48035778069762103,0.8770593916847632,0.0048193340637267545,0.0,0.0,0.18849555921538758
19.8,-0.4836607954020003,0.8752422573266758,0.0048193340637267545,0.0,0.0,0.18849555921538758
19.82,-0.4869569362158912,0.8734126838387585,0.0048193340637267545,0.0,0.0,0.18849555921538758
19.84,-0.4902461562938366,0.8715706972233002,0.0048193340637267545,0.0,0.0,0.18849555921538758
19.86,-0.4935284088887386,0.869716323659008,0.0048193340637267545,0.0,0.0,0.18849555921538758
19.88,-0.4968036473525227,0.8678495895006351,0.0048193340637267545,0.0,0.0,0.18849555921538758
19.900000000000002,-0.5000718251368008,0.8659705212786052,0.0048193340637267545,0.0,0.0,0.18849555921538758
19.92,-0.5033328957935317,0.864079145698638,0.0048193340637267545,0.0,0.0,0.18849555921538758
19.94,-0.5065868129756832,0.8621754896413665,0.0048193340637267545,0.0,0.0,0.18849555921538758
19.96,-0.5098335304378896,0.8602595801619575,0.0048193340637267545,0.0,0.0,0.18849555921538758
19.98,-0.5130730020371097,0.8583314444897252,0.0048193340637267545,0.0,0.0,0.18849555921538758
20.0,-0.5163051817332808,0.8563911100277453,0.0048193340637267545,0.0,0.0,0.18849555921538758
20.02,-0.519530023589975,0.8544386043524661,0.0048193340637267545,0.0,0.0,0.18849555921538758
20.04,-0.5227474817750517,0.8524739552133143,0.0048193340637267545,0.0,0.0,0.18849555921538758
20.06,-0.5259575105613082,0.8504971905323033,0.0048193340637267545,0.0,0.0,0.18849555921538758
20.080000000000002,-0.5291600643271307,0.8485083384036345,0.0048193340637267545,0.0,0.0,0.18849555921538758
20.1,-0.5323550975571396,0.8465074270932998,0.0048193340637267545,0.0,0.0,0.18849555921538758
20.12,-0.5355425648428414,0.8444944850386773,0.0048193340637267545,0.0,0.0,0.18849555921538758
20.14,-0.5387224208832705,0.8424695408481294,0.0048193340637267545,0.0,0.0,0.18849555921538758
20.16,-0.5418946204856337,0.8404326233005954,0.0048193340637267545,0.0,0.0,0.18849555921538758
20.18,-0.5450591185659533,0.838383761345182,0.0048193340637267545,0.0,0.0,0.18849555921538758
20.2,-0.548215870149707,0.8363229841007528,0.0048193340637267545,0.0,0.0,0.18849555921538758
20.22,-0.5513648303724672,0.8342503208555143,0.0048193340637267545,0.0,0.0,0.18849555921538758
20.240000000000002,-0.5545059544805392,0.8321658010665989,0.0048193340637267545,0.0,0.0,0.18849555921538758
20.26,-0.5576391978315954,0.8300694543596474,0.0048193340637267545,0.0,0.0,0.18849555921538758
20.28,-0.5607645158953136,0.8279613105283862,0.0048193340637267545,0.0,0.0,0.18849555921538758
20.3,-0.5638818642540058,0.8258413995342058,0.0048193340637267545,0.0,0.0,0.18849555921538758
20.32,-0.5669911986032512,0.8237097515057337,0.0048193340637267545,0.0,0.0,0.18849555921538758
20.34,-0.5700924747525263,0.8215663967384067,0.0048193340637267545,0.0,0.0,0.18849555921538758
20.36,-0.5731856486258329,0.8194113656940406,0.0048193340637267545,0.0,0.0,0.18849555921538758
20.38,-0.576270676262323,0.8172446890003964,0.0048193340637267545,0.0,0.0,0.18849555921538758
20.400000000000002,-0.5793475138169253,0.8150663974507457,0.0048193340637267545,0.0,0.0,0.18849555921538758
20.42,-0.5824161175609672,0.812876522003434,0.0048193340637267545,0.0,0.0,0.18849555921538758
20.44,-0.5854764438827977,0.8106750937814382,0.0048193340637267545,0.0,0.0,0.18849555921538758
20.46,-0.5885284492884052,0.8084621440719262,0.0048193340637267545,0.0,0.0,0.18849555921538758
20.48,-0.5915720904020373,0.8062377043258113,0.0048193340637267545,0.0,0.0,0.18849555921538758
20.5,-0.5946073239668169,0.8040018061573065,0.0048193340637267545,0.0,0.0,0.18849555921538758
20.52,-0.5976341068453566,0.801754481343474,0.0048193340637267545,0.0,0.0,0.18849555921538758
20.54,-0.6006523960203718,0.799495761823774,0.0048193340637267545,0.0,0.0,0.18849555921538758
20.56,-0.6036621485952921,0.7972256796996104,0.0048193340637267545,0.0,0.0,0.18849555921538758
20.580000000000002,-0.6066633217948721,0.7949442672338745,0.0048193340637267545,0.0,0.0,0.18849555921538758
20.6,-0.6096558729657964,0.7926515568504884,0.0048193340637267545,0.0,0.0,0.18849555921538758
20.62,-0.6126397595772894,0.7903475811339409,0.0048193340637267545,0.0,0.0,0.18849555921538758
20.64,-0.6156149392217174,0.7880323728288272,0.0048193340637267545,0.0,0.0,0.18849555921538758
20.66,-0.6185813696151922,0.7857059648393815,0.0048193340637267545,0.0,0.0,0.18849555921538758
20.68,-0.6215390085981716,0.7833683902290116,0.0048193340637267545,0.0,0.0,0.18849555921538758
20.7,-0.6244878141360585,0.781019682219826,0.0048193340637267545,0.0,0.0,0.18849555921538758
20.72,-0.6274277443197999,0.7786598741921651,0.0048193340637267545,0.0,0.0,0.18849555921538758
20.740000000000002,-0.6303587573664804,0.7762889996841238,0.0048193340637267545,0.0,0.0,0.18849555921538758
20.76,-0.6332808116199156,0.7739070923910772,0.0048193340637267545,0.0,0.0,0.18849555921538758
20.78,-0.6361938655512476,0.7715141861652005,0.0048193340637267545,0.0,0.0,0.18849555921538758
20.8,-0.6390978777595314,0.7691103150149877,0.0048193340637267545,0.0,0.0,0.18849555921538758
20.82,-0.6419928069723259,0.766695513104769,0.0048193340637267545,0.0,0.0,0.18849555921538758
20.84,-0.6448786120462786,0.7642698147542245,0.0048193340637267545,0.0,0.0,0.18849555921538758
20.86,-0.647755251967712,0.7618332544378966,0.0048193340637267545,0.0,0.0,0.18849555921538758
20.88,-0.6506226858532053,0.7593858667847013,0.0048193340637267545,0.0,0.0,0.18849555921538758
20.900000000000002,-0.6534808729501763,0.7569276865774341,0.0048193340637267545,0.0,0.0,0.18849555921538758
20.92,-0.656329772637459,0.7544587487522774,0.0048193340637267545,0.0,0.0,0.18849555921538758
20.94,-0.659169344425883,0.7519790883983025,0.0048193340637267545,0.0,0.0,0.18849555921538758
20.96,-0.661999547958848,0.749488740756972,0.0048193340637267545,0.0,0.0,0.18849555921538758
20.98,-0.6648203430128967,0.746987741221638,0.0048193340637267545,0.0,0.0,0.18849555921538758
21.0,-0.6676316894982881,0.7444761253370402,0.0048193340637267545,0.0,0.0,0.18849555921538758
21.02,-0.6704335474595654,0.7419539287987993,0.0048193340637267545,0.0,0.0,0.18849555921538758
21.04,-0.6732258770761249,0.7394211874529112,0.0048193340637267545,0.0,0.0,0.18849555921538758
21.06,-0.676008638662782,0.7368779372952368,0.0048193340637267545,0.0,0.0,0.18849555921538758
21.080000000000002,-0.6787817926703361,0.7343242144709896,0.0048193340637267545,0.0,0.0,0.18849555921538758
21.1,-0.6815452996861283,0.731760055274225,0.0048193340637267545,0.0,0.0,0.18849555921538758
21.12,-0.6842991204346083,0.7291854961473203,0.0048193340637267545,0.0,0.0,0.18849555921538758
21.14,-0.687043215777887,0.7266005736804592,0.0048193340637267545,0.0,0.0,0.18849555921538758
21.16,-0.6897775467162955,0.7240053246111116,0.0048193340637267545,0.0,0.0,0.18849555921538758
21.18,-0.6925020743889392,0.7213997858235117,0.0048193340637267545,0.0,0.0,0.18849555921538758
21.2,-0.6952167600742487,0.7187839943481332,0.0048193340637267545,0.0,0.0,0.18849555921538758
21.22,-0.6979215651905315,0.7161579873611629,0.0048193340637267545,0.0,0.0,0.18849555921538758
21.240000000000002,-0.7006164512965204,0.713521802183972,0.0048193340637267545,0.0,0.0,0.18849555921538758
21.26,-0.7033013800919177,0.7108754762825882,0.0048193340637267545,0.0,0.0,0.18849555921538758
21.28,-0.7059763134179425,0.70821904726716,0.0048193340637267545,0.0,0.0,0.18849555921538758
21.3,-0.7086412132578712,0.7055525528914235,0.0048193340637267545,0.0,0.0,0.18849555921538758
21.32,-0.7112960417375785,0.7028760310521661,0.0048193340637267545,0.0,0.0,0.18849555921538758
21.34,-0.713940761126075,0.7001895197886876,0.0048193340637267545,0.0,0.0,0.18849555921538758
21.36,-0.7165753338360447,0.6974930572822597,0.0048193340637267545,0.0,0.0,0.18849555921538758
21.38,-0.719199722424377,0.6947866818555833,0.0048193340637267545,0.0,0.0,0.18849555921538758
21.400000000000002,-0.7218138895927019,0.6920704319722433,0.0048193340637267545,0.0,0.0,0.18849555921538758
21.42,-0.7244177981879159,0.6893443462361637,0.0048193340637267545,0.0,0.0,0.18849555921538758
21.44,-0.7270114112027155,0.6866084633910567,0.0048193340637267545,0.0,0.0,0.18849555921538758
21.46,-0.7295946917761184,0.6838628223198738,0.0048193340637267545,0.0,0.0,0.18849555921538758
21.48,-0.7321676031939892,0.6811074620442518,0.0048193340637267545,0.0,0.0,0.18849555921538758
21.5,-0.7347301088895618,0.678342421723959,0.0048193340637267545,0.0,0.0,0.18849555921538758
21.52,-0.7372821724439582,0.6755677406563391,0.0048193340637267545,0.0,0.0,0.18849555921538758
21.54,-0.7398237575867058,0.6727834582757514,0.0048193340637267545,0.0,0.0,0.18849555921538758
21.56,-0.7423548281962546,0.669989614153012,0.0048193340637267545,0.0,0.0,0.18849555921538758
21.580000000000002,-0.7448753483004892,0.6671862479948293,0.0048193340637267545,0.0,0.0,0.18849555921538758
21.6,-0.7473852820772381,0.6643733996432432,0.0048193340637267545,0.0,0.0,0.18849555921538758
21.62,-0.7498845938547873,0.6615511090750538,0.0048193340637267545,0.0,0.0,0.18849555921538758
21.64,-0.7523732481123845,0.6587194164012578,0.0048193340637267545,0.0,0.0,0.18849555921538758
21.66,-0.7548512094807438,0.6558783618664756,0.0048193340637267545,0.0,0.0,0.18849555921538758
21.68,-0.7573184427425492,0.6530279858483815,0.0048193340637267545,0.0,0.0,0.18849555921538758
21.7,-0.7597749128329547,0.6501683288571272,0.0048193340637267545,0.0,0.0,0.18849555921538758
21.72,-0.7622205848400836,0.6472994315347688,0.0048193340637267545,0.0,0.0,0.18849555921538758
21.740000000000002,-0.7646554240055226,0.6444213346546872,0.0048193340637267545,0.0,0.0,0.18849555921538758
21.76,-0.7670793957248173,0.6415340791210107,0.0048193340637267545,0.0,0.0,0.18849555921538758
21.78,-0.7694924655479648,0.6386377059680307,0.0048193340637267545,0.0,0.0,0.18849555921538758
21.8,-0.7718945991799007,0.6357322563596209,0.0048193340637267545,0.0,0.0,0.18849555921538758
21.82,-0.7742857624809897,0.6328177715886513,0.0048193340637267545,0.0,0.0,0.18849555921538758
21.84,-0.7766659214675079,0.6298942930764022,0.0048193340637267545,0.0,0.0,0.18849555921538758
21.86,-0.7790350423121282,0.6269618623719744,0.0048193340637267545,0.0,0.0,0.18849555921538758
21.88,-0.781393091344399,0.6240205211516984,0.0048193340637267545,0.0,0.0,0.18849555921538758
21.900000000000002,-0.7837400350512248,0.6210703112185436,0.0048193340637267545,0.0,0.0,0.18849555921538758
21.92,-0.7860758400773393,0.6181112745015248,0.0048193340637267545,0.0,0.0,0.18849555921538758
21.94,-0.7884004732257832,0.6151434530551029,0.0048193340637267545,0.0,0.0,0.18849555921538758
21.96,-0.7907139014583737,0.6121668890585896,0.0048193340637267545,0.0,0.0,0.18849555921538758
21.98,-0.7930160918961754,0.6091816248155482,0.0048193340637267545,0.0,0.0,0.18849555921538758
22.0,-0.7953070118199657,0.6061877027531911,0.0048193340637267545,0.0,0.0,0.18849555921538758
22.02,-0.797586628670702,0.6031851654217784,0.0048193340637267545,0.0,0.0,0.18849555921538758
22.04,-0.7998549100499825,0.6001740554940115,0.0048193340637267545,0.0,0.0,0.18849555921538758
22.06,-0.802111823720508,0.5971544157644275,0.0048193340637267545,0.0,0.0,0.18849555921538758
22.080000000000002,-0.8043573376065403,0.5941262891487906,0.0048193340637267545,0.0,0.0,0.18849555921538758
22.1,-0.8065914197943556,0.5910897186834839,0.0048193340637267545,0.0,0.0,0.18849555921538758
22.12,-0.8088140385327012,0.5880447475248943,0.0048193340637267545,0.0,0.0,0.18849555921538758
22.14,-0.811025162233245,0.5849914189488024,0.0048193340637267545,0.0,0.0,0.18849555921538758
22.16,-0.8132247594710249,0.5819297763497653,0.0048193340637267545,0.0,0.0,0.18849555921538758
22.18,-0.8154127989848957,0.5788598632405019,0.0048193340637267545,0.0,0.0,0.18849555921538758
22.2,-0.8175892496779722,0.5757817232512725,0.0048193340637267545,0.0,0.0,0.18849555921538758
22.22,-0.8197540806180726,0.5726954001292598,0.0048193340637267545,0.0,0.0,0.18849555921538758
22.240000000000002,-0.8219072610381581,0.5696009377379465,0.0048193340637267545,0.0,0.0,0.18849555921538758
22.26,-0.8240487603367675,0.5664983800564938,0.0048193340637267545,0.0,0.0,0.18849555921538758
22.28,-0.8261785480784564,0.5633877711791131,0.0048193340637267545,0.0,0.0,0.18849555921538758
22.3,-0.8282965939942263,0.5602691553144424,0.0048193340637267545,0.0,0.0,0.18849555921538758
22.32,-0.8304028679819566,0.5571425767849157,0.0048193340637267545,0.0,0.0,0.18849555921538758
22.34,-0.8324973401068319,0.5540080800261348,0.0048193340637267545,0.0,0.0,0.18849555921538758
22.36,-0.8345799806017672,0.5508657095862373,0.0048193340637267545,0.0,0.0,0.18849555921538758
22.38,-0.8366507598678309,0.547715510125262,0.0048193340637267545,0.0,0.0,0.18849555921538758
22.400000000000002,-0.8387096484746662,0.5445575264145164,0.0048193340637267545,0.0,0.0,0.18849555921538758
22.42,-0.8407566171609082,0.5413918033359398,0.0048193340637267545,0.0,0.0,0.18849555921538758
22.44,-0.8427916368346011,0.5382183858814643,0.0048193340637267545,0.0,0.0,0.18849555921538758
22.46,-0.8448146785736109,0.5350373191523762,0.0048193340637267545,0.0,0.0,0.18849555921538758
22.48,-0.8468257136260364,0.5318486483586748,0.0048193340637267545,0.0,0.0,0.18849555921538758
22.5,-0.8488247134106178,0.5286524188184305,0.0048193340637267545,0.0,0.0,0.18849555921538758
22.52,-0.8508116495171437,0.52544867595714,0.0048193340637267545,0.0,0.0,0.18849555921538758
22.54,-0.8527864937068541,0.5222374653070805,0.0048193340637267545,0.0,0.0,0.18849555921538758
22.56,-0.8547492179128414,0.5190188325066637,0.0048193340637267545,0.0,0.0,0.18849555921538758
22.580000000000002,-0.8566997942404507,0.5157928232997857,0.0048193340637267545,0.0,0.0,0.18849555921538758
22.6,-0.8586381949676739,0.5125594835351787,0.0048193340637267545,0.0,0.0,0.18849555921538758
22.62,-0.8605643925455463,0.5093188591657576,0.0048193340637267545,0.0,0.0,0.18849555921538758
22.64,-0.8624783595985371,0.506070996247968,0.0048193340637267545,0.0,0.0,0.18849555921538758
22.66,-0.8643800689249377,0.5028159409411307,0.0048193340637267545,0.0,0.0,0.18849555921538758
22.68,-0.8662694934972488,0.499553739506787,0.0048193340637267545,0.0,0.0,0.18849555921538758
22.7,-0.8681466064625651,0.49628443830804,0.0048193340637267545,0.0,0.0,0.18849555921538758
22.72,-0.8700113811429567,0.4930080838088964,0.0048193340637267545,0.0,0.0,0.18849555921538758
22.740000000000002,-0.8718637910358477,0.48972472257360533,0.0048193340637267545,0.0,0.0,0.18849555921538758
22.76,-0.8737038098143926,0.4864344012659988,0.0048193340637267545,0.0,0.0,0.18849555921538758
22.78,-0.8755314113278522,0.4831371666488253,0.0048193340637267545,0.0,0.0,0.18849555921538758
22.8,-0.8773465696019633,0.479833065583087,0.0048193340637267545,0.0,0.0,0.18849555921538758
22.82,-0.879149258839309,0.4765221450273736,0.0048193340637267545,0.0,0.0,0.18849555921538758
22.84,-0.8809394534196848,0.4732044520371951,0.0048193340637267545,0.0,0.0,0.18849555921538758
22.86,-0.8827171279004636,0.4698800337643128,0.0048193340637267545,0.0,0.0,0.18849555921538758
22.88,-0.8844822570169557,0.46654893745606846,0.0048193340637267545,0.0,0.0,0.18849555921538758
22.900000000000002,-0.8862348156827702,0.463211210454714,0.0048193340637267545,0.0,0.0,0.18849555921538758
22.92,-0.8879747789901676,0.459866900196739,0.0048193340637267545,0.0,0.0,0.18849555921538758
22.94,-0.8897021222104192,0.4565160542121943,0.0048193340637267545,0.0,0.0,0.18849555921538758
22.96,-0.8914168207941539,0.4531587201240187,0.0048193340637267545,0.0,0.0,0.18849555921538758
22.98,-0.8931188503717089,0.44979494564736083,0.0048193340637267545,0.0,0.0,0.18849555921538758
23.0,-0.894808186753477,0.44642477858890184,0.0048193340637267545,0.0,0.0,0.18849555921538758
23.02,-0.8964848059302486,0.44304826684617543,0.0048193340637267545,0.0,0.0,0.18849555921538758
23.04,-0.8981486840735541,0.43966545840688753,0.0048193340637267545,0.0,0.0,0.18849555921538758
23.06,-0.899799797536002,0.4362764013482338,0.0048193340637267545,0.0,0.0,0.18849555921538758
23.080000000000002,-0.9014381228516155,0.4328811438362161,0.0048193340637267545,0.0,0.0,0.18849555921538758
23.1,-0.9030636367361652,0.4294797341249606,0.0048193340637267545,0.0,0.0,0.18849555921538758
23.12,-0.9046763160875004,0.4260722205560275,0.0048193340637267545,0.0,0.0,0.18849555921538758
23.14,-0.9062761379858784,0.42265865155772714,0.0048193340637267545,0.0,0.0,0.18849555921538758
23.16,-0.9078630796942883,0.41923907564443097,0.0048193340637267545,0.0,0.0,0.18849555921538758
23.18,-0.909437118658776,0.41581354141588206,0.0048193340637267545,0.0,0.0,0.18849555921538758
23.2,-0.9109982325087638,0.4123820975565042,0.0048193340637267545,0.0,0.0,0.18849555921538758
23.22,-0.9125463990573683,0.40894479283471,0.0048193340637267545,0.0,0.0,0.18849555921538758
23.240000000000002,-0.9140815963017163,0.4055016761022076,0.0048193340637267545,0.0,0.0,0.18849555921538758
23.26,-0.9156038024232562,0.40205279629330815,0.0048193340637267545,0.0,0.0,0.18849555921538758
23.28,-0.9171129957880699,0.39859820242422744,0.0048193340637267545,0.0,0.0,0.18849555921538758
23.3,-0.9186091549471791,0.3951379435923911,0.0048193340637267545,0.0,0.0,0.18849555921538758
23.32,-0.9200922586368501,0.3916720689757364,0.0048193340637267545,0.0,0.0,0.18849555921538758
23.34,-0.9215622857788971,0.3882006278320133,0.0048193340637267545,0.0,0.0,0.18849555921538758
23.36,-0.9230192154809799,0.38472366949808473,0.0048193340637267545,0.0,0.0,0.18849555921538758
23.38,-0.9244630270369029,0.3812412433892244,0.0048193340637267545,0.0,0.0,0.18849555921538758
23.400000000000002,-0.9258936999269082,0.3777533989984157,0.0048193340637267545,0.0,0.0,0.18849555921538758
23.42,-0.9273112138179666,0.37426018589564863,0.0048193340637267545,0.0,0.0,0.18849555921538758
23.44,-0.928715548564068,0.3707616537272131,0.0048193340637267545,0.0,0.0,0.18849555921538758
23.46,-0.9301066842065079,0.3672578522149951,0.0048193340637267545,0.0,0.0,0.18849555921538758
23.48,-0.9314846009741689,0.36374883115576995,0.0048193340637267545,0.0,0.0,0.18849555921538758
23.5,-0.9328492792838039,0.3602346404204942,0.0048193340637267545,0.0,0.0,0.18849555921538758
23.52,-0.9342006997403135,0.3567153299535968,0.0048193340637267545,0.0,0.0,0.18849555921538758
23.54,-0.9355388431370218,0.35319094977226945,0.0048193340637267545,0.0,0.0,0.18849555921538758
23.56,-0.9368636904559489,0.3496615499657558,0.0048193340637267545,0.0,0.0,0.18849555921538758
23.580000000000002,-0.9381752228680822,0.34612718069463894,0.0048193340637267545,0.0,0.0,0.18849555921538758
23.6,-0.9394734217336423,0.34258789219013064,0.0048193340637267545,0.0,0.0,0.18849555921538758
23.62,-0.9407582686023503,0.3390437347533541,0.0048193340637267545,0.0,0.0,0.18849555921538758
23.64,-0.9420297452136881,0.33549475875463175,0.0048193340637267545,0.0,0.0,0.18849555921538758
23.66,-0.9432878334971585,0.331941014632768,0.0048193340637267545,0.0,0.0,0.18849555921538758
23.68,-0.9445325155725424,0.32838255289433305,0.0048193340637267545,0.0,0.0,0.18849555921538758
23.7,-0.9457637737501522,0.324819424112945,0.0048193340637267545,0.0,0.0,0.18849555921538758
23.72,-0.9469815905310841,0.3212516789285507,0.0048193340637267545,0.0,0.0,0.18849555921538758
23.740000000000002,-0.948185948607466,0.317679368046706,0.0048193340637267545,0.0,0.0,0.18849555921538758
23.76,-0.9493768308627032,0.314102542237857,0.0048193340637267545,0.0,0.0,0.18849555921538758
23.78,-0.9505542203717234,0.31052125233661526,0.0048193340637267545,0.0,0.0,0.18849555921538758
23.8,-0.9517181004012153,0.30693554924103733,0.0048193340637267545,0.0,0.0,0.18849555921538758
23.82,-0.9528684544098672,0.30334548391190125,0.0048193340637267545,0.0,0.0,0.18849555921538758
23.84,-0.9540052660486026,0.29975110737198196,0.0048193340637267545,0.0,0.0,0.18849555921538758
23.86,-0.9551285191608119,0.29615247070532624,0.0048193340637267545,0.0,0.0,0.18849555921538758
23.88,-0.9562381977825822,0.2925496250565267,0.0048193340637267545,0.0,0.0,0.18849555921538758
23.900000000000002,-0.9573342861429236,0.28894262162999435,0.0048193340637267545,0.0,0.0,0.18849555921538758
23.92,-0.9584167686639942,0.28533151168923326,0.0048193340637267545,0.0,0.0,0.18849555921538758
23.94,-0.9594856299613215,0.2817163465561083,0.0048193340637267545,0.0,0.0,0.18849555921538758
23.96,-0.9605408548440207,0.278097177610118,0.0048193340637267545,0.0,0.0,0.18849555921538758
23.98,-0.9615824283150103,0.27447405628766436,0.0048193340637267545,0.0,0.0,0.18849555921538758
24.0,-0.9626103355712254,0.27084703408132105,0.0048193340637267545,0.0,0.0,0.18849555921538758
24.02,-0.9636245620038293,0.2672161625391021,0.0048193340637267545,0.0,0.0,0.18849555921538758
24.04,-0.9646250931984188,0.26358149326372915,0.0048193340637267545,0.0,0.0,0.18849555921538758
24.060000000000002,-0.9656119149352315,0.25994307791189725,0.0048193340637267545,0.0,0.0,0.18849555921538758
24.080000000000002,-0.9665850131893458,0.2563009681935435,0.0048193340637267545,0.0,0.0,0.18849555921538758
24.1,-0.9675443741308813,0.25265521587110823,0.0048193340637267545,0.0,0.0,0.18849555921538758
24.12,-0.968489984125196,0.24900587275880173,0.0048193340637267545,0.0,0.0,0.18849555921538758
24.14,-0.9694218297330789,0.24535299072186753,0.0048193340637267545,0.0,0.0,0.18849555921538758
24.16,-0.9703398977109405,0.24169662167584502,0.0048193340637267545,0.0,0.0,0.18849555921538758
24.18,-0.9712441750110035,0.23803681758583167,0.0048193340637267545,0.0,0.0,0.18849555921538758
24.2,-0.9721346487814854,0.23437363046574464,0.0048193340637267545,0.0,0.0,0.18849555921538758
24.22,-0.9730113063667827,0.23070711237758146,0.0048193340637267545,0.0,0.0,0.18849555921538758
24.240000000000002,-0.9738741353076509,0.22703731543067937,0.0048193340637267545,0.0,0.0,0.18849555921538758
24.26,-0.9747231233413808,0.22336429178097736,0.0048193340637267545,0.0,0.0,0.18849555921538758
24.28,-0.9755582584019735,0.21968809363027114,0.0048193340637267545,0.0,0.0,0.18849555921538758
24.3,-0.9763795286203109,0.21600877322547365,0.0048193340637267545,0.0,0.0,0.18849555921538758
24.32,-0.9771869223243252,0.21232638285787206,0.0048193340637267545,0.0,0.0,0.18849555921538758
24.34,-0.977980428039165,0.20864097486238445,0.0048193340637267545,0.0,0.0,0.18849555921538758
24.36,-0.9787600344873573,0.20495260161681625,0.0048193340637267545,0.0,0.0,0.18849555921538758
24.38,-0.979525730588969,0.20126131554111537,0.0048193340637267545,0.0,0.0,0.18849555921538758
24.400000000000002,-0.9802775054617637,0.19756716909662703,0.0048193340637267545,0.0,0.0,0.18849555921538758
24.42,-0.9810153484213567,0.19387021478535044,0.0048193340637267545,0.0,0.0,0.18849555921538758
24.44,-0.9817392489813658,0.19017050514918904,0.0048193340637267545,0.0,0.0,0.18849555921538758
24.46,-0.9824491968535618,0.18646809276920615,0.0048193340637267545,0.0,0.0,0.18849555921538758
24.48,-0.983145181948014,0.18276303026487678,0.0048193340637267545,0.0,0.0,0.18849555921538758
24.5,-0.9838271943732338,0.17905537029334043,0.0048193340637267545,0.0,0.0,0.18849555921538758
24.52,-0.9844952244363149,0.17534516554865223,0.0048193340637267545,0.0,0.0,0.18849555921538758
24.54,-0.9851492626430711,0.17163246876103413,0.0048193340637267545,0.0,0.0,0.18849555921538758
24.560000000000002,-0.9857892996981723,0.16791733269612485,0.0048193340637267545,0.0,0.0,0.18849555921538758
24.580000000000002,-0.9864153265052744,0.16419981015423268,0.0048193340637267545,0.0,0.0,0.18849555921538758
24.6,-0.9870273341671517,0.1604799539695811,0.0048193340637267545,0.0,0.0,0.18849555921538758
24.62,-0.9876253139858203,0.15675781700956037,0.0048193340637267545,0.0,0.0,0.18849555921538758
24.64,-0.9882092574626632,0.1530334521739757,0.0048193340637267545,0.0,0.0,0.18849555921538758
24.66,-0.9887791562985514,0.14930691239429533,0.0048193340637267545,0.0,0.0,0.18849555921538758
24.68,-0.9893350023939607,0.1455782506328982,0.0048193340637267545,0.0,0.0,0.18849555921538758
24.7,-0.9898767878490875,0.14184751988232133,0.0048193340637267545,0.0,0.0,0.18849555921538758
24.72,-0.9904045049639617,0.13811477316450663,0.0048193340637267545,0.0,0.0,0.18849555921538758
24.740000000000002,-0.9909181462385543,0.1343800635300469,0.0048193340637267545,0.0,0.0,0.18849555921538758
24.76,-0.9914177043728867,0.13064344405743405,0.0048193340637267545,0.0,0.0,0.18849555921538758
24.78,-0.9919031722671315,0.12690496785230115,0.0048193340637267545,0.0,0.0,0.18849555921538758
24.8,-0.9923745430217156,0.12316468804667034,0.0048193340637267545,0.0,0.0,0.18849555921538758
24.82,-0.9928318099374169,0.11942265779819666,0.0048193340637267545,0.0,0.0,0.18849555921538758
24.84,-0.9932749665154607,0.11567893028941298,0.0048193340637267545,0.0,0.0,0.18849555921538758
24.86,-0.9937040064576105,0.11193355872697396,0.0048193340637267545,0.0,0.0,0.18849555921538758
24.88,-0.9941189236662596,0.10818659634089994,0.0048193340637267545,0.0,0.0,0.18849555921538758
24.900000000000002,-0.9945197122445164,0.10443809638381964,0.0048193340637267545,0.0,0.0,0.18849555921538758
24.92,-0.9949063664962872,0.1006881121302161,0.0048193340637267545,0.0,0.0,0.18849555921538758
24.94,-0.9952788809263597,0.09693669687566556,0.0048193340637267545,0.0,0.0,0.18849555921538758
24.96,-0.9956372502404793,0.09318390393608247,0.0048193340637267545,0.0,0.0,0.18849555921538758
24.98,-0.9959814693454244,0.08942978664696138,0.0048193340637267545,0.0,0.0,0.18849555921538758
25.0,-0.99631153334908,0.08567439836261874,0.0048193340637267545,0.0,0.0,0.18849555921538758
25.02,-0.9966274375605058,0.08191779245543465,0.0048193340637267545,0.0,0.0,0.18849555921538758
25.04,-0.9969291774900036,0.07816002231509431,0.0048193340637267545,0.0,0.0,0.18849555921538758
25.060000000000002,-0.9972167488491817,0.07440114134782858,0.0048193340637267545,0.0,0.0,0.18849555921538758
25.080000000000002,-0.9974901475510137,0.07064120297565762,0.0048193340637267545,0.0,0.0,0.18849555921538758
25.1,-0.9977493697098996,0.0668802606356277,0.0048193340637267545,0.0,0.0,0.18849555921538758
25.12,-0.9979944116417181,0.06311836777905437,0.0048193340637267545,0.0,0.0,0.18849555921538758
25.14,-0.9982252698638815,0.05935557787076204,0.0048193340637267545,0.0,0.0,0.18849555921538758
25.16,-0.9984419410953833,0.05559194438832427,0.0048193340637267545,0.0,0.0,0.18849555921538758
25.18,-0.9986444222568458,0.05182752082130372,0.0048193340637267545,0.0,0.0,0.18849555921538758
25.2,-0.998832710470563,0.04806236067049177,0.0048193340637267545,0.0,0.0,0.18849555921538758
25.22,-0.9990068030605427,0.04429651744714842,0.0048193340637267545,0.0,0.0,0.18849555921538758
25.240000000000002,-0.9991666975525444,0.040530044672240896,0.0048193340637267545,0.0,0.0,0.18849555921538758
25.26,-0.9993123916741132,0.03676299587568579,0.0048193340637267545,0.0,0.0,0.18849555921538758
25.28,-0.9994438833546129,0.03299542459558418,0.0048193340637267545,0.0,0.0,0.18849555921538758
25.3,-0.9995611707252555,0.02922738437746354,0.0048193340637267545,0.0,0.0,0.18849555921538758
25.32,-0.9996642521191282,0.025458928773515927,0.0048193340637267545,0.0,0.0,0.18849555921538758
25.34,-0.9997531260712165,0.02169011134183697,0.0048193340637267545,0.0,0.0,0.18849555921538758
25.36,-0.9998277913184244,0.01792098564566466,0.0048193340637267545,0.0,0.0,0.18849555921538758
25.38,-0.9998882467995936,0.014151605252618129,0.0048193340637267545,0.0,0.0,0.18849555921538758
25.400000000000002,-0.9999344916555182,0.010382023733935644,0.0048193340637267545,0.0,0.0,0.18849555921538758
25.42,-0.9999665252289557,0.006612294663715902,0.0048193340637267545,0.0,0.0,0.18849555921538758
25.44,-0.9999843470646385,0.0028424716181526394,0.0048193340637267545,0.0,0.0,0.18849555921538758
25.46,-0.9999879569092787,-0.0009273918252241434,0.0048193340637267545,0.0,0.0,0.18849555921538758
25.48,-0.9999773547115728,-0.004697242088310303,0.0048193340637267545,0.0,0.0,0.18849555921538758
25.5,-0.9999525406222014,-0.00846702559318902,0.0048193340637267545,0.0,0.0,0.18849555921538758
25.52,-0.9999135149938276,-0.012236688762892252,0.0048193340637267545,0.0,0.0,0.18849555921538758
25.54,-0.9998602783810917,-0.016006178022162188,0.0048193340637267545,0.0,0.0,0.18849555921538758
25.560000000000002,-0.9997928315406039,-0.019775439798213338,0.0048193340637267545,0.0,0.0,0.18849555921538758
25.580000000000002,-0.9997111754309331,-0.023544420521491236,0.0048193340637267545,0.0,0.0,0.18849555921538758
25.6,-0.999615311212594,-0.027313066626437833,0.0048193340637267545,0.0,0.0,0.18849555921538758
25.62,-0.9995052402480287,-0.031081324552250045,0.0048193340637267545,0.0,0.0,0.18849555921538758
25.64,-0.999380964101589,-0.034849140743641704,0.0048193340637267545,0.0,0.0,0.18849555921538758
25.66,-0.9992424845395146,-0.038616461651604636,0.0048193340637267545,0.0,0.0,0.18849555921538758
25.68,-0.9990898035299062,-0.042383233734169745,0.0048193340637267545,0.0,0.0,0.18849555921538758
25.7,-0.9989229232426993,-0.04614940345716798,0.0048193340637267545,0.0,0.0,0.18849555921538758
25.72,-0.9987418460496318,-0.049914917294991146,0.0048193340637267545,0.0,0.0,0.18849555921538758
25.740000000000002,-0.9985465745242116,-0.05367972173135329,0.0048193340637267545,0.0,0.0,0.18849555921538758
25.76,-0.9983371114416789,-0.05744376326004864,0.0048193340637267545,0.0,0.0,0.18849555921538758
25.78,-0.9981134597789685,-0.06120698838571595,0.0048193340637267545,0.0,0.0,0.18849555921538758
25.8,-0.9978756227146652,-0.06496934362459635,0.0048193340637267545,0.0,0.0,0.18849555921538758
25.82,-0.9976236036289602,-0.06873077550529384,0.0048193340637267545,0.0,0.0,0.18849555921538758
25.84,-0.9973574061036025,-0.07249123056953545,0.0048193340637267545,0.0,0.0,0.18849555921538758
25.86,-0.9970770339218481,-0.07625065537293092,0.0048193340637267545,0.0,0.0,0.18849555921538758
25.88,-0.9967824910684064,-0.08000899648573237,0.0048193340637267545,0.0,0.0,0.18849555921538758
25.900000000000002,-0.9964737817293834,-0.08376620049359404,0.0048193340637267545,0.0,0.0,0.18849555921538758
25.92,-0.9961509102922219,-0.08752221399832917,0.0048193340637267545,0.0,0.0,0.18849555921538758
25.94,-0.99581388134564,-0.09127698361867244,0.0048193340637267545,0.0,0.0,0.18849555921538758
25.96,-0.9954626996795648,-0.09503045599103643,0.0048193340637267545,0.0,0.0,0.18849555921538758
25.98,-0.9950973702850653,-0.09878257777027037,0.0048193340637267545,0.0,0.0,0.18849555921538758
26.0,-0.9947178983542805,-0.10253329563041844,0.0048193340637267545,0.0,0.0,0.18849555921538758
26.02,-0.9943242892803471,-0.10628255626547758,0.0048193340637267545,0.0,0.0,0.18849555921538758
26.04,-0.9939165486573208,-0.1100303063901552,0.0048193340637267545,0.0,0.0,0.18849555921538758
26.060000000000002,-0.9934946822800985,-0.113776492740627,0.0048193340637267545,0.0,0.0,0.18849555921538758
26.080000000000002,-0.9930586961443354,-0.11752106207529145,0.0048193340637267545,0.0,0.0,0.18849555921538758
26.1,-0.9926085964463595,-0.12126396117553032,0.0048193340637267545,0.0,0.0,0.18849555921538758
26.12,-0.9921443895830833,-0.12500513684646247,0.0048193340637267545,0.0,0.0,0.18849555921538758
26.14,-0.9916660821519145,-0.12874453591770052,0.0048193340637267545,0.0,0.0,0.18849555921538758
26.16,-0.9911736809506605,-0.13248210524410634,0.0048193340637267545,0.0,0.0,0.18849555921538758
26.18,-0.9906671929774317,-0.13621779170654685,0.0048193340637267545,0.0,0.0,0.18849555921538758
26.2,-0.9901466254305437,-0.13995154221264852,0.0048193340637267545,0.0,0.0,0.18849555921538758
26.22,-0.9896119857084136,-0.14368330369755178,0.0048193340637267545,0.0,0.0,0.18849555921538758
26.240000000000002,-0.9890632814094552,-0.14741302312466648,0.0048193340637267545,0.0,0.0,0.18849555921538758
26.26,-0.988500520331971,-0.15114064748642234,0.0048193340637267545,0.0,0.0,0.18849555921538758
26.28,-0.9879237104740418,-0.15486612380502682,0.0048193340637267545,0.0,0.0,0.18849555921538758
26.3,-0.9873328600334124,-0.15858939913321501,0.0048193340637267545,0.0,0.0,0.18849555921538758
26.32,-0.9867279774073755,-0.16231042055500308,0.0048193340637267545,0.0,0.0,0.18849555921538758
26.34,-0.9861090711926523,-0.16602913518644014,0.0048193340637267545,0.0,0.0,0.18849555921538758
26.36,-0.9854761501852696,-0.16974549017635981,0.0048193340637267545,0.0,0.0,0.18849555921538758
26.38,-0.9848292233804362,-0.17345943270713146,0.0048193340637267545,0.0,0.0,0.18849555921538758
26.400000000000002,-0.9841682999724136,-0.17717090999541163,0.0048193340637267545,0.0,0.0,0.18849555921538758
26.42,-0.983493389354387,-0.18087986929289143,0.0048193340637267545,0.0,0.0,0.18849555921538758
26.44,-0.9828045011183296,-0.18458625788705005,0.0048193340637267545,0.0,0.0,0.18849555921538758
26.46,-0.9821016450548683,-0.1882900231019014,0.0048193340637267545,0.0,0.0,0.18849555921538758
26.48,-0.9813848311531439,-0.19199111229874352,0.0048193340637267545,0.0,0.0,0.18849555921538758
26.5,-0.9806540696006681,-0.19568947287690652,0.0048193340637267545,0.0,0.0,0.18849555921538758
26.52,-0.9799093707831805,-0.19938505227450024,0.0048193340637267545,0.0,0.0,0.18849555921538758
26.54,-0.9791507452844995,-0.20307779796916128,0.0048193340637267545,0.0,0.0,0.18849555921538758
26.560000000000002,-0.9783782038863724,-0.2067676574788,0.0048193340637267545,0.0,0.0,0.18849555921538758
26.580000000000002,-0.9775917575683228,-0.21045457836234402,0.0048193340637267545,0.0,0.0,0.18849555921538758
26.6,-0.9767914175074935,-0.21413850822048713,0.0048193340637267545,0.0,0.0,0.18849555921538758
26.62,-0.9759771950784883,-0.2178193946964318,0.0048193340637267545,0.0,0.0,0.18849555921538758
26.64,-0.9751491018532108,-0.2214971854766335,0.0048193340637267545,0.0,0.0,0.18849555921538758
26.66,-0.9743071496006983,-0.2251718282915444,0.0048193340637267545,0.0,0.0,0.18849555921538758
26.68,-0.9734513502869556,-0.22884327091635617,0.0048193340637267545,0.0,0.0,0.18849555921538758
26.7,-0.9725817160747856,-0.23251146117174246,0.0048193340637267545,0.0,0.0,0.18849555921538758
26.72,-0.9716982593236155,-0.2361763469246001,0.0048193340637267545,0.0,0.0,0.18849555921538758
26.740000000000002,-0.9708009925893212,-0.239837876088791,0.0048193340637267545,0.0,0.0,0.18849555921538758
26.76,-0.9698899286240492,-0.24349599662587965,0.0048193340637267545,0.0,0.0,0.18849555921538758
26.78,-0.968965080376035,-0.2471506565458766,0.0048193340637267545,0.0,0.0,0.18849555921538758
26.8,-0.9680264609894192,-0.25080180390797463,0.0048193340637267545,0.0,0.0,0.18849555921538758
26.82,-0.9670740838040608,-0.25444938682128815,0.0048193340637267545,0.0,0.0,0.18849555921538758
26.84,-0.9661079623553482,-0.25809335344558976,0.0048193340637267545,0.0,0.0,0.18849555921538758
26.86,-0.9651281103740055,-0.26173365199204796,0.0048193340637267545,0.0,0.0,0.18849555921538758
26.88,-0.9641345417858981,-0.2653702307239626,0.0048193340637267545,0.0,0.0,0.18849555921538758
26.900000000000002,-0.963127270711835,-0.2690030379575008,0.0048193340637267545,0.0,0.0,0.18849555921538758
26.92,-0.9621063114673678,-0.27263202206242937,0.0048193340637267545,0.0,0.0,0.18849555921538758
26.94,-0.9610716785625874,-0.276257131462852,0.0048193340637267545,0.0,0.0,0.18849555921538758
26.96,-0.9600233867019176,-0.27987831463793994,0.0048193340637267545,0.0,0.0,0.18849555921538758
26.98,-0.9589614507839058,-0.2834955201226647,0.0048193340637267545,0.0,0.0,0.18849555921538758
27.0,-0.9578858859010119,-0.28710869650852966,0.0048193340637267545,0.0,0.0,0.18849555921538758
27.02,-0.9567967073393941,-0.29071779244430074,0.0048193340637267545,0.0,0.0,0.18849555921538758
27.04,-0.95569393057869,-0.29432275663673574,0.0048193340637267545,0.0,0.0,0.18849555921538758
27.060000000000002,-0.9545775712917992,-0.2979235378513145,0.0048193340637267545,0.0,0.0,0.18849555921538758
27.080000000000002,-0.9534476453446576,-0.3015200849129646,0.0048193340637267545,0.0,0.0,0.18849555921538758
27.1,-0.9523041687960145,-0.30511234670679166,0.0048193340637267545,0.0,0.0,0.18849555921538758
27.12,-0.9511471578972024,-0.3087002721788043,0.0048193340637267545,0.0,0.0,0.18849555921538758
27.14,-0.9499766290919067,-0.31228381033663954,0.0048193340637267545,0.0,0.0,0.18849555921538758
27.16,-0.9487925990159337,-0.3158629102502881,0.0048193340637267545,0.0,0.0,0.18849555921538758
27.18,-0.9475950844969714,-0.3194375210528178,0.0048193340637267545,0.0,0.0,0.18849555921538758
27.2,-0.9463841025543517,-0.32300759194109663,0.0048193340637267545,0.0,0.0,0.18849555921538758
27.22,-0.9451596703988085,-0.3265730721765151,0.0048193340637267545,0.0,0.0,0.18849555921538758
27.240000000000002,-0.9439218054322329,-0.33013391108570717,0.0048193340637267545,0.0,0.0,0.18849555921538758
27.26,-0.9426705252474262,-0.33369005806126895,0.0048193340637267545,0.0,0.0,0.18849555921538758
27.28,-0.9414058476278495,-0.33724146256248094,0.0048193340637267545,0.0,0.0,0.18849555921538758
27.3,-0.9401277905473712,-0.3407880741160243,0.0048193340637267545,0.0,0.0,0.18849555921538758
27.32,-0.9388363721700116,-0.34432984231669833,0.0048193340637267545,0.0,0.0,0.18849555921538758
27.34,-0.9375316108496841,-0.3478667168281369,0.0048193340637267545,0.0,0.0,0.18849555921538758
27.36,-0.9362135251299352,-0.3513986473835247,0.0048193340637267545,0.0,0.0,0.18849555921538758
27.38,-0.9348821337436806,-0.35492558378631034,0.0048193340637267545,0.0,0.0,0.18849555921538758
27.400000000000002,-0.9335374556129388,-0.3584474759109212,0.0048193340637267545,0.0,0.0,0.18849555921538758
27.42,-0.9321795098485631,-0.3619642737034734,0.0048193340637267545,0.0,0.0,0.18849555921538758
27.44,-0.9308083157499683,-0.3654759271824865,0.0048193340637267545,0.0,0.0,0.18849555921538758
27.46,-0.9294238928048572,-0.3689823864395915,0.0048193340637267545,0.0,0.0,0.18849555921538758
27.48,-0.9280262606889448,-0.3724836016402405,0.0048193340637267545,0.0,0.0,0.18849555921538758
27.5,-0.9266154392656772,-0.37597952302441606,0.0048193340637267545,0.0,0.0,0.18849555921538758
27.52,-0.9251914485859493,-0.37947010090733674,0.0048193340637267545,0.0,0.0,0.18849555921538758
27.54,-0.9237543088878205,-0.38295528568016424,0.0048193340637267545,0.0,0.0,0.18849555921538758
27.560000000000002,-0.9223040405962273,-0.3864350278107096,0.0048193340637267545,0.0,0.0,0.18849555921538758
27.580000000000002,-0.9208406643226926,-0.38990927784413304,0.0048193340637267545,0.0,0.0,0.18849555921538758
27.6,-0.9193642008650322,-0.3933779864036521,0.0048193340637267545,0.0,0.0,0.18849555921538758
27.62,-0.9178746712070601,-0.39684110419124025,0.0048193340637267545,0.0,0.0,0.18849555921538758
27.64,-0.9163720965182897,-0.4002985819883278,0.0048193340637267545,0.0,0.0,0.18849555921538758
27.66,-0.9148564981536333,-0.40375037065650227,0.0048193340637267545,0.0,0.0,0.18849555921538758
27.68,-0.9133278976530986,-0.40719642113820603,0.0048193340637267545,0.0,0.0,0.18849555921538758
27.7,-0.9117863167414818,-0.4106366844574341,0.0048193340637267545,0.0,0.0,0.18849555921538758
27.72,-0.9102317773280605,-0.4140711117204296,0.0048193340637267545,0.0,0.0,0.18849555921538758
27.740000000000002,-0.90866430150628,-0.4174996541163795,0.0048193340637267545,0.0,0.0,0.18849555921538758
27.76,-0.907083911553442,-0.4209222629181062,0.0048193340637267545,0.0,0.0,0.18849555921538758
27.78,-0.9054906299303862,-0.42433888948276305,0.0048193340637267545,0.0,0.0,0.18849555921538758
27.8,-0.9038844792811708,-0.4277494852525238,0.0048193340637267545,0.0,0.0,0.18849555921538758
27.82,-0.9022654824327514,-0.4311540017552735,0.0048193340637267545,0.0,0.0,0.18849555921538758
27.84,-0.9006336623946574,-0.4345523906052968,0.0048193340637267545,0.0,0.0,0.18849555921538758
27.86,-0.8989890423586636,-0.4379446035039655,0.0048193340637267545,0.0,0.0,0.18849555921538758
27.88,-0.8973316456984606,-0.44133059224042576,0.0048193340637267545,0.0,0.0,0.18849555921538758
27.900000000000002,-0.8956614959693237,-0.4447103086922832,0.0048193340637267545,0.0,0.0,0.18849555921538758
27.92,-0.8939786169077777,-0.44808370482628485,0.0048193340637267545,0.0,0.0,0.18849555921538758
27.94,-0.8922830324312594,-0.45145073269900526,0.0048193340637267545,0.0,0.0,0.18849555921538758
27.96,-0.8905747666377768,-0.45481134445752563,0.0048193340637267545,0.0,0.0,0.18849555921538758
27.98,-0.8888538438055682,-0.4581654923401138,0.0048193340637267545,0.0,0.0,0.18849555921538758
28.0,-0.8871202883927568,-0.4615131286769041,0.0048193340637267545,0.0,0.0,0.18849555921538758
28.02,-0.8853741250370019,-0.46485420589057397,0.0048193340637267545,0.0,0.0,0.18849555921538758
28.04,-0.8836153785551498,-0.468188676497021,0.0048193340637267545,0.0,0.0,0.18849555921538758
28.060000000000002,-0.8818440739428807,-0.4715164931060375,0.0048193340637267545,0.0,0.0,0.18849555921538758
28.080000000000002,-0.8800602363743548,-0.4748376084219823,0.0048193340637267545,0.0,0.0,0.18849555921538758
28.1,-0.8782638912018518,-0.47815197524445585,0.0048193340637267545,0.0,0.0,0.18849555921538758
28.12,-0.8764550639554131,-0.4814595464689691,0.0048193340637267545,0.0,0.0,0.18849555921538758
28.14,-0.8746337803424779,-0.4847602750876137,0.0048193340637267545,0.0,0.0,0.18849555921538758
28.16,-0.8728000662475173,-0.48805411418973005,0.0048193340637267545,0.0,0.0,0.18849555921538758
28.18,-0.870953947731668,-0.49134101696257343,0.0048193340637267545,0.0,0.0,0.18849555921538758
28.2,-0.8690954510323601,-0.4946209366919796,0.0048193340637267545,0.0,0.0,0.18849555921538758
28.22,-0.8672246025629455,-0.4978938267630294,0.0048193340637267545,0.0,0.0,0.18849555921538758
28.240000000000002,-0.865341428912322,-0.5011596406607111,0.0048193340637267545,0.0,0.0,0.18849555921538758
28.26,-0.8634459568445563,-0.5044183319705787,0.0048193340637267545,0.0,0.0,0.18849555921538758
28.28,-0.8615382132985016,-0.5076698543794165,0.0048193340637267545,0.0,0.0,0.18849555921538758
28.3,-0.8596182253874165,-0.5109141616758938,0.0048193340637267545,0.0,0.0,0.18849555921538758
28.32,-0.8576860203985792,-0.514151207751222,0.0048193340637267545,0.0,0.0,0.18849555921538758
28.34,-0.8557416257928993,-0.5173809465998118,0.0048193340637267545,0.0,0.0,0.18849555921538758
28.36,-0.8537850692045285,-0.520603332319925,0.0048193340637267545,0.0,0.0,0.18849555921538758
28.38,-0.8518163784404666,-0.5238183191143276,0.0048193340637267545,0.0,0.0,0.18849555921538758
28.400000000000002,-0.8498355814801666,-0.527025861290942,0.0048193340637267545,0.0,0.0,0.18849555921538758
28.42,-0.8478427064751387,-0.5302259132634919,0.0048193340637267545,0.0,0.0,0.18849555921538758
28.44,-0.8458377817485474,-0.5334184295521566,0.0048193340637267545,0.0,0.0,0.18849555921538758
28.46,-0.843820835794811,-0.536603364784213,0.0048193340637267545,0.0,0.0,0.18849555921538758
28.48,-0.8417918972791961,-0.5397806736946813,0.0048193340637267545,0.0,0.0,0.18849555921538758
28.5,-0.8397509950374102,-0.542950311126969,0.0048193340637267545,0.0,0.0,0.18849555921538758
28.52,-0.8376981580751914,-0.5461122320335123,0.0048193340637267545,0.0,0.0,0.18849555921538758
28.54,-0.835633415567897,-0.549266391476416,0.0048193340637267545,0.0,0.0,0.18849555921538758
28.560000000000002,-0.833556796860088,-0.5524127446280933,0.0048193340637267545,0.0,0.0,0.18849555921538758
28.580000000000002,-0.8314683314651135,-0.5555512467719003,0.0048193340637267545,0.0,0.0,0.18849555921538758
28.6,-0.8293680490646891,-0.5586818533027749,0.0048193340637267545,0.0,0.0,0.18849555921538758
28.62,-0.8272559795084773,-0.561804519727869,0.0048193340637267545,0.0,0.0,0.18849555921538758
28.64,-0.8251321528136614,-0.5649192016671806,0.0048193340637267545,0.0,0.0,0.18849555921538758
28.66,-0.8229965991645192,-0.5680258548541847,0.0048193340637267545,0.0,0.0,0.18849555921538758
28.68,-0.8208493489119959,-0.5711244351364632,0.0048193340637267545,0.0,0.0,0.18849555921538758
28.7,-0.8186904325732698,-0.5742148984763313,0.0048193340637267545,0.0,0.0,0.18849555921538758
28.72,-0.8165198808313215,-0.5772972009514644,0.0048193340637267545,0.0,0.0,0.18849555921538758
28.740000000000002,-0.8143377245344952,-0.5803712987555221,0.0048193340637267545,0.0,0.0,0.18849555921538758
28.76,-0.8121439946960628,-0.5834371481987691,0.0048193340637267545,0.0,0.0,0.18849555921538758
28.78,-0.8099387224937806,-0.5864947057086992,0.0048193340637267545,0.0,0.0,0.18849555921538758
28.8,-0.8077219392694484,-0.5895439278306518,0.0048193340637267545,0.0,0.0,0.18849555921538758
28.82,-0.8054936765284623,-0.5925847712284311,0.0048193340637267545,0.0,0.0,0.18849555921538758
28.84,-0.8032539659393682,-0.595617192684922,0.0048193340637267545,0.0,0.0,0.18849555921538758
28.86,-0.8010028393334111,-0.5986411491027029,0.0048193340637267545,0.0,0.0,0.18849555921538758
28.88,-0.7987403287040832,-0.6016565975046599,0.0048193340637267545,0.0,0.0,0.18849555921538758
28.900000000000002,-0.7964664662066678,-0.6046634950345969,0.0048193340637267545,0.0,0.0,0.18849555921538758
28.92,-0.7941812841577854,-0.6076617989578431,0.0048193340637267545,0.0,0.0,0.18849555921538758
28.94,-0.7918848150349308,-0.6106514666618637,0.0048193340637267545,0.0,0.0,0.18849555921538758
28.96,-0.7895770914760132,-0.6136324556568624,0.0048193340637267545,0.0,0.0,0.18849555921538758
28.98,-0.7872581462788927,-0.6166047235763877,0.0048193340637267545,0.0,0.0,0.18849555921538758
29.0,-0.7849280124009135,-0.6195682281779328,0.0048193340637267545,0.0,0.0,0.18849555921538758
29.02,-0.7825867229584357,-0.6225229273435382,0.0048193340637267545,0.0,0.0,0.18849555921538758
29.04,-0.780234311226365,-0.6254687790803881,0.0048193340637267545,0.0,0.0,0.18849555921538758
29.060000000000002,-0.7778708106376786,-0.6284057415214095,0.0048193340637267545,0.0,0.0,0.18849555921538758
29.080000000000002,-0.7754962547829523,-0.6313337729258641,0.0048193340637267545,0.0,0.0,0.18849555921538758
29.1,-0.7731106774098804,-0.6342528316799446,0.0048193340637267545,0.0,0.0,0.18849555921538758
29.12,-0.7707141124227977,-0.637162876297365,0.0048193340637267545,0.0,0.0,0.18849555921538758
29.14,-0.7683065938821978,-0.6400638654199498,0.0048193340637267545,0.0,0.0,0.18849555921538758
29.16,-0.7658881560042481,-0.6429557578182221,0.0048193340637267545,0.0,0.0,0.18849555921538758
29.18,-0.7634588331603042,-0.64583851239199,0.0048193340637267545,0.0,0.0,0.18849555921538758
29.2,-0.7610186598764207,-0.64871208817093,0.0048193340637267545,0.0,0.0,0.18849555921538758
29.22,-0.7585676708328616,-0.6515764443151694,0.0048193340637267545,0.0,0.0,0.18849555921538758
29.240000000000002,-0.7561059008636063,-0.6544315401158673,0.0048193340637267545,0.0,0.0,0.18849555921538758
29.26,-0.7536333849558557,-0.657277334995792,0.0048193340637267545,0.0,0.0,0.18849555921538758
29.28,-0.7511501582495334,-0.6601137885098995,0.0048193340637267545,0.0,0.0,0.18849555921538758
29.3,-0.7486562560367873,-0.6629408603459072,0.0048193340637267545,0.0,0.0,0.18849555921538758
29.32,-0.7461517137614886,-0.6657585103248664,0.0048193340637267545,0.0,0.0,0.18849555921538758
29.34,-0.7436365670187263,-0.6685666984017338,0.0048193340637267545,0.0,0.0,0.18849555921538758
29.36,-0.7411108515543032,-0.6713653846659411,0.0048193340637267545,0.0,0.0,0.18849555921538758
29.38,-0.738574603264227,-0.6741545293419614,0.0048193340637267545,0.0,0.0,0.18849555921538758
29.400000000000002,-0.7360278581941992,-0.6769340927898759,0.0048193340637267545,0.0,0.0,0.18849555921538758
29.42,-0.7334706525391053,-0.6797040355059338,0.0048193340637267545,0.0,0.0,0.18849555921538758
29.44,-0.7309030226424975,-0.682464318123119,0.0048193340637267545,0.0,0.0,0.18849555921538758
29.46,-0.7283250049960803,-0.6852149014117049,0.0048193340637267545,0.0,0.0,0.18849555921538758
29.48,-0.7257366362391908,-0.6879557462798152,0.0048193340637267545,0.0,0.0,0.18849555921538758
29.5,-0.7231379531582788,-0.6906868137739769,0.0048193340637267545,0.0,0.0,0.18849555921538758
29.52,-0.7205289926863824,-0.693408065079676,0.0048193340637267545,0.0,0.0,0.18849555921538758
29.54,-0.7179097919026052,-0.6961194615219077,0.0048193340637267545,0.0,0.0,0.18849555921538758
29.560000000000002,-0.7152803880315872,-0.6988209645657281,0.0048193340637267545,0.0,0.0,0.18849555921538758
29.580000000000002,-0.7126408184429792,-0.7015125358167974,0.0048193340637267545,0.0,0.0,0.18849555921538758
29.6,-0.7099911206509069,-0.7041941370219308,0.0048193340637267545,0.0,0.0,0.18849555921538758
29.62,-0.707331332313441,-0.7068657300696399,0.0048193340637267545,0.0,0.0,0.18849555921538758
29.64,-0.7046614912320613,-0.709527276990674,0.0048193340637267545,0.0,0.0,0.18849555921538758
29.66,-0.7019816353511197,-0.7121787399585598,0.0048193340637267545,0.0,0.0,0.18849555921538758
29.68,-0.699291802757299,-0.714820081290139,0.0048193340637267545,0.0,0.0,0.18849555921538758
29.7,-0.6965920316790751,-0.7174512634461051,0.0048193340637267545,0.0,0.0,0.18849555921538758
29.72,-0.6938823604861708,-0.7200722490315354,0.0048193340637267545,0.0,0.0,0.18849555921538758
29.740000000000002,-0.6911628276890114,-0.7226830007964237,0.0048193340637267545,0.0,0.0,0.18849555921538758
29.76,-0.6884334719381786,-0.7252834816362074,0.0048193340637267545,0.0,0.0,0.18849555921538758
29.78,-0.6856943320238583,-0.7278736545922981,0.0048193340637267545,0.0,0.0,0.18849555921538758
29.8,-0.6829454468752919,-0.7304534828526053,0.0048193340637267545,0.0,0.0,0.18849555921538758
29.82,-0.6801868555602222,-0.7330229297520583,0.0048193340637267545,0.0,0.0,0.18849555921538758
29.84,-0.6774185972843377,-0.7355819587731295,0.0048193340637267545,0.0,0.0,0.18849555921538758
29.86,-0.6746407113907162,-0.7381305335463516,0.0048193340637267545,0.0,0.0,0.18849555921538758
29.88,-0.671853237359265,-0.7406686178508366,0.0048193340637267545,0.0,0.0,0.18849555921538758
29.900000000000002,-0.6690562148061596,-0.7431961756147882,0.0048193340637267545,0.0,0.0,0.18849555921538758
29.92,-0.6662496834832832,-0.7457131709160152,0.0048193340637267545,0.0,0.0,0.18849555921538758
29.94,-0.6634336832776568,-0.7482195679824435,0.0048193340637267545,0.0,0.0,0.18849555921538758
29.96,-0.6606082542108773,-0.7507153311926228,0.0048193340637267545,0.0,0.0,0.18849555921538758
29.98,-0.6577734364385457,-0.7532004250762336,0.0048193340637267545,0.0,0.0,0.18849555921538758
30.0,-0.6549292702496975,-0.7556748143145909,0.0048193340637267545,0.0,0.0,0.18849555921538758
30.02,-0.6520757960662295,-0.7581384637411466,0.0048193340637267545,0.0,0.0,0.18849555921538758
30.04,-0.649213054442326,-0.760591338341989,0.0048193340637267545,0.0,0.0,0.18849555921538758
30.060000000000002,-0.6463410860638821,-0.7630334032563411,0.0048193340637267545,0.0,0.0,0.18849555921538758
30.080000000000002,-0.6434599317479265,-0.7654646237770539,0.0048193340637267545,0.0,0.0,0.18849555921538758
30.1,-0.6405696324420384,-0.7678849653511028,0.0048193340637267545,0.0,0.0,0.18849555921538758
30.12,-0.6376702292237693,-0.7702943935800768,0.0048193340637267545,0.0,0.0,0.18849555921538758
30.14,-0.6347617633000562,-0.7726928742206672,0.0048193340637267545,0.0,0.0,0.18849555921538758
30.16,-0.631844276006638,-0.7750803731851554,0.0048193340637267545,0.0,0.0,0.18849555921538758
30.18,-0.6289178088074673,-0.7774568565418963,0.0048193340637267545,0.0,0.0,0.18849555921538758
30.2,-0.6259824032941205,-0.7798222905158005,0.0048193340637267545,0.0,0.0,0.18849555921538758
30.22,-0.6230381011852079,-0.7821766414888159,0.0048193340637267545,0.0,0.0,0.18849555921538758
30.240000000000002,-0.6200849443257785,-0.7845198760004042,0.0048193340637267545,0.0,0.0,0.18849555921538758
30.26,-0.6171229746867295,-0.786851960748015,0.0048193340637267545,0.0,0.0,0.18849555921538758
30.28,-0.6141522343642054,-0.7891728625875625,0.0048193340637267545,0.0,0.0,0.18849555921538758
30.3,-0.6111727655790016,-0.7914825485338947,0.0048193340637267545,0.0,0.0,0.18849555921538758
30.32,-0.608184610675965,-0.7937809857612613,0.0048193340637267545,0.0,0.0,0.18849555921538758
30.34,-0.6051878121233907,-0.7960681416037816,0.0048193340637267545,0.0,0.0,0.18849555921538758
30.36,-0.60218241251242,-0.7983439835559089,0.0048193340637267545,0.0,0.0,0.18849555921538758
30.38,-0.5991684545564333,-0.8006084792728911,0.0048193340637267545,0.0,0.0,0.18849555921538758
30.400000000000002,-0.596145981090444,-0.8028615965712325,0.0048193340637267545,0.0,0.0,0.18849555921538758
30.42,-0.5931150350704918,-0.8051033034291474,0.0048193340637267545,0.0,0.0,0.18849555921538758
30.44,-0.590075659573028,-0.8073335679870203,0.0048193340637267545,0.0,0.0,0.18849555921538758
30.46,-0.587027897794306,-0.809552358547855,0.0048193340637267545,0.0,0.0,0.18849555921538758
30.48,-0.583971793049767,-0.8117596435777261,0.0048193340637267545,0.0,0.0,0.18849555921538758
30.5,-0.5809073887734241,-0.8139553917062278,0.0048193340637267545,0.0,0.0,0.18849555921538758
30.52,-0.5778347285172454,-0.8161395717269189,0.0048193340637267545,0.0,0.0,0.18849555921538758
30.54,-0.574753855950534,-0.8183121525977665,0.0048193340637267545,0.0,0.0,0.18849555921538758
30.560000000000002,-0.5716648148593083,-0.8204731034415879,0.0048193340637267545,0.0,0.0,0.18849555921538758
30.580000000000002,-0.5685676491456809,-0.8226223935464874,0.0048193340637267545,0.0,0.0,0.18849555921538758
30.6,-0.5654624028272317,-0.8247599923662953,0.0048193340637267545,0.0,0.0,0.18849555921538758
30.62,-0.5623491200363845,-0.8268858695210013,0.0048193340637267545,0.0,0.0,0.18849555921538758
30.64,-0.5592278450197786,-0.828999994797185,0.0048193340637267545,0.0,0.0,0.18849555921538758
30.66,-0.556098622137641,-0.8311023381484468,0.0048193340637267545,0.0,0.0,0.18849555921538758
30.68,-0.552961495863156,-0.8331928696958343,0.0048193340637267545,0.0,0.0,0.18849555921538758
30.7,-0.5498165107818315,-0.8352715597282665,0.0048193340637267545,0.0,0.0,0.18849555921538758
30.72,-0.5466637115908668,-0.837338378702957,0.0048193340637267545,0.0,0.0,0.18849555921538758
30.740000000000002,-0.5435031430985169,-0.8393932972458331,0.0048193340637267545,0.0,0.0,0.18849555921538758
30.76,-0.5403348502234572,-0.8414362861519536,0.0048193340637267545,0.0,0.0,0.18849555921538758
30.78,-0.5371588779941417,-0.8434673163859245,0.0048193340637267545,0.0,0.0,0.18849555921538758
30.8,-0.5339752715481658,-0.8454863590823104,0.0048193340637267545,0.0,0.0,0.18849555921538758
30.82,-0.5307840761316243,-0.8474933855460449,0.0048193340637267545,0.0,0.0,0.18849555921538758
30.84,-0.527585337098467,-0.8494883672528398,0.0048193340637267545,0.0,0.0,0.18849555921538758
30.86,-0.5243790999098571,-0.8514712758495889,0.0048193340637267545,0.0,0.0,0.18849555921538758
30.88,-0.5211654101335217,-0.8534420831547721,0.0048193340637267545,0.0,0.0,0.18849555921538758
30.900000000000002,-0.5179443134431051,-0.8554007611588555,0.0048193340637267545,0.0,0.0,0.18849555921538758
30.92,-0.5147158556175228,-0.8573472820246884,0.0048193340637267545,0.0,0.0,0.18849555921538758
30.94,-0.5114800825403059,-0.8592816180879013,0.0048193340637267545,0.0,0.0,0.18849555921538758
30.96,-0.5082370401989519,-0.861203741857296,0.0048193340637267545,0.0,0.0,0.18849555921538758
30.98,-0.5049867746842716,-0.8631136260152404,0.0048193340637267545,0.0,0.0,0.18849555921538758
31.0,-0.5017293321897319,-0.8650112434180526,0.0048193340637267545,0.0,0.0,0.18849555921538758
31.02,-0.49846475901080134,-0.8668965670963885,0.0048193340637267545,0.0,0.0,0.18849555921538758
31.04,-0.49519310154429097,-0.868769570255626,0.0048193340637267545,0.0,0.0,0.18849555921538758
31.060000000000002,-0.4919144062876944,-0.8706302262762445,0.0048193340637267545,0.0,0.0,0.18849555921538758
31.080000000000002,-0.4886287198385299,-0.8724785087142027,0.0048193340637267545,0.0,0.0,0.18849555921538758
31.1,-0.4853360888936744,-0.874314391301316,0.0048193340637267545,0.0,0.0,0.18849555921538758
31.12,-0.4820365602487017,-0.8761378479456294,0.0048193340637267545,0.0,0.0,0.18849555921538758
31.14,-0.4787301807972173,-0.877948852731788,0.0048193340637267545,0.0,0.0,0.18849555921538758
31.16,-0.47541699753019206,-0.8797473799214046,0.0048193340637267545,0.0,0.0,0.18849555921538758
31.18,-0.47209705753529374,-0.8815334039534272,0.0048193340637267545,0.0,0.0,0.18849555921538758
31.2,-0.4687704079962188,-0.8833068994445008,0.0048193340637267545,0.0,0.0,0.18849555921538758
31.220000000000002,-0.46543709619201973,-0.8850678411893292,0.0048193340637267545,0.0,0.0,0.18849555921538758
31.240000000000002,-0.4620971694964368,-0.8868162041610316,0.0048193340637267545,0.0,0.0,0.18849555921538758
31.26,-0.45875067537722086,-0.8885519635115006,0.0048193340637267545,0.0,0.0,0.18849555921538758
31.28,-0.4553976613954606,-0.8902750945717535,0.0048193340637267545,0.0,0.0,0.18849555921538758
31.3,-0.45203817520490686,-0.8919855728522839,0.0048193340637267545,0.0,0.0,0.18849555921538758
31.32,-0.4486722645512945,-0.8936833740434091,0.0048193340637267545,0.0,0.0,0.18849555921538758
31.34,-0.4452999772716646,-0.8953684740156166,0.0048193340637267545,0.0,0.0,0.18849555921538758
31.36,-0.4419213612936837,-0.8970408488199053,0.0048193340637267545,0.0,0.0,0.18849555921538758
31.38,-0.4385364646349636,-0.8987004746881275,0.0048193340637267545,0.0,0.0,0.18849555921538758
31.400000000000002,-0.4351453354023777,-0.9003473280333267,0.0048193340637267545,0.0,0.0,0.18849555921538758
31.42,-0.4317480217913799,-0.9019813854500707,0.0048193340637267545,0.0,0.0,0.18849555921538758
31.44,-0.42834457208531584,-0.9036026237147867,0.0048193340637267545,0.0,0.0,0.18849555921538758
31.46,-0.4249350346547395,-0.9052110197860908,0.0048193340637267545,0.0,0.0,0.18849555921538758
31.48,-0.4215194579567248,-0.9068065508051141,0.0048193340637267545,0.0,0.0,0.18849555921538758
31.5,-0.4180978905341769,-0.9083891940958292,0.0048193340637267545,0.0,0.0,0.18849555921538758
31.52,-0.41467038101514253,-0.9099589271653722,0.0048193340637267545,0.0,0.0,0.18849555921538758
31.54,-0.41123697811211885,-0.9115157277043613,0.0048193340637267545,0.0,0.0,0.18849555921538758
31.560000000000002,-0.4077977306213604,-0.9130595735872151,0.0048193340637267545,0.0,0.0,0.18849555921538758
31.580000000000002,-0.40435268742218805,-0.9145904428724659,0.0048193340637267545,0.0,0.0,0.18849555921538758
31.6,-0.40090189747629057,-0.9161083138030723,0.0048193340637267545,0.0,0.0,0.18849555921538758
31.62,-0.3974454098270316,-0.9176131648067292,0.0048193340637267545,0.0,0.0,0.18849555921538758
31.64,-0.39398327359875135,-0.9191049744961727,0.0048193340637267545,0.0,0.0,0.18849555921538758
31.66,-0.3905155379960693,-0.9205837216694844,0.0048193340637267545,0.0,0.0,0.18849555921538758
31.68,-0.3870422523031842,-0.9220493853103946,0.0048193340637267545,0.0,0.0,0.18849555921538758
31.7,-0.3835634658831737,-0.9235019445885785,0.0048193340637267545,0.0,0.0,0.18849555921538758
31.720000000000002,-0.38007922817729267,-0.9249413788599533,0.0048193340637267545,0.0,0.0,0.18849555921538758
31.740000000000002,-0.3765895887042724,-0.9263676676669718,0.0048193340637267545,0.0,0.0,0.18849555921538758
31.76,-0.37309459705961373,-0.9277807907389128,0.0048193340637267545,0.0,0.0,0.18849555921538758
31.78,-0.36959430291488393,-0.9291807279921702,0.0048193340637267545,0.0,0.0,0.18849555921538758
31.8,-0.36608875601701085,-0.9305674595305362,0.0048193340637267545,0.0,0.0,0.18849555921538758
31.82,-0.36257800618757524,-0.9319409656454865,0.0048193340637267545,0.0,0.0,0.18849555921538758
31.84,-0.3590621033221033,-0.9333012268164584,0.0048193340637267545,0.0,0.0,0.18849555921538758
31.86,-0.3555410973893573,-0.9346482237111301,0.0048193340637267545,0.0,0.0,0.18849555921538758
31.88,-0.3520150384306253,-0.9359819371856946,0.0048193340637267545,0.0,0.0,0.18849555921538758
31.900000000000002,-0.34848397655900953,-0.9373023482851303,0.0048193340637267545,0.0,0.0,0.18849555921538758
31.92,-0.34494796195871613,-0.938609438243473,0.0048193340637267545,0.0,0.0,0.18849555921538758
31.94,-0.34140704488433926,-0.9399031884840814,0.0048193340637267545,0.0,0.0,0.18849555921538758
31.96,-0.3378612756601483,-0.9411835806199006,0.0048193340637267545,0.0,0.0,0.18849555921538758
31.98,-0.33431070467937263,-0.9424505964537245,0.0048193340637267545,0.0,0.0,0.18849555921538758
32.0,-0.33075538240348495,-0.9437042179784534,0.0048193340637267545,0.0,0.0,0.18849555921538758
32.02,-0.32719535936148386,-0.9449444273773504,0.0048193340637267545,0.0,0.0,0.18849555921538758
32.04,-0.32363068614917884,-0.9461712070242951,0.0048193340637267545,0.0,0.0,0.18849555921538758
32.06,-0.320061413428464,-0.9473845394840329,0.0048193340637267545,0.0,0.0,0.18849555921538758
32.08,-0.3164875919266082,-0.9485844075124238,0.0048193340637267545,0.0,0.0,0.18849555921538758
32.1,-0.31290927243552275,-0.9497707940566877,0.0048193340637267545,0.0,0.0,0.18849555921538758
32.12,-0.30932650581105103,-0.950943682255645,0.0048193340637267545,0.0,0.0,0.18849555921538758
32.14,-0.30573934297223454,-0.9521030554399593,0.0048193340637267545,0.0,0.0,0.18849555921538758
32.160000000000004,-0.3021478349005988,-0.95324889713237,0.0048193340637267545,0.0,0.0,0.18849555921538758
32.18,-0.2985520326394246,-0.9543811910479311,0.0048193340637267545,0.0,0.0,0.18849555921538758
32.2,-0.2949519872930187,-0.9554999210942399,0.0048193340637267545,0.0,0.0,0.18849555921538758
32.22,-0.291347750025997,-0.9566050713716653,0.0048193340637267545,0.0,0.0,0.18849555921538758
32.24,-0.28773937206254635,-0.9576966261735765,0.0048193340637267545,0.0,0.0,0.18849555921538758
32.26,-0.28412690468570717,-0.9587745699865629,0.0048193340637267545,0.0,0.0,0.18849555921538758
32.28,-0.2805103992366349,-0.9598388874906574,0.0048193340637267545,0.0,0.0,0.18849555921538758
32.3,-0.27688990711387956,-0.9608895635595521,0.0048193340637267545,0.0,0.0,0.18849555921538758
32.32,-0.2732654797726456,-0.961926583260815,0.0048193340637267545,0.0,0.0,0.18849555921538758
32.34,-0.26963716872406934,-0.9629499318561001,0.0048193340637267545,0.0,0.0,0.18849555921538758
32.36,-0.26600502553448374,-0.9639595948013581,0.0048193340637267545,0.0,0.0,0.18849555921538758
32.38,-0.2623691018246802,-0.9649555577470444,0.0048193340637267545,0.0,0.0,0.18849555921538758
32.4,-0.2587294492691856,-0.9659378065383211,0.0048193340637267545,0.0,0.0,0.18849555921538758
32.42,-0.25508611959551686,-0.9669063272152586,0.0048193340637267545,0.0,0.0,0.18849555921538758
32.44,-0.2514391645834554,-0.967861106013034,0.0048193340637267545,0.0,0.0,0.18849555921538758
32.46,-0.24778863606430193,-0.9688021293621274,0.0048193340637267545,0.0,0.0,0.18849555921538758
32.480000000000004,-0.24413458592014856,-0.9697293838885139,0.0048193340637267545,0.0,0.0,0.18849555921538758
32.5,-0.2404770660831373,-0.9706428564138543,0.0048193340637267545,0.0,0.0,0.18849555921538758
32.52,-0.2368161285347184,-0.9715425339556822,0.0048193340637267545,0.0,0.0,0.18849555921538758
32.54,-0.23315182530492062,-0.9724284037275875,0.0048193340637267545,0.0,0.0,0.18849555921538758
32.56,-0.22948420847160114,-0.9733004531394008,0.0048193340637267545,0.0,0.0,0.18849555921538758
32.58,-0.22581333015971605,-0.9741586697973691,0.0048193340637267545,0.0,0.0,0.18849555921538758
32.6,-0.22213924254056916,-0.9750030415043344,0.0048193340637267545,0.0,0.0,0.18849555921538758
32.62,-0.21846199783108067,-0.9758335562599052,0.0048193340637267545,0.0,0.0,0.18849555921538758
32.64,-0.21478164829303487,-0.9766502022606292,0.0048193340637267545,0.0,0.0,0.18849555921538758
32.660000000000004,-0.21109824623234655,-0.9774529679001587,0.0048193340637267545,0.0,0.0,0.18849555921538758
32.68,-0.20741184399831353,-0.9782418417694166,0.0048193340637267545,0.0,0.0,0.18849555921538758
32.7,-0.2037224939828687,-0.9790168126567598,0.0048193340637267545,0.0,0.0,0.18849555921538758
32.72,-0.20003024861984492,-0.9797778695481358,0.0048193340637267545,0.0,0.0,0.18849555921538758
32.74,-0.19633516038421886,-0.9805250016272427,0.0048193340637267545,0.0,0.0,0.18849555921538758
32.76,-0.19263728179137612,-0.9812581982756784,0.0048193340637267545,0.0,0.0,0.18849555921538758
32.78,-0.1889366653963542,-0.9819774490730968,0.0048193340637267545,0.0,0.0,0.18849555921538758
32.8,-0.18523336379310607,-0.9826827437973514,0.0048193340637267545,0.0,0.0,0.18849555921538758
32.82,-0.18152742961374205,-0.9833740724246438,0.0048193340637267545,0.0,0.0,0.18849555921538758
32.84,-0.17781891552779117,-0.9840514251296629,0.0048193340637267545,0.0,0.0,0.18849555921538758
32.86,-0.17410787424144897,-0.9847147922857274,0.0048193340637267545,0.0,0.0,0.18849555921538758
32.88,-0.17039435849682377,-0.9853641644649228,0.0048193340637267545,0.0,0.0,0.18849555921538758
32.9,-0.16667842107119685,-0.9859995324382322,0.0048193340637267545,0.0,0.0,0.18849555921538758
32.92,-0.16296011477626163,-0.9866208871756706,0.0048193340637267545,0.0,0.0,0.18849555921538758
32.94,-0.15923949245738364,-0.9872282198464116,0.0048193340637267545,0.0,0.0,0.18849555921538758
32.96,-0.15551660699283906,-0.9878215218189137,0.0048193340637267545,0.0,0.0,0.18849555921538758
32.980000000000004,-0.15179151129307233,-0.9884007846610426,0.0048193340637267545,0.0,0.0,0.18849555921538758
33.0,-0.1480642582999401,-0.9889660001401912,0.0048193340637267545,0.0,0.0,0.18849555921538758
33.02,-0.14433490098595508,-0.9895171602233966,0.0048193340637267545,0.0,0.0,0.18849555921538758
33.04,-0.1406034923535423,-0.9900542570774531,0.0048193340637267545,0.0,0.0,0.18849555921538758
33.06,-0.13687008543427526,-0.9905772830690265,0.0048193340637267545,0.0,0.0,0.18849555921538758
33.08,-0.1331347332881329,-0.9910862307647593,0.0048193340637267545,0.0,0.0,0.18849555921538758
33.1,-0.12939748900273482,-0.9915810929313785,0.0048193340637267545,0.0,0.0,0.18849555921538758
33.12,-0.12565840569259726,-0.9920618625357972,0.0048193340637267545,0.0,0.0,0.18849555921538758
33.14,-0.12191753649836794,-0.9925285327452148,0.0048193340637267545,0.0,0.0,0.18849555921538758
33.160000000000004,-0.11817493458607987,-0.9929810969272151,0.0048193340637267545,0.0,0.0,0.18849555921538758
33.18,-0.11443065314639182,-0.9934195486498592,0.0048193340637267545,0.0,0.0,0.18849555921538758
33.2,-0.11068474539382835,-0.9938438816817776,0.0048193340637267545,0.0,0.0,0.18849555921538758
33.22,-0.10693726456603288,-0.9942540899922587,0.0048193340637267545,0.0,0.0,0.18849555921538758
33.24,-0.10318826392300039,-0.9946501677513344,0.0048193340637267545,0.0,0.0,0.18849555921538758
33.26,-0.09943779674633113,-0.9950321093298625,0.0048193340637267545,0.0,0.0,0.18849555921538758
33.28,-0.09568591633846268,-0.9953999092996085,0.0048193340637267545,0.0,0.0,0.18849555921538758
33.3,-0.09193267602192311,-0.9957535624333201,0.0048193340637267545,0.0,0.0,0.18849555921538758
33.32,-0.0881781291385625,-0.9960930637048042,0.0048193340637267545,0.0,0.0,0.18849555921538758
33.34,-0.08442232904880405,-0.9964184082889955,0.0048193340637267545,0.0,0.0,0.18849555921538758
33.36,-0.0806653291308819,-0.9967295915620277,0.0048193340637267545,0.0,0.0,0.18849555921538758
33.38,-0.07690718278007835,-0.9970266091012973,0.0048193340637267545,0.0,0.0,0.18849555921538758
33.4,-0.0731479434079743,-0.9973094566855282,0.0048193340637267545,0.0,0.0,0.18849555921538758
33.42,-0.06938766444167979,-0.99757813029483,0.0048193340637267545,0.0,0.0,0.18849555921538758
33.44,-0.06562639932308495,-0.9978326261107555,0.0048193340637267545,0.0,0.0,0.18849555921538758
33.46,-0.06186420150808997,-0.9980729405163564,0.0048193340637267545,0.0,0.0,0.18849555921538758
33.480000000000004,-0.05810112446585484,-0.998299070096233,0.0048193340637267545,0.0,0.0,0.18849555921538758
33.5,-0.05433722167803524,-0.9985110116365828,0.0048193340637267545,0.0,0.0,0.18849555921538758
33.52,-0.05057254663801854,-0.998708762125248,0.0048193340637267545,0.0,0.0,0.18849555921538758
33.54,-0.04680715285017285,-0.9988923187517564,0.0048193340637267545,0.0,0.0,0.18849555921538758
33.56,-0.04304109382907595,-0.9990616789073617,0.0048193340637267545,0.0,0.0,0.18849555921538758
33.58,-0.03927442309876538,-0.9992168401850816,0.0048193340637267545,0.0,0.0,0.18849555921538758
33.6,-0.03550719419196709,-0.9993578003797305,0.0048193340637267545,0.0,0.0,0.18849555921538758
33.62,-0.031739460649345304,-0.9994845574879524,0.0048193340637267545,0.0,0.0,0.18849555921538758
33.64,-0.02797127601873088,-0.999597109708248,0.0048193340637267545,0.0,0.0,0.18849555921538758
33.660000000000004,-0.024202693854369683,-0.9996954554410011,0.0048193340637267545,0.0,0.0,0.18849555921538758
33.68,-0.020433767716157354,-0.9997795932885014,0.0048193340637267545,0.0,0.0,0.18849555921538758
33.7,-0.016664551168874196,-0.9998495220549636,0.0048193340637267545,0.0,0.0,0.18849555921538758
33.72,-0.012895097781433188,-0.9999052407465452,0.0048193340637267545,0.0,0.0,0.18849555921538758
33.74,-0.009125461126108004,-0.9999467485713601,0.0048193340637267545,0.0,0.0,0.18849555921538758
33.76,-0.005355694777782299,-0.9999740449394906,0.0048193340637267545,0.0,0.0,0.18849555921538758
33.78,-0.0015858523131776004,-0.9999871294629947,0.0048193340637267545,0.0,0.0,0.18849555921538758
33.8,0.0021840126898974212,-0.9999860019559121,0.0048193340637267545,0.0,0.0,0.18849555921538758
33.82,0.005953846653319136,-0.9999706624342678,0.0048193340637267545,0.0,0.0,0.18849555921538758
33.84,0.009723595999401032,-0.9999411111160695,0.0048193340637267545,0.0,0.0,0.18849555921538758
33.86,0.01349320715165921,-0.9998973484213077,0.0048193340637267545,0.0,0.0,0.18849555921538758
33.88,0.017262626535577814,-0.9998393749719469,0.0048193340637267545,0.0,0.0,0.18849555921538758
33.9,0.0210318005793611,-0.9997671915919178,0.0048193340637267545,0.0,0.0,0.18849555921538758
33.92,0.024800675714705487,-0.9996807993071062,0.0048193340637267545,0.0,0.0,0.18849555921538758
33.94,0.0285691983775502,-0.9995801993453377,0.0048193340637267545,0.0,0.0,0.18849555921538758
33.96,0.032337315008849246,-0.9994653931363602,0.0048193340637267545,0.0,0.0,0.18849555921538758
33.980000000000004,0.036104972055323196,-0.9993363823118241,0.0048193340637267545,0.0,0.0,0.18849555921538758
34.0,0.03987211597022434,-0.9991931687052593,0.0048193340637267545,0.0,0.0,0.18849555921538758
34.02,0.04363869321410178,-0.9990357543520477,0.0048193340637267545,0.0,0.0,0.18849555921538758
34.04,0.04740465025555281,-0.9988641414893962,0.0048193340637267545,0.0,0.0,0.18849555921538758
34.06,0.05116993357199459,-0.998678332556303,0.0048193340637267545,0.0,0.0,0.18849555921538758
34.08,0.054934489650414066,-0.9984783301935242,0.0048193340637267545,0.0,0.0,0.18849555921538758
34.1,0.05869826498813916,-0.9982641372435362,0.0048193340637267545,0.0,0.0,0.18849555921538758
34.12,0.06246120609358852,-0.998035756750495,0.0048193340637267545,0.0,0.0,0.18849555921538758
34.14,0.0662232594870424,-0.9977931919601928,0.0048193340637267545,0.0,0.0,0.18849555921538758
34.160000000000004,0.06998437170139347,-0.9975364463200126,0.0048193340637267545,0.0,0.0,0.18849555921538758
34.18,0.07374448928291055,-0.9972655234788781,0.0048193340637267545,0.0,0.0,0.18849555921538758
34.2,0.07750355879200241,-0.9969804272872025,0.0048193340637267545,0.0,0.0,0.18849555921538758
34.22,0.08126152680396796,-0.9966811617968336,0.0048193340637267545,0.0,0.0,0.18849555921538758
34.24,0.08501833990976616,-0.9963677312609964,0.0048193340637267545,0.0,0.0,0.18849555921538758
34.26,0.08877394471676434,-0.9960401401342328,0.0048193340637267545,0.0,0.0,0.18849555921538758
34.28,0.09252828784950785,-0.9956983930723379,0.0048193340637267545,0.0,0.0,0.18849555921538758
34.300000000000004,0.09628131595046917,-0.9953424949322938,0.0048193340637267545,0.0,0.0,0.18849555921538758
34.32,0.1000329756808103,-0.994972450772201,0.0048193340637267545,0.0,0.0,0.18849555921538758
34.34,0.1037832137211448,-0.9945882658512057,0.0048193340637267545,0.0,0.0,0.18849555921538758
34.36,0.10753197677228629,-0.9941899456294264,0.0048193340637267545,0.0,0.0,0.18849555921538758
34.38,0.1112792115560166,-0.9937774957678751,0.0048193340637267545,0.0,0.0,0.18849555921538758
34.4,0.11502486481583223,-0.9933509221283772,0.0048193340637267545,0.0,0.0,0.18849555921538758
34.42,0.11876888331771199,-0.9929102307734881,0.0048193340637267545,0.0,0.0,0.18849555921538758
34.44,0.12251121385086296,-0.9924554279664076,0.0048193340637267545,0.0,0.0,0.18849555921538758
34.46,0.1262518032284872,-0.9919865201708905,0.0048193340637267545,0.0,0.0,0.18849555921538758
34.480000000000004,0.12999059828852855,-0.9915035140511543,0.0048193340637267545,0.0,0.0,0.18849555921538758
34.5,0.13372754589443203,-0.9910064164717854,0.0048193340637267545,0.0,0.0,0.18849555921538758
34.52,0.13746259293590302,-0.9904952344976405,0.0048193340637267545,0.0,0.0,0.18849555921538758
34.54,0.14119568632965285,-0.9899699753937472,0.0048193340637267545,0.0,0.0,0.18849555921538758
34.56,0.14492677302016393,-0.9894306466251992,0.0048193340637267545,0.0,0.0,0.18849555921538758
34.58,0.14865579998043285,-0.988877255857053,0.0048193340637267545,0.0,0.0,0.18849555921538758
34.6,0.15238271421273503,-0.9883098109542161,0.0048193340637267545,0.0,0.0,0.18849555921538758
34.62,0.15610746274936702,-0.9877283199813366,0.0048193340637267545,0.0,0.0,0.18849555921538758
34.64,0.15982999265340986,-0.9871327912026877,0.0048193340637267545,0.0,0.0,0.18849555921538758
34.660000000000004,0.16355025101947263,-0.9865232330820527,0.0048193340637267545,0.0,0.0,0.18849555921538758
34.68,0.1672681849744477,-0.9858996542826013,0.0048193340637267545,0.0,0.0,0.18849555921538758
34.7,0.1709837416782666,-0.9852620636667679,0.0048193340637267545,0.0,0.0,0.18849555921538758
34.72,0.1746968683246415,-0.9846104702961276,0.0048193340637267545,0.0,0.0,0.18849555921538758
34.74,0.17840751214182643,-0.9839448834312634,0.0048193340637267545,0.0,0.0,0.18849555921538758
34.76,0.18211562039335646,-0.9832653125316388,0.0048193340637267545,0.0,0.0,0.18849555921538758
34.78,0.1858211403788082,-0.9825717672554598,0.0048193340637267545,0.0,0.0,0.18849555921538758
34.800000000000004,0.18952401943453903,-0.9818642574595405,0.0048193340637267545,0.0,0.0,0.18849555921538758
34.82,0.19322420493443992,-0.981142793199161,0.0048193340637267545,0.0,0.0,0.18849555921538758
34.84,0.19692164429068734,-0.9804073847279253,0.0048193340637267545,0.0,0.0,0.18849555921538758
34.86,0.2006162849544809,-0.9796580424976159,0.0048193340637267545,0.0,0.0,0.18849555921538758
34.88,0.20430807441680135,-0.9788947771580438,0.0048193340637267545,0.0,0.0,0.18849555921538758
34.9,0.20799696020914604,-0.9781175995569004,0.0048193340637267545,0.0,0.0,0.18849555921538758
34.92,0.2116828899042851,-0.977326520739598,0.0048193340637267545,0.0,0.0,0.18849555921538758
34.94,0.2153658111169961,-0.9765215519491194,0.0048193340637267545,0.0,0.0,0.18849555921538758
34.96,0.21904567150481907,-0.9757027046258512,0.0048193340637267545,0.0,0.0,0.18849555921538758
34.980000000000004,0.22272241876879129,-0.9748699904074275,0.0048193340637267545,0.0,0.0,0.18849555921538758
35.0,0.22639600065419424,-0.9740234211285604,0.0048193340637267545,0.0,0.0,0.18849555921538758
35.02,0.23006636495130045,-0.9731630088208726,0.0048193340637267545,0.0,0.0,0.18849555921538758
35.04,0.23373345949610624,-0.9722887657127285,0.0048193340637267545,0.0,0.0,0.18849555921538758
35.06,0.23739723217108363,-0.9714007042290569,0.0048193340637267545,0.0,0.0,0.18849555921538758
35.08,0.24105763090591054,-0.9704988369911779,0.0048193340637267545,0.0,0.0,0.18849555921538758
35.1,0.24471460367822123,-0.9695831768166205,0.0048193340637267545,0.0,0.0,0.18849555921538758
35.12,0.24836809851433533,-0.9686537367189436,0.0048193340637267545,0.0,0.0,0.18849555921538758
35.14,0.25201806349000666,-0.9677105299075472,0.0048193340637267545,0.0,0.0,0.18849555921538758
35.160000000000004,0.2556644467311526,-0.9667535697874887,0.0048193340637267545,0.0,0.0,0.18849555921538758
35.18,0.2593071964145946,-0.9657828699592899,0.0048193340637267545,0.0,0.0,0.18849555921538758
35.2,0.26294626076879885,-0.9647984442187428,0.0048193340637267545,0.0,0.0,0.18849555921538758
35.22,0.26658158807460336,-0.9638003065567173,0.0048193340637267545,0.0,0.0,0.18849555921538758
35.24,0.270213126665963,-0.962788471158958,0.0048193340637267545,0.0,0.0,0.18849555921538758
35.26,0.2738408249306732,-0.9617629524058866,0.0048193340637267545,0.0,0.0,0.18849555921538758
35.28,0.2774646313111144,-0.9607237648723939,0.0048193340637267545,0.0,0.0,0.18849555921538758
35.300000000000004,0.2810844943049752,-0.9596709233276352,0.0048193340637267545,0.0,0.0,0.18849555921538758
35.32,0.2847003624659885,-0.9586044427348196,0.0048193340637267545,0.0,0.0,0.18849555921538758
35.34,0.2883121844046667,-0.9575243382509965,0.0048193340637267545,0.0,0.0,0.18849555921538758
35.36,0.29191990878902263,-0.9564306252268419,0.0048193340637267545,0.0,0.0,0.18849555921538758
35.38,0.2955234843453098,-0.9553233192064383,0.0048193340637267545,0.0,0.0,0.18849555921538758
35.4,0.29912285985874026,-0.954202435927056,0.0048193340637267545,0.0,0.0,0.18849555921538758
35.42,0.3027179841742235,-0.9530679913189268,0.0048193340637267545,0.0,0.0,0.18849555921538758
35.44,0.30630880619708245,-0.9519200015050201,0.0048193340637267545,0.0,0.0,0.18849555921538758
35.46,0.30989527489379043,-0.9507584828008115,0.0048193340637267545,0.0,0.0,0.18849555921538758
35.480000000000004,0.3134773392926873,-0.9495834517140536,0.0048193340637267545,0.0,0.0,0.18849555921538758
35.5,0.3170549484847077,-0.9483949249445393,0.0048193340637267545,0.0,0.0,0.18849555921538758
35.52,0.32062805162410885,-0.9471929193838641,0.0048193340637267545,0.0,0.0,0.18849555921538758
35.54,0.3241965979291831,-0.945977452115188,0.0048193340637267545,0.0,0.0,0.18849555921538758
35.56,0.3277605366829912,-0.944748540412991,0.0048193340637267545,0.0,0.0,0.18849555921538758
35.58,0.33131981723407206,-0.9435062017428291,0.0048193340637267545,0.0,0.0,0.18849555921538758
35.6,0.33487438899717314,-0.9422504537610841,0.0048193340637267545,0.0,0.0,0.18849555921538758
35.62,0.3384242014539592,-0.9409813143147152,0.0048193340637267545,0.0,0.0,0.18849555921538758
35.64,0.34196920415374,-0.9396988014410024,0.0048193340637267545,0.0,0.0,0.18849555921538758
35.660000000000004,0.3455093467141792,-0.9384029333672929,0.0048193340637267545,0.0,0.0,0.18849555921538758
35.68,0.34904457882201356,-0.937093728510741,0.0048193340637267545,0.0,0.0,0.18849555921538758
35.7,0.35257485023377205,-0.9357712054780443,0.0048193340637267545,0.0,0.0,0.18849555921538758
35.72,0.3561001107764813,-0.9344353830651838,0.0048193340637267545,0.0,0.0,0.18849555921538758
35.74,0.359620310348388,-0.9330862802571519,0.0048193340637267545,0.0,0.0,0.18849555921538758
35.76,0.36313539891966196,-0.9317239162276865,0.0048193340637267545,0.0,0.0,0.18849555921538758
35.78,0.36664532653311643,-0.9303483103389952,0.0048193340637267545,0.0,0.0,0.18849555921538758
35.800000000000004,0.37015004330490947,-0.9289594821414834,0.0048193340637267545,0.0,0.0,0.18849555921538758
35.82,0.3736494994252569,-0.9275574513734738,0.0048193340637267545,0.0,0.0,0.18849555921538758
35.84,0.3771436451591435,-0.9261422379609263,0.0048193340637267545,0.0,0.0,0.18849555921538758
35.86,0.3806324308470217,-0.9247138620171574,0.0048193340637267545,0.0,0.0,0.18849555921538758
35.88,0.3841158069055271,-0.9232723438425496,0.0048193340637267545,0.0,0.0,0.18849555921538758
35.9,0.38759372382817264,-0.9218177039242681,0.0048193340637267545,0.0,0.0,0.18849555921538758
35.92,0.39106613218606306,-0.920349962935965,0.0048193340637267545,0.0,0.0,0.18849555921538758
35.94,0.3945329826285868,-0.91886914173749,0.0048193340637267545,0.0,0.0,0.18849555921538758
35.96,0.397994225884128,-0.9173752613745882,0.0048193340637267545,0.0,0.0,0.18849555921538758
35.980000000000004,0.40144981276075703,-0.9158683430786073,0.0048193340637267545,0.0,0.0,0.18849555921538758
36.0,0.4048996941469342,-0.9143484082661925,0.0048193340637267545,0.0,0.0,0.18849555921538758
36.02,0.4083438210122111,-0.9128154785389805,0.0048193340637267545,0.0,0.0,0.18849555921538758
36.04,0.4117821444079189,-0.9112695756832971,0.0048193340637267545,0.0,0.0,0.18849555921538758
36.06,0.4152146154678739,-0.9097107216698427,0.0048193340637267545,0.0,0.0,0.18849555921538758
36.08,0.41864118540906214,-0.9081389386533844,0.0048193340637267545,0.0,0.0,0.18849555921538758
36.1,0.42206180553234257,-0.9065542489724367,0.0048193340637267545,0.0,0.0,0.18849555921538758
36.12,0.42547642722312906,-0.9049566751489494,0.0048193340637267545,0.0,0.0,0.18849555921538758
36.14,0.4288850019520918,-0.9033462398879812,0.0048193340637267545,0.0,0.0,0.18849555921538758
36.160000000000004,0.4322874812758373,-0.9017229660773824,0.0048193340637267545,0.0,0.0,0.18849555921538758
36.18,0.4356838168376023,-0.9000868767874677,0.0048193340637267545,0.0,0.0,0.18849555921538758
36.2,0.4390739603679426,-0.8984379952706861,0.0048193340637267545,0.0,0.0,0.18849555921538758
36.22,0.44245786368541246,-0.8967763449612953,0.0048193340637267545,0.0,0.0,0.18849555921538758
36.24,0.44583547869725776,-0.8951019494750228,0.0048193340637267545,0.0,0.0,0.18849555921538758
36.26,0.4492067574000903,-0.8934148326087358,0.0048193340637267545,0.0,0.0,0.18849555921538758
36.28,0.45257165188057996,-0.8917150183400986,0.0048193340637267545,0.0,0.0,0.18849555921538758
36.300000000000004,0.45593011431612646,-0.8900025308272349,0.0048193340637267545,0.0,0.0,0.18849555921538758
36.32,0.45928209697554373,-0.8882773944083835,0.0048193340637267545,0.0,0.0,0.18849555921538758
36.34,0.46262755221974083,-0.88653963360155,0.0048193340637267545,0.0,0.0,0.18849555921538758
36.36,0.46596643250239117,-0.8847892731041637,0.0048193340637267545,0.0,0.0,0.18849555921538758
36.38,0.4692986903706176,-0.8830263377927201,0.0048193340637267545,0.0,0.0,0.18849555921538758
36.4,0.4726242784656577,-0.8812508527224336,0.0048193340637267545,0.0,0.0,0.18849555921538758
36.42,0.4759431495235455,-0.879462843126876,0.0048193340637267545,0.0,0.0,0.18849555921538758
36.44,0.4792552563757749,-0.8776623344176224,0.0048193340637267545,0.0,0.0,0.18849555921538758
36.46,0.4825605519499781,-0.8758493521838859,0.0048193340637267545,0.0,0.0,0.18849555921538758
36.480000000000004,0.4858589892705878,-0.8740239221921582,0.0048193340637267545,0.0,0.0,0.18849555921538758
36.5,0.4891505214595073,-0.8721860703858397,0.0048193340637267545,0.0,0.0,0.18849555921538758
36.52,0.49243510173678096,-0.8703358228848719,0.0048193340637267545,0.0,0.0,0.18849555921538758
36.54,0.49571268342124997,-0.8684732059853686,0.0048193340637267545,0.0,0.0,0.18849555921538758
36.56,0.4989832199312261,-0.8665982461592374,0.0048193340637267545,0.0,0.0,0.18849555921538758
36.58,0.5022466647851439,-0.8647109700538093,0.0048193340637267545,0.0,0.0,0.18849555921538758
36.6,0.5055029716022303,-0.8628114044914539,0.0048193340637267545,0.0,0.0,0.18849555921538758
36.62,0.508752094103156,-0.8608995764692036,0.0048193340637267545,0.0,0.0,0.18849555921538758
36.64,0.5119939861107002,-0.8589755131583651,0.0048193340637267545,0.0,0.0,0.18849555921538758
36.660000000000004,0.5152286015504,-0.8570392419041379,0.0048193340637267545,0.0,0.0,0.18849555921538758
36.68,0.5184558944512095,-0.8550907902252232,0.0048193340637267545,0.0,0.0,0.18849555921538758
36.7,0.5216758189461554,-0.8531301858134305,0.0048193340637267545,0.0,0.0,0.18849555921538758
36.72,0.5248883292729806,-0.8511574565332898,0.0048193340637267545,0.0,0.0,0.18849555921538758
36.74,0.5280933797748046,-0.8491726304216495,0.0048193340637267545,0.0,0.0,0.18849555921538758
36.76,0.5312909249007636,-0.8471757356872838,0.0048193340637267545,0.0,0.0,0.18849555921538758
36.78,0.5344809192066656,-0.8451668007104852,0.0048193340637267545,0.0,0.0,0.18849555921538758
36.800000000000004,0.5376633173556292,-0.8431458540426674,0.0048193340637267545,0.0,0.0,0.18849555921538758
36.82,0.5408380741187313,-0.8411129244059566,0.0048193340637267545,0.0,0.0,0.18849555921538758
36.84,0.5440051443756538,-0.8390680406927812,0.0048193340637267545,0.0,0.0,0.18849555921538758
36.86,0.5471644831153153,-0.837011231965467,0.0048193340637267545,0.0,0.0,0.18849555921538758
36.88,0.5503160454365211,-0.8349425274558169,0.0048193340637267545,0.0,0.0,0.18849555921538758
36.9,0.5534597865485927,-0.8328619565647026,0.0048193340637267545,0.0,0.0,0.18849555921538758
36.92,0.5565956617720127,-0.8307695488616404,0.0048193340637267545,0.0,0.0,0.18849555921538758
36.94,0.5597236265390501,-0.8286653340843771,0.0048193340637267545,0.0,0.0,0.18849555921538758
36.96,0.5628436363944044,-0.8265493421384604,0.0048193340637267545,0.0,0.0,0.18849555921538758
36.980000000000004,0.5659556469958282,-0.8244216030968208,0.0048193340637267545,0.0,0.0,0.18849555921538758
37.0,0.5690596141147614,-0.8222821471993403,0.0048193340637267545,0.0,0.0,0.18849555921538758
37.02,0.5721554936369626,-0.8201310048524214,0.0048193340637267545,0.0,0.0,0.18849555921538758
37.04,0.575243241563129,-0.8179682066285601,0.0048193340637267545,0.0,0.0,0.18849555921538758
37.06,0.5783228140095298,-0.8157937832659047,0.0048193340637267545,0.0,0.0,0.18849555921538758
37.08,0.5813941672086218,-0.813607765667826,0.0048193340637267545,0.0,0.0,0.18849555921538758
37.1,0.5844572575096799,-0.8114101849024713,0.0048193340637267545,0.0,0.0,0.18849555921538758
37.12,0.5875120413794084,-0.809201072202329,0.0048193340637267545,0.0,0.0,0.18849555921538758
37.14,0.5905584754025689,-0.8069804589637795,0.0048193340637267545,0.0,0.0,0.18849555921538758
37.160000000000004,0.5935965162825896,-0.8047483767466526,0.0048193340637267545,0.0,0.0,0.18849555921538758
37.18,0.5966261208421839,-0.8025048572737777,0.0048193340637267545,0.0,0.0,0.18849555921538758
37.2,0.5996472460239671,-0.8002499324305317,0.0048193340637267545,0.0,0.0,0.18849555921538758
37.22,0.6026598488910608,-0.7979836342643893,0.0048193340637267545,0.0,0.0,0.18849555921538758
37.24,0.6056638866277121,-0.7957059949844625,0.0048193340637267545,0.0,0.0,0.18849555921538758
37.26,0.6086593165398931,-0.7934170469610478,0.0048193340637267545,0.0,0.0,0.18849555921538758
37.28,0.6116460960559165,-0.7911168227251621,0.0048193340637267545,0.0,0.0,0.18849555921538758
37.300000000000004,0.6146241827270328,-0.7888053549680847,0.0048193340637267545,0.0,0.0,0.18849555921538758
37.32,0.6175935342280379,-0.7864826765408887,0.0048193340637267545,0.0,0.0,0.18849555921538758
37.34,0.620554108357876,-0.7841488204539747,0.0048193340637267545,0.0,0.0,0.18849555921538758
37.36,0.6235058630402339,-0.7818038198766056,0.0048193340637267545,0.0,0.0,0.18849555921538758
37.38,0.6264487563241452,-0.7794477081364284,0.0048193340637267545,0.0,0.0,0.18849555921538758
37.4,0.6293827463845805,-0.7770805187190076,0.0048193340637267545,0.0,0.0,0.18849555921538758
37.42,0.6323077915230485,-0.7747022852673433,0.0048193340637267545,0.0,0.0,0.18849555921538758
37.44,0.6352238501681816,-0.7723130415813987,0.0048193340637267545,0.0,0.0,0.18849555921538758
37.46,0.6381308808763334,-0.7699128216176131,0.0048193340637267545,0.0,0.0,0.18849555921538758
37.480000000000004,0.6410288423321618,-0.7675016594884262,0.0048193340637267545,0.0,0.0,0.18849555921538758
37.5,0.6439176933492192,-0.7650795894617898,0.0048193340637267545,0.0,0.0,0.18849555921538758
37.52,0.6467973928705394,-0.7626466459606788,0.0048193340637267545,0.0,0.0,0.18849555921538758
37.54,0.6496678999692167,-0.7602028635626071,0.0048193340637267545,0.0,0.0,0.18849555921538758
37.56,0.6525291738489931,-0.7577482769991302,0.0048193340637267545,0.0,0.0,0.18849555921538758
37.58,0.6553811738448313,-0.7552829211553583,0.0048193340637267545,0.0,0.0,0.18849555921538758
37.6,0.6582238594235006,-0.7528068310694529,0.0048193340637267545,0.0,0.0,0.18849555921538758
37.62,0.6610571901841443,-0.750320041932137,0.0048193340637267545,0.0,0.0,0.18849555921538758
37.64,0.6638811258588628,-0.747822589086187,0.0048193340637267545,0.0,0.0,0.18849555921538758
37.660000000000004,0.6666956263132787,-0.745314508025937,0.0048193340637267545,0.0,0.0,0.18849555921538758
37.68,0.6695006515471096,-0.7427958343967713,0.0048193340637267545,0.0,0.0,0.18849555921538758
37.7,0.6722961616947393,-0.7402666039946154,0.0048193340637267545,0.0,0.0,0.18849555921538758
37.72,0.6750821170257792,-0.7377268527654337,0.0048193340637267545,0.0,0.0,0.18849555921538758
37.74,0.6778584779456397,-0.735176616804711,0.0048193340637267545,0.0,0.0,0.18849555921538758
37.76,0.680625204996084,-0.7326159323569469,0.0048193340637267545,0.0,0.0,0.18849555921538758
37.78,0.6833822588557988,-0.7300448358151338,0.0048193340637267545,0.0,0.0,0.18849555921538758
37.800000000000004,0.6861296003409455,-0.7274633637202457,0.0048193340637267545,0.0,0.0,0.18849555921538758
37.82,0.6888671904057186,-0.7248715527607161,0.0048193340637267545,0.0,0.0,0.18849555921538758
37.84,0.6915949901429057,-0.7222694397719137,0.0048193340637267545,0.0,0.0,0.18849555921538758
37.86,0.694312960784433,-0.719657061735626,0.0048193340637267545,0.0,0.0,0.18849555921538758
37.88,0.697021063701923,-0.7170344557795253,0.0048193340637267545,0.0,0.0,0.18849555921538758
37.9,0.6997192604072369,-0.7144016591766497,0.0048193340637267545,0.0,0.0,0.18849555921538758
37.92,0.702407512553029,-0.7117587093448644,0.0048193340637267545,0.0,0.0,0.18849555921538758
37.94,0.7050857819332843,-0.7091056438463379,0.0048193340637267545,0.0,0.0,0.18849555921538758
37.96,0.7077540304838681,-0.7064425003870027,0.0048193340637267545,0.0,0.0,0.18849555921538758
37.980000000000004,0.7104122202830615,-0.703769316816023,0.0048193340637267545,0.0,0.0,0.18849555921538758
38.0,0.7130603135521023,-0.7010861311252551,0.0048193340637267545,0.0,0.0,0.18849555921538758
38.02,0.715698272655726,-0.6983929814487053,0.0048193340637267545,0.0,0.0,0.18849555921538758
38.04,0.7183260601026922,-0.6956899060619932,0.0048193340637267545,0.0,0.0,0.18849555921538758
38.06,0.7209436385463268,-0.6929769433818017,0.0048193340637267545,0.0,0.0,0.18849555921538758
38.08,0.723550970785044,-0.6902541319653376,0.0048193340637267545,0.0,0.0,0.18849555921538758
38.1,0.7261480197628836,-0.6875215105097763,0.0048193340637267545,0.0,0.0,0.18849555921538758
38.12,0.7287347485700287,-0.6847791178517191,0.0048193340637267545,0.0,0.0,0.18849555921538758
38.14,0.7313111204433397,-0.682026992966634,0.0048193340637267545,0.0,0.0,0.18849555921538758
38.160000000000004,0.733877098766868,-0.6792651749683086,0.0048193340637267545,0.0,0.0,0.18849555921538758
38.18,0.7364326470723811,-0.6764937031082908,0.0048193340637267545,0.0,0.0,0.18849555921538758
38.2,0.7389777290398825,-0.6737126167753282,0.0048193340637267545,0.0,0.0,0.18849555921538758
38.22,0.7415123084981226,-0.670921955494816,0.0048193340637267545,0.0,0.0,0.18849555921538758
38.24,0.7440363494251182,-0.668121758928226,0.0048193340637267545,0.0,0.0,0.18849555921538758
38.26,0.7465498159486591,-0.6653120668725515,0.0048193340637267545,0.0,0.0,0.18849555921538758
38.28,0.7490526723468242,-0.662492919259734,0.0048193340637267545,0.0,0.0,0.18849555921538758
38.300000000000004,0.7515448830484834,-0.6596643561561023,0.0048193340637267545,0.0,0.0,0.18849555921538758
38.32,0.754026412633805,-0.6568264177618001,0.0048193340637267545,0.0,0.0,0.18849555921538758
38.34,0.7564972258347624,-0.6539791444102114,0.0048193340637267545,0.0,0.0,0.18849555921538758
38.36,0.7589572875356294,-0.6511225765673953,0.0048193340637267545,0.0,0.0,0.18849555921538758
38.38,0.7614065627734853,-0.6482567548315022,0.0048193340637267545,0.0,0.0,0.18849555921538758
38.4,0.7638450167387058,-0.6453817199322042,0.0048193340637267545,0.0,0.0,0.18849555921538758
38.42,0.7662726147754646,-0.642497512730109,0.0048193340637267545,0.0,0.0,0.18849555921538758
38.44,0.7686893223822181,-0.6396041742161876,0.0048193340637267545,0.0,0.0,0.18849555921538758
38.46,0.7710951052122034,-0.636701745511182,0.0048193340637267545,0.0,0.0,0.18849555921538758
38.480000000000004,0.7734899290739206,-0.6337902678650297,0.0048193340637267545,0.0,0.0,0.18849555921538758
38.5,0.7758737599316207,-0.6308697826562742,0.0048193340637267545,0.0,0.0,0.18849555921538758
38.52,0.7782465639057924,-0.6279403313914724,0.0048193340637267545,0.0,0.0,0.18849555921538758
38.54,0.7806083072736372,-0.6250019557046134,0.0048193340637267545,0.0,0.0,0.18849555921538758
38.56,0.7829589564695558,-0.6220546973565176,0.0048193340637267545,0.0,0.0,0.18849555921538758
38.58,0.7852984780856185,-0.6190985982342525,0.0048193340637267545,0.0,0.0,0.18849555921538758
38.6,0.787626838872046,-0.6161337003505272,0.0048193340637267545,0.0,0.0,0.18849555921538758
38.62,0.7899440057376761,-0.6131600458431057,0.0048193340637267545,0.0,0.0,0.18849555921538758
38.64,0.79224994575044,-0.6101776769741987,0.0048193340637267545,0.0,0.0,0.18849555921538758
38.660000000000004,0.7945446261378258,-0.6071866361298709,0.0048193340637267545,0.0,0.0,0.18849555921538758
38.68,0.7968280142873445,-0.6041869658194335,0.0048193340637267545,0.0,0.0,0.18849555921538758
38.7,0.7991000777469979,-0.6011787086748397,0.0048193340637267545,0.0,0.0,0.18849555921538758
38.72,0.8013607842257334,-0.5981619074500845,0.0048193340637267545,0.0,0.0,0.18849555921538758
38.74,0.8036101015939098,-0.5951366050205887,0.0048193340637267545,0.0,0.0,0.18849555921538758
38.76,0.8058479978837463,-0.5921028443825986,0.0048193340637267545,0.0,0.0,0.18849555921538758
38.78,0.8080744412897849,-0.5890606686525659,0.0048193340637267545,0.0,0.0,0.18849555921538758
38.800000000000004,0.8102894001693357,-0.5860101210665426,0.0048193340637267545,0.0,0.0,0.18849555921538758
38.82,0.8124928430429295,-0.5829512449795635,0.0048193340637267545,0.0,0.0,0.18849555921538758
38.84,0.8146847385947671,-0.5798840838650269,0.0048193340637267545,0.0,0.0,0.18849555921538758
38.86,0.8168650556731593,-0.5768086813140828,0.0048193340637267545,0.0,0.0,0.18849555921538758
38.88,0.8190337632909762,-0.5737250810350075,0.0048193340637267545,0.0,0.0,0.18849555921538758
38.9,0.8211908306260804,-0.5706333268525879,0.0048193340637267545,0.0,0.0,0.18849555921538758
38.92,0.8233362270217724,-0.5675334627074926,0.0048193340637267545,0.0,0.0,0.18849555921538758
38.94,0.8254699219872184,-0.5644255326556551,0.0048193340637267545,0.0,0.0,0.18849555921538758
38.96,0.8275918851978916,-0.5613095808676389,0.0048193340637267545,0.0,0.0,0.18849555921538758
38.980000000000004,0.829702086495997,-0.5581856516280168,0.0048193340637267545,0.0,0.0,0.18849555921538758
39.0,0.8318004958909024,-0.5550537893347394,0.0048193340637267545,0.0,0.0,0.18849555921538758
39.02,0.8338870835595672,-0.5519140384984997,0.0048193340637267545,0.0,0.0,0.18849555921538758
39.04,0.8359618198469606,-0.5487664437421094,0.0048193340637267545,0.0,0.0,0.18849555921538758
39.06,0.8380246752664888,-0.545611049799855,0.0048193340637267545,0.0,0.0,0.18849555921538758
39.08,0.8400756205004086,-0.5424479015168713,0.0048193340637267545,0.0,0.0,0.18849555921538758
39.1,0.84211462640025,-0.5392770438484946,0.0048193340637267545,0.0,0.0,0.18849555921538758
39.12,0.8441416639872243,-0.5360985218596332,0.0048193340637267545,0.0,0.0,0.18849555921538758
39.14,0.8461567044526421,-0.5329123807241184,0.0048193340637267545,0.0,0.0,0.18849555921538758
39.160000000000004,0.8481597191583173,-0.5297186657240688,0.0048193340637267545,0.0,0.0,0.18849555921538758
39.18,0.8501506796369764,-0.5265174222492455,0.0048193340637267545,0.0,0.0,0.18849555921538758
39.2,0.8521295575926656,-0.5233086957964016,0.0048193340637267545,0.0,0.0,0.18849555921538758
39.22,0.8540963249011475,-0.5200925319686451,0.0048193340637267545,0.0,0.0,0.18849555921538758
39.24,0.8560509536103064,-0.5168689764747808,0.0048193340637267545,0.0,0.0,0.18849555921538758
39.26,0.8579934159405407,-0.5136380751286695,0.0048193340637267545,0.0,0.0,0.18849555921538758
39.28,0.8599236842851621,-0.5103998738485692,0.0048193340637267545,0.0,0.0,0.18849555921538758
39.300000000000004,0.8618417312107843,-0.5071544186564886,0.0048193340637267545,0.0,0.0,0.18849555921538758
39.32,0.863747529457714,-0.5039017556775311,0.0048193340637267545,0.0,0.0,0.18849555921538758
39.34,0.8656410519403412,-0.5006419311392348,0.0048193340637267545,0.0,0.0,0.18849555921538758
39.36,0.8675222717475184,-0.49737499137092467,0.0048193340637267545,0.0,0.0,0.18849555921538758
39.38,0.8693911621429498,-0.4941009828030439,0.0048193340637267545,0.0,0.0,0.18849555921538758
39.4,0.8712476965655646,-0.4908199519665036,0.0048193340637267545,0.0,0.0,0.18849555921538758
39.42,0.8730918486299004,-0.487531945492012,0.0048193340637267545,0.0,0.0,0.18849555921538758
39.44,0.8749235921264732,-0.4842370101094217,0.0048193340637267545,0.0,0.0,0.18849555921538758
39.46,0.8767429010221544,-0.48093519264705525,0.0048193340637267545,0.0,0.0,0.18849555921538758
39.480000000000004,0.878549749460537,-0.4776265400310489,0.0048193340637267545,0.0,0.0,0.18849555921538758
39.5,0.8803441117623045,-0.4743110992846807,0.0048193340637267545,0.0,0.0,0.18849555921538758
39.52,0.882125962425598,-0.4709889175277006,0.0048193340637267545,0.0,0.0,0.18849555921538758
39.54,0.8838952761263749,-0.46766004197566713,0.0048193340637267545,0.0,0.0,0.18849555921538758
39.56,0.8856520277187717,-0.46432451993926793,0.0048193340637267545,0.0,0.0,0.18849555921538758
39.58,0.8873961922354585,-0.4609823988236567,0.0048193340637267545,0.0,0.0,0.18849555921538758
39.6,0.8891277448879978,-0.4576337261277703,0.0048193340637267545,0.0,0.0,0.18849555921538758
39.62,0.8908466610671927,-0.4542785494436621,0.0048193340637267545,0.0,0.0,0.18849555921538758
39.64,0.8925529163434408,-0.45091691645581705,0.0048193340637267545,0.0,0.0,0.18849555921538758
39.660000000000004,0.8942464864670772,-0.4475488749404821,0.0048193340637267545,0.0,0.0,0.18849555921538758
39.68,0.8959273473687209,-0.4441744727649838,0.0048193340637267545,0.0,0.0,0.18849555921538758
39.7,0.8975954751596191,-0.44079375788704367,0.0048193340637267545,0.0,0.0,0.18849555921538758
39.72,0.8992508461319823,-0.43740677835410596,0.0048193340637267545,0.0,0.0,0.18849555921538758
39.74,0.9008934367593261,-0.4340135823026443,0.0048193340637267545,0.0,0.0,0.18849555921538758
39.76,0.9025232236968004,-0.4306142179574879,0.0048193340637267545,0.0,0.0,0.18849555921538758
39.78,0.9041401837815268,-0.4272087336311265,0.0048193340637267545,0.0,0.0,0.18849555921538758
39.800000000000004,0.9057442940329227,-0.4237971777230314,0.0048193340637267545,0.0,0.0,0.18849555921538758
39.82,0.9073355316530298,-0.42037959871896463,0.0048193340637267545,0.0,0.0,0.18849555921538758
39.84,0.908913874026841,-0.41695604519028634,0.0048193340637267545,0.0,0.0,0.18849555921538758
39.86,0.9104792987226155,-0.41352656579327274,0.0048193340637267545,0.0,0.0,0.18849555921538758
39.88,0.9120317834922052,-0.41009120926841497,0.0048193340637267545,0.0,0.0,0.18849555921538758
39.9,0.913571306271364,-0.40665002443973547,0.0048193340637267545,0.0,0.0,0.18849555921538758
39.92,0.9150978451800658,-0.4032030602140854,0.0048193340637267545,0.0,0.0,0.18849555921538758
39.94,0.9166113785228135,-0.399750365580459,0.0048193340637267545,0.0,0.0,0.18849555921538758
39.96,0.9181118847889488,-0.39629198960928685,0.0048193340637267545,0.0,0.0,0.18849555921538758
39.980000000000004,0.9195993426529557,-0.392827981451748,0.0048193340637267545,0.0,0.0,0.18849555921538758
40.0,0.921073730974765,-0.38935839033906705,0.0048193340637267545,0.0,0.0,0.18849555921538758
40.02,0.9225350288000562,-0.38588326558181135,0.0048193340637267545,0.0,0.0,0.18849555921538758
40.04,0.9239832153605514,-0.3824026565691983,0.0048193340637267545,0.0,0.0,0.18849555921538758
40.06,0.9254182700743151,-0.37891661276838384,0.0048193340637267545,0.0,0.0,0.18849555921538758
40.08,0.9268401725460425,-0.37542518372376926,0.0048193340637267545,0.0,0.0,0.18849555921538758
40.1,0.9282489025673526,-0.37192841905628704,0.0048193340637267545,0.0,0.0,0.18849555921538758
40.12,0.9296444401170728,-0.3684263684627058,0.0048193340637267545,0.0,0.0,0.18849555921538758
40.14,0.9310267653615267,-0.36491908171491383,0.0048193340637267545,0.0,0.0,0.18849555921538758
40.160000000000004,0.9323958586548121,-0.3614066086592202,0.0048193340637267545,0.0,0.0,0.18849555921538758
40.18,0.9337517005390826,-0.3578889992156433,0.0048193340637267545,0.0,0.0,0.18849555921538758
40.2,0.9350942717448246,-0.3543663033771973,0.0048193340637267545,0.0,0.0,0.18849555921538758
40.22,0.9364235531911284,-0.3508385712091899,0.0048193340637267545,0.0,0.0,0.18849555921538758
40.24,0.9377395259859631,-0.3473058528485013,0.0048193340637267545,0.0,0.0,0.18849555921538758
40.26,0.9390421714264419,-0.34376819850288165,0.0048193340637267545,0.0,0.0,0.18849555921538758
40.28,0.9403314709990905,-0.3402256584502271,0.0048193340637267545,0.0,0.0,0.18849555921538758
40.300000000000004,0.9416074063801073,-0.3366782830378748,0.0048193340637267545,0.0,0.0,0.18849555921538758
40.32,0.9428699594356259,-0.33312612268188263,0.0048193340637267545,0.0,0.0,0.18849555921538758
40.34,0.944119112221974,-0.32956922786630954,0.0048193340637267545,0.0,0.0,0.18849555921538758
40.36,0.9453548469859243,-0.32600764914250646,0.0048193340637267545,0.0,0.0,0.18849555921538758
40.38,0.9465771461649513,-0.3224414371283881,0.0048193340637267545,0.0,0.0,0.18849555921538758
40.4,0.9477859923874773,-0.31887064250772373,0.0048193340637267545,0.0,0.0,0.18849555921538758
40.42,0.9489813684731223,-0.31529531602940614,0.0048193340637267545,0.0,0.0,0.18849555921538758
40.44,0.950163257432946,-0.31171550850674107,0.0048193340637267545,0.0,0.0,0.18849555921538758
40.46,0.9513316424696907,-0.30813127081671493,0.0048193340637267545,0.0,0.0,0.18849555921538758
40.480000000000004,0.9524865069780183,-0.30454265389928037,0.0048193340637267545,0.0,0.0,0.18849555921538758
40.5,0.9536278345447474,-0.3009497087566283,0.0048193340637267545,0.0,0.0,0.18849555921538758
40.52,0.9547556089490877,-0.2973524864524598,0.0048193340637267545,0.0,0.0,0.18849555921538758
40.54,0.9558698141628679,-0.29375103811126885,0.0048193340637267545,0.0,0.0,0.18849555921538758
40.56,0.9569704343507661,-0.29014541491760565,0.0048193340637267545,0.0,0.0,0.18849555921538758
40.58,0.9580574538705329,-0.28653566811535935,0.0048193340637267545,0.0,0.0,0.18849555921538758
40.6,0.9591308572732152,-0.2829218490070195,0.0048193340637267545,0.0,0.0,0.18849555921538758
40.62,0.9601906293033742,-0.2793040089529576,0.0048193340637267545,0.0,0.0,0.18849555921538758
40.64,0.9612367548993042,-0.27568219937068605,0.0048193340637267545,0.0,0.0,0.18849555921538758
40.660000000000004,0.9622692191932444,-0.27205647173413766,0.0048193340637267545,0.0,0.0,0.18849555921538758
40.68,0.9632880075115914,-0.2684268775729287,0.0048193340637267545,0.0,0.0,0.18849555921538758
40.7,0.9642931053751089,-0.264793468471624,0.0048193340637267545,0.0,0.0,0.18849555921538758
40.72,0.9652844984991308,-0.26115629606901175,0.0048193340637267545,0.0,0.0,0.18849555921538758
40.74,0.966262172793767,-0.25751541205736017,0.0048193340637267545,0.0,0.0,0.18849555921538758
40.76,0.9672261143641012,-0.25387086818169285,0.0048193340637267545,0.0,0.0,0.18849555921538758
40.78,0.9681763095103906,-0.2502227162390429,0.0048193340637267545,0.0,0.0,0.18849555921538758
40.800000000000004,0.9691127447282581,-0.2465710080777259,0.0048193340637267545,0.0,0.0,0.18849555921538758
40.82,0.9700354067088863,-0.24291579559659915,0.0048193340637267545,0.0,0.0,0.18849555921538758
40.84,0.9709442823392075,-0.23925713074432028,0.0048193340637267545,0.0,0.0,0.18849555921538758
40.86,0.971839358702086,-0.23559506551861792,0.0048193340637267545,0.0,0.0,0.18849555921538758
40.88,0.972720623076506,-0.2319296519655423,0.0048193340637267545,0.0,0.0,0.18849555921538758
40.9,0.9735880629377496,-0.228260942178736,0.0048193340637267545,0.0,0.0,0.18849555921538758
40.92,0.9744416659575769,-0.22458898829868332,0.0048193340637267545,0.0,0.0,0.18849555921538758
40.94,0.9752814200043984,-0.2209138425119793,0.0048193340637267545,0.0,0.0,0.18849555921538758
40.96,0.9761073131434519,-0.2172355570505779,0.0048193340637267545,0.0,0.0,0.18849555921538758
40.980000000000004,0.9769193336369667,-0.21355418419105884,0.0048193340637267545,0.0,0.0,0.18849555921538758
41.0,0.9777174699443343,-0.2098697762538803,0.0048193340637267545,0.0,0.0,0.18849555921538758
41.02,0.9785017107222714,-0.20618238560263208,0.0048193340637267545,0.0,0.0,0.18849555921538758
41.04,0.9792720448249801,-0.20249206464329994,0.0048193340637267545,0.0,0.0,0.18849555921538758
41.06,0.9800284613043081,-0.1987988658235106,0.0048193340637267545,0.0,0.0,0.18849555921538758
41.08,0.9807709494099026,-0.1951028416317969,0.0048193340637267545,0.0,0.0,0.18849555921538758
41.1,0.9814994985893646,-0.19140404459684113,0.0048193340637267545,0.0,0.0,0.18849555921538758
41.12,0.9822140984883971,-0.18770252728673914,0.0048193340637267545,0.0,0.0,0.18849555921538758
41.14,0.9829147389509542,-0.18399834230824252,0.0048193340637267545,0.0,0.0,0.18849555921538758
41.160000000000004,0.983601410019384,-0.18029154230602043,0.0048193340637267545,0.0,0.0,0.18849555921538758
41.18,0.9842741019345702,-0.17658217996190714,0.0048193340637267545,0.0,0.0,0.18849555921538758
41.2,0.9849328051360722,-0.17287030799414976,0.0048193340637267545,0.0,0.0,0.18849555921538758
41.22,0.9855775102622589,-0.16915597915666772,0.0048193340637267545,0.0,0.0,0.18849555921538758
41.24,0.9862082081504439,-0.16543924623829298,0.0048193340637267545,0.0,0.0,0.18849555921538758
41.26,0.9868248898370139,-0.1617201620620298,0.0048193340637267545,0.0,0.0,0.18849555921538758
41.28,0.9874275465575576,-0.15799877948429394,0.0048193340637267545,0.0,0.0,0.18849555921538758
41.300000000000004,0.9880161697469884,-0.1542751513941705,0.0048193340637267545,0.0,0.0,0.18849555921538758
41.32,0.9885907510396679,-0.15054933071265827,0.0048193340637267545,0.0,0.0,0.18849555921538758
41.34,0.9891512822695245,-0.14682137039191342,0.0048193340637267545,0.0,0.0,0.18849555921538758
41.36,0.9896977554701683,-0.14309132341450684,0.0048193340637267545,0.0,0.0,0.18849555921538758
41.38,0.990230162875006,-0.1393592427926598,0.0048193340637267545,0.0,0.0,0.18849555921538758
41.4,0.9907484969173492,-0.13562518156750153,0.0048193340637267545,0.0,0.0,0.18849555921538758
41.42,0.9912527502305246,-0.13188919280830483,0.0048193340637267545,0.0,0.0,0.18849555921538758
41.44,0.9917429156479759,-0.1281513296117422,0.0048193340637267545,0.0,0.0,0.18849555921538758
41.46,0.9922189862033675,-0.12441164510112088,0.0048193340637267545,0.0,0.0,0.18849555921538758
41.480000000000004,0.9926809551306831,-0.12067019242563677,0.0048193340637267545,0.0,0.0,0.18849555921538758
41.5,0.9931288158643218,-0.11692702475961553,0.0048193340637267545,0.0,0.0,0.18849555921538758
41.52,0.9935625620391914,-0.11318219530175254,0.0048193340637267545,0.0,0.0,0.18849555921538758
41.54,0.993982187490798,-0.10943575727436623,0.0048193340637267545,0.0,0.0,0.18849555921538758
41.56,0.9943876862553358,-0.10568776392263111,0.0048193340637267545,0.0,0.0,0.18849555921538758
41.58,0.9947790525697693,-0.10193826851383156,0.0048193340637267545,0.0,0.0,0.18849555921538758
41.6,0.9951562808719171,-0.09818732433659423,0.0048193340637267545,0.0,0.0,0.18849555921538758
41.62,0.9955193658005301,-0.09443498470014121,0.0048193340637267545,0.0,0.0,0.18849555921538758
41.64,0.9958683021953678,-0.09068130293352193,0.0048193340637267545,0.0,0.0,0.18849555921538758
41.660000000000004,0.9962030850972713,-0.08692633238486441,0.0048193340637267545,0.0,0.0,0.18849555921538758
41.68,0.9965237097482351,-0.08317012642061315,0.0048193340637267545,0.0,0.0,0.18849555921538758
41.7,0.9968301715914729,-0.07941273842476661,0.0048193340637267545,0.0,0.0,0.18849555921538758
41.72,0.9971224662714833,-0.07565422179812789,0.0048193340637267545,0.0,0.0,0.18849555921538758
41.74,0.9974005896341119,-0.07189462995753505,0.0048193340637267545,0.0,0.0,0.18849555921538758
41.76,0.9976645377266103,-0.06813401633511272,0.0048193340637267545,0.0,0.0,0.18849555921538758
41.78,0.9979143067976923,-0.0643724343775019,0.0048193340637267545,0.0,0.0,0.18849555921538758
41.800000000000004,0.998149893297586,-0.06060993754510986,0.0048193340637267545,0.0,0.0,0.18849555921538758
41.82,0.9983712938780854,-0.056846579311346214,0.0048193340637267545,0.0,0.0,0.18849555921538758
41.84,0.9985785053925993,-0.05308241316185903,0.0048193340637267545,0.0,0.0,0.18849555921538758
41.86,0.9987715248961929,-0.049317492593783964,0.0048193340637267545,0.0,0.0,0.18849555921538758
41.88,0.9989503496456317,-0.04555187111497327,0.0048193340637267545,0.0,0.0,0.18849555921538758
41.9,0.9991149770994198,-0.04178560224324606,0.0048193340637267545,0.0,0.0,0.18849555921538758
41.92,0.9992654049178371,-0.03801873950561697,0.0048193340637267545,0.0,0.0,0.18849555921538758
41.94,0.9994016309629713,-0.03425133643754617,0.0048193340637267545,0.0,0.0,0.18849555921538758
41.96,0.9995236532987487,-0.03048344658216776,0.0048193340637267545,0.0,0.0,0.18849555921538758
41.980000000000004,0.9996314701909617,-0.026715123489538133,0.0048193340637267545,0.0,0.0,0.18849555921538758
42.0,0.9997250801072936,-0.022946420715870986,0.0048193340637267545,0.0,0.0,0.18849555921538758
42.02,0.9998044817173405,-0.01917739182277212,0.0048193340637267545,0.0,0.0,0.18849555921538758
42.04,0.9998696738926299,-0.015408090376487523,0.0048193340637267545,0.0,0.0,0.18849555921538758
42.06,0.9999206557066364,-0.011638569947131448,0.0048193340637267545,0.0,0.0,0.18849555921538758
42.08,0.9999574264347957,-0.00786888410793573,0.0048193340637267545,0.0,0.0,0.18849555921538758
42.1,0.9999799855545142,-0.004099086434477675,0.0048193340637267545,0.0,0.0,0.18849555921538758
42.12,0.999988332745177,-0.0003292305039293801,0.0048193340637267545,0.0,0.0,0.18849555921538758
42.14,0.9999824678881523,0.003440630105714468,0.0048193340637267545,0.0,0.0,0.18849555921538758
42.160000000000004,0.9999623910667922,0.007210441816388663,0.0048193340637267545,0.0,0.0,0.18849555921538758
42.18,0.999928102566433,0.010980151050722956,0.0048193340637267545,0.0,0.0,0.18849555921538758
42.2,0.99987960287439,0.014749704232807533,0.0048193340637267545,0.0,0.0,0.18849555921538758
42.22,0.9998168926799519,0.018519047788945073,0.0048193340637267545,0.0,0.0,0.18849555921538758
42.24,0.9997399728743683,0.022288128148422858,0.0048193340637267545,0.0,0.0,0.18849555921538758
42.26,0.999648844550841,0.026056891744263427,0.0048193340637267545,0.0,0.0,0.18849555921538758
42.28,0.9995435090045043,0.029825285013996585,0.0048193340637267545,0.0,0.0,0.18849555921538758
42.300000000000004,0.9994239677324099,0.03359325440041126,0.0048193340637267545,0.0,0.0,0.18849555921538758
42.32,0.9992902224335038,0.03736074635232073,0.0048193340637267545,0.0,0.0,0.18849555921538758
42.34,0.9991422750086028,0.041127707325327646,0.0048193340637267545,0.0,0.0,0.18849555921538758
42.36,0.998980127560367,0.044894083782575735,0.0048193340637267545,0.0,0.0,0.18849555921538758
42.38,0.9988037823932708,0.04865982219552133,0.0048193340637267545,0.0,0.0,0.18849555921538758
42.4,0.9986132420135695,0.05242486904468341,0.0048193340637267545,0.0,0.0,0.18849555921538758
42.42,0.9984085091292635,0.05618917082041499,0.0048193340637267545,0.0,0.0,0.18849555921538758
42.44,0.9981895866500602,0.059952674023652855,0.0048193340637267545,0.0,0.0,0.18849555921538758
42.46,0.9979564776873326,0.06371532516668862,0.0048193340637267545,0.0,0.0,0.18849555921538758
42.480000000000004,0.9977091855540752,0.06747707077391955,0.0048193340637267545,0.0,0.0,0.18849555921538758
42.5,0.9974477137648563,0.07123785738261257,0.0048193340637267545,0.0,0.0,0.18849555921538758
42.52,0.9971720660357692,0.07499763154366816,0.0048193340637267545,0.0,0.0,0.18849555921538758
42.54,0.9968822462843783,0.07875633982237053,0.0048193340637267545,0.0,0.0,0.18849555921538758
42.56,0.9965782586296633,0.08251392879915781,0.0048193340637267545,0.0,0.0,0.18849555921538758
42.58,0.9962601073919622,0.08627034507037046,0.0048193340637267545,0.0,0.0,0.18849555921538758
42.6,0.9959277970929078,0.09002553524902113,0.0048193340637267545,0.0,0.0,0.18849555921538758
42.62,0.9955813324553657,0.09377944596554261,0.0048193340637267545,0.0,0.0,0.18849555921538758
42.64,0.9952207184033643,0.09753202386855697,0.0048193340637267545,0.0,0.0,0.18849555921538758
42.660000000000004,0.9948459600620284,0.10128321562562448,0.0048193340637267545,0.0,0.0,0.18849555921538758
42.68,0.994457062757503,0.10503296792400568,0.0048193340637267545,0.0,0.0,0.18849555921538758
42.7,0.9940540320168797,0.10878122747142303,0.0048193340637267545,0.0,0.0,0.18849555921538758
42.72,0.993636873568118,0.11252794099680878,0.0048193340637267545,0.0,0.0,0.18849555921538758
42.74,0.9932055933399623,0.11627305525107315,0.0048193340637267545,0.0,0.0,0.18849555921538758
42.76,0.9927601974618594,0.12001651700785006,0.0048193340637267545,0.0,0.0,0.18849555921538758
42.78,0.9923006922638705,0.12375827306426439,0.0048193340637267545,0.0,0.0,0.18849555921538758
42.800000000000004,0.9918270842765816,0.12749827024167887,0.0048193340637267545,0.0,0.0,0.18849555921538758
42.82,0.9913393802310111,0.13123645538645384,0.0048193340637267545,0.0,0.0,0.18849555921538758
42.84,0.9908375870585122,0.1349727753707065,0.0048193340637267545,0.0,0.0,0.18849555921538758
42.86,0.9903217118906772,0.13870717709305694,0.0048193340637267545,0.0,0.0,0.18849555921538758
42.88,0.9897917620592337,0.1424396074793931,0.0048193340637267545,0.0,0.0,0.18849555921538758
42.9,0.9892477450959425,0.1461700134836148,0.0048193340637267545,0.0,0.0,0.18849555921538758
42.92,0.9886896687324879,0.14989834208839808,0.0048193340637267545,0.0,0.0,0.18849555921538758
42.94,0.9881175409003707,0.1536245403059382,0.0048193340637267545,0.0,0.0,0.18849555921538758
42.96,0.9875313697307941,0.15734855517871316,0.0048193340637267545,0.0,0.0,0.18849555921538758
42.980000000000004,0.9869311635545477,0.16107033378022723,0.0048193340637267545,0.0,0.0,0.18849555921538758
43.0,0.9863169309018901,0.16478982321576693,0.0048193340637267545,0.0,0.0,0.18849555921538758
43.02,0.9856886805024264,0.16850697062315687,0.0048193340637267545,0.0,0.0,0.18849555921538758
43.04,0.9850464212849859,0.17222172317350185,0.0048193340637267545,0.0,0.0,0.18849555921538758
43.06,0.9843901623774933,0.17593402807194816,0.0048193340637267545,0.0,0.0,0.18849555921538758
43.08,0.9837199131068404,0.17964383255842334,0.0048193340637267545,0.0,0.0,0.18849555921538758
43.1,0.9830356829987529,0.1833510839083966,0.0048193340637267545,0.0,0.0,0.18849555921538758
43.12,0.9823374817776555,0.18705572943361762,0.0048193340637267545,0.0,0.0,0.18849555921538758
43.14,0.9816253193665327,0.19075771648287584,0.0048193340637267545,0.0,0.0,0.18849555921538758
43.160000000000004,0.9808992058867889,0.1944569924427397,0.0048193340637267545,0.0,0.0,0.18849555921538758
43.18,0.9801591516581042,0.19815350473830803,0.0048193340637267545,0.0,0.0,0.18849555921538758
43.2,0.9794051671982865,0.2018472008339615,0.0048193340637267545,0.0,0.0,0.18849555921538758
43.22,0.9786372632231247,0.20553802823409992,0.0048193340637267545,0.0,0.0,0.18849555921538758
43.24,0.9778554506462336,0.20922593448389898,0.0048193340637267545,0.0,0.0,0.18849555921538758
43.26,0.9770597405789005,0.21291086717004498,0.0048193340637267545,0.0,0.0,0.18849555921538758
43.28,0.9762501443299272,0.21659277392149048,0.0048193340637267545,0.0,0.0,0.18849555921538758
43.300000000000004,0.9754266734054677,0.22027160241018934,0.0048193340637267545,0.0,0.0,0.18849555921538758
43.32,0.9745893395088674,0.2239473003518443,0.0048193340637267545,0.0,0.0,0.18849555921538758
43.34,0.9737381545404938,0.22761981550665403,0.0048193340637267545,0.0,0.0,0.18849555921538758
43.36,0.97287313059757,0.2312890956800464,0.0048193340637267545,0.0,0.0,0.18849555921538758
43.38,0.9719942799740001,0.23495508872343082,0.0048193340637267545,0.0,0.0,0.18849555921538758
43.4,0.9711016151601974,0.23861774253492887,0.0048193340637267545,0.0,0.0,0.18849555921538758
43.42,0.9701951488429048,0.24227700506012514,0.0048193340637267545,0.0,0.0,0.18849555921538758
43.44,0.969274893905015,0.24593282429279678,0.0048193340637267545,0.0,0.0,0.18849555921538758
43.46,0.9683408634253873,0.24958514827566294,0.0048193340637267545,0.0,0.0,0.18849555921538758
43.480000000000004,0.9673930706786632,0.25323392510111403,0.0048193340637267545,0.0,0.0,0.18849555921538758
43.5,0.9664315291350751,0.2568791029119537,0.0048193340637267545,0.0,0.0,0.18849555921538758
43.52,0.9654562524602563,0.26052062990213887,0.0048193340637267545,0.0,0.0,0.18849555921538758
43.54,0.9644672545150482,0.2641584543175081,0.0048193340637267545,0.0,0.0,0.18849555921538758
43.56,0.9634645493552996,0.2677925244565266,0.0048193340637267545,0.0,0.0,0.18849555921538758
43.58,0.9624481512316712,0.27142278867101116,0.0048193340637267545,0.0,0.0,0.18849555921538758
43.6,0.9614180745894294,0.2750491953668742,0.0048193340637267545,0.0,0.0,0.18849555921538758
43.62,0.960374334068244,0.2786716930048468,0.0048193340637267545,0.0,0.0,0.18849555921538758
43.64,0.9593169445019775,0.28229023010122195,0.0048193340637267545,0.0,0.0,0.18849555921538758
43.660000000000004,0.9582459209184764,0.2859047552285764,0.0048193340637267545,0.0,0.0,0.18849555921538758
43.68,0.957161278539357,0.2895152170165062,0.0048193340637267545,0.0,0.0,0.18849555921538758
43.7,0.9560630327797874,0.29312156415236,0.0048193340637267545,0.0,0.0,0.18849555921538758
43.72,0.954951199248272,0.29672374538195984,0.0048193340637267545,0.0,0.0,0.18849555921538758
43.74,0.9538257937464255,0.3003217095103394,0.0048193340637267545,0.0,0.0,0.18849555921538758
43.76,0.9526868322687516,0.3039154054024618,0.0048193340637267545,0.0,0.0,0.18849555921538758
43.78,0.9515343310024136,0.3075047819839563,0.0048193340637267545,0.0,0.0,0.18849555921538758
43.800000000000004,0.9503683063270054,0.3110897882418354,0.0048193340637267545,0.0,0.0,0.18849555921538758
43.82,0.9491887748143202,0.31467037322522334,0.0048193340637267545,0.0,0.0,0.18849555921538758
43.84,0.9479957532281095,0.3182464860460846,0.0048193340637267545,0.0,0.0,0.18849555921538758
43.86,0.9467892585238523,0.32181807587993755,0.0048193340637267545,0.0,0.0,0.18849555921538758
43.88,0.9455693078485081,0.3253850919665875,0.0048193340637267545,0.0,0.0,0.18849555921538758
43.9,0.9443359185402772,0.32894748361083775,0.0048193340637267545,0.0,0.0,0.18849555921538758
43.92,0.9430891081283506,0.33250520018322005,0.0048193340637267545,0.0,0.0,0.18849555921538758
43.94,0.9418288943326655,0.3360581911207047,0.0048193340637267545,0.0,0.0,0.18849555921538758
43.96,0.9405552950636479,0.33960640592742797,0.0048193340637267545,0.0,0.0,0.18849555921538758
43.980000000000004,0.9392683284219635,0.34314979417540264,0.0048193340637267545,0.0,0.0,0.18849555921538758
44.0,0.9379680126982574,0.34668830550523677,0.0048193340637267545,0.0,0.0,0.18849555921538758
44.02,0.9366543663728932,0.3502218896268547,0.0048193340637267545,0.0,0.0,0.18849555921538758
44.04,0.9353274081156939,0.35375049632020156,0.0048193340637267545,0.0,0.0,0.18849555921538758
44.06,0.9339871567856728,0.3572740754359684,0.0048193340637267545,0.0,0.0,0.18849555921538758
44.08,0.9326336314307687,0.360792576896294,0.0048193340637267545,0.0,0.0,0.18849555921538758
44.1,0.9312668512875718,0.3643059506954869,0.0048193340637267545,0.0,0.0,0.18849555921538758
44.12,0.9298868357810547,0.367814146900726,0.0048193340637267545,0.0,0.0,0.18849555921538758
44.14,0.9284936045242911,0.37131711565278036,0.0048193340637267545,0.0,0.0,0.18849555921538758
44.160000000000004,0.9270871773181816,0.3748148071667089,0.0048193340637267545,0.0,0.0,0.18849555921538758
44.18,0.9256675741511706,0.37830717173257183,0.0048193340637267545,0.0,0.0,0.18849555921538758
44.2,0.9242348151989602,0.3817941597161408,0.0048193340637267545,0.0,0.0,0.18849555921538758
44.22,0.9227889208242281,0.38527572155959555,0.0048193340637267545,0.0,0.0,0.18849555921538758
44.24,0.9213299115763325,0.3887518077822382,0.0048193340637267545,0.0,0.0,0.18849555921538758
44.26,0.9198578081910247,0.39222236898118684,0.0048193340637267545,0.0,0.0,0.18849555921538758
44.28,0.9183726315901521,0.3956873558320873,0.0048193340637267545,0.0,0.0,0.18849555921538758
44.300000000000004,0.9168744028813619,0.39914671908980526,0.0048193340637267545,0.0,0.0,0.18849555921538758
44.32,0.9153631433578011,0.4026004095891305,0.0048193340637267545,0.0,0.0,0.18849555921538758
44.34,0.9138388744978114,0.40604837824547846,0.0048193340637267545,0.0,0.0,0.18849555921538758
44.36,0.9123016179646286,0.40949057605558004,0.0048193340637267545,0.0,0.0,0.18849555921538758
44.38,0.9107513956060695,0.4129269540981876,0.0048193340637267545,0.0,0.0,0.18849555921538758
44.4,0.9091882294542264,0.4163574635347602,0.0048193340637267545,0.0,0.0,0.18849555921538758
44.42,0.9076121417251487,0.4197820556101678,0.0048193340637267545,0.0,0.0,0.18849555921538758
44.44,0.906023154818534,0.42320068165337416,0.0048193340637267545,0.0,0.0,0.18849555921538758
44.46,0.9044212913174017,0.42661329307813833,0.0048193340637267545,0.0,0.0,0.18849555921538758
44.480000000000004,0.9028065739877782,0.4300198413836971,0.0048193340637267545,0.0,0.0,0.18849555921538758
44.5,0.9011790257783721,0.43342027815545736,0.0048193340637267545,0.0,0.0,0.18849555921538758
44.52,0.8995386698202442,0.4368145550656885,0.0048193340637267545,0.0,0.0,0.18849555921538758
44.54,0.8978855294264851,0.44020262387419945,0.0048193340637267545,0.0,0.0,0.18849555921538758
44.56,0.8962196280918784,0.44358443642903544,0.0048193340637267545,0.0,0.0,0.18849555921538758
44.58,0.8945409894925699,0.44695994466715233,0.0048193340637267545,0.0,0.0,0.18849555921538758
44.6,0.892849637485729,0.4503291006151083,0.0048193340637267545,0.0,0.0,0.18849555921538758
44.62,0.8911455961092123,0.4536918563897374,0.0048193340637267545,0.0,0.0,0.18849555921538758
44.64,0.889428889581219,0.4570481641988392,0.0048193340637267545,0.0,0.0,0.18849555921538758
44.660000000000004,0.8876995422999496,0.46039797634184915,0.0048193340637267545,0.0,0.0,0.18849555921538758
44.68,0.8859575788432569,0.46374124521052085,0.0048193340637267545,0.0,0.0,0.18849555921538758
44.7,0.8842030239682962,0.46707792328960557,0.0048193340637267545,0.0,0.0,0.18849555921538758
44.72,0.8824359026111774,0.47040796315751965,0.0048193340637267545,0.0,0.0,0.18849555921538758
44.74,0.8806562398866055,0.47373131748702796,0.0048193340637267545,0.0,0.0,0.18849555921538758
44.76,0.8788640610875285,0.477047939045907,0.0048193340637267545,0.0,0.0,0.18849555921538758
44.78,0.8770593916847724,0.48035778069762514,0.0048193340637267545,0.0,0.0,0.18849555921538758
44.800000000000004,0.8752422573266847,0.4836607954020051,0.0048193340637267545,0.0,0.0,0.18849555921538758
44.82,0.8734126838387679,0.48695693621589536,0.0048193340637267545,0.0,0.0,0.18849555921538758
44.84,0.8715706972233094,0.49024615629384144,0.0048193340637267545,0.0,0.0,0.18849555921538758
44.86,0.8697163236590173,0.493528408888743,0.0048193340637267545,0.0,0.0,0.18849555921538758
44.88,0.8678495895006438,0.4968036473525277,0.0048193340637267545,0.0,0.0,0.18849555921538758
44.9,0.8659705212786147,0.5000718251368048,0.0048193340637267545,0.0,0.0,0.18849555921538758
44.92,0.8640791456986476,0.5033328957935361,0.0048193340637267545,0.0,0.0,0.18849555921538758
44.94,0.8621754896413765,0.5065868129756873,0.0048193340637267545,0.0,0.0,0.18849555921538758
44.96,0.860259580161967,0.5098335304378947,0.0048193340637267545,0.0,0.0,0.18849555921538758
44.980000000000004,0.8583314444897345,0.513073002037115,0.0048193340637267545,0.0,0.0,0.18849555921538758
45.0,0.8563911100277551,0.5163051817332855,0.0048193340637267545,0.0,0.0,0.18849555921538758
45.02,0.854438604352475,0.5195300235899806,0.0048193340637267545,0.0,0.0,0.18849555921538758
45.04,0.8524739552133237,0.522747481775057,0.0048193340637267545,0.0,0.0,0.18849555921538758
45.06,0.8504971905323124,0.5259575105613139,0.0048193340637267545,0.0,0.0,0.18849555921538758
45.08,0.8485083384036444,0.529160064327135,0.0048193340637267545,0.0,0.0,0.18849555921538758
45.1,0.8465074270933091,0.5323550975571447,0.0048193340637267545,0.0,0.0,0.18849555921538758
45.12,0.8444944850386872,0.5355425648428462,0.0048193340637267545,0.0,0.0,0.18849555921538758
45.14,0.8424695408481389,0.5387224208832759,0.0048193340637267545,0.0,0.0,0.18849555921538758
45.160000000000004,0.8404326233006043,0.5418946204856401,0.0048193340637267545,0.0,0.0,0.18849555921538758
45.18,0.8383837613451917,0.5450591185659593,0.0048193340637267545,0.0,0.0,0.18849555921538758
45.2,0.8363229841007626,0.5482158701497137,0.0048193340637267545,0.0,0.0,0.18849555921538758
45.22,0.8342503208555245,0.5513648303724733,0.0048193340637267545,0.0,0.0,0.18849555921538758
45.24,0.8321658010666092,0.5545059544805455,0.0048193340637267545,0.0,0.0,0.18849555921538758
45.26,0.8300694543596578,0.5576391978316014,0.0048193340637267545,0.0,0.0,0.18849555921538758
45.28,0.8279613105283962,0.5607645158953202,0.0048193340637267545,0.0,0.0,0.18849555921538758
45.300000000000004,0.8258413995342149,0.5638818642540128,0.0048193340637267545,0.0,0.0,0.18849555921538758
45.32,0.8237097515057434,0.5669911986032576,0.0048193340637267545,0.0,0.0,0.18849555921538758
45.34,0.821566396738416,0.5700924747525338,0.0048193340637267545,0.0,0.0,0.18849555921538758
45.36,0.8194113656940505,0.5731856486258399,0.0048193340637267545,0.0,0.0,0.18849555921538758
45.38,0.8172446890004059,0.5762706762623304,0.0048193340637267545,0.0,0.0,0.18849555921538758
45.4,0.8150663974507558,0.5793475138169318,0.0048193340637267545,0.0,0.0,0.18849555921538758
45.42,0.8128765220034435,0.5824161175609742,0.0048193340637267545,0.0,0.0,0.18849555921538758
45.44,0.8106750937814482,0.5854764438828038,0.0048193340637267545,0.0,0.0,0.18849555921538758
45.46,0.8084621440719356,0.5885284492884117,0.0048193340637267545,0.0,0.0,0.18849555921538758
45.480000000000004,0.8062377043258204,0.5915720904020445,0.0048193340637267545,0.0,0.0,0.18849555921538758
45.5,0.8040018061573161,0.5946073239668234,0.0048193340637267545,0.0,0.0,0.18849555921538758
45.52,0.8017544813434829,0.5976341068453633,0.0048193340637267545,0.0,0.0,0.18849555921538758
45.54,0.7994957618237832,0.6006523960203778,0.0048193340637267545,0.0,0.0,0.18849555921538758
45.56,0.7972256796996193,0.6036621485952989,0.0048193340637267545,0.0,0.0,0.18849555921538758
45.58,0.7949442672338841,0.6066633217948778,0.0048193340637267545,0.0,0.0,0.18849555921538758
45.6,0.7926515568504975,0.6096558729658026,0.0048193340637267545,0.0,0.0,0.18849555921538758
45.62,0.7903475811339503,0.6126397595772953,0.0048193340637267545,0.0,0.0,0.18849555921538758
45.64,0.7880323728288359,0.615614939221724,0.0048193340637267545,0.0,0.0,0.18849555921538758
45.660000000000004,0.7857059648393897,0.6185813696151992,0.0048193340637267545,0.0,0.0,0.18849555921538758
45.68,0.7833683902290197,0.6215390085981779,0.0048193340637267545,0.0,0.0,0.18849555921538758
45.7,0.7810196822198338,0.6244878141360657,0.0048193340637267545,0.0,0.0,0.18849555921538758
45.72,0.7786598741921731,0.6274277443198066,0.0048193340637267545,0.0,0.0,0.18849555921538758
45.74,0.7762889996841316,0.630358757366487,0.0048193340637267545,0.0,0.0,0.18849555921538758
45.76,0.7739070923910856,0.6332808116199218,0.0048193340637267545,0.0,0.0,0.18849555921538758
45.78,0.7715141861652086,0.6361938655512542,0.0048193340637267545,0.0,0.0,0.18849555921538758
45.800000000000004,0.7691103150149955,0.6390978777595387,0.0048193340637267545,0.0,0.0,0.18849555921538758
45.82,0.7666955131047767,0.6419928069723325,0.0048193340637267545,0.0,0.0,0.18849555921538758
45.84,0.7642698147542315,0.6448786120462858,0.0048193340637267545,0.0,0.0,0.18849555921538758
45.86,0.7618332544379044,0.6477552519677185,0.0048193340637267545,0.0,0.0,0.18849555921538758
45.88,0.7593858667847087,0.6506226858532124,0.0048193340637267545,0.0,0.0,0.18849555921538758
45.9,0.7569276865774422,0.6534808729501823,0.0048193340637267545,0.0,0.0,0.18849555921538758
45.92,0.7544587487522855,0.6563297726374653,0.0048193340637267545,0.0,0.0,0.18849555921538758
45.94,0.7519790883983115,0.6591693444258887,0.0048193340637267545,0.0,0.0,0.18849555921538758
45.96,0.7494887407569805,0.6619995479588539,0.0048193340637267545,0.0,0.0,0.18849555921538758
45.980000000000004,0.7469877412216461,0.6648203430129033,0.0048193340637267545,0.0,0.0,0.18849555921538758
46.0,0.7444761253370484,0.6676316894982939,0.0048193340637267545,0.0,0.0,0.18849555921538758
46.02,0.7419539287988072,0.6704335474595716,0.0048193340637267545,0.0,0.0,0.18849555921538758
46.04,0.7394211874529196,0.6732258770761308,0.0048193340637267545,0.0,0.0,0.18849555921538758
46.06,0.7368779372952449,0.6760086386627886,0.0048193340637267545,0.0,0.0,0.18849555921538758
46.08,0.7343242144709985,0.6787817926703413,0.0048193340637267545,0.0,0.0,0.18849555921538758
46.1,0.7317600552742332,0.6815452996861343,0.0048193340637267545,0.0,0.0,0.18849555921538758
46.12,0.7291854961473284,0.6842991204346135,0.0048193340637267545,0.0,0.0,0.18849555921538758
46.14,0.7266005736804667,0.6870432157778924,0.0048193340637267545,0.0,0.0,0.18849555921538758
46.160000000000004,0.7240053246111189,0.6897775467163014,0.0048193340637267545,0.0,0.0,0.18849555921538758
46.18,0.7213997858235198,0.6925020743889444,0.0048193340637267545,0.0,0.0,0.18849555921538758
46.2,0.7187839943481408,0.6952167600742543,0.0048193340637267545,0.0,0.0,0.18849555921538758
46.22,0.7161579873611708,0.6979215651905367,0.0048193340637267545,0.0,0.0,0.18849555921538758
46.24,0.71352180218398,0.7006164512965255,0.0048193340637267545,0.0,0.0,0.18849555921538758
46.26,0.7108754762825967,0.7033013800919222,0.0048193340637267545,0.0,0.0,0.18849555921538758
46.28,0.7082190472671683,0.7059763134179474,0.0048193340637267545,0.0,0.0,0.18849555921538758
46.300000000000004,0.7055525528914313,0.7086412132578769,0.0048193340637267545,0.0,0.0,0.18849555921538758
46.32,0.7028760310521746,0.7112960417375837,0.0048193340637267545,0.0,0.0,0.18849555921538758
46.34,0.7001895197886955,0.7139407611260811,0.0048193340637267545,0.0,0.0,0.18849555921538758
46.36,0.6974930572822677,0.7165753338360499,0.0048193340637267545,0.0,0.0,0.18849555921538758
46.38,0.6947866818555908,0.7191997224243828,0.0048193340637267545,0.0,0.0,0.18849555921538758
46.4,0.6920704319722519,0.7218138895927068,0.0048193340637267545,0.0,0.0,0.18849555921538758
46.42,0.6893443462361719,0.7244177981879217,0.0048193340637267545,0.0,0.0,0.18849555921538758
46.44,0.6866084633910655,0.7270114112027207,0.0048193340637267545,0.0,0.0,0.18849555921538758
46.46,0.683862822319882,0.7295946917761237,0.0048193340637267545,0.0,0.0,0.18849555921538758
46.480000000000004,0.6811074620442593,0.732167603193995,0.0048193340637267545,0.0,0.0,0.18849555921538758
46.5,0.6783424217239672,0.7347301088895671,0.0048193340637267545,0.0,0.0,0.18849555921538758
46.52,0.6755677406563466,0.7372821724439638,0.0048193340637267545,0.0,0.0,0.18849555921538758
46.54,0.6727834582757595,0.7398237575867113,0.0048193340637267545,0.0,0.0,0.18849555921538758
46.56,0.6699896141530194,0.7423548281962605,0.0048193340637267545,0.0,0.0,0.18849555921538758
46.58,0.6671862479948377,0.7448753483004941,0.0048193340637267545,0.0,0.0,0.18849555921538758
46.6,0.664373399643251,0.7473852820772434,0.0048193340637267545,0.0,0.0,0.18849555921538758
46.62,0.6615511090750621,0.7498845938547923,0.0048193340637267545,0.0,0.0,0.18849555921538758
46.64,0.6587194164012654,0.75237324811239,0.0048193340637267545,0.0,0.0,0.18849555921538758
46.660000000000004,0.6558783618664827,0.7548512094807498,0.0048193340637267545,0.0,0.0,0.18849555921538758
46.68,0.653027985848389,0.7573184427425551,0.0048193340637267545,0.0,0.0,0.18849555921538758
46.7,0.650168328857134,0.7597749128329615,0.0048193340637267545,0.0,0.0,0.18849555921538758
46.72,0.6472994315347761,0.7622205848400895,0.0048193340637267545,0.0,0.0,0.18849555921538758
46.74,0.6444213346546945,0.7646554240055287,0.0048193340637267545,0.0,0.0,0.18849555921538758
46.76,0.6415340791210186,0.7670793957248228,0.0048193340637267545,0.0,0.0,0.18849555921538758
46.78,0.638637705968038,0.76949246554797,0.0048193340637267545,0.0,0.0,0.18849555921538758
46.800000000000004,0.6357322563596276,0.7718945991799068,0.0048193340637267545,0.0,0.0,0.18849555921538758
46.82,0.6328177715886587,0.7742857624809953,0.0048193340637267545,0.0,0.0,0.18849555921538758
46.84,0.629894293076409,0.7766659214675141,0.0048193340637267545,0.0,0.0,0.18849555921538758
46.86,0.6269618623719814,0.779035042312134,0.0048193340637267545,0.0,0.0,0.18849555921538758
46.88,0.6240205211517047,0.7813930913444057,0.0048193340637267545,0.0,0.0,0.18849555921538758
46.9,0.6210703112185514,0.7837400350512305,0.0048193340637267545,0.0,0.0,0.18849555921538758
46.92,0.6181112745015321,0.7860758400773455,0.0048193340637267545,0.0,0.0,0.18849555921538758
46.94,0.6151434530551103,0.788400473225789,0.0048193340637267545,0.0,0.0,0.18849555921538758
46.96,0.6121668890585964,0.7907139014583799,0.0048193340637267545,0.0,0.0,0.18849555921538758
46.980000000000004,0.6091816248155542,0.793016091896182,0.0048193340637267545,0.0,0.0,0.18849555921538758
47.0,0.6061877027531976,0.795307011819972,0.0048193340637267545,0.0,0.0,0.18849555921538758
47.02,0.6031851654217842,0.7975866286707087,0.0048193340637267545,0.0,0.0,0.18849555921538758
47.04,0.6001740554940175,0.7998549100499889,0.0048193340637267545,0.0,0.0,0.18849555921538758
47.06,0.5971544157644331,0.802111823720515,0.0048193340637267545,0.0,0.0,0.18849555921538758
47.08,0.5941262891487972,0.8043573376065467,0.0048193340637267545,0.0,0.0,0.18849555921538758
47.1,0.5910897186834896,0.8065914197943623,0.0048193340637267545,0.0,0.0,0.18849555921538758
47.12,0.5880447475249007,0.8088140385327075,0.0048193340637267545,0.0,0.0,0.18849555921538758
47.14,0.5849914189488079,0.8110251622332518,0.0048193340637267545,0.0,0.0,0.18849555921538758
47.160000000000004,0.5819297763497704,0.8132247594710323,0.0048193340637267545,0.0,0.0,0.18849555921538758
47.18,0.5788598632405075,0.8154127989849029,0.0048193340637267545,0.0,0.0,0.18849555921538758
47.2,0.5757817232512774,0.81758924967798,0.0048193340637267545,0.0,0.0,0.18849555921538758
47.22,0.5726954001292651,0.8197540806180801,0.0048193340637267545,0.0,0.0,0.18849555921538758
47.24,0.5696009377379517,0.8219072610381652,0.0048193340637267545,0.0,0.0,0.18849555921538758
47.26,0.5664983800564991,0.8240487603367744,0.0048193340637267545,0.0,0.0,0.18849555921538758
47.28,0.563387771179118,0.8261785480784638,0.0048193340637267545,0.0,0.0,0.18849555921538758
47.300000000000004,0.5602691553144465,0.8282965939942343,0.0048193340637267545,0.0,0.0,0.18849555921538758
47.32,0.5571425767849203,0.8304028679819644,0.0048193340637267545,0.0,0.0,0.18849555921538758
47.34,0.5540080800261387,0.8324973401068401,0.0048193340637267545,0.0,0.0,0.18849555921538758
47.36,0.5508657095862414,0.834579980601775,0.0048193340637267545,0.0,0.0,0.18849555921538758
47.38,0.5477155101252654,0.836650759867839,0.0048193340637267545,0.0,0.0,0.18849555921538758
47.4,0.5445575264145209,0.838709648474674,0.0048193340637267545,0.0,0.0,0.18849555921538758
47.42,0.5413918033359438,0.8407566171609164,0.0048193340637267545,0.0,0.0,0.18849555921538758
47.44,0.5382183858814689,0.8427916368346088,0.0048193340637267545,0.0,0.0,0.18849555921538758
47.46,0.5350373191523797,0.8448146785736187,0.0048193340637267545,0.0,0.0,0.18849555921538758
47.480000000000004,0.5318486483586778,0.8468257136260442,0.0048193340637267545,0.0,0.0,0.18849555921538758
47.5,0.5286524188184343,0.8488247133641883,0.004819342242632529,0.0,0.0,0.18849555921538758
47.52,0.5254492413251207,0.8504222622858139,0.02617385335720368,1.2566370614359172,0.0,0.18849555921538758
47.54,0.5222410762201644,0.8514705811374704,0.04756162072357867,1.2566370614359172,0.0,0.18849555921538758
47.56,0.519029995439733,0.851968992912411,0.06896882592645487,1.2566370614359172,0.0,0.18849555921538758
47.58,0.5158180728030353,0.8519171757202867,0.09038164350443945,1.2566370614359172,0.0,0.18849555921538758
47.6,0.5126073826729736,0.8513151630263059,0.11178624437151741,1.2566370614359172,0.0,0.18849555921538758
47.62,0.5093999986164622,0.8501633436296221,0.13316880474825976,1.2566370614359172,0.0,0.18849555921538758
47.64,0.5061979920652425,0.8484624614122327,0.15451551508972494,1.2566370614359172,0.0,0.18849555921538758
47.660000000000004,0.5030034309780933,0.8462136148585583,0.17581258900405422,1.2566370614359172,0.0,0.18849555921538758
47.68,0.49981837850527294,0.8434182563460069,0.19704627215618942,1.2566370614359172,0.0,0.18849555921538758
47.7,0.49664489165606823,0.8400781912069767,0.21820285115088678,1.2566370614359172,0.0,0.18849555921538758
47.72,0.49348501997031885,0.8361955765629223,0.2392686623892169,1.2566370614359172,0.0,0.18849555921538758
47.74,0.49034080419474907,0.8317729199312076,0.26023010089301507,1.2566370614359172,0.0,0.18849555921538758
47.76,0.48721427496499814,0.8268130776056797,0.2810736290913552,1.2566370614359172,0.0,0.18849555921538758
47.78,0.4841074514941604,0.8213192528119718,0.3017857855636062,1.2566370614359172,0.0,0.18849555921538758
47.800000000000004,0.48102234026872137,0.8152949936387678,0.3223531937331992,1.2566370614359172,0.0,0.18849555921538758
47.82,0.47796093375270016,0.8087441907463283,0.34276257050667397,1.2566370614359172,0.0,0.18849555921538758
47.84,0.4749252091008491,0.8016710748537704,0.36300073485234774,1.2566370614359172,0.0,0.18849555921538758
47.86,0.47191712688175125,0.7940802140067484,0.3830546163129996,1.2566370614359172,0.0,0.18849555921538758
47.88,0.46893862981161394,0.7859765106272434,0.40291126344724904,1.2566370614359172,0.0,0.18849555921538758
47.9,0.4659916414996078,0.777365198347444,0.4225578521939566,1.2566370614359172,0.0,0.18849555921538758
47.92,0.4630780652055307,0.7682518386296745,0.4419816941544713,1.2566370614359172,0.0,0.18849555921538758
47.94,0.4601997826106289,0.7586423171746488,0.4611702447871495,1.2566370614359172,0.0,0.18849555921538758
47.96,0.4573586526023393,0.7485428401202685,0.4801111115090804,1.2566370614359172,0.0,0.18849555921538758
47.980000000000004,0.45455651007376663,0.7379599300335248,0.49879206169956486,1.2566370614359172,0.0,0.18849555921538758
48.0,0.4517951647386479,0.7269004216980041,0.5172010306003574,1.2566370614359172,0.0,0.18849555921538758
48.02,0.4490763999625778,0.7153714576997529,0.5353261291074922,1.2566370614359172,0.0,0.18849555921538758
48.04,0.4464019716112609,0.7033804838143947,0.553155651449605,1.2566370614359172,0.0,0.18849555921538758
48.06,0.44377360691650947,0.6909352441983746,0.5706780827479476,1.2566370614359172,0.0,0.18849555921538758
48.08,0.4411930033607493,0.6780437763875695,0.5878821064530159,1.2566370614359172,0.0,0.18849555921538758
48.1,0.43866182758072303,0.6647144061063529,0.6047566116531911,1.2566370614359172,0.0,0.18849555921538758
48.120000000000005,0.43618171429112956,0.6509557418906059,0.6212907002504804,1.2566370614359172,0.0,0.18849555921538758
48.14,0.43375426522886984,0.6367766695280357,0.6374736939988788,1.2566370614359172,0.0,0.18849555921538758
48.160000000000004,0.4313810481185907,0.6221863463194314,0.6532951414007399,1.2566370614359172,0.0,0.18849555921538758
48.18,0.4290635956602044,0.6071941951646219,0.6687448244566488,1.2566370614359172,0.0,0.18849555921538758
48.2,0.42680340453901466,0.5918098984768206,0.6838127652645802,1.2566370614359172,0.0,0.18849555921538758
48.22,0.4246019344591161,0.5760433919294569,0.6984892324639036,1.2566370614359172,0.0,0.18849555921538758
48.24,0.4224606072006637,0.5599048580393521,0.7127647475202528,1.2566370614359172,0.0,0.18849555921538758
48.26,0.42038080570164776,0.5434047195905701,0.7266300908470258,1.2566370614359172,0.0,0.18849555921538758
48.28,0.41836387316474194,0.5265536329030012,0.7400763077597312,1.2566370614359172,0.0,0.18849555921538758
48.300000000000004,0.4164111121898253,0.5093624809502093,0.7530947142591757,1.2566370614359172,0.0,0.18849555921538758
48.32,0.4145237839327187,0.4918423663308403,0.7656769026398859,1.2566370614359172,0.0,0.18849555921538758
48.34,0.4127031072906883,0.4740046040981877,0.7778147469200876,1.2566370614359172,0.0,0.18849555921538758
48.36,0.4109502581152471,0.4558607144526111,0.7895004080896955,1.2566370614359172,0.0,0.18849555921538758
48.38,0.4092663684527466,0.43742241530137077,0.8007263391730314,1.2566370614359172,0.0,0.18849555921538758
48.4,0.40765252581327055,0.4187016146908768,0.8114852901028717,1.2566370614359172,0.0,0.18849555921538758
48.42,0.4061097724682805,0.3997104031160379,0.8217703124028056,1.2566370614359172,0.0,0.18849555921538758
48.44,0.4046391047774884,0.3804610457118842,0.8315747636747529,1.2566370614359172,0.0,0.18849555921538758
48.46,0.403241472545371,0.36096597433229494,0.8408923118888689,1.2566370614359172,0.0,0.18849555921538758
48.480000000000004,0.4019177784077594,0.341237779521155,0.8497169394729471,1.2566370614359172,0.0,0.18849555921538758
48.5,0.4006688772488856,0.321289202380957,0.8580429471987724,1.2566370614359172,0.0,0.18849555921538758
48.52,0.3994955756492705,0.3011331263441652,0.8658649578628739,1.2566370614359172,0.0,0.18849555921538758
48.54,0.39839863136481013,0.28078256885273173,0.8731779197592758,1.2566370614359172,0.0,0.18849555921538758
48.56,0.3973787528373904,0.2602506729509557,0.8799771099420732,1.2566370614359172,0.0,0.18849555921538758
48.58,0.39643659873735493,0.23955069879734103,0.8862581372756426,1.2566370614359172,0.0,0.18849555921538758
48.6,0.39557277753811176,0.21869601510070089,0.8920169452705966,1.2566370614359172,0.0,0.18849555921538758
48.620000000000005,0.39478784712316445,0.19770009048626783,0.8972498147035793,1.2566370614359172,0.0,0.18849555921538758
48.64,0.39408231442581104,0.1765764847972,0.9019533660192689,1.2566370614359172,0.0,0.18849555921538758
48.660000000000004,0.39345663510175033,0.15533884033717632,0.9061245615130061,1.2566370614359172,0.0,0.18849555921538758
48.68,0.3929112132348065,0.13400087305981012,0.9097607072926317,1.2566370614359172,0.0,0.18849555921538758
48.7,0.3924464010759567,0.1125763637103858,0.9128594550182982,1.2566370614359172,0.0,0.18849555921538758
48.72,0.3920624988158371,0.09107914892587039,0.9154188034190958,1.2566370614359172,0.0,0.18849555921538758
48.74,0.39175975439086985,0.06952311229870808,0.9174370995855438,1.2566370614359172,0.0,0.18849555921538758
48.76,0.39152748528637105,0.059465516565158555,0.9182429311489408,0.0,0.0,0.18849555921538758
48.78,0.3913005238652996,0.060941114346332294,0.9182429311489408,0.0,0.0,0.18849555921538758
48.800000000000004,0.39106800119763824,0.062415846019377684,0.9182429311489408,0.0,0.0,0.18849555921538758
48.82,0.3908299205880488,0.06388969062509284,0.9182429311489408,0.0,0.0,0.18849555921538758
48.84,0.3905862854201836,0.06536262721688452,0.9182429311489408,0.0,0.0,0.18849555921538758
48.86,0.390337099156638,0.0668346348610624,0.9182429311489408,0.0,0.0,0.18849555921538758
48.88,0.39008236533889995,0.06830569263714063,0.9182429311489408,0.0,0.0,0.18849555921538758
48.9,0.38982208758730125,0.06977577963813096,0.9182429311489408,0.0,0.0,0.18849555921538758
48.92,0.3895562696009645,0.07124487497084409,0.9182429311489408,0.0,0.0,0.18849555921538758
48.94,0.38928491515775204,0.07271295775618244,0.9182429311489408,0.0,0.0,0.18849555921538758
48.96,0.389008028114211,0.07418000712944112,0.9182429311489408,0.0,0.0,0.18849555921538758
48.980000000000004,0.3887256124055189,0.07564600224060061,0.9182429311489408,0.0,0.0,0.18849555921538758
49.0,0.38843767204542845,0.07711092225462493,0.9182429311489408,0.0,0.0,0.18849555921538758
49.02,0.3881442111262093,0.07857474635175912,0.9182429311489408,0.0,0.0,0.18849555921538758
49.04,0.38784523381859093,0.08003745372782152,0.9182429311489408,0.0,0.0,0.18849555921538758
49.06,0.38754074437170233,0.08149902359450364,0.9182429311489408,0.0,0.0,0.18849555921538758
49.08,0.38723074711301286,0.08295943517966141,0.9182429311489408,0.0,0.0,0.18849555921538758
49.1,0.3869152464482695,0.08441866772761465,0.9182429311489408,0.0,0.0,0.18849555921538758
49.120000000000005,0.3865942468614351,0.08587670049943831,0.9182429311489408,0.0,0.0,0.18849555921538758
49.14,0.38626775291462473,0.08733351277325885,0.9182429311489408,0.0,0.0,0.18849555921538758
49.160000000000004,0.38593576924803946,0.08878908384455021,0.9182429311489408,0.0,0.0,0.18849555921538758
49.18,0.38559830057990246,0.09024339302642452,0.9182429311489408,0.0,0.0,0.18849555921538758
49.2,0.3852553517063903,0.09169641964993018,0.9182429311489408,0.0,0.0,0.18849555921538758
49.22,0.3849069275015658,0.0931481430643416,0.9182429311489408,0.0,0.0,0.18849555921538758
49.24,0.3845530329173077,0.09459854263745672,0.9182429311489408,0.0,0.0,0.18849555921538758
49.26,0.38419367298324186,0.09604759775588605,0.9182429311489408,0.0,0.0,0.18849555921538758
49.28,0.3838288528066681,0.0974952878253499,0.9182429311489408,0.0,0.0,0.18849555921538758
49.300000000000004,0.3834585775724888,0.09894159227096741,0.9182429311489408,0.0,0.0,0.18849555921538758
49.32,0.3830828525431346,0.1003864905375505,0.9182429311489408,0.0,0.0,0.18849555921538758
49.34,0.3827016830584898,0.10182996208989753,0.9182429311489408,0.0,0.0,0.18849555921538758
49.36,0.38231507453581665,0.10327198641308158,0.9182429311489408,0.0,0.0,0.18849555921538758
49.38,0.3819230324696776,0.10471254301274616,0.9182429311489408,0.0,0.0,0.18849555921538758
49.4,0.381525562431859,0.1061516114153923,0.9182429311489408,0.0,0.0,0.18849555921538758
49.42,0.381122670071289,0.10758917116867352,0.9182429311489408,0.0,0.0,0.18849555921538758
49.44,0.3807143611139605,0.1090252018416827,0.9182429311489408,0.0,0.0,0.18849555921538758
49.46,0.3803006413628472,0.1104596830252464,0.9182429311489408,0.0,0.0,0.18849555921538758
49.480000000000004,0.3798815166978226,0.1118925943322112,0.9182429311489408,0.0,0.0,0.18849555921538758
49.5,0.3794569930755763,0.11332391539773519,0.9182429311489408,0.0,0.0,0.18849555921538758
49.52,0.37902707652952783,0.1147536258795788,0.9182429311489408,0.0,0.0,0.18849555921538758
49.54,0.37859177316974374,0.11618170545839042,0.9182429311489408,0.0,0.0,0.18849555921538758
49.56,0.3781510891828479,0.11760813383799915,0.9182429311489408,0.0,0.0,0.18849555921538758
49.58,0.3777050308319355,0.11903289074569931,0.9182429311489408,0.0,0.0,0.18849555921538758
49.6,0.37725360445648287,0.12045595593254253,0.9182429311489408,0.0,0.0,0.18849555921538758
49.620000000000005,0.3767968164722579,0.12187730917362206,0.9182429311489408,0.0,0.0,0.18849555921538758
49.64,0.3763346733712293,0.12329693026836168,0.9182429311489408,0.0,0.0,0.18849555921538758
49.660000000000004,0.3758671817214731,0.12471479904080428,0.9182429311489408,0.0,0.0,0.18849555921538758
49.68,0.37539434816708084,0.12613089533989513,0.9182429311489408,0.0,0.0,0.18849555921538758
49.7,0.3749161794280636,0.12754519903977232,0.9182429311489408,0.0,0.0,0.18849555921538758
49.72,0.37443268230025784,0.12895769004004873,0.9182429311489408,0.0,0.0,0.18849555921538758
49.74,0.3739438636552277,0.13036834826610164,0.9182429311489408,0.0,0.0,0.18849555921538758
49.76,0.37344973044016855,0.1317771536693541,0.9182429311489408,0.0,0.0,0.18849555921538758
49.78,0.37295028967780675,0.13318408622756395,0.9182429311489408,0.0,0.0,0.18849555921538758
49.800000000000004,0.37244554846630107,0.13458912594510483,0.9182429311489408,0.0,0.0,0.18849555921538758
49.82,0.37193551397914176,0.1359922528532518,0.9182429311489408,0.0,0.0,0.18849555921538758
49.84,0.37142019346504723,0.13739344701046668,0.9182429311489408,0.0,0.0,0.18849555921538758
49.86,0.3708995942478633,0.13879268850267792,0.9182429311489408,0.0,0.0,0.18849555921538758
49.88,0.3703737237264567,0.14018995744356763,0.9182429311489408,0.0,0.0,0.18849555921538758
49.9,0.3698425893746121,0.1415852339748504,0.9182429311489408,0.0,0.0,0.18849555921538758
49.92,0.3693061987409236,0.14297849826655923,0.9182429311489408,0.0,0.0,0.18849555921538758
49.94,0.3687645594486901,0.14436973051732355,0.9182429311489408,0.0,0.0,0.18849555921538758
49.96,0.36821767919580417,0.1457589109546545,0.9182429311489408,0.0,0.0,0.18849555921538758
49.980000000000004,0.3676655657546452,0.14714601983522269,0.9182429311489408,0.0,0.0,0.18849555921538758
