Time,Sx,Sy,Sz,Hx,Hy,Hz
0.0,0.0,0.0,1.0,0.0,0.0,0.25132741228718347
0.02,6.316191108577876e-05,-0.025129969871765974,0.9996841904445711,1.2566370614359172,0.0,0.25132741228718347
0.04,0.00025260635276510136,-0.05024345199571297,0.9987369682361745,1.2566370614359172,0.0,0.25132741228718347
0.06,0.0005682088818433925,-0.07532392995433634,0.997158955590783,1.2566370614359172,0.0,0.25132741228718347
0.08,0.0010097621837824888,-0.1003549287601887,0.9949511890810877,1.2566370614359172,0.0,0.25132741228718347
0.1,0.0015769762088824273,-0.12532000592793138,0.992115118955588,1.2566370614359172,0.0,0.25132741228718347
0.12,0.0022694783628107195,-0.15020276227515483,0.9886526081859466,1.2566370614359172,0.0,0.25132741228718347
0.14,0.003086813751353944,-0.1749868526947541,0.9845659312432307,1.2566370614359172,0.0,0.25132741228718347
0.16,0.004028445479230887,-0.19965599689178315,0.9798577726038459,1.2566370614359172,0.0,0.25132741228718347
0.18,0.005093755002770953,-0.2241939900777345,0.9745312249861457,1.2566370614359172,0.0,0.25132741228718347
0.2,0.006282042536226167,-0.24858471361522055,0.9685897873188695,1.2566370614359172,0.0,0.25132741228718347
0.22,0.007592527511449864,-0.27281214560606315,0.9620373624427508,1.2566370614359172,0.0,0.25132741228718347
0.24,0.009024349090640134,-0.2968603714158368,0.9548782545467993,1.2566370614359172,0.0,0.25132741228718347
0.26,0.01057656673181118,-0.32071359412795153,0.947117166340944,1.2566370614359172,0.0,0.25132741228718347
0.28,0.012248160806621139,-0.34435614492040895,0.9387591959668943,1.2566370614359172,0.0,0.25132741228718347
0.3,0.014038033270150569,-0.36777249335841583,0.9298098336492471,1.2566370614359172,0.0,0.25132741228718347
0.32,0.015945008382191594,-0.390947257596091,0.9202749580890421,1.2566370614359172,0.0,0.25132741228718347
0.34,0.017967833479573876,-0.4138652144805688,0.9101608326021309,1.2566370614359172,0.0,0.25132741228718347
0.36,0.02010517979902012,-0.43651130955185774,0.8994741010048997,1.2566370614359172,0.0,0.25132741228718347
0.38,0.022355643349990725,-0.45887066693188877,0.8882217832500466,1.2566370614359172,0.0,0.25132741228718347
0.4,0.02471774583694385,-0.48092859909625435,0.8764112708152807,1.2566370614359172,0.0,0.25132741228718347
0.42,0.027189935630405507,-0.5026706165222218,0.8640503218479725,1.2566370614359172,0.0,0.25132741228718347
0.44,0.029770588786211586,-0.5240824372066828,0.8511470560689423,1.2566370614359172,0.0,0.25132741228718347
0.46,0.03245801011225216,-0.5451499960477842,0.8377099494387396,1.2566370614359172,0.0,0.25132741228718347
0.48,0.035250434282017705,-0.5658594540840829,0.8237478285899119,1.2566370614359172,0.0,0.25132741228718347
0.5,0.03814602699421536,-0.5861972075851491,0.8092698650289236,1.2566370614359172,0.0,0.25132741228718347
0.52,0.04114288617769384,-0.6061498969876532,0.7942855691115311,1.2566370614359172,0.0,0.25132741228718347
0.54,0.04423904324088517,-0.6257044156710593,0.7788047837955743,1.2566370614359172,0.0,0.25132741228718347
0.56,0.04743246436494288,-0.6448479185671684,0.7628376781752856,1.2566370614359172,0.0,0.25132741228718347
0.58,0.05072105183972685,-0.663567830597849,0.746394740801366,1.2566370614359172,0.0,0.25132741228718347
0.6,0.05410264544175742,-0.6818518549354156,0.729486772791213,1.2566370614359172,0.0,0.25132741228718347
0.62,0.05757502385323369,-0.69968798108023,0.7121248807338317,1.2566370614359172,0.0,0.25132741228718347
0.64,0.061135906121183504,-0.7170644927502167,0.6943204693940825,1.2566370614359172,0.0,0.25132741228718347
0.66,0.06478295315578723,-0.7339699755771124,0.6760852342210644,1.2566370614359172,0.0,0.25132741228718347
0.68,0.06851376926689033,-0.7503933246043919,0.6574311536655488,1.2566370614359172,0.0,0.25132741228718347
0.7000000000000001,0.0723259037376963,-0.7663237515819462,0.6383704813115191,1.2566370614359172,0.0,0.25132741228718347
0.72,0.07621685243460527,-0.7817507920527216,0.6189157378269741,1.2566370614359172,0.0,0.25132741228718347
0.74,0.08018405945214199,-0.7966643122266631,0.5990797027392905,1.2566370614359172,0.0,0.25132741228718347
0.76,0.08422491879189112,-0.8110545156374489,0.5788754060405448,1.2566370614359172,0.0,0.25132741228718347
0.78,0.08833677607433843,-0.8249119495776407,0.5583161196283077,1.2566370614359172,0.0,0.25132741228718347
0.8,0.09251693028249279,-0.8382275113080244,0.537415348587536,1.2566370614359172,0.0,0.25132741228718347
0.8200000000000001,0.09676263553614323,-0.8509924540370627,0.5161868223192838,1.2566370614359172,0.0,0.25132741228718347
0.84,0.1010711028955863,-0.8631983926665298,0.4946444855220686,1.2566370614359172,0.0,0.25132741228718347
0.86,0.10543950219363862,-0.8748373092995566,0.4728024890318072,1.2566370614359172,0.0,0.25132741228718347
0.88,0.10986496389473069,-0.8859015585074659,0.450675180526347,1.2566370614359172,0.0,0.25132741228718347
0.9,0.11434458097986178,-0.8963838723519383,0.42827709510069173,1.2566370614359172,0.0,0.25132741228718347
0.92,0.11887541085617662,-0.9062773651592123,0.40562294571911744,1.2566370614359172,0.0,0.25132741228718347
0.9400000000000001,0.12345447728991044,-0.9155755380431789,0.38272761355044865,1.2566370614359172,0.0,0.25132741228718347
0.96,0.12807877236143178,-0.9242722831744021,0.3596061381928419,1.2566370614359172,0.0,0.25132741228718347
0.98,0.13274525844109977,-0.9323618877922598,0.3362737077945021,1.2566370614359172,0.0,0.25132741228718347
1.0,0.13745087018463692,-0.9398390379575696,0.3127456490768163,1.2566370614359172,0.0,0.25132741228718347
1.02,0.14219251654670773,-0.9466988220432361,0.2890374172664624,1.2566370614359172,0.0,0.25132741228718347
1.04,0.14696708281137957,-0.9529367339606232,0.2651645859431033,1.2566370614359172,0.0,0.25132741228718347
1.06,0.15177143263813264,-0.9585486761195373,0.24114283680933812,1.2566370614359172,0.0,0.25132741228718347
1.08,0.1566024101220747,-0.963530962119872,0.2169879493896275,1.2566370614359172,0.0,0.25132741228718347
1.1,0.1614568418670076,-0.9678803191731477,0.19271579066496353,1.2566370614359172,0.0,0.25132741228718347
1.12,0.16633153906998274,-0.9715938902523585,0.16834230465008815,1.2566370614359172,0.0,0.25132741228718347
1.1400000000000001,0.17122329961597815,-0.9746692359687089,0.1438835019201109,1.2566370614359172,0.0,0.25132741228718347
1.16,0.17612891018131943,-0.9771043361740117,0.11935544909340445,1.2566370614359172,0.0,0.25132741228718347
1.18,0.18104514834446353,-0.9788975912876946,0.09477425827768371,1.2566370614359172,0.0,0.25132741228718347
1.2,0.18596878470275874,-0.980047823347537,0.07015607648620797,1.2566370614359172,0.0,0.25132741228718347
1.22,0.1908965849937905,-0.9805542767834585,0.04551707503104924,1.2566370614359172,0.0,0.25132741228718347
1.24,0.1958253122199199,-0.9804166189138406,0.020873438900402608,1.2566370614359172,0.0,0.25132741228718347
1.26,0.20075165850418988,-0.9796048103803406,0.008554945208406273,0.0,0.0,0.25132741228718347
1.28,0.20567313250094882,-0.9785833513195149,0.008554945208406273,0.0,0.0,0.25132741228718347
1.3,0.21058940993276767,-0.9775371672405375,0.008554945208406273,0.0,0.0,0.25132741228718347
1.32,0.21550036658432176,-0.9764662845764358,0.008554945208406273,0.0,0.0,0.25132741228718347
1.34,0.22040587837472192,-0.9753707303842744,0.008554945208406273,0.0,0.0,0.25132741228718347
1.36,0.22530582136064956,-0.9742505323444729,0.008554945208406273,0.0,0.0,0.25132741228718347
1.3800000000000001,0.23020007173948834,-0.9731057187601047,0.008554945208406273,0.0,0.0,0.25132741228718347
1.4000000000000001,0.23508850585245192,-0.9719363185561838,0.008554945208406273,0.0,0.0,0.25132741228718347
1.42,0.23997100018770864,-0.9707423612789319,0.008554945208406273,0.0,0.0,0.25132741228718347
1.44,0.24484743138350212,-0.9695238770950341,0.008554945208406273,0.0,0.0,0.25132741228718347
1.46,0.24971767623126795,-0.9682808967908749,0.008554945208406273,0.0,0.0,0.25132741228718347
1.48,0.254581611678747,-0.9670134517717618,0.008554945208406273,0.0,0.0,0.25132741228718347
1.5,0.25943911483309384,-0.9657215740611299,0.008554945208406273,0.0,0.0,0.25132741228718347
1.52,0.26429006296398266,-0.9644052962997349,0.008554945208406273,0.0,0.0,0.25132741228718347
1.54,0.26913433350670773,-0.9630646517448272,0.008554945208406273,0.0,0.0,0.25132741228718347
1.56,0.27397180406527993,-0.9616996742693119,0.008554945208406273,0.0,0.0,0.25132741228718347
1.58,0.27880235241551965,-0.9603103983608932,0.008554945208406273,0.0,0.0,0.25132741228718347
1.6,0.28362585650814465,-0.958896859121202,0.008554945208406273,0.0,0.0,0.25132741228718347
1.62,0.2884421944718539,-0.9574590922649102,0.008554945208406273,0.0,0.0,0.25132741228718347
1.6400000000000001,0.2932512446164065,-0.9559971341188284,0.008554945208406273,0.0,0.0,0.25132741228718347
1.6600000000000001,0.2980528854356969,-0.954511021620987,0.008554945208406273,0.0,0.0,0.25132741228718347
1.68,0.30284699561082434,-0.9530007923197031,0.008554945208406273,0.0,0.0,0.25132741228718347
1.7,0.3076334540131585,-0.9514664843726331,0.008554945208406273,0.0,0.0,0.25132741228718347
1.72,0.3124121397073996,-0.9499081365458074,0.008554945208406273,0.0,0.0,0.25132741228718347
1.74,0.31718293195463426,-0.9483257882126508,0.008554945208406273,0.0,0.0,0.25132741228718347
1.76,0.32194571021538587,-0.946719479352989,0.008554945208406273,0.0,0.0,0.25132741228718347
1.78,0.32670035415266035,-0.9450892505520363,0.008554945208406273,0.0,0.0,0.25132741228718347
1.8,0.3314467436349866,-0.9434351429993727,0.008554945208406273,0.0,0.0,0.25132741228718347
1.82,0.3361847587394517,-0.9417571984879013,0.008554945208406273,0.0,0.0,0.25132741228718347
1.84,0.3409142797547307,-0.9400554594127928,0.008554945208406273,0.0,0.0,0.25132741228718347
1.86,0.3456351871841115,-0.9383299687704147,0.008554945208406273,0.0,0.0,0.25132741228718347
1.8800000000000001,0.3503473617485141,-0.9365807701572455,0.008554945208406273,0.0,0.0,0.25132741228718347
1.9000000000000001,0.3550506843895042,-0.9348079077687715,0.008554945208406273,0.0,0.0,0.25132741228718347
1.92,0.3597450362723016,-0.9330114263983715,0.008554945208406273,0.0,0.0,0.25132741228718347
1.94,0.364430298788782,-0.9311913714361846,0.008554945208406273,0.0,0.0,0.25132741228718347
1.96,0.3691063535604745,-0.9293477888679637,0.008554945208406273,0.0,0.0,0.25132741228718347
1.98,0.3737730824415526,-0.9274807252739129,0.008554945208406273,0.0,0.0,0.25132741228718347
2.0,0.3784303675218184,-0.9255902278275115,0.008554945208406273,0.0,0.0,0.25132741228718347
2.02,0.38307809112968294,-0.9236763442943213,0.008554945208406273,0.0,0.0,0.25132741228718347
2.04,0.3877161358351381,-0.9217391230307803,0.008554945208406273,0.0,0.0,0.25132741228718347
2.06,0.3923443844527247,-0.9197786129829804,0.008554945208406273,0.0,0.0,0.25132741228718347
2.08,0.39696272004449296,-0.9177948636854318,0.008554945208406273,0.0,0.0,0.25132741228718347
2.1,0.40157102592295624,-0.9157879252598101,0.008554945208406273,0.0,0.0,0.25132741228718347
2.12,0.4061691856540405,-0.9137578484136906,0.008554945208406273,0.0,0.0,0.25132741228718347
2.14,0.41075708306002556,-0.9117046844392664,0.008554945208406273,0.0,0.0,0.25132741228718347
2.16,0.41533460222248036,-0.9096284852120543,0.008554945208406273,0.0,0.0,0.25132741228718347
2.18,0.41990162748519205,-0.9075293031895828,0.008554945208406273,0.0,0.0,0.25132741228718347
2.2,0.42445804345708826,-0.9054071914100655,0.008554945208406273,0.0,0.0,0.25132741228718347
2.22,0.42900373501515204,-0.9032622034910635,0.008554945208406273,0.0,0.0,0.25132741228718347
2.24,0.43353858730733097,-0.9010943936281295,0.008554945208406273,0.0,0.0,0.25132741228718347
2.2600000000000002,0.4380624857554391,-0.8989038165934374,0.008554945208406273,0.0,0.0,0.25132741228718347
2.2800000000000002,0.4425753160580519,-0.8966905277344005,0.008554945208406273,0.0,0.0,0.25132741228718347
2.3000000000000003,0.4470769641933939,-0.8944545829722723,0.008554945208406273,0.0,0.0,0.25132741228718347
2.32,0.4515673164222195,-0.8921960388007323,0.008554945208406273,0.0,0.0,0.25132741228718347
2.34,0.45604625929068743,-0.8899149522844605,0.008554945208406273,0.0,0.0,0.25132741228718347
2.36,0.46051367963322676,-0.887611381057695,0.008554945208406273,0.0,0.0,0.25132741228718347
2.38,0.464969464575396,-0.8852853833227747,0.008554945208406273,0.0,0.0,0.25132741228718347
2.4,0.46941350153673567,-0.8829370178486705,0.008554945208406273,0.0,0.0,0.25132741228718347
2.42,0.47384567823361184,-0.8805663439694996,0.008554945208406273,0.0,0.0,0.25132741228718347
2.44,0.4782658826820541,-0.8781734215830256,0.008554945208406273,0.0,0.0,0.25132741228718347
2.46,0.4826740032005841,-0.8757583111491464,0.008554945208406273,0.0,0.0,0.25132741228718347
2.48,0.4870699284130379,-0.8733210736883664,0.008554945208406273,0.0,0.0,0.25132741228718347
2.5,0.49145354725137963,-0.8708617707802537,0.008554945208406273,0.0,0.0,0.25132741228718347
2.52,0.4958247489585081,-0.8683804645618853,0.008554945208406273,0.0,0.0,0.25132741228718347
2.54,0.5001834230910549,-0.8658772177262768,0.008554945208406273,0.0,0.0,0.25132741228718347
2.56,0.5045294595221751,-0.8633520935207982,0.008554945208406273,0.0,0.0,0.25132741228718347
2.58,0.5088627484443295,-0.8608051557455764,0.008554945208406273,0.0,0.0,0.25132741228718347
2.6,0.513183180372059,-0.8582364687518825,0.008554945208406273,0.0,0.0,0.25132741228718347
2.62,0.5174906461447517,-0.855646097440507,0.008554945208406273,0.0,0.0,0.25132741228718347
2.64,0.5217850369293998,-0.8530341072601184,0.008554945208406273,0.0,0.0,0.25132741228718347
2.66,0.5260662442233498,-0.8504005642056107,0.008554945208406273,0.0,0.0,0.25132741228718347
2.68,0.5303341598570445,-0.8477455348164362,0.008554945208406273,0.0,0.0,0.25132741228718347
2.7,0.5345886759967551,-0.8450690861749226,0.008554945208406273,0.0,0.0,0.25132741228718347
2.72,0.5388296851473067,-0.8423712859045811,0.008554945208406273,0.0,0.0,0.25132741228718347
2.74,0.543057080154793,-0.8396522021683942,0.008554945208406273,0.0,0.0,0.25132741228718347
2.7600000000000002,0.5472707542092853,-0.8369119036670967,0.008554945208406273,0.0,0.0,0.25132741228718347
2.7800000000000002,0.5514706008475299,-0.8341504596374374,0.008554945208406273,0.0,0.0,0.25132741228718347
2.8000000000000003,0.5556565139556388,-0.8313679398504316,0.008554945208406273,0.0,0.0,0.25132741228718347
2.82,0.5598283877717699,-0.8285644146095973,0.008554945208406273,0.0,0.0,0.25132741228718347
2.84,0.5639861168888002,-0.8257399547491787,0.008554945208406273,0.0,0.0,0.25132741228718347
2.86,0.5681295962569884,-0.8228946316323582,0.008554945208406273,0.0,0.0,0.25132741228718347
2.88,0.5722587211866296,-0.8200285171494507,0.008554945208406273,0.0,0.0,0.25132741228718347
2.9,0.5763733873506992,-0.8171416837160888,0.008554945208406273,0.0,0.0,0.25132741228718347
2.92,0.5804734907874909,-0.8142342042713929,0.008554945208406273,0.0,0.0,0.25132741228718347
2.94,0.5845589279032408,-0.811306152276129,0.008554945208406273,0.0,0.0,0.25132741228718347
2.96,0.5886295954747474,-0.8083576017108512,0.008554945208406273,0.0,0.0,0.25132741228718347
2.98,0.5926853906519781,-0.8053886270740332,0.008554945208406273,0.0,0.0,0.25132741228718347
3.0,0.596726210960668,-0.8023993033801862,0.008554945208406273,0.0,0.0,0.25132741228718347
3.02,0.6007519543049098,-0.7993897061579635,0.008554945208406273,0.0,0.0,0.25132741228718347
3.04,0.6047625189697323,-0.7963599114482519,0.008554945208406273,0.0,0.0,0.25132741228718347
3.06,0.6087578036236707,-0.7933099958022511,0.008554945208406273,0.0,0.0,0.25132741228718347
3.08,0.6127377073213274,-0.7902400362795385,0.008554945208406273,0.0,0.0,0.25132741228718347
3.1,0.6167021295059224,-0.7871501104461229,0.008554945208406273,0.0,0.0,0.25132741228718347
3.12,0.6206509700118328,-0.784040296372485,0.008554945208406273,0.0,0.0,0.25132741228718347
3.14,0.6245841290671251,-0.7809106726316035,0.008554945208406273,0.0,0.0,0.25132741228718347
3.16,0.6285015072960755,-0.7777613182969719,0.008554945208406273,0.0,0.0,0.25132741228718347
3.18,0.6324030057216803,-0.774592312940599,0.008554945208406273,0.0,0.0,0.25132741228718347
3.2,0.6362885257681572,-0.7714037366309991,0.008554945208406273,0.0,0.0,0.25132741228718347
3.22,0.640157969263436,-0.7681956699311684,0.008554945208406273,0.0,0.0,0.25132741228718347
3.24,0.6440112384416382,-0.7649681938965504,0.008554945208406273,0.0,0.0,0.25132741228718347
3.2600000000000002,0.6478482359455483,-0.7617213900729869,0.008554945208406273,0.0,0.0,0.25132741228718347
3.2800000000000002,0.6516688648290729,-0.7584553404946591,0.008554945208406273,0.0,0.0,0.25132741228718347
3.3000000000000003,0.6554730285596905,-0.7551701276820137,0.008554945208406273,0.0,0.0,0.25132741228718347
3.3200000000000003,0.6592606310208904,-0.7518658346396778,0.008554945208406273,0.0,0.0,0.25132741228718347
3.34,0.6630315765146005,-0.7485425448543623,0.008554945208406273,0.0,0.0,0.25132741228718347
3.36,0.666785769763607,-0.7452003422927527,0.008554945208406273,0.0,0.0,0.25132741228718347
3.38,0.6705231159139596,-0.7418393113993871,0.008554945208406273,0.0,0.0,0.25132741228718347
3.4,0.6742435205373694,-0.7384595370945217,0.008554945208406273,0.0,0.0,0.25132741228718347
3.42,0.6779468896335948,-0.7350611047719879,0.008554945208406273,0.0,0.0,0.25132741228718347
3.44,0.6816331296328157,-0.731644100297033,0.008554945208406273,0.0,0.0,0.25132741228718347
3.46,0.6853021473979972,-0.7282086100041494,0.008554945208406273,0.0,0.0,0.25132741228718347
3.48,0.6889538502272454,-0.7247547206948955,0.008554945208406273,0.0,0.0,0.25132741228718347
3.5,0.6925881458561468,-0.7212825196357019,0.008554945208406273,0.0,0.0,0.25132741228718347
3.52,0.6962049424601007,-0.717792094555666,0.008554945208406273,0.0,0.0,0.25132741228718347
3.54,0.6998041486566391,-0.7142835336443355,0.008554945208406273,0.0,0.0,0.25132741228718347
3.56,0.7033856735077357,-0.710756925549481,0.008554945208406273,0.0,0.0,0.25132741228718347
3.58,0.7069494265221039,-0.7072123593748556,0.008554945208406273,0.0,0.0,0.25132741228718347
3.6,0.7104953176574821,-0.7036499246779433,0.008554945208406273,0.0,0.0,0.25132741228718347
3.62,0.7140232573229094,-0.7000697114676966,0.008554945208406273,0.0,0.0,0.25132741228718347
3.64,0.7175331563809888,-0.6964718102022631,0.008554945208406273,0.0,0.0,0.25132741228718347
3.66,0.7210249261501405,-0.6928563117866977,0.008554945208406273,0.0,0.0,0.25132741228718347
3.68,0.7244984784068416,-0.6892233075706687,0.008554945208406273,0.0,0.0,0.25132741228718347
3.7,0.7279537253878547,-0.6855728893461477,0.008554945208406273,0.0,0.0,0.25132741228718347
3.72,0.7313905797924467,-0.6819051493450905,0.008554945208406273,0.0,0.0,0.25132741228718347
3.74,0.7348089547845931,-0.6782201802371083,0.008554945208406273,0.0,0.0,0.25132741228718347
3.7600000000000002,0.7382087639951733,-0.6745180751271236,0.008554945208406273,0.0,0.0,0.25132741228718347
3.7800000000000002,0.7415899215241517,-0.6707989275530215,0.008554945208406273,0.0,0.0,0.25132741228718347
3.8000000000000003,0.744952341942749,-0.6670628314832829,0.008554945208406273,0.0,0.0,0.25132741228718347
3.8200000000000003,0.7482959402956004,-0.6633098813146119,0.008554945208406273,0.0,0.0,0.25132741228718347
3.84,0.751620632102901,-0.6595401718695508,0.008554945208406273,0.0,0.0,0.25132741228718347
3.86,0.7549263333625422,-0.6557537983940837,0.008554945208406273,0.0,0.0,0.25132741228718347
3.88,0.7582129605522331,-0.6519508565552304,0.008554945208406273,0.0,0.0,0.25132741228718347
3.9,0.7614804306316103,-0.6481314424386292,0.008554945208406273,0.0,0.0,0.25132741228718347
3.92,0.7647286610443365,-0.6442956525461092,0.008554945208406273,0.0,0.0,0.25132741228718347
3.94,0.7679575697201865,-0.6404435837932524,0.008554945208406273,0.0,0.0,0.25132741228718347
3.96,0.7711670750771212,-0.6365753335069445,0.008554945208406273,0.0,0.0,0.25132741228718347
3.98,0.7743570960233481,-0.6326909994229154,0.008554945208406273,0.0,0.0,0.25132741228718347
4.0,0.77752755195937,-0.6287906796832705,0.008554945208406273,0.0,0.0,0.25132741228718347
4.0200000000000005,0.7806783627800219,-0.6248744728340117,0.008554945208406273,0.0,0.0,0.25132741228718347
4.04,0.7838094488764955,-0.6209424778225469,0.008554945208406273,0.0,0.0,0.25132741228718347
4.0600000000000005,0.7869207311383495,-0.6169947939951882,0.008554945208406273,0.0,0.0,0.25132741228718347
4.08,0.7900121309555092,-0.6130315210946451,0.008554945208406273,0.0,0.0,0.25132741228718347
4.1,0.7930835702202526,-0.6090527592575018,0.008554945208406273,0.0,0.0,0.25132741228718347
4.12,0.7961349713291836,-0.6050586090116882,0.008554945208406273,0.0,0.0,0.25132741228718347
4.14,0.7991662571851921,-0.60104917127394,0.008554945208406273,0.0,0.0,0.25132741228718347
4.16,0.8021773511994037,-0.5970245473472484,0.008554945208406273,0.0,0.0,0.25132741228718347
4.18,0.8051681772931131,-0.5929848389183018,0.008554945208406273,0.0,0.0,0.25132741228718347
4.2,0.8081386598997072,-0.5889301480549147,0.008554945208406273,0.0,0.0,0.25132741228718347
4.22,0.8110887239665748,-0.5848605772034497,0.008554945208406273,0.0,0.0,0.25132741228718347
4.24,0.814018294957001,-0.5807762291862293,0.008554945208406273,0.0,0.0,0.25132741228718347
4.26,0.8169272988520524,-0.5766772071989391,0.008554945208406273,0.0,0.0,0.25132741228718347
4.28,0.8198156621524472,-0.5725636148080173,0.008554945208406273,0.0,0.0,0.25132741228718347
4.3,0.8226833118804102,-0.5684355559480411,0.008554945208406273,0.0,0.0,0.25132741228718347
4.32,0.8255301755815194,-0.5642931349190989,0.008554945208406273,0.0,0.0,0.25132741228718347
4.34,0.8283561813265348,-0.5601364563841559,0.008554945208406273,0.0,0.0,0.25132741228718347
4.36,0.8311612577132164,-0.5559656253664094,0.008554945208406273,0.0,0.0,0.25132741228718347
4.38,0.8339453338681281,-0.5517807472466348,0.008554945208406273,0.0,0.0,0.25132741228718347
4.4,0.8367083394484286,-0.5475819277605236,0.008554945208406273,0.0,0.0,0.25132741228718347
4.42,0.8394502046436484,-0.5433692729960123,0.008554945208406273,0.0,0.0,0.25132741228718347
4.44,0.8421708601774539,-0.5391428893906007,0.008554945208406273,0.0,0.0,0.25132741228718347
4.46,0.8448702373093976,-0.5349028837286639,0.008554945208406273,0.0,0.0,0.25132741228718347
4.48,0.8475482678366547,-0.530649363138753,0.008554945208406273,0.0,0.0,0.25132741228718347
4.5,0.8502048840957472,-0.5263824350908897,0.008554945208406273,0.0,0.0,0.25132741228718347
4.5200000000000005,0.8528400189642523,-0.5221022073938498,0.008554945208406273,0.0,0.0,0.25132741228718347
4.54,0.8554536058624994,-0.5178087881924408,0.008554945208406273,0.0,0.0,0.25132741228718347
4.5600000000000005,0.8580455787552516,-0.5135022859647672,0.008554945208406273,0.0,0.0,0.25132741228718347
4.58,0.8606158721533738,-0.5091828095194924,0.008554945208406273,0.0,0.0,0.25132741228718347
4.6000000000000005,0.8631644211154891,-0.5048504679930865,0.008554945208406273,0.0,0.0,0.25132741228718347
4.62,0.8656911612496171,-0.5005053708470721,0.008554945208406273,0.0,0.0,0.25132741228718347
4.64,0.8681960287148032,-0.49614762786525574,0.008554945208406273,0.0,0.0,0.25132741228718347
4.66,0.8706789602227301,-0.491777349150956,0.008554945208406273,0.0,0.0,0.25132741228718347
4.68,0.8731398930393174,-0.48739464512422087,0.008554945208406273,0.0,0.0,0.25132741228718347
4.7,0.8755787649863068,-0.48299962651903755,0.008554945208406273,0.0,0.0,0.25132741228718347
4.72,0.8779955144428326,-0.4785924043805359,0.008554945208406273,0.0,0.0,0.25132741228718347
4.74,0.8803900803469787,-0.4741730900621809,0.008554945208406273,0.0,0.0,0.25132741228718347
4.76,0.8827624021973219,-0.4697417952229609,0.008554945208406273,0.0,0.0,0.25132741228718347
4.78,0.8851124200544611,-0.46529863182456493,0.008554945208406273,0.0,0.0,0.25132741228718347
4.8,0.8874400745425294,-0.4608437121285555,0.008554945208406273,0.0,0.0,0.25132741228718347
4.82,0.8897453068506963,-0.45637714869353074,0.008554945208406273,0.0,0.0,0.25132741228718347
4.84,0.8920280587346537,-0.4518990543722815,0.008554945208406273,0.0,0.0,0.25132741228718347
4.86,0.8942882725180863,-0.4474095423089389,0.008554945208406273,0.0,0.0,0.25132741228718347
4.88,0.8965258910941294,-0.442908725936117,0.008554945208406273,0.0,0.0,0.25132741228718347
4.9,0.8987408579268121,-0.4383967189720452,0.008554945208406273,0.0,0.0,0.25132741228718347
4.92,0.9009331170524856,-0.4338736354176968,0.008554945208406273,0.0,0.0,0.25132741228718347
4.94,0.9031026130812371,-0.4293395895539071,0.008554945208406273,0.0,0.0,0.25132741228718347
4.96,0.9052492911982891,-0.424794695938487,0.008554945208406273,0.0,0.0,0.25132741228718347
4.98,0.9073730971653843,-0.4202390694033274,0.008554945208406273,0.0,0.0,0.25132741228718347
5.0,0.9094739773221563,-0.4156728250514998,0.008554945208406273,0.0,0.0,0.25132741228718347
5.0200000000000005,0.9115518785874854,-0.4110960782543456,0.008554945208406273,0.0,0.0,0.25132741228718347
5.04,0.9136067484608397,-0.40650894464856335,0.008554945208406273,0.0,0.0,0.25132741228718347
5.0600000000000005,0.9156385350236015,-0.4019115401332853,0.008554945208406273,0.0,0.0,0.25132741228718347
5.08,0.9176471869403792,-0.39730398086715085,0.008554945208406273,0.0,0.0,0.25132741228718347
5.1000000000000005,0.9196326534603042,-0.39268638326536964,0.008554945208406273,0.0,0.0,0.25132741228718347
5.12,0.9215948844183129,-0.38805886399678224,0.008554945208406273,0.0,0.0,0.25132741228718347
5.14,0.9235338302364154,-0.3834215399809107,0.008554945208406273,0.0,0.0,0.25132741228718347
5.16,0.9254494419249464,-0.3787745283850051,0.008554945208406273,0.0,0.0,0.25132741228718347
5.18,0.9273416710838039,-0.3741179466210837,0.008554945208406273,0.0,0.0,0.25132741228718347
5.2,0.9292104699036725,-0.36945191234296537,0.008554945208406273,0.0,0.0,0.25132741228718347
5.22,0.9310557911672306,-0.36477654344329813,0.008554945208406273,0.0,0.0,0.25132741228718347
5.24,0.9328775882503438,-0.3600919580505789,0.008554945208406273,0.0,0.0,0.25132741228718347
5.26,0.9346758151232426,-0.3553982745261709,0.008554945208406273,0.0,0.0,0.25132741228718347
5.28,0.9364504263516862,-0.35069561146131084,0.008554945208406273,0.0,0.0,0.25132741228718347
5.3,0.9382013770981091,-0.3459840876741146,0.008554945208406273,0.0,0.0,0.25132741228718347
5.32,0.939928623122755,-0.34126382220657325,0.008554945208406273,0.0,0.0,0.25132741228718347
5.34,0.9416321207847945,-0.33653493432154774,0.008554945208406273,0.0,0.0,0.25132741228718347
5.36,0.9433118270434269,-0.3317975434997526,0.008554945208406273,0.0,0.0,0.25132741228718347
5.38,0.9449676994589685,-0.32705176943674,0.008554945208406273,0.0,0.0,0.25132741228718347
5.4,0.9465996961939255,-0.3222977320398733,0.008554945208406273,0.0,0.0,0.25132741228718347
5.42,0.9482077760140494,-0.317535551425299,0.008554945208406273,0.0,0.0,0.25132741228718347
5.44,0.9497918982893798,-0.31276534791491073,0.008554945208406273,0.0,0.0,0.25132741228718347
5.46,0.9513520229952704,-0.30798724203331024,0.008554945208406273,0.0,0.0,0.25132741228718347
5.48,0.9528881107134017,-0.303201354504761,0.008554945208406273,0.0,0.0,0.25132741228718347
5.5,0.9544001226327755,-0.2984078062501393,0.008554945208406273,0.0,0.0,0.25132741228718347
5.5200000000000005,0.9558880205506962,-0.29360671838387764,0.008554945208406273,0.0,0.0,0.25132741228718347
5.54,0.9573517668737349,-0.28879821221090607,0.008554945208406273,0.0,0.0,0.25132741228718347
5.5600000000000005,0.9587913246186816,-0.2839824092235858,0.008554945208406273,0.0,0.0,0.25132741228718347
5.58,0.9602066574134764,-0.27915943109864116,0.008554945208406273,0.0,0.0,0.25132741228718347
5.6000000000000005,0.9615977294981318,-0.2743293996940838,0.008554945208406273,0.0,0.0,0.25132741228718347
5.62,0.9629645057256334,-0.26949243704613507,0.008554945208406273,0.0,0.0,0.25132741228718347
5.64,0.9643069515628305,-0.26464866536614146,0.008554945208406273,0.0,0.0,0.25132741228718347
5.66,0.9656250330913062,-0.25979820703748735,0.008554945208406273,0.0,0.0,0.25132741228718347
5.68,0.9669187170082355,-0.25494118461250376,0.008554945208406273,0.0,0.0,0.25132741228718347
5.7,0.9681879706272276,-0.25007772080937,0.008554945208406273,0.0,0.0,0.25132741228718347
5.72,0.9694327618791505,-0.24520793850901496,0.008554945208406273,0.0,0.0,0.25132741228718347
5.74,0.9706530593129414,-0.2403319607520106,0.008554945208406273,0.0,0.0,0.25132741228718347
5.76,0.9718488320964014,-0.23544991073546515,0.008554945208406273,0.0,0.0,0.25132741228718347
5.78,0.9730200500169757,-0.2305619118099085,0.008554945208406273,0.0,0.0,0.25132741228718347
5.8,0.9741666834825148,-0.2256680874761772,0.008554945208406273,0.0,0.0,0.25132741228718347
5.82,0.9752887035220239,-0.2207685613822925,0.008554945208406273,0.0,0.0,0.25132741228718347
5.84,0.9763860817863944,-0.21586345732033801,0.008554945208406273,0.0,0.0,0.25132741228718347
5.86,0.9774587905491201,-0.21095289922333021,0.008554945208406273,0.0,0.0,0.25132741228718347
5.88,0.9785068027069973,-0.20603701116208872,0.008554945208406273,0.0,0.0,0.25132741228718347
5.9,0.9795300917808106,-0.20111591734209988,0.008554945208406273,0.0,0.0,0.25132741228718347
5.92,0.9805286319160004,-0.19618974210038037,0.008554945208406273,0.0,0.0,0.25132741228718347
5.94,0.9815023978833184,-0.1912586099023339,0.008554945208406273,0.0,0.0,0.25132741228718347
5.96,0.982451365079463,-0.18632264533860807,0.008554945208406273,0.0,0.0,0.25132741228718347
5.98,0.9833755095277017,-0.18138197312194496,0.008554945208406273,0.0,0.0,0.25132741228718347
6.0,0.9842748078784772,-0.17643671808403147,0.008554945208406273,0.0,0.0,0.25132741228718347
6.0200000000000005,0.9851492374099967,-0.17148700517234403,0.008554945208406273,0.0,0.0,0.25132741228718347
6.04,0.9859987760288059,-0.16653295944699315,0.008554945208406273,0.0,0.0,0.25132741228718347
6.0600000000000005,0.9868234022703488,-0.1615747060775619,0.008554945208406273,0.0,0.0,0.25132741228718347
6.08,0.987623095299508,-0.1566123703399451,0.008554945208406273,0.0,0.0,0.25132741228718347
6.1000000000000005,0.9883978349111324,-0.15164607761318222,0.008554945208406273,0.0,0.0,0.25132741228718347
6.12,0.9891476015305466,-0.1466759533762916,0.008554945208406273,0.0,0.0,0.25132741228718347
6.140000000000001,0.9898723762140471,-0.14170212320509817,0.008554945208406273,0.0,0.0,0.25132741228718347
6.16,0.9905721406493797,-0.13672471276906223,0.008554945208406273,0.0,0.0,0.25132741228718347
6.18,0.991246877156202,-0.13174384782810297,0.008554945208406273,0.0,0.0,0.25132741228718347
6.2,0.9918965686865309,-0.12675965422942165,0.008554945208406273,0.0,0.0,0.25132741228718347
6.22,0.9925211988251733,-0.12177225790432224,0.008554945208406273,0.0,0.0,0.25132741228718347
6.24,0.9931207517901404,-0.11678178486502862,0.008554945208406273,0.0,0.0,0.25132741228718347
6.26,0.9936952124330465,-0.11178836120150205,0.008554945208406273,0.0,0.0,0.25132741228718347
6.28,0.9942445662394926,-0.10679211307825386,0.008554945208406273,0.0,0.0,0.25132741228718347
6.3,0.9947687993294312,-0.10179316673115936,0.008554945208406273,0.0,0.0,0.25132741228718347
6.32,0.9952678984575188,-0.09679164846426679,0.008554945208406273,0.0,0.0,0.25132741228718347
6.34,0.9957418510134498,-0.09178768464660762,0.008554945208406273,0.0,0.0,0.25132741228718347
6.36,0.9961906450222754,-0.0867814017090021,0.008554945208406273,0.0,0.0,0.25132741228718347
6.38,0.9966142691447061,-0.08177292614086662,0.008554945208406273,0.0,0.0,0.25132741228718347
6.4,0.9970127126773979,-0.07676238448701585,0.008554945208406273,0.0,0.0,0.25132741228718347
6.42,0.9973859655532239,-0.07174990334446743,0.008554945208406273,0.0,0.0,0.25132741228718347
6.44,0.9977340183415256,-0.06673560935924147,0.008554945208406273,0.0,0.0,0.25132741228718347
6.46,0.9980568622483553,-0.06171962922316253,0.008554945208406273,0.0,0.0,0.25132741228718347
6.48,0.9983544891166957,-0.05670208967065675,0.008554945208406273,0.0,0.0,0.25132741228718347
6.5,0.9986268914266656,-0.051683117475551626,0.008554945208406273,0.0,0.0,0.25132741228718347
6.5200000000000005,0.9988740622957127,-0.046662839447871064,0.008554945208406273,0.0,0.0,0.25132741228718347
6.54,0.9990959954787844,-0.041641382430633214,0.008554945208406273,0.0,0.0,0.25132741228718347
6.5600000000000005,0.9992926853684868,-0.036618873296643865,0.008554945208406273,0.0,0.0,0.25132741228718347
6.58,0.9994641269952269,-0.031595438945292584,0.008554945208406273,0.0,0.0,0.25132741228718347
6.6000000000000005,0.9996103160273381,-0.026571206299344736,0.008554945208406273,0.0,0.0,0.25132741228718347
6.62,0.9997312487711879,-0.021546302301736382,0.008554945208406273,0.0,0.0,0.25132741228718347
6.640000000000001,0.999826922171274,-0.016520853912365182,0.008554945208406273,0.0,0.0,0.25132741228718347
6.66,0.9998973338102991,-0.011494988104884328,0.008554945208406273,0.0,0.0,0.25132741228718347
6.68,0.9999424819092335,-0.006468831863492893,0.008554945208406273,0.0,0.0,0.25132741228718347
6.7,0.9999623653273592,-0.0014425121797281102,0.008554945208406273,0.0,0.0,0.25132741228718347
6.72,0.999956983562299,0.0035838439507425777,0.008554945208406273,0.0,0.0,0.25132741228718347
6.74,0.99992633675003,0.008610109531331747,0.008554945208406273,0.0,0.0,0.25132741228718347
6.76,0.9998704256648775,0.013636157567738933,0.008554945208406273,0.0,0.0,0.25132741228718347
6.78,0.9997892517194991,0.01866186107116106,0.008554945208406273,0.0,0.0,0.25132741228718347
6.8,0.9996828169648468,0.02368709306149917,0.008554945208406273,0.0,0.0,0.25132741228718347
6.82,0.9995511240901149,0.02871172657056852,0.008554945208406273,0.0,0.0,0.25132741228718347
6.84,0.9993941764226733,0.03373563464530477,0.008554945208406273,0.0,0.0,0.25132741228718347
6.86,0.9992119779279833,0.0387586903509734,0.008554945208406273,0.0,0.0,0.25132741228718347
6.88,0.9990045332094962,0.0437807667743751,0.008554945208406273,0.0,0.0,0.25132741228718347
6.9,0.9987718475085376,0.048801737027054065,0.008554945208406273,0.0,0.0,0.25132741228718347
6.92,0.9985139267041763,0.05382147424850231,0.008554945208406273,0.0,0.0,0.25132741228718347
6.94,0.9982307773130734,0.05883985160936666,0.008554945208406273,0.0,0.0,0.25132741228718347
6.96,0.9979224064893197,0.06385674231465144,0.008554945208406273,0.0,0.0,0.25132741228718347
6.98,0.9975888220242538,0.06887201960692395,0.008554945208406273,0.0,0.0,0.25132741228718347
7.0,0.9972300323462655,0.07388555676951529,0.008554945208406273,0.0,0.0,0.25132741228718347
7.0200000000000005,0.9968460465205826,0.0788972271297238,0.008554945208406273,0.0,0.0,0.25132741228718347
7.04,0.9964368742490429,0.0839069040620138,0.008554945208406273,0.0,0.0,0.25132741228718347
7.0600000000000005,0.9960025258698475,0.08891446099121672,0.008554945208406273,0.0,0.0,0.25132741228718347
7.08,0.9955430123573008,0.09391977139572738,0.008554945208406273,0.0,0.0,0.25132741228718347
7.1000000000000005,0.995058345321533,0.09892270881070254,0.008554945208406273,0.0,0.0,0.25132741228718347
7.12,0.9945485370082063,0.1039231468312542,0.008554945208406273,0.0,0.0,0.25132741228718347
7.140000000000001,0.9940136002982061,0.10892095911564544,0.008554945208406273,0.0,0.0,0.25132741228718347
7.16,0.9934535487073147,0.11391601938848056,0.008554945208406273,0.0,0.0,0.25132741228718347
7.18,0.9928683963858707,0.11890820144389726,0.008554945208406273,0.0,0.0,0.25132741228718347
7.2,0.9922581581184116,0.12389737914875466,0.008554945208406273,0.0,0.0,0.25132741228718347
7.22,0.9916228493232991,0.1288834264458195,0.008554945208406273,0.0,0.0,0.25132741228718347
7.24,0.9909624860523301,0.1338662173569528,0.008554945208406273,0.0,0.0,0.25132741228718347
7.26,0.9902770849903318,0.13884562598629094,0.008554945208406273,0.0,0.0,0.25132741228718347
7.28,0.9895666634547389,0.14382152652342825,0.008554945208406273,0.0,0.0,0.25132741228718347
7.3,0.9888312393951573,0.14879379324659422,0.008554945208406273,0.0,0.0,0.25132741228718347
7.32,0.9880708313929104,0.15376230052583179,0.008554945208406273,0.0,0.0,0.25132741228718347
7.34,0.9872854586605683,0.15872692282616932,0.008554945208406273,0.0,0.0,0.25132741228718347
7.36,0.9864751410414637,0.16368753471079475,0.008554945208406273,0.0,0.0,0.25132741228718347
7.38,0.9856398990091906,0.1686440108442226,0.008554945208406273,0.0,0.0,0.25132741228718347
7.4,0.9847797536670856,0.17359622599546282,0.008554945208406273,0.0,0.0,0.25132741228718347
7.42,0.9838947267476966,0.17854405504118304,0.008554945208406273,0.0,0.0,0.25132741228718347
7.44,0.9829848406122322,0.18348737296887163,0.008554945208406273,0.0,0.0,0.25132741228718347
7.46,0.9820501182499978,0.18842605487999475,0.008554945208406273,0.0,0.0,0.25132741228718347
7.48,0.9810905832778138,0.19335997599315344,0.008554945208406273,0.0,0.0,0.25132741228718347
7.5,0.9801062599394195,0.19828901164723498,0.008554945208406273,0.0,0.0,0.25132741228718347
7.5200000000000005,0.9790971731048598,0.2032130373045642,0.008554945208406273,0.0,0.0,0.25132741228718347
7.54,0.9780633482698582,0.20813192855404813,0.008554945208406273,0.0,0.0,0.25132741228718347
7.5600000000000005,0.977004811555172,0.21304556111432152,0.008554945208406273,0.0,0.0,0.25132741228718347
7.58,0.9759215897059317,0.2179538108368849,0.008554945208406273,0.0,0.0,0.25132741228718347
7.6000000000000005,0.9748137100909654,0.2228565537092431,0.008554945208406273,0.0,0.0,0.25132741228718347
7.62,0.9736812007021084,0.22775366585803705,0.008554945208406273,0.0,0.0,0.25132741228718347
7.640000000000001,0.9725240901534942,0.2326450235521751,0.008554945208406273,0.0,0.0,0.25132741228718347
7.66,0.9713424076808332,0.23753050320595748,0.008554945208406273,0.0,0.0,0.25132741228718347
7.68,0.9701361831406734,0.2424099813822005,0.008554945208406273,0.0,0.0,0.25132741228718347
7.7,0.9689054470096455,0.24728333479535464,0.008554945208406273,0.0,0.0,0.25132741228718347
7.72,0.967650230383694,0.2521504403146187,0.008554945208406273,0.0,0.0,0.25132741228718347
7.74,0.9663705649772903,0.25701117496705245,0.008554945208406273,0.0,0.0,0.25132741228718347
7.76,0.9650664831226321,0.2618654159406824,0.008554945208406273,0.0,0.0,0.25132741228718347
7.78,0.9637380177688263,0.26671304058760553,0.008554945208406273,0.0,0.0,0.25132741228718347
7.8,0.9623852024810564,0.271553926427087,0.008554945208406273,0.0,0.0,0.25132741228718347
7.82,0.9610080714397354,0.2763879511486568,0.008554945208406273,0.0,0.0,0.25132741228718347
7.84,0.9596066594396404,0.28121499261519767,0.008554945208406273,0.0,0.0,0.25132741228718347
7.86,0.9581810018890349,0.2860349288660333,0.008554945208406273,0.0,0.0,0.25132741228718347
7.88,0.956731134808774,0.29084763812000775,0.008554945208406273,0.0,0.0,0.25132741228718347
7.9,0.9552570948313933,0.29565299877856427,0.008554945208406273,0.0,0.0,0.25132741228718347
7.92,0.9537589192001851,0.3004508894288156,0.008554945208406273,0.0,0.0,0.25132741228718347
7.94,0.9522366457682552,0.3052411888466138,0.008554945208406273,0.0,0.0,0.25132741228718347
7.96,0.9506903129975682,0.3100237759996111,0.008554945208406273,0.0,0.0,0.25132741228718347
7.98,0.9491199599579757,0.31479853005032,0.008554945208406273,0.0,0.0,0.25132741228718347
8.0,0.947525626326228,0.31956533035916374,0.008554945208406273,0.0,0.0,0.25132741228718347
8.02,0.945907352384972,0.3243240564875269,0.008554945208406273,0.0,0.0,0.25132741228718347
8.040000000000001,0.9442651790217341,0.32907458820079777,0.008554945208406273,0.0,0.0,0.25132741228718347
8.06,0.9425991477278871,0.3338168054714041,0.008554945208406273,0.0,0.0,0.25132741228718347
8.08,0.9409093005976008,0.33855058848184905,0.008554945208406273,0.0,0.0,0.25132741228718347
8.1,0.9391956803267794,0.3432758176277365,0.008554945208406273,0.0,0.0,0.25132741228718347
8.120000000000001,0.937458330211982,0.3479923735207939,0.008554945208406273,0.0,0.0,0.25132741228718347
8.14,0.9356972941493298,0.35270013699188657,0.008554945208406273,0.0,0.0,0.25132741228718347
8.16,0.9339126166333962,0.35739898909403184,0.008554945208406273,0.0,0.0,0.25132741228718347
8.18,0.9321043427560827,0.3620888111054029,0.008554945208406273,0.0,0.0,0.25132741228718347
8.2,0.9302725182054791,0.3667694845323279,0.008554945208406273,0.0,0.0,0.25132741228718347
8.22,0.9284171892647103,0.3714408911122848,0.008554945208406273,0.0,0.0,0.25132741228718347
8.24,0.926538402810766,0.37610291281688785,0.008554945208406273,0.0,0.0,0.25132741228718347
8.26,0.9246362063133168,0.38075543185487226,0.008554945208406273,0.0,0.0,0.25132741228718347
8.28,0.9227106478335143,0.38539833067506807,0.008554945208406273,0.0,0.0,0.25132741228718347
8.3,0.9207617760227772,0.3900314919693718,0.008554945208406273,0.0,0.0,0.25132741228718347
8.32,0.9187896401215621,0.39465479867570796,0.008554945208406273,0.0,0.0,0.25132741228718347
8.34,0.9167942899581188,0.39926813398099015,0.008554945208406273,0.0,0.0,0.25132741228718347
8.36,0.9147757759472324,0.4038713813240699,0.008554945208406273,0.0,0.0,0.25132741228718347
8.38,0.912734149088948,0.40846442439868297,0.008554945208406273,0.0,0.0,0.25132741228718347
8.4,0.9106694609672837,0.41304714715638674,0.008554945208406273,0.0,0.0,0.25132741228718347
8.42,0.9085817637489269,0.4176194338094937,0.008554945208406273,0.0,0.0,0.25132741228718347
8.44,0.9064711101819151,0.42218116883399653,0.008554945208406273,0.0,0.0,0.25132741228718347
8.46,0.9043375535943037,0.4267322369724868,0.008554945208406273,0.0,0.0,0.25132741228718347
8.48,0.9021811478928206,0.4312725232370659,0.008554945208406273,0.0,0.0,0.25132741228718347
8.5,0.9000019475615005,0.4358019129122528,0.008554945208406273,0.0,0.0,0.25132741228718347
8.52,0.8978000076603119,0.4403202915578808,0.008554945208406273,0.0,0.0,0.25132741228718347
8.540000000000001,0.8955753838237623,0.44482754501198973,0.008554945208406273,0.0,0.0,0.25132741228718347
8.56,0.8933281322594971,0.4493235593937086,0.008554945208406273,0.0,0.0,0.25132741228718347
8.58,0.891058309746875,0.4538082211061357,0.008554945208406273,0.0,0.0,0.25132741228718347
8.6,0.8887659736355361,0.458281416839207,0.008554945208406273,0.0,0.0,0.25132741228718347
8.620000000000001,0.8864511818439517,0.4627430335725597,0.008554945208406273,0.0,0.0,0.25132741228718347
8.64,0.8841139928579617,0.46719295857838644,0.008554945208406273,0.0,0.0,0.25132741228718347
8.66,0.8817544657292963,0.47163107942428584,0.008554945208406273,0.0,0.0,0.25132741228718347
8.68,0.8793726600740843,0.4760572839761017,0.008554945208406273,0.0,0.0,0.25132741228718347
8.700000000000001,0.8769686360713467,0.4804714604007568,0.008554945208406273,0.0,0.0,0.25132741228718347
8.72,0.8745424544614764,0.48487349716907674,0.008554945208406273,0.0,0.0,0.25132741228718347
8.74,0.8720941765447028,0.4892632830586112,0.008554945208406273,0.0,0.0,0.25132741228718347
8.76,0.8696238641795445,0.4936407071564411,0.008554945208406273,0.0,0.0,0.25132741228718347
8.78,0.8671315797812444,0.4980056588619822,0.008554945208406273,0.0,0.0,0.25132741228718347
8.8,0.8646173863201946,0.5023580278897801,0.008554945208406273,0.0,0.0,0.25132741228718347
8.82,0.8620813473203442,0.5066977042722944,0.008554945208406273,0.0,0.0,0.25132741228718347
8.84,0.8595235268575946,0.5110245783626804,0.008554945208406273,0.0,0.0,0.25132741228718347
8.86,0.8569439895581804,0.5153385408375571,0.008554945208406273,0.0,0.0,0.25132741228718347
8.88,0.8543428005970368,0.519639482699771,0.008554945208406273,0.0,0.0,0.25132741228718347
8.9,0.8517200256961531,0.5239272952811473,0.008554945208406273,0.0,0.0,0.25132741228718347
8.92,0.8490757311229108,0.5282018702452388,0.008554945208406273,0.0,0.0,0.25132741228718347
8.94,0.8464099836884119,0.5324630995900616,0.008554945208406273,0.0,0.0,0.25132741228718347
8.96,0.8437228507457883,0.5367108756508238,0.008554945208406273,0.0,0.0,0.25132741228718347
8.98,0.8410144001885013,0.5409450911026457,0.008554945208406273,0.0,0.0,0.25132741228718347
9.0,0.8382847004486254,0.5451656389632719,0.008554945208406273,0.0,0.0,0.25132741228718347
9.02,0.8355338204951203,0.5493724125957744,0.008554945208406273,0.0,0.0,0.25132741228718347
9.040000000000001,0.8327618298320875,0.5535653057112472,0.008554945208406273,0.0,0.0,0.25132741228718347
9.06,0.8299687984970155,0.55774421237149,0.008554945208406273,0.0,0.0,0.25132741228718347
9.08,0.8271547970590079,0.5619090269916871,0.008554945208406273,0.0,0.0,0.25132741228718347
9.1,0.8243198966170026,0.5660596443430735,0.008554945208406273,0.0,0.0,0.25132741228718347
9.120000000000001,0.8214641687979733,0.570195959555596,0.008554945208406273,0.0,0.0,0.25132741228718347
9.14,0.8185876857551236,0.5743178681205585,0.008554945208406273,0.0,0.0,0.25132741228718347
9.16,0.815690520166059,0.5784252658932676,0.008554945208406273,0.0,0.0,0.25132741228718347
9.18,0.812772745230953,0.5825180490956596,0.008554945208406273,0.0,0.0,0.25132741228718347
9.200000000000001,0.8098344346706984,0.5865961143189267,0.008554945208406273,0.0,0.0,0.25132741228718347
9.22,0.8068756627250446,0.5906593585261243,0.008554945208406273,0.0,0.0,0.25132741228718347
9.24,0.8038965041507197,0.5947076790547807,0.008554945208406273,0.0,0.0,0.25132741228718347
9.26,0.800897034219544,0.5987409736194867,0.008554945208406273,0.0,0.0,0.25132741228718347
9.28,0.7978773287165263,0.6027591403144811,0.008554945208406273,0.0,0.0,0.25132741228718347
9.3,0.7948374639379512,0.6067620776162257,0.008554945208406273,0.0,0.0,0.25132741228718347
9.32,0.7917775166894495,0.6107496843859691,0.008554945208406273,0.0,0.0,0.25132741228718347
9.34,0.7886975642840591,0.6147218598723044,0.008554945208406273,0.0,0.0,0.25132741228718347
9.36,0.7855976845402696,0.6186785037137135,0.008554945208406273,0.0,0.0,0.25132741228718347
9.38,0.7824779557800585,0.6226195159411025,0.008554945208406273,0.0,0.0,0.25132741228718347
9.4,0.7793384568269112,0.626544796980328,0.008554945208406273,0.0,0.0,0.25132741228718347
9.42,0.776179267003829,0.6304542476547129,0.008554945208406273,0.0,0.0,0.25132741228718347
9.44,0.7730004661313256,0.6343477691875526,0.008554945208406273,0.0,0.0,0.25132741228718347
9.46,0.7698021345254097,0.6382252632046106,0.008554945208406273,0.0,0.0,0.25132741228718347
9.48,0.7665843529955569,0.642086631736602,0.008554945208406273,0.0,0.0,0.25132741228718347
9.5,0.7633472028426664,0.6459317772216725,0.008554945208406273,0.0,0.0,0.25132741228718347
9.52,0.7600907658570085,0.6497606025078603,0.008554945208406273,0.0,0.0,0.25132741228718347
9.540000000000001,0.7568151243161556,0.6535730108555532,0.008554945208406273,0.0,0.0,0.25132741228718347
9.56,0.7535203609829071,0.6573689059399299,0.008554945208406273,0.0,0.0,0.25132741228718347
9.58,0.7502065591031946,0.6611481918533968,0.008554945208406273,0.0,0.0,0.25132741228718347
9.6,0.7468738024039807,0.6649107731080092,0.008554945208406273,0.0,0.0,0.25132741228718347
9.620000000000001,0.7435221750911426,0.6686565546378849,0.008554945208406273,0.0,0.0,0.25132741228718347
9.64,0.7401517618473462,0.6723854418016048,0.008554945208406273,0.0,0.0,0.25132741228718347
9.66,0.7367626478299043,0.6760973403846067,0.008554945208406273,0.0,0.0,0.25132741228718347
9.68,0.7333549186686253,0.6797921566015633,0.008554945208406273,0.0,0.0,0.25132741228718347
9.700000000000001,0.7299286604636511,0.6834697970987527,0.008554945208406273,0.0,0.0,0.25132741228718347
9.72,0.726483959783282,0.6871301689564168,0.008554945208406273,0.0,0.0,0.25132741228718347
9.74,0.7230209036617862,0.6907731796911092,0.008554945208406273,0.0,0.0,0.25132741228718347
9.76,0.7195395795972042,0.6943987372580327,0.008554945208406273,0.0,0.0,0.25132741228718347
9.78,0.7160400755491363,0.6980067500533638,0.008554945208406273,0.0,0.0,0.25132741228718347
9.8,0.712522479936521,0.7015971269165674,0.008554945208406273,0.0,0.0,0.25132741228718347
9.82,0.708986881635401,0.7051697771327001,0.008554945208406273,0.0,0.0,0.25132741228718347
9.84,0.7054333699766768,0.7087246104347026,0.008554945208406273,0.0,0.0,0.25132741228718347
9.86,0.7018620347438504,0.7122615370056803,0.008554945208406273,0.0,0.0,0.25132741228718347
9.88,0.6982729661707563,0.7157804674811723,0.008554945208406273,0.0,0.0,0.25132741228718347
9.9,0.6946662549392827,0.7192813129514093,0.008554945208406273,0.0,0.0,0.25132741228718347
9.92,0.6910419921770791,0.72276398496356,0.008554945208406273,0.0,0.0,0.25132741228718347
9.94,0.6874002694552541,0.7262283955239669,0.008554945208406273,0.0,0.0,0.25132741228718347
9.96,0.683741178786062,0.7296744571003683,0.008554945208406273,0.0,0.0,0.25132741228718347
9.98,0.6800648126205788,0.7331020826241099,0.008554945208406273,0.0,0.0,0.25132741228718347
10.0,0.6763712638463646,0.7365111854923465,0.008554945208406273,0.0,0.0,0.25132741228718347
10.02,0.6726606257851183,0.7399016795702276,0.008554945208406273,0.0,0.0,0.25132741228718347
10.040000000000001,0.6689329921903178,0.7432734791930751,0.008554945208406273,0.0,0.0,0.25132741228718347
10.06,0.6651884572448545,0.7466264991685474,0.008554945208406273,0.0,0.0,0.25132741228718347
10.08,0.6614271155586492,0.749960654778793,0.008554945208406273,0.0,0.0,0.25132741228718347
10.1,0.657649062166266,0.7532758617825888,0.008554945208406273,0.0,0.0,0.25132741228718347
10.120000000000001,0.6538543925245073,0.7565720364174706,0.008554945208406273,0.0,0.0,0.25132741228718347
10.14,0.6500432025100066,0.7598490954018472,0.008554945208406273,0.0,0.0,0.25132741228718347
10.16,0.6462155884168006,0.7631069559371078,0.008554945208406273,0.0,0.0,0.25132741228718347
10.18,0.6423716469539008,0.7663455357097109,0.008554945208406273,0.0,0.0,0.25132741228718347
10.200000000000001,0.6385114752428468,0.7695647528932663,0.008554945208406273,0.0,0.0,0.25132741228718347
10.22,0.6346351708152556,0.7727645261506007,0.008554945208406273,0.0,0.0,0.25132741228718347
10.24,0.6307428316103539,0.7759447746358137,0.008554945208406273,0.0,0.0,0.25132741228718347
10.26,0.626834555972506,0.7791054179963209,0.008554945208406273,0.0,0.0,0.25132741228718347
10.28,0.6229104426487281,0.7822463763748837,0.008554945208406273,0.0,0.0,0.25132741228718347
10.3,0.6189705907861934,0.7853675704116271,0.008554945208406273,0.0,0.0,0.25132741228718347
10.32,0.6150150999297276,0.7884689212460428,0.008554945208406273,0.0,0.0,0.25132741228718347
10.34,0.6110440700192928,0.7915503505189855,0.008554945208406273,0.0,0.0,0.25132741228718347
10.36,0.6070576013874632,0.7946117803746501,0.008554945208406273,0.0,0.0,0.25132741228718347
10.38,0.6030557947568894,0.7976531334625395,0.008554945208406273,0.0,0.0,0.25132741228718347
10.4,0.5990387512377549,0.8006743329394186,0.008554945208406273,0.0,0.0,0.25132741228718347
10.42,0.5950065723252193,0.8036753024712563,0.008554945208406273,0.0,0.0,0.25132741228718347
10.44,0.5909593598968554,0.8066559662351541,0.008554945208406273,0.0,0.0,0.25132741228718347
10.46,0.5868972162100752,0.8096162489212624,0.008554945208406273,0.0,0.0,0.25132741228718347
10.48,0.5828202438995463,0.8125560757346811,0.008554945208406273,0.0,0.0,0.25132741228718347
10.5,0.578728545974597,0.8154753723973519,0.008554945208406273,0.0,0.0,0.25132741228718347
10.52,0.5746222258166163,0.8183740651499342,0.008554945208406273,0.0,0.0,0.25132741228718347
10.540000000000001,0.5705013871764386,0.8212520807536686,0.008554945208406273,0.0,0.0,0.25132741228718347
10.56,0.5663661341717268,0.8241093464922261,0.008554945208406273,0.0,0.0,0.25132741228718347
10.58,0.5622165712843372,0.8269457901735483,0.008554945208406273,0.0,0.0,0.25132741228718347
10.6,0.558052803357682,0.8297613401316686,0.008554945208406273,0.0,0.0,0.25132741228718347
10.620000000000001,0.5538749355940795,0.8325559252285247,0.008554945208406273,0.0,0.0,0.25132741228718347
10.64,0.5496830735520972,0.8353294748557543,0.008554945208406273,0.0,0.0,0.25132741228718347
10.66,0.5454773231438835,0.8380819189364808,0.008554945208406273,0.0,0.0,0.25132741228718347
10.68,0.5412577906324918,0.8408131879270831,0.008554945208406273,0.0,0.0,0.25132741228718347
10.700000000000001,0.5370245826291962,0.8435232128189533,0.008554945208406273,0.0,0.0,0.25132741228718347
10.72,0.5327778060907983,0.8462119251402376,0.008554945208406273,0.0,0.0,0.25132741228718347
10.74,0.5285175683169226,0.848879256957571,0.008554945208406273,0.0,0.0,0.25132741228718347
10.76,0.5242439769473087,0.8515251408777903,0.008554945208406273,0.0,0.0,0.25132741228718347
10.78,0.5199571399590884,0.8541495100496377,0.008554945208406273,0.0,0.0,0.25132741228718347
10.8,0.5156571656640596,0.8567522981654498,0.008554945208406273,0.0,0.0,0.25132741228718347
10.82,0.5113441627059503,0.8593334394628329,0.008554945208406273,0.0,0.0,0.25132741228718347
10.84,0.5070182400576707,0.8618928687263248,0.008554945208406273,0.0,0.0,0.25132741228718347
10.86,0.5026795070185629,0.8644305212890424,0.008554945208406273,0.0,0.0,0.25132741228718347
10.88,0.4983280732116367,0.8669463330343168,0.008554945208406273,0.0,0.0,0.25132741228718347
10.9,0.49396404858080317,0.8694402403973104,0.008554945208406273,0.0,0.0,0.25132741228718347
10.92,0.4895875433880932,0.8719121803666254,0.008554945208406273,0.0,0.0,0.25132741228718347
10.94,0.4851986682108736,0.8743620904858952,0.008554945208406273,0.0,0.0,0.25132741228718347
10.96,0.48079753393905283,0.8767899088553628,0.008554945208406273,0.0,0.0,0.25132741228718347
10.98,0.47638425177228033,0.8791955741334433,0.008554945208406273,0.0,0.0,0.25132741228718347
11.0,0.4719589332171343,0.8815790255382752,0.008554945208406273,0.0,0.0,0.25132741228718347
11.02,0.46752169008430683,0.8839402028492561,0.008554945208406273,0.0,0.0,0.25132741228718347
11.040000000000001,0.46307263448577723,0.8862790464085631,0.008554945208406273,0.0,0.0,0.25132741228718347
11.06,0.45861187883198185,0.8885954971226614,0.008554945208406273,0.0,0.0,0.25132741228718347
11.08,0.4541395358289705,0.890889496463797,0.008554945208406273,0.0,0.0,0.25132741228718347
11.1,0.449655718475561,0.8931609864714742,0.008554945208406273,0.0,0.0,0.25132741228718347
11.120000000000001,0.44516054006048333,0.895409909753923,0.008554945208406273,0.0,0.0,0.25132741228718347
11.14,0.4406541141595191,0.8976362094895457,0.008554945208406273,0.0,0.0,0.25132741228718347
11.16,0.43613655463262846,0.8998398294283547,0.008554945208406273,0.0,0.0,0.25132741228718347
11.18,0.4316079756210764,0.9020207138933936,0.008554945208406273,0.0,0.0,0.25132741228718347
11.200000000000001,0.42706849154454696,0.9041788077821423,0.008554945208406273,0.0,0.0,0.25132741228718347
11.22,0.42251821709825405,0.9063140565679118,0.008554945208406273,0.0,0.0,0.25132741228718347
11.24,0.4179572672500415,0.9084264063012197,0.008554945208406273,0.0,0.0,0.25132741228718347
11.26,0.41338575723748006,0.9105158036111545,0.008554945208406273,0.0,0.0,0.25132741228718347
11.28,0.4088038025649538,0.9125821957067236,0.008554945208406273,0.0,0.0,0.25132741228718347
11.3,0.404211519000744,0.9146255303781882,0.008554945208406273,0.0,0.0,0.25132741228718347
11.32,0.3996090225741035,0.9166457559983793,0.008554945208406273,0.0,0.0,0.25132741228718347
11.34,0.3949964295723237,0.9186428215240061,0.008554945208406273,0.0,0.0,0.25132741228718347
11.36,0.3903738565377978,0.9206166764969432,0.008554945208406273,0.0,0.0,0.25132741228718347
11.38,0.38574142026507535,0.9225672710455065,0.008554945208406273,0.0,0.0,0.25132741228718347
11.4,0.38109923779791305,0.924494555885712,0.008554945208406273,0.0,0.0,0.25132741228718347
11.42,0.3764474264263151,0.926398482322523,0.008554945208406273,0.0,0.0,0.25132741228718347
11.44,0.37178610368357146,0.9282790022510786,0.008554945208406273,0.0,0.0,0.25132741228718347
11.46,0.3671153873432868,0.9301360681579108,0.008554945208406273,0.0,0.0,0.25132741228718347
11.48,0.3624353954164075,0.9319696331221431,0.008554945208406273,0.0,0.0,0.25132741228718347
11.5,0.3577462461482365,0.933779650816677,0.008554945208406273,0.0,0.0,0.25132741228718347
11.52,0.3530480580154477,0.9355660755093629,0.008554945208406273,0.0,0.0,0.25132741228718347
11.540000000000001,0.34834094972309193,0.9373288620641551,0.008554945208406273,0.0,0.0,0.25132741228718347
11.56,0.3436250402015994,0.9390679659422523,0.008554945208406273,0.0,0.0,0.25132741228718347
11.58,0.338900448603772,0.9407833432032223,0.008554945208406273,0.0,0.0,0.25132741228718347
11.6,0.3341672943017742,0.9424749505061134,0.008554945208406273,0.0,0.0,0.25132741228718347
11.620000000000001,0.32942569688411694,0.9441427451105492,0.008554945208406273,0.0,0.0,0.25132741228718347
11.64,0.32467577615263704,0.945786684877807,0.008554945208406273,0.0,0.0,0.25132741228718347
11.66,0.31991765211946793,0.9474067282718848,0.008554945208406273,0.0,0.0,0.25132741228718347
11.68,0.3151514450040096,0.9490028343605486,0.008554945208406273,0.0,0.0,0.25132741228718347
11.700000000000001,0.31037727522988945,0.9505749628163683,0.008554945208406273,0.0,0.0,0.25132741228718347
11.72,0.30559526342192195,0.9521230739177345,0.008554945208406273,0.0,0.0,0.25132741228718347
11.74,0.3008055304030581,0.9536471285498657,0.008554945208406273,0.0,0.0,0.25132741228718347
11.76,0.29600819719133453,0.9551470882057931,0.008554945208406273,0.0,0.0,0.25132741228718347
11.78,0.29120338499681536,0.956622914987335,0.008554945208406273,0.0,0.0,0.25132741228718347
11.8,0.28639121521852917,0.9580745716060537,0.008554945208406273,0.0,0.0,0.25132741228718347
11.82,0.2815718094414038,0.9595020213841985,0.008554945208406273,0.0,0.0,0.25132741228718347
11.84,0.2767452894331911,0.9609052282556321,0.008554945208406273,0.0,0.0,0.25132741228718347
11.86,0.2719117771413929,0.9622841567667413,0.008554945208406273,0.0,0.0,0.25132741228718347
11.88,0.26707139469017815,0.9636387720773341,0.008554945208406273,0.0,0.0,0.25132741228718347
11.9,0.26222426437729973,0.9649690399615175,0.008554945208406273,0.0,0.0,0.25132741228718347
11.92,0.25737050867100164,0.9662749268085657,0.008554945208406273,0.0,0.0,0.25132741228718347
11.94,0.25251025020692613,0.9675563996237657,0.008554945208406273,0.0,0.0,0.25132741228718347
11.96,0.24764361178501473,0.9688134260292544,0.008554945208406273,0.0,0.0,0.25132741228718347
11.98,0.24277071636640718,0.9700459742648335,0.008554945208406273,0.0,0.0,0.25132741228718347
12.0,0.23789168707033212,0.9712540131887742,0.008554945208406273,0.0,0.0,0.25132741228718347
12.02,0.23300664717099775,0.9724375122786033,0.008554945208406273,0.0,0.0,0.25132741228718347
12.040000000000001,0.22811572009447664,0.9735964416318743,0.008554945208406273,0.0,0.0,0.25132741228718347
12.06,0.2232190294155889,0.9747307719669218,0.008554945208406273,0.0,0.0,0.25132741228718347
12.08,0.2183166988547773,0.975840474623604,0.008554945208406273,0.0,0.0,0.25132741228718347
12.1,0.21340885227498307,0.9769255215640251,0.008554945208406273,0.0,0.0,0.25132741228718347
12.120000000000001,0.20849561367851543,0.9779858853732438,0.008554945208406273,0.0,0.0,0.25132741228718347
12.14,0.20357710720392036,0.9790215392599654,0.008554945208406273,0.0,0.0,0.25132741228718347
12.16,0.1986534571228414,0.9800324570572195,0.008554945208406273,0.0,0.0,0.25132741228718347
12.18,0.1937247878368816,0.9810186132230228,0.008554945208406273,0.0,0.0,0.25132741228718347
12.200000000000001,0.18879122387445954,0.9819799828410207,0.008554945208406273,0.0,0.0,0.25132741228718347
12.22,0.18385288988766452,0.9829165416211193,0.008554945208406273,0.0,0.0,0.25132741228718347
12.24,0.17890991064910466,0.9838282659000994,0.008554945208406273,0.0,0.0,0.25132741228718347
12.26,0.1739624110487562,0.9847151326422128,0.008554945208406273,0.0,0.0,0.25132741228718347
12.280000000000001,0.1690105160908068,0.9855771194397657,0.008554945208406273,0.0,0.0,0.25132741228718347
12.3,0.16405435089049938,0.9864142045136841,0.008554945208406273,0.0,0.0,0.25132741228718347
12.32,0.1590940406709678,0.987226366714064,0.008554945208406273,0.0,0.0,0.25132741228718347
12.34,0.15412971076007514,0.9880135855207065,0.008554945208406273,0.0,0.0,0.25132741228718347
12.36,0.14916148658724648,0.9887758410436359,0.008554945208406273,0.0,0.0,0.25132741228718347
12.38,0.14418949368029943,0.9895131140236018,0.008554945208406273,0.0,0.0,0.25132741228718347
12.4,0.1392138576622742,0.990225385832566,0.008554945208406273,0.0,0.0,0.25132741228718347
12.42,0.13423470424825715,0.9909126384741742,0.008554945208406273,0.0,0.0,0.25132741228718347
12.44,0.12925215924220587,0.9915748545842082,0.008554945208406273,0.0,0.0,0.25132741228718347
12.46,0.12426634853377008,0.9922120174310275,0.008554945208406273,0.0,0.0,0.25132741228718347
12.48,0.11927739809511251,0.99282411091599,0.008554945208406273,0.0,0.0,0.25132741228718347
12.5,0.11428543397772331,0.9934111195738596,0.008554945208406273,0.0,0.0,0.25132741228718347
12.52,0.10929058230923715,0.9939730285731969,0.008554945208406273,0.0,0.0,0.25132741228718347
12.540000000000001,0.10429296929024552,0.9945098237167341,0.008554945208406273,0.0,0.0,0.25132741228718347
12.56,0.09929272119110984,0.9950214914417329,0.008554945208406273,0.0,0.0,0.25132741228718347
12.58,0.09428996434876853,0.9955080188203279,0.008554945208406273,0.0,0.0,0.25132741228718347
12.6,0.08928482516354667,0.9959693935598531,0.008554945208406273,0.0,0.0,0.25132741228718347
12.620000000000001,0.08427743009596146,0.9964056040031525,0.008554945208406273,0.0,0.0,0.25132741228718347
12.64,0.07926790566352898,0.9968166391288741,0.008554945208406273,0.0,0.0,0.25132741228718347
12.66,0.07425637843756469,0.9972024885517504,0.008554945208406273,0.0,0.0,0.25132741228718347
12.68,0.06924297503998735,0.9975631425228576,0.008554945208406273,0.0,0.0,0.25132741228718347
12.700000000000001,0.06422782214011888,0.9978985919298639,0.008554945208406273,0.0,0.0,0.25132741228718347
12.72,0.05921104645148577,0.9982088282972593,0.008554945208406273,0.0,0.0,0.25132741228718347
12.74,0.05419277472861468,0.9984938437865709,0.008554945208406273,0.0,0.0,0.25132741228718347
12.76,0.04917313376383174,0.9987536311965587,0.008554945208406273,0.0,0.0,0.25132741228718347
12.780000000000001,0.04415225038405811,0.9989881839633993,0.008554945208406273,0.0,0.0,0.25132741228718347
12.8,0.03913025144760729,0.9991974961608514,0.008554945208406273,0.0,0.0,0.25132741228718347
12.82,0.034107263840977266,0.9993815625004046,0.008554945208406273,0.0,0.0,0.25132741228718347
12.84,0.029083414475646326,0.9995403783314138,0.008554945208406273,0.0,0.0,0.25132741228718347
12.86,0.02405883028486607,0.9996739396412172,0.008554945208406273,0.0,0.0,0.25132741228718347
12.88,0.019033638220453866,0.9997822430552372,0.008554945208406273,0.0,0.0,0.25132741228718347
12.9,0.01400796524958701,0.9998652858370648,0.008554945208406273,0.0,0.0,0.25132741228718347
12.92,0.008981938351592129,0.99992306588853,0.008554945208406273,0.0,0.0,0.25132741228718347
12.94,0.003955684514738667,0.9999555817497539,0.008554945208406273,0.0,0.0,0.25132741228718347
12.96,-0.0010706692669705208,0.9999628325991871,0.008554945208406273,0.0,0.0,0.25132741228718347
12.98,-0.006096995997006018,0.9999448182536279,0.008554945208406273,0.0,0.0,0.25132741228718347
13.0,-0.01112316867952324,0.9999015391682298,0.008554945208406273,0.0,0.0,0.25132741228718347
13.02,-0.016149060322569336,0.9998329964364882,0.008554945208406273,0.0,0.0,0.25132741228718347
13.040000000000001,-0.021174543941292697,0.9997391917902124,0.008554945208406273,0.0,0.0,0.25132741228718347
13.06,-0.026199492561149538,0.999620127599483,0.008554945208406273,0.0,0.0,0.25132741228718347
13.08,-0.031223779221114818,0.9994758068725924,0.008554945208406273,0.0,0.0,0.25132741228718347
13.1,-0.03624727697688818,0.9993062332559672,0.008554945208406273,0.0,0.0,0.25132741228718347
13.120000000000001,-0.04126985890410228,0.999111411034077,0.008554945208406273,0.0,0.0,0.25132741228718347
13.14,-0.04629139810152787,0.998891345129326,0.008554945208406273,0.0,0.0,0.25132741228718347
13.16,-0.051311767694282785,0.9986460411019296,0.008554945208406273,0.0,0.0,0.25132741228718347
13.18,-0.05633084083703585,0.9983755051497714,0.008554945208406273,0.0,0.0,0.25132741228718347
13.200000000000001,-0.06134849071721259,0.9980797441082496,0.008554945208406273,0.0,0.0,0.25132741228718347
13.22,-0.06636459055819754,0.9977587654501022,0.008554945208406273,0.0,0.0,0.25132741228718347
13.24,-0.07137901362254002,0.9974125772852188,0.008554945208406273,0.0,0.0,0.25132741228718347
13.26,-0.07639163321515466,0.9970411883604363,0.008554945208406273,0.0,0.0,0.25132741228718347
13.280000000000001,-0.0814023226865232,0.9966446080593169,0.008554945208406273,0.0,0.0,0.25132741228718347
13.3,-0.08641095543589282,0.9962228464019112,0.008554945208406273,0.0,0.0,0.25132741228718347
13.32,-0.0914174049144774,0.9957759140445064,0.008554945208406273,0.0,0.0,0.25132741228718347
13.34,-0.09642154462865325,0.9953038222793552,0.008554945208406273,0.0,0.0,0.25132741228718347
13.36,-0.10142324814315543,0.9948065830343914,0.008554945208406273,0.0,0.0,0.25132741228718347
13.38,-0.10642238908427278,0.9942842088729285,0.008554945208406273,0.0,0.0,0.25132741228718347
13.4,-0.11141884114303918,0.993736712993342,0.008554945208406273,0.0,0.0,0.25132741228718347
13.42,-0.1164124780784275,0.9931641092287362,0.008554945208406273,0.0,0.0,0.25132741228718347
13.44,-0.12140317372053747,0.9925664120465947,0.008554945208406273,0.0,0.0,0.25132741228718347
13.46,-0.12639080197378433,0.9919436365484147,0.008554945208406273,0.0,0.0,0.25132741228718347
13.48,-0.131375236820083,0.991295798469325,0.008554945208406273,0.0,0.0,0.25132741228718347
13.5,-0.1363563523220349,0.9906229141776899,0.008554945208406273,0.0,0.0,0.25132741228718347
13.52,-0.141334022626108,0.9899250006746938,0.008554945208406273,0.0,0.0,0.25132741228718347
13.540000000000001,-0.1463081219658174,0.9892020755939127,0.008554945208406273,0.0,0.0,0.25132741228718347
13.56,-0.15127852466490146,0.988454157200869,0.008554945208406273,0.0,0.0,0.25132741228718347
13.58,-0.15624510514049966,0.987681264392569,0.008554945208406273,0.0,0.0,0.25132741228718347
13.6,-0.1612077379063239,0.986883416697026,0.008554945208406273,0.0,0.0,0.25132741228718347
13.620000000000001,-0.16616629757582974,0.9860606342727667,0.008554945208406273,0.0,0.0,0.25132741228718347
13.64,-0.17112065886538289,0.9852129379083221,0.008554945208406273,0.0,0.0,0.25132741228718347
13.66,-0.17607069659742725,0.9843403490217025,0.008554945208406273,0.0,0.0,0.25132741228718347
13.68,-0.1810162857036458,0.9834428896598553,0.008554945208406273,0.0,0.0,0.25132741228718347
13.700000000000001,-0.18595730122812168,0.9825205824981093,0.008554945208406273,0.0,0.0,0.25132741228718347
13.72,-0.19089361833049331,0.9815734508396008,0.008554945208406273,0.0,0.0,0.25132741228718347
13.74,-0.19582511228911142,0.9806015186146855,0.008554945208406273,0.0,0.0,0.25132741228718347
13.76,-0.20075165850418838,0.9796048103803332,0.008554945208406273,0.0,0.0,0.25132741228718347
13.780000000000001,-0.20567313250094763,0.9785833513195074,0.008554945208406273,0.0,0.0,0.25132741228718347
13.8,-0.21058940993276637,0.9775371672405303,0.008554945208406273,0.0,0.0,0.25132741228718347
13.82,-0.21550036658432034,0.9764662845764285,0.008554945208406273,0.0,0.0,0.25132741228718347
13.84,-0.22040587837472037,0.9753707303842674,0.008554945208406273,0.0,0.0,0.25132741228718347
13.86,-0.22530582136064786,0.974250532344466,0.008554945208406273,0.0,0.0,0.25132741228718347
13.88,-0.2302000717394869,0.9731057187600979,0.008554945208406273,0.0,0.0,0.25132741228718347
13.9,-0.23508850585245036,0.9719363185561767,0.008554945208406273,0.0,0.0,0.25132741228718347
13.92,-0.23997100018770703,0.9707423612789251,0.008554945208406273,0.0,0.0,0.25132741228718347
13.94,-0.24484743138350035,0.9695238770950274,0.008554945208406273,0.0,0.0,0.25132741228718347
13.96,-0.24971767623126648,0.9682808967908682,0.008554945208406273,0.0,0.0,0.25132741228718347
13.98,-0.25458161167874516,0.9670134517717547,0.008554945208406273,0.0,0.0,0.25132741228718347
14.0,-0.2594391148330919,0.9657215740611229,0.008554945208406273,0.0,0.0,0.25132741228718347
14.02,-0.2642900629639807,0.9644052962997279,0.008554945208406273,0.0,0.0,0.25132741228718347
14.040000000000001,-0.26913433350670596,0.9630646517448205,0.008554945208406273,0.0,0.0,0.25132741228718347
14.06,-0.2739718040652781,0.9616996742693054,0.008554945208406273,0.0,0.0,0.25132741228718347
14.08,-0.2788023524155176,0.9603103983608866,0.008554945208406273,0.0,0.0,0.25132741228718347
14.1,-0.2836258565081425,0.9588968591211956,0.008554945208406273,0.0,0.0,0.25132741228718347
14.120000000000001,-0.288442194471852,0.957459092264904,0.008554945208406273,0.0,0.0,0.25132741228718347
14.14,-0.29325124461640445,0.9559971341188224,0.008554945208406273,0.0,0.0,0.25132741228718347
14.16,-0.2980528854356947,0.9545110216209808,0.008554945208406273,0.0,0.0,0.25132741228718347
14.18,-0.30284699561082207,0.953000792319697,0.008554945208406273,0.0,0.0,0.25132741228718347
14.200000000000001,-0.30763345401315667,0.951466484372627,0.008554945208406273,0.0,0.0,0.25132741228718347
14.22,-0.31241213970739773,0.9499081365458015,0.008554945208406273,0.0,0.0,0.25132741228718347
14.24,-0.31718293195463226,0.9483257882126452,0.008554945208406273,0.0,0.0,0.25132741228718347
14.26,-0.32194571021538365,0.9467194793529832,0.008554945208406273,0.0,0.0,0.25132741228718347
14.280000000000001,-0.3267003541526585,0.9450892505520305,0.008554945208406273,0.0,0.0,0.25132741228718347
14.3,-0.3314467436349846,0.9434351429993668,0.008554945208406273,0.0,0.0,0.25132741228718347
14.32,-0.33618475873944953,0.9417571984878953,0.008554945208406273,0.0,0.0,0.25132741228718347
14.34,-0.3409142797547284,0.9400554594127871,0.008554945208406273,0.0,0.0,0.25132741228718347
14.36,-0.345635187184109,0.9383299687704093,0.008554945208406273,0.0,0.0,0.25132741228718347
14.38,-0.35034736174851205,0.9365807701572401,0.008554945208406273,0.0,0.0,0.25132741228718347
14.4,-0.3550506843895021,0.9348079077687659,0.008554945208406273,0.0,0.0,0.25132741228718347
14.42,-0.3597450362722993,0.9330114263983659,0.008554945208406273,0.0,0.0,0.25132741228718347
14.44,-0.3644302987887796,0.931191371436179,0.008554945208406273,0.0,0.0,0.25132741228718347
14.46,-0.3691063535604723,0.9293477888679582,0.008554945208406273,0.0,0.0,0.25132741228718347
14.48,-0.3737730824415501,0.9274807252739076,0.008554945208406273,0.0,0.0,0.25132741228718347
14.5,-0.37843036752181575,0.925590227827506,0.008554945208406273,0.0,0.0,0.25132741228718347
14.52,-0.38307809112968005,0.9236763442943157,0.008554945208406273,0.0,0.0,0.25132741228718347
14.540000000000001,-0.3877161358351355,0.9217391230307744,0.008554945208406273,0.0,0.0,0.25132741228718347
14.56,-0.3923443844527222,0.919778612982975,0.008554945208406273,0.0,0.0,0.25132741228718347
14.58,-0.39696272004449007,0.9177948636854265,0.008554945208406273,0.0,0.0,0.25132741228718347
14.6,-0.40157102592295313,0.9157879252598045,0.008554945208406273,0.0,0.0,0.25132741228718347
14.620000000000001,-0.4061691856540377,0.9137578484136843,0.008554945208406273,0.0,0.0,0.25132741228718347
14.64,-0.4107570830600226,0.9117046844392607,0.008554945208406273,0.0,0.0,0.25132741228718347
14.66,-0.4153346022224773,0.9096284852120489,0.008554945208406273,0.0,0.0,0.25132741228718347
14.68,-0.4199016274851891,0.9075293031895773,0.008554945208406273,0.0,0.0,0.25132741228718347
14.700000000000001,-0.4244580434570857,0.90540719141006,0.008554945208406273,0.0,0.0,0.25132741228718347
14.72,-0.4290037350151494,0.903262203491058,0.008554945208406273,0.0,0.0,0.25132741228718347
14.74,-0.4335385873073283,0.9010943936281237,0.008554945208406273,0.0,0.0,0.25132741228718347
14.76,-0.4380624857554365,0.8989038165934318,0.008554945208406273,0.0,0.0,0.25132741228718347
14.780000000000001,-0.4425753160580497,0.8966905277343946,0.008554945208406273,0.0,0.0,0.25132741228718347
14.8,-0.4470769641933914,0.8944545829722661,0.008554945208406273,0.0,0.0,0.25132741228718347
14.82,-0.4515673164222169,0.8921960388007262,0.008554945208406273,0.0,0.0,0.25132741228718347
14.84,-0.4560462592906849,0.8899149522844543,0.008554945208406273,0.0,0.0,0.25132741228718347
14.86,-0.46051367963322404,0.8876113810576887,0.008554945208406273,0.0,0.0,0.25132741228718347
14.88,-0.4649694645753936,0.8852853833227682,0.008554945208406273,0.0,0.0,0.25132741228718347
14.9,-0.46941350153673295,0.8829370178486643,0.008554945208406273,0.0,0.0,0.25132741228718347
14.92,-0.47384567823360896,0.8805663439694932,0.008554945208406273,0.0,0.0,0.25132741228718347
14.94,-0.47826588268205095,0.8781734215830194,0.008554945208406273,0.0,0.0,0.25132741228718347
14.96,-0.4826740032005811,0.87575831114914,0.008554945208406273,0.0,0.0,0.25132741228718347
14.98,-0.48706992841303476,0.8733210736883601,0.008554945208406273,0.0,0.0,0.25132741228718347
15.0,-0.49145354725137635,0.8708617707802474,0.008554945208406273,0.0,0.0,0.25132741228718347
15.02,-0.49582474895850476,0.8683804645618792,0.008554945208406273,0.0,0.0,0.25132741228718347
15.040000000000001,-0.5001834230910518,0.8658772177262706,0.008554945208406273,0.0,0.0,0.25132741228718347
15.06,-0.5045294595221718,0.8633520935207921,0.008554945208406273,0.0,0.0,0.25132741228718347
15.08,-0.5088627484443261,0.8608051557455704,0.008554945208406273,0.0,0.0,0.25132741228718347
15.1,-0.5131831803720555,0.8582364687518768,0.008554945208406273,0.0,0.0,0.25132741228718347
15.120000000000001,-0.5174906461447484,0.8556460974405009,0.008554945208406273,0.0,0.0,0.25132741228718347
15.14,-0.5217850369293964,0.8530341072601124,0.008554945208406273,0.0,0.0,0.25132741228718347
15.16,-0.5260662442233464,0.8504005642056048,0.008554945208406273,0.0,0.0,0.25132741228718347
15.18,-0.5303341598570408,0.8477455348164303,0.008554945208406273,0.0,0.0,0.25132741228718347
15.200000000000001,-0.5345886759967516,0.8450690861749167,0.008554945208406273,0.0,0.0,0.25132741228718347
15.22,-0.5388296851473031,0.8423712859045751,0.008554945208406273,0.0,0.0,0.25132741228718347
15.24,-0.5430570801547894,0.8396522021683884,0.008554945208406273,0.0,0.0,0.25132741228718347
15.26,-0.5472707542092815,0.8369119036670908,0.008554945208406273,0.0,0.0,0.25132741228718347
15.280000000000001,-0.5514706008475262,0.8341504596374313,0.008554945208406273,0.0,0.0,0.25132741228718347
15.3,-0.555656513955635,0.8313679398504256,0.008554945208406273,0.0,0.0,0.25132741228718347
15.32,-0.559828387771766,0.8285644146095914,0.008554945208406273,0.0,0.0,0.25132741228718347
15.34,-0.5639861168887965,0.8257399547491729,0.008554945208406273,0.0,0.0,0.25132741228718347
15.36,-0.5681295962569849,0.8228946316323521,0.008554945208406273,0.0,0.0,0.25132741228718347
15.38,-0.5722587211866264,0.8200285171494444,0.008554945208406273,0.0,0.0,0.25132741228718347
15.4,-0.5763733873506961,0.8171416837160823,0.008554945208406273,0.0,0.0,0.25132741228718347
15.42,-0.5804734907874873,0.8142342042713866,0.008554945208406273,0.0,0.0,0.25132741228718347
15.44,-0.5845589279032373,0.8113061522761227,0.008554945208406273,0.0,0.0,0.25132741228718347
15.46,-0.5886295954747438,0.8083576017108448,0.008554945208406273,0.0,0.0,0.25132741228718347
15.48,-0.5926853906519745,0.8053886270740268,0.008554945208406273,0.0,0.0,0.25132741228718347
15.5,-0.5967262109606644,0.80239930338018,0.008554945208406273,0.0,0.0,0.25132741228718347
15.52,-0.6007519543049061,0.7993897061579573,0.008554945208406273,0.0,0.0,0.25132741228718347
15.540000000000001,-0.6047625189697288,0.7963599114482458,0.008554945208406273,0.0,0.0,0.25132741228718347
15.56,-0.608757803623667,0.7933099958022451,0.008554945208406273,0.0,0.0,0.25132741228718347
15.58,-0.6127377073213236,0.7902400362795328,0.008554945208406273,0.0,0.0,0.25132741228718347
15.6,-0.6167021295059184,0.7871501104461174,0.008554945208406273,0.0,0.0,0.25132741228718347
15.620000000000001,-0.6206509700118291,0.784040296372479,0.008554945208406273,0.0,0.0,0.25132741228718347
15.64,-0.6245841290671215,0.7809106726315976,0.008554945208406273,0.0,0.0,0.25132741228718347
15.66,-0.6285015072960717,0.7777613182969662,0.008554945208406273,0.0,0.0,0.25132741228718347
15.68,-0.6324030057216763,0.7745923129405935,0.008554945208406273,0.0,0.0,0.25132741228718347
15.700000000000001,-0.6362885257681532,0.7714037366309934,0.008554945208406273,0.0,0.0,0.25132741228718347
15.72,-0.6401579692634317,0.7681956699311627,0.008554945208406273,0.0,0.0,0.25132741228718347
15.74,-0.6440112384416338,0.7649681938965448,0.008554945208406273,0.0,0.0,0.25132741228718347
15.76,-0.6478482359455439,0.7617213900729816,0.008554945208406273,0.0,0.0,0.25132741228718347
15.780000000000001,-0.6516688648290686,0.7584553404946536,0.008554945208406273,0.0,0.0,0.25132741228718347
15.8,-0.6554730285596863,0.7551701276820082,0.008554945208406273,0.0,0.0,0.25132741228718347
15.82,-0.6592606310208857,0.7518658346396724,0.008554945208406273,0.0,0.0,0.25132741228718347
15.84,-0.6630315765145961,0.748542544854357,0.008554945208406273,0.0,0.0,0.25132741228718347
15.860000000000001,-0.6667857697636027,0.7452003422927471,0.008554945208406273,0.0,0.0,0.25132741228718347
15.88,-0.6705231159139554,0.7418393113993816,0.008554945208406273,0.0,0.0,0.25132741228718347
15.9,-0.6742435205373655,0.7384595370945164,0.008554945208406273,0.0,0.0,0.25132741228718347
15.92,-0.6779468896335904,0.7350611047719827,0.008554945208406273,0.0,0.0,0.25132741228718347
15.94,-0.6816331296328106,0.7316441002970279,0.008554945208406273,0.0,0.0,0.25132741228718347
15.96,-0.6853021473979924,0.728208610004144,0.008554945208406273,0.0,0.0,0.25132741228718347
15.98,-0.6889538502272403,0.7247547206948903,0.008554945208406273,0.0,0.0,0.25132741228718347
16.0,-0.6925881458561415,0.7212825196356968,0.008554945208406273,0.0,0.0,0.25132741228718347
16.02,-0.6962049424600951,0.7177920945556607,0.008554945208406273,0.0,0.0,0.25132741228718347
16.04,-0.6998041486566335,0.7142835336443302,0.008554945208406273,0.0,0.0,0.25132741228718347
16.06,-0.7033856735077305,0.7107569255494757,0.008554945208406273,0.0,0.0,0.25132741228718347
16.080000000000002,-0.7069494265220991,0.7072123593748498,0.008554945208406273,0.0,0.0,0.25132741228718347
16.1,-0.710495317657477,0.7036499246779377,0.008554945208406273,0.0,0.0,0.25132741228718347
16.12,-0.7140232573229037,0.7000697114676913,0.008554945208406273,0.0,0.0,0.25132741228718347
16.14,-0.7175331563809829,0.6964718102022579,0.008554945208406273,0.0,0.0,0.25132741228718347
16.16,-0.7210249261501348,0.6928563117866927,0.008554945208406273,0.0,0.0,0.25132741228718347
16.18,-0.7244984784068353,0.689223307570664,0.008554945208406273,0.0,0.0,0.25132741228718347
16.2,-0.7279537253878482,0.6855728893461428,0.008554945208406273,0.0,0.0,0.25132741228718347
16.22,-0.7313905797924397,0.6819051493450857,0.008554945208406273,0.0,0.0,0.25132741228718347
16.240000000000002,-0.7348089547845867,0.6782201802371024,0.008554945208406273,0.0,0.0,0.25132741228718347
16.26,-0.7382087639951668,0.674518075127118,0.008554945208406273,0.0,0.0,0.25132741228718347
16.28,-0.7415899215241453,0.6707989275530163,0.008554945208406273,0.0,0.0,0.25132741228718347
16.3,-0.7449523419427423,0.6670628314832778,0.008554945208406273,0.0,0.0,0.25132741228718347
16.32,-0.7482959402955934,0.663309881314607,0.008554945208406273,0.0,0.0,0.25132741228718347
16.34,-0.7516206321028942,0.6595401718695457,0.008554945208406273,0.0,0.0,0.25132741228718347
16.36,-0.7549263333625355,0.6557537983940785,0.008554945208406273,0.0,0.0,0.25132741228718347
16.38,-0.7582129605522263,0.6519508565552252,0.008554945208406273,0.0,0.0,0.25132741228718347
16.4,-0.7614804306316033,0.6481314424386242,0.008554945208406273,0.0,0.0,0.25132741228718347
16.42,-0.7647286610443299,0.644295652546104,0.008554945208406273,0.0,0.0,0.25132741228718347
16.44,-0.7679575697201799,0.6404435837932475,0.008554945208406273,0.0,0.0,0.25132741228718347
16.46,-0.7711670750771145,0.6365753335069393,0.008554945208406273,0.0,0.0,0.25132741228718347
16.48,-0.7743570960233411,0.6326909994229103,0.008554945208406273,0.0,0.0,0.25132741228718347
16.5,-0.777527551959363,0.6287906796832659,0.008554945208406273,0.0,0.0,0.25132741228718347
16.52,-0.7806783627800149,0.6248744728340077,0.008554945208406273,0.0,0.0,0.25132741228718347
16.54,-0.7838094488764884,0.6209424778225429,0.008554945208406273,0.0,0.0,0.25132741228718347
16.56,-0.7869207311383428,0.6169947939951842,0.008554945208406273,0.0,0.0,0.25132741228718347
16.580000000000002,-0.7900121309555033,0.6130315210946403,0.008554945208406273,0.0,0.0,0.25132741228718347
16.6,-0.7930835702202466,0.6090527592574972,0.008554945208406273,0.0,0.0,0.25132741228718347
16.62,-0.7961349713291774,0.6050586090116836,0.008554945208406273,0.0,0.0,0.25132741228718347
16.64,-0.7991662571851861,0.6010491712739358,0.008554945208406273,0.0,0.0,0.25132741228718347
16.66,-0.8021773511993975,0.5970245473472447,0.008554945208406273,0.0,0.0,0.25132741228718347
16.68,-0.8051681772931072,0.5929848389182982,0.008554945208406273,0.0,0.0,0.25132741228718347
16.7,-0.8081386598997015,0.5889301480549111,0.008554945208406273,0.0,0.0,0.25132741228718347
16.72,-0.8110887239665687,0.5848605772034461,0.008554945208406273,0.0,0.0,0.25132741228718347
16.740000000000002,-0.8140182949569955,0.5807762291862251,0.008554945208406273,0.0,0.0,0.25132741228718347
16.76,-0.8169272988520473,0.5766772071989346,0.008554945208406273,0.0,0.0,0.25132741228718347
16.78,-0.8198156621524417,0.5725636148080129,0.008554945208406273,0.0,0.0,0.25132741228718347
16.8,-0.822683311880405,0.5684355559480364,0.008554945208406273,0.0,0.0,0.25132741228718347
16.82,-0.8255301755815142,0.5642931349190945,0.008554945208406273,0.0,0.0,0.25132741228718347
16.84,-0.8283561813265296,0.5601364563841515,0.008554945208406273,0.0,0.0,0.25132741228718347
16.86,-0.8311612577132111,0.5559656253664053,0.008554945208406273,0.0,0.0,0.25132741228718347
16.88,-0.8339453338681226,0.551780747246631,0.008554945208406273,0.0,0.0,0.25132741228718347
16.9,-0.8367083394484229,0.5475819277605198,0.008554945208406273,0.0,0.0,0.25132741228718347
16.92,-0.8394502046436432,0.5433692729960078,0.008554945208406273,0.0,0.0,0.25132741228718347
16.94,-0.8421708601774487,0.5391428893905964,0.008554945208406273,0.0,0.0,0.25132741228718347
16.96,-0.8448702373093924,0.5349028837286596,0.008554945208406273,0.0,0.0,0.25132741228718347
16.98,-0.8475482678366494,0.5306493631387488,0.008554945208406273,0.0,0.0,0.25132741228718347
17.0,-0.8502048840957419,0.5263824350908857,0.008554945208406273,0.0,0.0,0.25132741228718347
17.02,-0.8528400189642468,0.5221022073938463,0.008554945208406273,0.0,0.0,0.25132741228718347
17.04,-0.8554536058624941,0.5178087881924373,0.008554945208406273,0.0,0.0,0.25132741228718347
17.06,-0.8580455787552461,0.5135022859647641,0.008554945208406273,0.0,0.0,0.25132741228718347
17.080000000000002,-0.8606158721533688,0.5091828095194885,0.008554945208406273,0.0,0.0,0.25132741228718347
17.1,-0.863164421115484,0.5048504679930829,0.008554945208406273,0.0,0.0,0.25132741228718347
17.12,-0.8656911612496119,0.5005053708470685,0.008554945208406273,0.0,0.0,0.25132741228718347
17.14,-0.8681960287147978,0.4961476278652524,0.008554945208406273,0.0,0.0,0.25132741228718347
17.16,-0.8706789602227246,0.4917773491509528,0.008554945208406273,0.0,0.0,0.25132741228718347
17.18,-0.873139893039312,0.4873946451242179,0.008554945208406273,0.0,0.0,0.25132741228718347
17.2,-0.8755787649863012,0.482999626519035,0.008554945208406273,0.0,0.0,0.25132741228718347
17.22,-0.8779955144428268,0.4785924043805332,0.008554945208406273,0.0,0.0,0.25132741228718347
17.240000000000002,-0.8803900803469733,0.4741730900621774,0.008554945208406273,0.0,0.0,0.25132741228718347
17.26,-0.8827624021973167,0.4697417952229572,0.008554945208406273,0.0,0.0,0.25132741228718347
17.28,-0.8851124200544558,0.4652986318245615,0.008554945208406273,0.0,0.0,0.25132741228718347
17.3,-0.8874400745425239,0.4608437121285522,0.008554945208406273,0.0,0.0,0.25132741228718347
17.32,-0.8897453068506909,0.45637714869352763,0.008554945208406273,0.0,0.0,0.25132741228718347
17.34,-0.8920280587346483,0.4518990543722784,0.008554945208406273,0.0,0.0,0.25132741228718347
17.36,-0.8942882725180807,0.4474095423089358,0.008554945208406273,0.0,0.0,0.25132741228718347
17.38,-0.896525891094124,0.44290872593611386,0.008554945208406273,0.0,0.0,0.25132741228718347
17.400000000000002,-0.8987408579268072,0.43839671897204147,0.008554945208406273,0.0,0.0,0.25132741228718347
17.42,-0.900933117052481,0.4338736354176931,0.008554945208406273,0.0,0.0,0.25132741228718347
17.44,-0.9031026130812325,0.42933958955390367,0.008554945208406273,0.0,0.0,0.25132741228718347
17.46,-0.905249291198284,0.42479469593848357,0.008554945208406273,0.0,0.0,0.25132741228718347
17.48,-0.9073730971653793,0.4202390694033242,0.008554945208406273,0.0,0.0,0.25132741228718347
17.5,-0.9094739773221514,0.41567282505149666,0.008554945208406273,0.0,0.0,0.25132741228718347
17.52,-0.9115518785874801,0.41109607825434274,0.008554945208406273,0.0,0.0,0.25132741228718347
17.54,-0.9136067484608343,0.40650894464856047,0.008554945208406273,0.0,0.0,0.25132741228718347
17.56,-0.9156385350235962,0.4019115401332827,0.008554945208406273,0.0,0.0,0.25132741228718347
17.580000000000002,-0.9176471869403738,0.39730398086714735,0.008554945208406273,0.0,0.0,0.25132741228718347
17.6,-0.9196326534602987,0.3926863832653664,0.008554945208406273,0.0,0.0,0.25132741228718347
17.62,-0.9215948844183075,0.388058863996779,0.008554945208406273,0.0,0.0,0.25132741228718347
17.64,-0.9235338302364094,0.3834215399809075,0.008554945208406273,0.0,0.0,0.25132741228718347
17.66,-0.9254494419249398,0.37877452838500214,0.008554945208406273,0.0,0.0,0.25132741228718347
17.68,-0.9273416710837972,0.3741179466210809,0.008554945208406273,0.0,0.0,0.25132741228718347
17.7,-0.9292104699036658,0.36945191234296276,0.008554945208406273,0.0,0.0,0.25132741228718347
17.72,-0.9310557911672238,0.36477654344329563,0.008554945208406273,0.0,0.0,0.25132741228718347
17.740000000000002,-0.9328775882503373,0.36009195805057576,0.008554945208406273,0.0,0.0,0.25132741228718347
17.76,-0.9346758151232364,0.3553982745261677,0.008554945208406273,0.0,0.0,0.25132741228718347
17.78,-0.9364504263516799,0.35069561146130784,0.008554945208406273,0.0,0.0,0.25132741228718347
17.8,-0.9382013770981027,0.3459840876741117,0.008554945208406273,0.0,0.0,0.25132741228718347
17.82,-0.9399286231227484,0.34126382220657064,0.008554945208406273,0.0,0.0,0.25132741228718347
17.84,-0.9416321207847874,0.336534934321545,0.008554945208406273,0.0,0.0,0.25132741228718347
17.86,-0.9433118270434196,0.33179754349974994,0.008554945208406273,0.0,0.0,0.25132741228718347
17.88,-0.9449676994589618,0.32705176943673736,0.008554945208406273,0.0,0.0,0.25132741228718347
17.900000000000002,-0.9465996961939189,0.32229773203987,0.008554945208406273,0.0,0.0,0.25132741228718347
17.92,-0.9482077760140423,0.31753555142529594,0.008554945208406273,0.0,0.0,0.25132741228718347
17.94,-0.9497918982893724,0.31276534791490795,0.008554945208406273,0.0,0.0,0.25132741228718347
17.96,-0.951352022995263,0.30798724203330763,0.008554945208406273,0.0,0.0,0.25132741228718347
17.98,-0.9528881107133944,0.30320135450475877,0.008554945208406273,0.0,0.0,0.25132741228718347
18.0,-0.9544001226327684,0.2984078062501371,0.008554945208406273,0.0,0.0,0.25132741228718347
18.02,-0.9558880205506891,0.29360671838387564,0.008554945208406273,0.0,0.0,0.25132741228718347
18.04,-0.9573517668737279,0.2887982122109041,0.008554945208406273,0.0,0.0,0.25132741228718347
18.06,-0.958791324618674,0.28398240922358414,0.008554945208406273,0.0,0.0,0.25132741228718347
18.080000000000002,-0.960206657413469,0.27915943109863867,0.008554945208406273,0.0,0.0,0.25132741228718347
18.1,-0.961597729498124,0.2743293996940815,0.008554945208406273,0.0,0.0,0.25132741228718347
18.12,-0.9629645057256259,0.26949243704613274,0.008554945208406273,0.0,0.0,0.25132741228718347
18.14,-0.9643069515628226,0.2646486653661391,0.008554945208406273,0.0,0.0,0.25132741228718347
18.16,-0.9656250330912983,0.2597982070374854,0.008554945208406273,0.0,0.0,0.25132741228718347
18.18,-0.9669187170082278,0.2549411846125019,0.008554945208406273,0.0,0.0,0.25132741228718347
18.2,-0.96818797062722,0.2500777208093683,0.008554945208406273,0.0,0.0,0.25132741228718347
18.22,-0.969432761879143,0.24520793850901323,0.008554945208406273,0.0,0.0,0.25132741228718347
18.240000000000002,-0.970653059312934,0.2403319607520083,0.008554945208406273,0.0,0.0,0.25132741228718347
18.26,-0.971848832096394,0.2354499107354629,0.008554945208406273,0.0,0.0,0.25132741228718347
18.28,-0.9730200500169683,0.2305619118099065,0.008554945208406273,0.0,0.0,0.25132741228718347
18.3,-0.9741666834825075,0.2256680874761752,0.008554945208406273,0.0,0.0,0.25132741228718347
18.32,-0.9752887035220167,0.2207685613822907,0.008554945208406273,0.0,0.0,0.25132741228718347
18.34,-0.9763860817863872,0.21586345732033627,0.008554945208406273,0.0,0.0,0.25132741228718347
18.36,-0.9774587905491127,0.21095289922332858,0.008554945208406273,0.0,0.0,0.25132741228718347
18.38,-0.9785068027069896,0.20603701116208709,0.008554945208406273,0.0,0.0,0.25132741228718347
18.400000000000002,-0.979530091780803,0.20111591734209763,0.008554945208406273,0.0,0.0,0.25132741228718347
18.42,-0.980528631915993,0.19618974210037818,0.008554945208406273,0.0,0.0,0.25132741228718347
18.44,-0.9815023978833111,0.19125860990233196,0.008554945208406273,0.0,0.0,0.25132741228718347
18.46,-0.9824513650794556,0.18632264533860624,0.008554945208406273,0.0,0.0,0.25132741228718347
18.48,-0.9833755095276947,0.18138197312194335,0.008554945208406273,0.0,0.0,0.25132741228718347
18.5,-0.98427480787847,0.17643671808403,0.008554945208406273,0.0,0.0,0.25132741228718347
18.52,-0.985149237409989,0.17148700517234294,0.008554945208406273,0.0,0.0,0.25132741228718347
18.54,-0.9859987760287986,0.1665329594469922,0.008554945208406273,0.0,0.0,0.25132741228718347
18.56,-0.9868234022703416,0.1615747060775612,0.008554945208406273,0.0,0.0,0.25132741228718347
18.580000000000002,-0.9876230952995008,0.15661237033994344,0.008554945208406273,0.0,0.0,0.25132741228718347
18.6,-0.9883978349111249,0.1516460776131808,0.008554945208406273,0.0,0.0,0.25132741228718347
18.62,-0.9891476015305392,0.14667595337629016,0.008554945208406273,0.0,0.0,0.25132741228718347
18.64,-0.9898723762140398,0.141702123205097,0.008554945208406273,0.0,0.0,0.25132741228718347
18.66,-0.9905721406493723,0.13672471276906115,0.008554945208406273,0.0,0.0,0.25132741228718347
18.68,-0.9912468771561945,0.131743847828102,0.008554945208406273,0.0,0.0,0.25132741228718347
18.7,-0.9918965686865236,0.1267596542294209,0.008554945208406273,0.0,0.0,0.25132741228718347
18.72,-0.9925211988251664,0.12177225790432152,0.008554945208406273,0.0,0.0,0.25132741228718347
18.740000000000002,-0.9931207517901339,0.11678178486502729,0.008554945208406273,0.0,0.0,0.25132741228718347
18.76,-0.9936952124330403,0.11178836120150074,0.008554945208406273,0.0,0.0,0.25132741228718347
18.78,-0.994244566239486,0.10679211307825279,0.008554945208406273,0.0,0.0,0.25132741228718347
18.8,-0.9947687993294242,0.10179316673115839,0.008554945208406273,0.0,0.0,0.25132741228718347
18.82,-0.9952678984575115,0.0967916484642661,0.008554945208406273,0.0,0.0,0.25132741228718347
18.84,-0.9957418510134425,0.09178768464660697,0.008554945208406273,0.0,0.0,0.25132741228718347
18.86,-0.9961906450222682,0.08678140170900173,0.008554945208406273,0.0,0.0,0.25132741228718347
18.88,-0.996614269144699,0.08177292614086627,0.008554945208406273,0.0,0.0,0.25132741228718347
18.900000000000002,-0.9970127126773909,0.0767623844870149,0.008554945208406273,0.0,0.0,0.25132741228718347
18.92,-0.9973859655532163,0.07174990334446651,0.008554945208406273,0.0,0.0,0.25132741228718347
18.94,-0.997734018341518,0.06673560935924079,0.008554945208406273,0.0,0.0,0.25132741228718347
18.96,-0.9980568622483476,0.06171962922316193,0.008554945208406273,0.0,0.0,0.25132741228718347
18.98,-0.9983544891166877,0.05670208967065645,0.008554945208406273,0.0,0.0,0.25132741228718347
19.0,-0.998626891426658,0.05168311747555138,0.008554945208406273,0.0,0.0,0.25132741228718347
19.02,-0.9988740622957049,0.046662839447871064,0.008554945208406273,0.0,0.0,0.25132741228718347
19.04,-0.9990959954787764,0.04164138243063326,0.008554945208406273,0.0,0.0,0.25132741228718347
19.06,-0.999292685368479,0.03661887329664417,0.008554945208406273,0.0,0.0,0.25132741228718347
19.080000000000002,-0.9994641269952194,0.031595438945292036,0.008554945208406273,0.0,0.0,0.25132741228718347
19.1,-0.9996103160273305,0.02657120629934445,0.008554945208406273,0.0,0.0,0.25132741228718347
19.12,-0.9997312487711808,0.02154630230173614,0.008554945208406273,0.0,0.0,0.25132741228718347
19.14,-0.9998269221712669,0.016520853912365192,0.008554945208406273,0.0,0.0,0.25132741228718347
19.16,-0.9998973338102921,0.011494988104884368,0.008554945208406273,0.0,0.0,0.25132741228718347
19.18,-0.999942481909227,0.006468831863492975,0.008554945208406273,0.0,0.0,0.25132741228718347
19.2,-0.9999623653273525,0.0014425121797284465,0.008554945208406273,0.0,0.0,0.25132741228718347
19.22,-0.9999569835622926,-0.0035838439507422082,0.008554945208406273,0.0,0.0,0.25132741228718347
19.240000000000002,-0.9999263367500234,-0.008610109531332016,0.008554945208406273,0.0,0.0,0.25132741228718347
19.26,-0.9998704256648709,-0.013636157567739171,0.008554945208406273,0.0,0.0,0.25132741228718347
19.28,-0.9997892517194926,-0.018661861071161037,0.008554945208406273,0.0,0.0,0.25132741228718347
19.3,-0.9996828169648403,-0.02368709306149911,0.008554945208406273,0.0,0.0,0.25132741228718347
19.32,-0.9995511240901083,-0.02871172657056821,0.008554945208406273,0.0,0.0,0.25132741228718347
19.34,-0.9993941764226666,-0.033735634645304435,0.008554945208406273,0.0,0.0,0.25132741228718347
19.36,-0.9992119779279763,-0.03875869035097281,0.008554945208406273,0.0,0.0,0.25132741228718347
19.38,-0.9990045332094895,-0.04378076677437448,0.008554945208406273,0.0,0.0,0.25132741228718347
19.400000000000002,-0.998771847508531,-0.04880173702705409,0.008554945208406273,0.0,0.0,0.25132741228718347
19.42,-0.9985139267041694,-0.053821474248502296,0.008554945208406273,0.0,0.0,0.25132741228718347
19.44,-0.9982307773130665,-0.05883985160936639,0.008554945208406273,0.0,0.0,0.25132741228718347
19.46,-0.997922406489313,-0.06385674231465115,0.008554945208406273,0.0,0.0,0.25132741228718347
19.48,-0.997588822024247,-0.06887201960692342,0.008554945208406273,0.0,0.0,0.25132741228718347
19.5,-0.9972300323462586,-0.07388555676951471,0.008554945208406273,0.0,0.0,0.25132741228718347
19.52,-0.996846046520576,-0.07889722712972294,0.008554945208406273,0.0,0.0,0.25132741228718347
19.54,-0.9964368742490362,-0.08390690406201289,0.008554945208406273,0.0,0.0,0.25132741228718347
19.56,-0.9960025258698408,-0.08891446099121555,0.008554945208406273,0.0,0.0,0.25132741228718347
19.580000000000002,-0.9955430123572941,-0.09391977139572706,0.008554945208406273,0.0,0.0,0.25132741228718347
19.6,-0.9950583453215265,-0.09892270881070189,0.008554945208406273,0.0,0.0,0.25132741228718347
19.62,-0.9945485370081998,-0.1039231468312535,0.008554945208406273,0.0,0.0,0.25132741228718347
19.64,-0.9940136002981995,-0.10892095911564448,0.008554945208406273,0.0,0.0,0.25132741228718347
19.66,-0.9934535487073084,-0.11391601938847953,0.008554945208406273,0.0,0.0,0.25132741228718347
19.68,-0.9928683963858648,-0.1189082014438962,0.008554945208406273,0.0,0.0,0.25132741228718347
19.7,-0.9922581581184057,-0.12389737914875334,0.008554945208406273,0.0,0.0,0.25132741228718347
19.72,-0.9916228493232929,-0.12888342644581818,0.008554945208406273,0.0,0.0,0.25132741228718347
19.740000000000002,-0.9909624860523238,-0.13386621735695212,0.008554945208406273,0.0,0.0,0.25132741228718347
19.76,-0.9902770849903253,-0.13884562598629013,0.008554945208406273,0.0,0.0,0.25132741228718347
19.78,-0.9895666634547325,-0.14382152652342728,0.008554945208406273,0.0,0.0,0.25132741228718347
19.8,-0.9888312393951513,-0.14879379324659334,0.008554945208406273,0.0,0.0,0.25132741228718347
19.82,-0.9880708313929042,-0.1537623005258306,0.008554945208406273,0.0,0.0,0.25132741228718347
19.84,-0.987285458660562,-0.1587269228261681,0.008554945208406273,0.0,0.0,0.25132741228718347
19.86,-0.9864751410414575,-0.16368753471079317,0.008554945208406273,0.0,0.0,0.25132741228718347
19.88,-0.985639899009184,-0.16864401084422098,0.008554945208406273,0.0,0.0,0.25132741228718347
19.900000000000002,-0.984779753667079,-0.17359622599546182,0.008554945208406273,0.0,0.0,0.25132741228718347
19.92,-0.98389472674769,-0.17854405504118193,0.008554945208406273,0.0,0.0,0.25132741228718347
19.94,-0.982984840612226,-0.18348737296887027,0.008554945208406273,0.0,0.0,0.25132741228718347
19.96,-0.9820501182499917,-0.1884260548799933,0.008554945208406273,0.0,0.0,0.25132741228718347
19.98,-0.9810905832778074,-0.1933599759931518,0.008554945208406273,0.0,0.0,0.25132741228718347
20.0,-0.9801062599394127,-0.19828901164723337,0.008554945208406273,0.0,0.0,0.25132741228718347
20.02,-0.9790971731048531,-0.2032130373045623,0.008554945208406273,0.0,0.0,0.25132741228718347
20.04,-0.978063348269852,-0.20813192855404633,0.008554945208406273,0.0,0.0,0.25132741228718347
20.06,-0.9770048115551659,-0.21304556111431946,0.008554945208406273,0.0,0.0,0.25132741228718347
20.080000000000002,-0.9759215897059255,-0.2179538108368837,0.008554945208406273,0.0,0.0,0.25132741228718347
20.1,-0.9748137100909595,-0.22285655370924173,0.008554945208406273,0.0,0.0,0.25132741228718347
20.12,-0.9736812007021024,-0.2277536658580357,0.008554945208406273,0.0,0.0,0.25132741228718347
20.14,-0.9725240901534883,-0.23264502355217348,0.008554945208406273,0.0,0.0,0.25132741228718347
20.16,-0.9713424076808276,-0.23753050320595587,0.008554945208406273,0.0,0.0,0.25132741228718347
20.18,-0.9701361831406681,-0.24240998138219882,0.008554945208406273,0.0,0.0,0.25132741228718347
20.2,-0.9689054470096404,-0.24728333479535267,0.008554945208406273,0.0,0.0,0.25132741228718347
20.22,-0.9676502303836888,-0.25215044031461664,0.008554945208406273,0.0,0.0,0.25132741228718347
20.240000000000002,-0.966370564977285,-0.25701117496705106,0.008554945208406273,0.0,0.0,0.25132741228718347
20.26,-0.9650664831226268,-0.2618654159406808,0.008554945208406273,0.0,0.0,0.25132741228718347
20.28,-0.9637380177688208,-0.2667130405876034,0.008554945208406273,0.0,0.0,0.25132741228718347
20.3,-0.9623852024810511,-0.271553926427085,0.008554945208406273,0.0,0.0,0.25132741228718347
20.32,-0.96100807143973,-0.2763879511486544,0.008554945208406273,0.0,0.0,0.25132741228718347
20.34,-0.9596066594396351,-0.28121499261519534,0.008554945208406273,0.0,0.0,0.25132741228718347
20.36,-0.9581810018890297,-0.2860349288660307,0.008554945208406273,0.0,0.0,0.25132741228718347
20.38,-0.9567311348087687,-0.2908476381200051,0.008554945208406273,0.0,0.0,0.25132741228718347
20.400000000000002,-0.9552570948313878,-0.29565299877856205,0.008554945208406273,0.0,0.0,0.25132741228718347
20.42,-0.9537589192001794,-0.3004508894288132,0.008554945208406273,0.0,0.0,0.25132741228718347
20.44,-0.9522366457682493,-0.3052411888466113,0.008554945208406273,0.0,0.0,0.25132741228718347
20.46,-0.9506903129975627,-0.3100237759996087,0.008554945208406273,0.0,0.0,0.25132741228718347
20.48,-0.94911995995797,-0.31479853005031716,0.008554945208406273,0.0,0.0,0.25132741228718347
20.5,-0.9475256263262221,-0.31956533035916096,0.008554945208406273,0.0,0.0,0.25132741228718347
20.52,-0.9459073523849659,-0.32432405648752405,0.008554945208406273,0.0,0.0,0.25132741228718347
20.54,-0.944265179021728,-0.32907458820079455,0.008554945208406273,0.0,0.0,0.25132741228718347
20.56,-0.9425991477278813,-0.3338168054714009,0.008554945208406273,0.0,0.0,0.25132741228718347
20.580000000000002,-0.9409093005975947,-0.33855058848184677,0.008554945208406273,0.0,0.0,0.25132741228718347
20.6,-0.9391956803267733,-0.34327581762773424,0.008554945208406273,0.0,0.0,0.25132741228718347
20.62,-0.9374583302119762,-0.3479923735207911,0.008554945208406273,0.0,0.0,0.25132741228718347
20.64,-0.935697294149324,-0.3527001369918838,0.008554945208406273,0.0,0.0,0.25132741228718347
20.66,-0.9339126166333904,-0.3573989890940291,0.008554945208406273,0.0,0.0,0.25132741228718347
20.68,-0.9321043427560767,-0.36208881110540014,0.008554945208406273,0.0,0.0,0.25132741228718347
20.7,-0.9302725182054734,-0.3667694845323251,0.008554945208406273,0.0,0.0,0.25132741228718347
20.72,-0.9284171892647047,-0.37144089111228157,0.008554945208406273,0.0,0.0,0.25132741228718347
20.740000000000002,-0.9265384028107603,-0.3761029128168855,0.008554945208406273,0.0,0.0,0.25132741228718347
20.76,-0.9246362063133109,-0.3807554318548699,0.008554945208406273,0.0,0.0,0.25132741228718347
20.78,-0.9227106478335084,-0.3853983306750656,0.008554945208406273,0.0,0.0,0.25132741228718347
20.8,-0.9207617760227712,-0.3900314919693689,0.008554945208406273,0.0,0.0,0.25132741228718347
20.82,-0.9187896401215563,-0.39465479867570513,0.008554945208406273,0.0,0.0,0.25132741228718347
20.84,-0.916794289958113,-0.3992681339809871,0.008554945208406273,0.0,0.0,0.25132741228718347
20.86,-0.9147757759472264,-0.4038713813240667,0.008554945208406273,0.0,0.0,0.25132741228718347
20.88,-0.9127341490889422,-0.40846442439867936,0.008554945208406273,0.0,0.0,0.25132741228718347
20.900000000000002,-0.9106694609672784,-0.4130471471563838,0.008554945208406273,0.0,0.0,0.25132741228718347
20.92,-0.9085817637489215,-0.4176194338094908,0.008554945208406273,0.0,0.0,0.25132741228718347
20.94,-0.9064711101819097,-0.42218116883399354,0.008554945208406273,0.0,0.0,0.25132741228718347
20.96,-0.9043375535942989,-0.4267322369724833,0.008554945208406273,0.0,0.0,0.25132741228718347
20.98,-0.9021811478928156,-0.4312725232370624,0.008554945208406273,0.0,0.0,0.25132741228718347
21.0,-0.9000019475614955,-0.4358019129122492,0.008554945208406273,0.0,0.0,0.25132741228718347
21.02,-0.8978000076603068,-0.4403202915578772,0.008554945208406273,0.0,0.0,0.25132741228718347
21.04,-0.8955753838237579,-0.44482754501198557,0.008554945208406273,0.0,0.0,0.25132741228718347
21.06,-0.8933281322594925,-0.4493235593937044,0.008554945208406273,0.0,0.0,0.25132741228718347
21.080000000000002,-0.89105830974687,-0.4538082211061323,0.008554945208406273,0.0,0.0,0.25132741228718347
21.1,-0.8887659736355309,-0.45828141683920354,0.008554945208406273,0.0,0.0,0.25132741228718347
21.12,-0.8864511818439468,-0.46274303357255586,0.008554945208406273,0.0,0.0,0.25132741228718347
21.14,-0.8841139928579569,-0.46719295857838267,0.008554945208406273,0.0,0.0,0.25132741228718347
21.16,-0.8817544657292914,-0.471631079424282,0.008554945208406273,0.0,0.0,0.25132741228718347
21.18,-0.8793726600740795,-0.4760572839760978,0.008554945208406273,0.0,0.0,0.25132741228718347
21.2,-0.8769686360713419,-0.4804714604007524,0.008554945208406273,0.0,0.0,0.25132741228718347
21.22,-0.8745424544614716,-0.4848734971690725,0.008554945208406273,0.0,0.0,0.25132741228718347
21.240000000000002,-0.8720941765446978,-0.4892632830586076,0.008554945208406273,0.0,0.0,0.25132741228718347
21.26,-0.8696238641795397,-0.49364070715643743,0.008554945208406273,0.0,0.0,0.25132741228718347
21.28,-0.86713157978124,-0.4980056588619785,0.008554945208406273,0.0,0.0,0.25132741228718347
21.3,-0.8646173863201903,-0.502358027889776,0.008554945208406273,0.0,0.0,0.25132741228718347
21.32,-0.8620813473203398,-0.5066977042722904,0.008554945208406273,0.0,0.0,0.25132741228718347
21.34,-0.85952352685759,-0.5110245783626766,0.008554945208406273,0.0,0.0,0.25132741228718347
21.36,-0.8569439895581756,-0.5153385408375536,0.008554945208406273,0.0,0.0,0.25132741228718347
21.38,-0.8543428005970318,-0.5196394826997673,0.008554945208406273,0.0,0.0,0.25132741228718347
21.400000000000002,-0.8517200256961474,-0.5239272952811445,0.008554945208406273,0.0,0.0,0.25132741228718347
21.42,-0.8490757311229057,-0.5282018702452359,0.008554945208406273,0.0,0.0,0.25132741228718347
21.44,-0.8464099836884069,-0.5324630995900587,0.008554945208406273,0.0,0.0,0.25132741228718347
21.46,-0.8437228507457832,-0.536710875650821,0.008554945208406273,0.0,0.0,0.25132741228718347
21.48,-0.8410144001884959,-0.5409450911026429,0.008554945208406273,0.0,0.0,0.25132741228718347
21.5,-0.83828470044862,-0.5451656389632691,0.008554945208406273,0.0,0.0,0.25132741228718347
21.52,-0.835533820495115,-0.5493724125957719,0.008554945208406273,0.0,0.0,0.25132741228718347
21.54,-0.8327618298320828,-0.5535653057112446,0.008554945208406273,0.0,0.0,0.25132741228718347
21.56,-0.8299687984970109,-0.5577442123714871,0.008554945208406273,0.0,0.0,0.25132741228718347
21.580000000000002,-0.827154797059003,-0.5619090269916847,0.008554945208406273,0.0,0.0,0.25132741228718347
21.6,-0.8243198966169976,-0.5660596443430718,0.008554945208406273,0.0,0.0,0.25132741228718347
21.62,-0.8214641687979691,-0.570195959555594,0.008554945208406273,0.0,0.0,0.25132741228718347
21.64,-0.8185876857551192,-0.5743178681205566,0.008554945208406273,0.0,0.0,0.25132741228718347
21.66,-0.8156905201660543,-0.5784252658932654,0.008554945208406273,0.0,0.0,0.25132741228718347
21.68,-0.8127727452309484,-0.5825180490956573,0.008554945208406273,0.0,0.0,0.25132741228718347
21.7,-0.8098344346706943,-0.5865961143189237,0.008554945208406273,0.0,0.0,0.25132741228718347
21.72,-0.8068756627250405,-0.5906593585261213,0.008554945208406273,0.0,0.0,0.25132741228718347
21.740000000000002,-0.8038965041507153,-0.5947076790547787,0.008554945208406273,0.0,0.0,0.25132741228718347
21.76,-0.8008970342195395,-0.5987409736194848,0.008554945208406273,0.0,0.0,0.25132741228718347
21.78,-0.7978773287165218,-0.6027591403144792,0.008554945208406273,0.0,0.0,0.25132741228718347
21.8,-0.794837463937947,-0.6067620776162232,0.008554945208406273,0.0,0.0,0.25132741228718347
21.82,-0.7917775166894455,-0.6107496843859667,0.008554945208406273,0.0,0.0,0.25132741228718347
21.84,-0.7886975642840551,-0.614721859872302,0.008554945208406273,0.0,0.0,0.25132741228718347
21.86,-0.7855976845402656,-0.618678503713711,0.008554945208406273,0.0,0.0,0.25132741228718347
21.88,-0.7824779557800549,-0.6226195159410999,0.008554945208406273,0.0,0.0,0.25132741228718347
21.900000000000002,-0.7793384568269072,-0.6265447969803257,0.008554945208406273,0.0,0.0,0.25132741228718347
21.92,-0.776179267003825,-0.6304542476547108,0.008554945208406273,0.0,0.0,0.25132741228718347
21.94,-0.7730004661313217,-0.6343477691875508,0.008554945208406273,0.0,0.0,0.25132741228718347
21.96,-0.7698021345254061,-0.6382252632046079,0.008554945208406273,0.0,0.0,0.25132741228718347
21.98,-0.7665843529955535,-0.6420866317365993,0.008554945208406273,0.0,0.0,0.25132741228718347
22.0,-0.7633472028426631,-0.6459317772216698,0.008554945208406273,0.0,0.0,0.25132741228718347
22.02,-0.7600907658570052,-0.6497606025078578,0.008554945208406273,0.0,0.0,0.25132741228718347
22.04,-0.7568151243161529,-0.6535730108555503,0.008554945208406273,0.0,0.0,0.25132741228718347
22.06,-0.7535203609829042,-0.6573689059399271,0.008554945208406273,0.0,0.0,0.25132741228718347
22.080000000000002,-0.7502065591031915,-0.6611481918533948,0.008554945208406273,0.0,0.0,0.25132741228718347
22.1,-0.7468738024039776,-0.6649107731080074,0.008554945208406273,0.0,0.0,0.25132741228718347
22.12,-0.7435221750911399,-0.6686565546378829,0.008554945208406273,0.0,0.0,0.25132741228718347
22.14,-0.7401517618473437,-0.6723854418016033,0.008554945208406273,0.0,0.0,0.25132741228718347
22.16,-0.7367626478299013,-0.6760973403846052,0.008554945208406273,0.0,0.0,0.25132741228718347
22.18,-0.7333549186686221,-0.6797921566015616,0.008554945208406273,0.0,0.0,0.25132741228718347
22.2,-0.7299286604636483,-0.6834697970987504,0.008554945208406273,0.0,0.0,0.25132741228718347
22.22,-0.7264839597832791,-0.6871301689564139,0.008554945208406273,0.0,0.0,0.25132741228718347
22.240000000000002,-0.7230209036617824,-0.6907731796911071,0.008554945208406273,0.0,0.0,0.25132741228718347
22.26,-0.7195395795972,-0.6943987372580306,0.008554945208406273,0.0,0.0,0.25132741228718347
22.28,-0.7160400755491322,-0.6980067500533615,0.008554945208406273,0.0,0.0,0.25132741228718347
22.3,-0.712522479936517,-0.7015971269165652,0.008554945208406273,0.0,0.0,0.25132741228718347
22.32,-0.7089868816353968,-0.705169777132698,0.008554945208406273,0.0,0.0,0.25132741228718347
22.34,-0.7054333699766727,-0.7087246104347005,0.008554945208406273,0.0,0.0,0.25132741228718347
22.36,-0.7018620347438461,-0.7122615370056782,0.008554945208406273,0.0,0.0,0.25132741228718347
22.38,-0.6982729661707522,-0.7157804674811697,0.008554945208406273,0.0,0.0,0.25132741228718347
22.400000000000002,-0.6946662549392782,-0.7192813129514072,0.008554945208406273,0.0,0.0,0.25132741228718347
22.42,-0.6910419921770744,-0.7227639849635581,0.008554945208406273,0.0,0.0,0.25132741228718347
22.44,-0.6874002694552495,-0.726228395523965,0.008554945208406273,0.0,0.0,0.25132741228718347
22.46,-0.6837411787860576,-0.7296744571003662,0.008554945208406273,0.0,0.0,0.25132741228718347
22.48,-0.6800648126205747,-0.733102082624108,0.008554945208406273,0.0,0.0,0.25132741228718347
22.5,-0.6763712638463605,-0.7365111854923446,0.008554945208406273,0.0,0.0,0.25132741228718347
22.52,-0.6726606257851142,-0.7399016795702255,0.008554945208406273,0.0,0.0,0.25132741228718347
22.54,-0.6689329921903141,-0.7432734791930727,0.008554945208406273,0.0,0.0,0.25132741228718347
22.56,-0.6651884572448505,-0.7466264991685453,0.008554945208406273,0.0,0.0,0.25132741228718347
22.580000000000002,-0.6614271155586451,-0.7499606547787909,0.008554945208406273,0.0,0.0,0.25132741228718347
22.6,-0.6576490621662615,-0.7532758617825867,0.008554945208406273,0.0,0.0,0.25132741228718347
22.62,-0.6538543925245035,-0.7565720364174677,0.008554945208406273,0.0,0.0,0.25132741228718347
22.64,-0.6500432025100026,-0.7598490954018444,0.008554945208406273,0.0,0.0,0.25132741228718347
22.66,-0.6462155884167967,-0.763106955937105,0.008554945208406273,0.0,0.0,0.25132741228718347
22.68,-0.6423716469538969,-0.7663455357097082,0.008554945208406273,0.0,0.0,0.25132741228718347
22.7,-0.6385114752428431,-0.7695647528932633,0.008554945208406273,0.0,0.0,0.25132741228718347
22.72,-0.6346351708152521,-0.7727645261505977,0.008554945208406273,0.0,0.0,0.25132741228718347
22.740000000000002,-0.6307428316103499,-0.7759447746358112,0.008554945208406273,0.0,0.0,0.25132741228718347
22.76,-0.626834555972502,-0.7791054179963186,0.008554945208406273,0.0,0.0,0.25132741228718347
22.78,-0.6229104426487241,-0.7822463763748814,0.008554945208406273,0.0,0.0,0.25132741228718347
22.8,-0.6189705907861897,-0.7853675704116239,0.008554945208406273,0.0,0.0,0.25132741228718347
22.82,-0.6150150999297238,-0.7884689212460396,0.008554945208406273,0.0,0.0,0.25132741228718347
22.84,-0.611044070019289,-0.7915503505189824,0.008554945208406273,0.0,0.0,0.25132741228718347
22.86,-0.6070576013874593,-0.7946117803746469,0.008554945208406273,0.0,0.0,0.25132741228718347
22.88,-0.603055794756886,-0.7976531334625359,0.008554945208406273,0.0,0.0,0.25132741228718347
22.900000000000002,-0.5990387512377506,-0.8006743329394155,0.008554945208406273,0.0,0.0,0.25132741228718347
22.92,-0.595006572325215,-0.8036753024712533,0.008554945208406273,0.0,0.0,0.25132741228718347
22.94,-0.590959359896851,-0.8066559662351513,0.008554945208406273,0.0,0.0,0.25132741228718347
22.96,-0.5868972162100711,-0.8096162489212592,0.008554945208406273,0.0,0.0,0.25132741228718347
22.98,-0.5828202438995421,-0.8125560757346777,0.008554945208406273,0.0,0.0,0.25132741228718347
23.0,-0.5787285459745929,-0.8154753723973489,0.008554945208406273,0.0,0.0,0.25132741228718347
23.02,-0.5746222258166119,-0.8183740651499313,0.008554945208406273,0.0,0.0,0.25132741228718347
23.04,-0.5705013871764347,-0.8212520807536655,0.008554945208406273,0.0,0.0,0.25132741228718347
23.06,-0.566366134171723,-0.8241093464922234,0.008554945208406273,0.0,0.0,0.25132741228718347
23.080000000000002,-0.5622165712843323,-0.8269457901735462,0.008554945208406273,0.0,0.0,0.25132741228718347
23.1,-0.558052803357677,-0.8297613401316668,0.008554945208406273,0.0,0.0,0.25132741228718347
23.12,-0.5538749355940746,-0.8325559252285225,0.008554945208406273,0.0,0.0,0.25132741228718347
23.14,-0.5496830735520924,-0.835329474855752,0.008554945208406273,0.0,0.0,0.25132741228718347
23.16,-0.5454773231438789,-0.8380819189364784,0.008554945208406273,0.0,0.0,0.25132741228718347
23.18,-0.5412577906324875,-0.8408131879270806,0.008554945208406273,0.0,0.0,0.25132741228718347
23.2,-0.5370245826291922,-0.8435232128189499,0.008554945208406273,0.0,0.0,0.25132741228718347
23.22,-0.5327778060907944,-0.8462119251402346,0.008554945208406273,0.0,0.0,0.25132741228718347
23.240000000000002,-0.528517568316918,-0.8488792569575685,0.008554945208406273,0.0,0.0,0.25132741228718347
23.26,-0.524243976947304,-0.8515251408777879,0.008554945208406273,0.0,0.0,0.25132741228718347
23.28,-0.5199571399590839,-0.8541495100496351,0.008554945208406273,0.0,0.0,0.25132741228718347
23.3,-0.5156571656640558,-0.856752298165447,0.008554945208406273,0.0,0.0,0.25132741228718347
23.32,-0.5113441627059464,-0.8593334394628298,0.008554945208406273,0.0,0.0,0.25132741228718347
23.34,-0.507018240057667,-0.8618928687263215,0.008554945208406273,0.0,0.0,0.25132741228718347
23.36,-0.502679507018559,-0.8644305212890392,0.008554945208406273,0.0,0.0,0.25132741228718347
23.38,-0.49832807321163347,-0.8669463330343133,0.008554945208406273,0.0,0.0,0.25132741228718347
23.400000000000002,-0.4939640485807991,-0.8694402403973074,0.008554945208406273,0.0,0.0,0.25132741228718347
23.42,-0.48958754338808924,-0.8719121803666225,0.008554945208406273,0.0,0.0,0.25132741228718347
23.44,-0.4851986682108698,-0.8743620904858925,0.008554945208406273,0.0,0.0,0.25132741228718347
23.46,-0.48079753393904945,-0.8767899088553602,0.008554945208406273,0.0,0.0,0.25132741228718347
23.48,-0.4763842517722766,-0.8791955741334406,0.008554945208406273,0.0,0.0,0.25132741228718347
23.5,-0.4719589332171306,-0.8815790255382724,0.008554945208406273,0.0,0.0,0.25132741228718347
23.52,-0.46752169008430305,-0.8839402028492532,0.008554945208406273,0.0,0.0,0.25132741228718347
23.54,-0.46307263448577407,-0.8862790464085604,0.008554945208406273,0.0,0.0,0.25132741228718347
23.56,-0.4586118788319785,-0.8885954971226587,0.008554945208406273,0.0,0.0,0.25132741228718347
23.580000000000002,-0.45413953582896627,-0.8908894964637943,0.008554945208406273,0.0,0.0,0.25132741228718347
23.6,-0.4496557184755568,-0.8931609864714719,0.008554945208406273,0.0,0.0,0.25132741228718347
23.62,-0.44516054006047967,-0.8954099097539207,0.008554945208406273,0.0,0.0,0.25132741228718347
23.64,-0.44065411415951533,-0.8976362094895431,0.008554945208406273,0.0,0.0,0.25132741228718347
23.66,-0.43613655463262496,-0.899839829428352,0.008554945208406273,0.0,0.0,0.25132741228718347
23.68,-0.43160797562107284,-0.9020207138933902,0.008554945208406273,0.0,0.0,0.25132741228718347
23.7,-0.4270684915445437,-0.9041788077821385,0.008554945208406273,0.0,0.0,0.25132741228718347
23.72,-0.4225182170982508,-0.9063140565679079,0.008554945208406273,0.0,0.0,0.25132741228718347
23.740000000000002,-0.41795726725003757,-0.9084264063012165,0.008554945208406273,0.0,0.0,0.25132741228718347
23.76,-0.4133857572374757,-0.9105158036111513,0.008554945208406273,0.0,0.0,0.25132741228718347
23.78,-0.4088038025649498,-0.9125821957067204,0.008554945208406273,0.0,0.0,0.25132741228718347
23.8,-0.40421151900074037,-0.9146255303781846,0.008554945208406273,0.0,0.0,0.25132741228718347
23.82,-0.39960902257409997,-0.9166457559983756,0.008554945208406273,0.0,0.0,0.25132741228718347
23.84,-0.39499642957232023,-0.9186428215240022,0.008554945208406273,0.0,0.0,0.25132741228718347
23.86,-0.39037385653779416,-0.9206166764969393,0.008554945208406273,0.0,0.0,0.25132741228718347
23.88,-0.3857414202650722,-0.9225672710455025,0.008554945208406273,0.0,0.0,0.25132741228718347
23.900000000000002,-0.38109923779790916,-0.9244945558857083,0.008554945208406273,0.0,0.0,0.25132741228718347
23.92,-0.3764474264263113,-0.9263984823225194,0.008554945208406273,0.0,0.0,0.25132741228718347
23.94,-0.3717861036835677,-0.9282790022510753,0.008554945208406273,0.0,0.0,0.25132741228718347
23.96,-0.3671153873432836,-0.9301360681579073,0.008554945208406273,0.0,0.0,0.25132741228718347
23.98,-0.3624353954164043,-0.9319696331221391,0.008554945208406273,0.0,0.0,0.25132741228718347
24.0,-0.35774624614823314,-0.9337796508166731,0.008554945208406273,0.0,0.0,0.25132741228718347
24.02,-0.3530480580154443,-0.9355660755093591,0.008554945208406273,0.0,0.0,0.25132741228718347
24.04,-0.3483409497230893,-0.9373288620641512,0.008554945208406273,0.0,0.0,0.25132741228718347
24.060000000000002,-0.3436250402015961,-0.9390679659422484,0.008554945208406273,0.0,0.0,0.25132741228718347
24.080000000000002,-0.33890044860376867,-0.9407833432032181,0.008554945208406273,0.0,0.0,0.25132741228718347
24.1,-0.33416729430177095,-0.9424749505061095,0.008554945208406273,0.0,0.0,0.25132741228718347
24.12,-0.32942569688411405,-0.9441427451105454,0.008554945208406273,0.0,0.0,0.25132741228718347
24.14,-0.3246757761526341,-0.9457866848778034,0.008554945208406273,0.0,0.0,0.25132741228718347
24.16,-0.31991765211946505,-0.9474067282718808,0.008554945208406273,0.0,0.0,0.25132741228718347
24.18,-0.3151514450040066,-0.9490028343605446,0.008554945208406273,0.0,0.0,0.25132741228718347
24.2,-0.31037727522988695,-0.9505749628163641,0.008554945208406273,0.0,0.0,0.25132741228718347
24.22,-0.3055952634219194,-0.9521230739177303,0.008554945208406273,0.0,0.0,0.25132741228718347
24.240000000000002,-0.3008055304030547,-0.9536471285498619,0.008554945208406273,0.0,0.0,0.25132741228718347
24.26,-0.2960081971913313,-0.9551470882057892,0.008554945208406273,0.0,0.0,0.25132741228718347
24.28,-0.29120338499681225,-0.956622914987331,0.008554945208406273,0.0,0.0,0.25132741228718347
24.3,-0.28639121521852645,-0.9580745716060496,0.008554945208406273,0.0,0.0,0.25132741228718347
24.32,-0.28157180944140114,-0.9595020213841947,0.008554945208406273,0.0,0.0,0.25132741228718347
24.34,-0.27674528943318843,-0.9609052282556284,0.008554945208406273,0.0,0.0,0.25132741228718347
24.36,-0.27191177714139014,-0.9622841567667377,0.008554945208406273,0.0,0.0,0.25132741228718347
24.38,-0.26707139469017593,-0.9636387720773302,0.008554945208406273,0.0,0.0,0.25132741228718347
24.400000000000002,-0.2622242643772965,-0.9649690399615143,0.008554945208406273,0.0,0.0,0.25132741228718347
24.42,-0.2573705086709984,-0.9662749268085622,0.008554945208406273,0.0,0.0,0.25132741228718347
24.44,-0.25251025020692297,-0.9675563996237626,0.008554945208406273,0.0,0.0,0.25132741228718347
24.46,-0.24764361178501204,-0.9688134260292511,0.008554945208406273,0.0,0.0,0.25132741228718347
24.48,-0.24277071636640454,-0.9700459742648302,0.008554945208406273,0.0,0.0,0.25132741228718347
24.5,-0.23789168707032943,-0.9712540131887708,0.008554945208406273,0.0,0.0,0.25132741228718347
24.52,-0.23300664717099506,-0.9724375122785998,0.008554945208406273,0.0,0.0,0.25132741228718347
24.54,-0.22811572009447442,-0.9735964416318703,0.008554945208406273,0.0,0.0,0.25132741228718347
24.560000000000002,-0.22321902941558586,-0.9747307719669185,0.008554945208406273,0.0,0.0,0.25132741228718347
24.580000000000002,-0.21831669885477434,-0.9758404746236012,0.008554945208406273,0.0,0.0,0.25132741228718347
24.6,-0.2134088522749801,-0.9769255215640226,0.008554945208406273,0.0,0.0,0.25132741228718347
24.62,-0.20849561367851294,-0.9779858853732409,0.008554945208406273,0.0,0.0,0.25132741228718347
24.64,-0.2035771072039179,-0.9790215392599624,0.008554945208406273,0.0,0.0,0.25132741228718347
24.66,-0.1986534571228389,-0.9800324570572171,0.008554945208406273,0.0,0.0,0.25132741228718347
24.68,-0.19372478783687908,-0.9810186132230203,0.008554945208406273,0.0,0.0,0.25132741228718347
24.7,-0.18879122387445738,-0.9819799828410182,0.008554945208406273,0.0,0.0,0.25132741228718347
24.72,-0.18385288988766235,-0.9829165416211169,0.008554945208406273,0.0,0.0,0.25132741228718347
24.740000000000002,-0.17890991064910164,-0.983828265900097,0.008554945208406273,0.0,0.0,0.25132741228718347
24.76,-0.1739624110487532,-0.9847151326422106,0.008554945208406273,0.0,0.0,0.25132741228718347
24.78,-0.16901051609080434,-0.9855771194397634,0.008554945208406273,0.0,0.0,0.25132741228718347
24.8,-0.16405435089049691,-0.9864142045136817,0.008554945208406273,0.0,0.0,0.25132741228718347
24.82,-0.1590940406709654,-0.9872263667140616,0.008554945208406273,0.0,0.0,0.25132741228718347
24.84,-0.15412971076007273,-0.9880135855207045,0.008554945208406273,0.0,0.0,0.25132741228718347
24.86,-0.14916148658724407,-0.9887758410436339,0.008554945208406273,0.0,0.0,0.25132741228718347
24.88,-0.14418949368029751,-0.9895131140235999,0.008554945208406273,0.0,0.0,0.25132741228718347
24.900000000000002,-0.1392138576622714,-0.9902253858325646,0.008554945208406273,0.0,0.0,0.25132741228718347
24.92,-0.13423470424825434,-0.9909126384741725,0.008554945208406273,0.0,0.0,0.25132741228718347
24.94,-0.12925215924220304,-0.9915748545842068,0.008554945208406273,0.0,0.0,0.25132741228718347
24.96,-0.12426634853376776,-0.9922120174310262,0.008554945208406273,0.0,0.0,0.25132741228718347
24.98,-0.11927739809511018,-0.9928241109159888,0.008554945208406273,0.0,0.0,0.25132741228718347
25.0,-0.11428543397772097,-0.9934111195738585,0.008554945208406273,0.0,0.0,0.25132741228718347
25.02,-0.10929058230923483,-0.9939730285731961,0.008554945208406273,0.0,0.0,0.25132741228718347
25.04,-0.10429296929024363,-0.9945098237167334,0.008554945208406273,0.0,0.0,0.25132741228718347
25.060000000000002,-0.09929272119110709,-0.9950214914417321,0.008554945208406273,0.0,0.0,0.25132741228718347
25.080000000000002,-0.0942899643487658,-0.9955080188203269,0.008554945208406273,0.0,0.0,0.25132741228718347
25.1,-0.08928482516354393,-0.9959693935598519,0.008554945208406273,0.0,0.0,0.25132741228718347
25.12,-0.08427743009595921,-0.996405604003151,0.008554945208406273,0.0,0.0,0.25132741228718347
25.14,-0.07926790566352673,-0.996816639128873,0.008554945208406273,0.0,0.0,0.25132741228718347
25.16,-0.07425637843756244,-0.9972024885517493,0.008554945208406273,0.0,0.0,0.25132741228718347
25.18,-0.0692429750399851,-0.9975631425228565,0.008554945208406273,0.0,0.0,0.25132741228718347
25.2,-0.06422782214011712,-0.9978985919298626,0.008554945208406273,0.0,0.0,0.25132741228718347
25.22,-0.059211046451483985,-0.9982088282972582,0.008554945208406273,0.0,0.0,0.25132741228718347
25.240000000000002,-0.05419277472861202,-0.9984938437865697,0.008554945208406273,0.0,0.0,0.25132741228718347
25.26,-0.04917313376382909,-0.9987536311965574,0.008554945208406273,0.0,0.0,0.25132741228718347
25.28,-0.04415225038405591,-0.9989881839633982,0.008554945208406273,0.0,0.0,0.25132741228718347
25.3,-0.0391302514476051,-0.9991974961608499,0.008554945208406273,0.0,0.0,0.25132741228718347
25.32,-0.03410726384097508,-0.9993815625004027,0.008554945208406273,0.0,0.0,0.25132741228718347
25.34,-0.029083414475644165,-0.9995403783314121,0.008554945208406273,0.0,0.0,0.25132741228718347
25.36,-0.024058830284863927,-0.9996739396412155,0.008554945208406273,0.0,0.0,0.25132741228718347
25.38,-0.019033638220452172,-0.9997822430552351,0.008554945208406273,0.0,0.0,0.25132741228718347
25.400000000000002,-0.014007965249584442,-0.9998652858370622,0.008554945208406273,0.0,0.0,0.25132741228718347
25.42,-0.008981938351589584,-0.9999230658885271,0.008554945208406273,0.0,0.0,0.25132741228718347
25.44,-0.003955684514736138,-0.9999555817497513,0.008554945208406273,0.0,0.0,0.25132741228718347
25.46,0.001070669266972589,-0.9999628325991844,0.008554945208406273,0.0,0.0,0.25132741228718347
25.48,0.006096995997008075,-0.9999448182536256,0.008554945208406273,0.0,0.0,0.25132741228718347
25.5,0.011123168679525286,-0.9999015391682277,0.008554945208406273,0.0,0.0,0.25132741228718347
25.52,0.016149060322571376,-0.9998329964364858,0.008554945208406273,0.0,0.0,0.25132741228718347
25.54,0.021174543941294276,-0.9997391917902098,0.008554945208406273,0.0,0.0,0.25132741228718347
25.560000000000002,0.026199492561152005,-0.9996201275994805,0.008554945208406273,0.0,0.0,0.25132741228718347
25.580000000000002,0.03122377922111726,-0.9994758068725897,0.008554945208406273,0.0,0.0,0.25132741228718347
25.6,0.03624727697689062,-0.9993062332559645,0.008554945208406273,0.0,0.0,0.25132741228718347
25.62,0.041269858904104235,-0.9991114110340742,0.008554945208406273,0.0,0.0,0.25132741228718347
25.64,0.04629139810152979,-0.9988913451293231,0.008554945208406273,0.0,0.0,0.25132741228718347
25.66,0.0513117676942847,-0.9986460411019266,0.008554945208406273,0.0,0.0,0.25132741228718347
25.68,0.05633084083703776,-0.9983755051497685,0.008554945208406273,0.0,0.0,0.25132741228718347
25.7,0.06134849071721405,-0.9980797441082466,0.008554945208406273,0.0,0.0,0.25132741228718347
25.72,0.06636459055819899,-0.9977587654500994,0.008554945208406273,0.0,0.0,0.25132741228718347
25.740000000000002,0.0713790136225424,-0.9974125772852159,0.008554945208406273,0.0,0.0,0.25132741228718347
25.76,0.076391633215157,-0.9970411883604332,0.008554945208406273,0.0,0.0,0.25132741228718347
25.78,0.08140232268652514,-0.9966446080593132,0.008554945208406273,0.0,0.0,0.25132741228718347
25.8,0.08641095543589472,-0.9962228464019078,0.008554945208406273,0.0,0.0,0.25132741228718347
25.82,0.09141740491447932,-0.9957759140445032,0.008554945208406273,0.0,0.0,0.25132741228718347
25.84,0.09642154462865511,-0.9953038222793523,0.008554945208406273,0.0,0.0,0.25132741228718347
25.86,0.10142324814315726,-0.994806583034389,0.008554945208406273,0.0,0.0,0.25132741228718347
25.88,0.10642238908427416,-0.9942842088729262,0.008554945208406273,0.0,0.0,0.25132741228718347
25.900000000000002,0.11141884114304147,-0.9937367129933397,0.008554945208406273,0.0,0.0,0.25132741228718347
25.92,0.11641247807842982,-0.9931641092287342,0.008554945208406273,0.0,0.0,0.25132741228718347
25.94,0.12140317372053976,-0.9925664120465927,0.008554945208406273,0.0,0.0,0.25132741228718347
25.96,0.1263908019737862,-0.9919436365484128,0.008554945208406273,0.0,0.0,0.25132741228718347
25.98,0.13137523682008484,-0.9912957984693231,0.008554945208406273,0.0,0.0,0.25132741228718347
26.0,0.13635635232203677,-0.990622914177688,0.008554945208406273,0.0,0.0,0.25132741228718347
26.02,0.14133402262610986,-0.9899250006746919,0.008554945208406273,0.0,0.0,0.25132741228718347
26.04,0.1463081219658189,-0.989202075593911,0.008554945208406273,0.0,0.0,0.25132741228718347
26.060000000000002,0.15127852466490385,-0.9884541572008672,0.008554945208406273,0.0,0.0,0.25132741228718347
26.080000000000002,0.15624510514050205,-0.9876812643925671,0.008554945208406273,0.0,0.0,0.25132741228718347
26.1,0.16120773790632628,-0.9868834166970241,0.008554945208406273,0.0,0.0,0.25132741228718347
26.12,0.16616629757583162,-0.9860606342727648,0.008554945208406273,0.0,0.0,0.25132741228718347
26.14,0.17112065886538477,-0.9852129379083202,0.008554945208406273,0.0,0.0,0.25132741228718347
26.16,0.17607069659742913,-0.9843403490217005,0.008554945208406273,0.0,0.0,0.25132741228718347
26.18,0.18101628570364775,-0.9834428896598534,0.008554945208406273,0.0,0.0,0.25132741228718347
26.2,0.18595730122812315,-0.9825205824981074,0.008554945208406273,0.0,0.0,0.25132741228718347
26.22,0.19089361833049476,-0.981573450839599,0.008554945208406273,0.0,0.0,0.25132741228718347
26.240000000000002,0.19582511228911362,-0.9806015186146835,0.008554945208406273,0.0,0.0,0.25132741228718347
26.26,0.20075165850419058,-0.9796048103803312,0.008554945208406273,0.0,0.0,0.25132741228718347
26.28,0.20567313250094926,-0.9785833513195051,0.008554945208406273,0.0,0.0,0.25132741228718347
26.3,0.21058940993276795,-0.9775371672405277,0.008554945208406273,0.0,0.0,0.25132741228718347
26.32,0.2155003665843219,-0.976466284576426,0.008554945208406273,0.0,0.0,0.25132741228718347
26.34,0.22040587837472195,-0.9753707303842647,0.008554945208406273,0.0,0.0,0.25132741228718347
26.36,0.22530582136064936,-0.9742505323444632,0.008554945208406273,0.0,0.0,0.25132741228718347
26.38,0.2302000717394879,-0.9731057187600952,0.008554945208406273,0.0,0.0,0.25132741228718347
26.400000000000002,0.23508850585245222,-0.971936318556174,0.008554945208406273,0.0,0.0,0.25132741228718347
26.42,0.2399710001877088,-0.9707423612789222,0.008554945208406273,0.0,0.0,0.25132741228718347
26.44,0.2448474313835021,-0.9695238770950244,0.008554945208406273,0.0,0.0,0.25132741228718347
26.46,0.2497176762312678,-0.9682808967908653,0.008554945208406273,0.0,0.0,0.25132741228718347
26.48,0.2545816116787466,-0.9670134517717522,0.008554945208406273,0.0,0.0,0.25132741228718347
26.5,0.2594391148330933,-0.9657215740611204,0.008554945208406273,0.0,0.0,0.25132741228718347
26.52,0.264290062963982,-0.9644052962997255,0.008554945208406273,0.0,0.0,0.25132741228718347
26.54,0.26913433350670685,-0.9630646517448178,0.008554945208406273,0.0,0.0,0.25132741228718347
26.560000000000002,0.27397180406527977,-0.9616996742693024,0.008554945208406273,0.0,0.0,0.25132741228718347
26.580000000000002,0.2788023524155192,-0.9603103983608836,0.008554945208406273,0.0,0.0,0.25132741228718347
26.6,0.28362585650814387,-0.9588968591211926,0.008554945208406273,0.0,0.0,0.25132741228718347
26.62,0.2884421944718529,-0.957459092264901,0.008554945208406273,0.0,0.0,0.25132741228718347
26.64,0.2932512446164055,-0.9559971341188189,0.008554945208406273,0.0,0.0,0.25132741228718347
26.66,0.29805288543569575,-0.9545110216209776,0.008554945208406273,0.0,0.0,0.25132741228718347
26.68,0.302846995610823,-0.9530007923196938,0.008554945208406273,0.0,0.0,0.25132741228718347
26.7,0.3076334540131569,-0.951466484372624,0.008554945208406273,0.0,0.0,0.25132741228718347
26.72,0.31241213970739773,-0.9499081365457986,0.008554945208406273,0.0,0.0,0.25132741228718347
26.740000000000002,0.31718293195463304,-0.948325788212642,0.008554945208406273,0.0,0.0,0.25132741228718347
26.76,0.3219457102153846,-0.9467194793529802,0.008554945208406273,0.0,0.0,0.25132741228718347
26.78,0.32670035415265886,-0.9450892505520277,0.008554945208406273,0.0,0.0,0.25132741228718347
26.8,0.33144674363498494,-0.9434351429993643,0.008554945208406273,0.0,0.0,0.25132741228718347
26.82,0.33618475873944986,-0.9417571984878926,0.008554945208406273,0.0,0.0,0.25132741228718347
26.84,0.34091427975472866,-0.9400554594127843,0.008554945208406273,0.0,0.0,0.25132741228718347
26.86,0.3456351871841095,-0.9383299687704065,0.008554945208406273,0.0,0.0,0.25132741228718347
26.88,0.35034736174851205,-0.9365807701572375,0.008554945208406273,0.0,0.0,0.25132741228718347
26.900000000000002,0.35505068438950294,-0.934807907768763,0.008554945208406273,0.0,0.0,0.25132741228718347
26.92,0.35974503627230003,-0.9330114263983631,0.008554945208406273,0.0,0.0,0.25132741228718347
26.94,0.36443029878878014,-0.9311913714361764,0.008554945208406273,0.0,0.0,0.25132741228718347
26.96,0.36910635356047267,-0.9293477888679555,0.008554945208406273,0.0,0.0,0.25132741228718347
26.98,0.37377308244155044,-0.9274807252739051,0.008554945208406273,0.0,0.0,0.25132741228718347
27.0,0.37843036752181614,-0.9255902278275037,0.008554945208406273,0.0,0.0,0.25132741228718347
27.02,0.38307809112968033,-0.9236763442943134,0.008554945208406273,0.0,0.0,0.25132741228718347
27.04,0.38771613583513537,-0.9217391230307722,0.008554945208406273,0.0,0.0,0.25132741228718347
27.060000000000002,0.3923443844527226,-0.9197786129829727,0.008554945208406273,0.0,0.0,0.25132741228718347
27.080000000000002,0.3969627200444908,-0.9177948636854242,0.008554945208406273,0.0,0.0,0.25132741228718347
27.1,0.40157102592295385,-0.9157879252598021,0.008554945208406273,0.0,0.0,0.25132741228718347
27.12,0.406169185654038,-0.9137578484136821,0.008554945208406273,0.0,0.0,0.25132741228718347
27.14,0.41075708306002295,-0.9117046844392587,0.008554945208406273,0.0,0.0,0.25132741228718347
27.16,0.4153346022224777,-0.9096284852120472,0.008554945208406273,0.0,0.0,0.25132741228718347
27.18,0.41990162748518944,-0.9075293031895755,0.008554945208406273,0.0,0.0,0.25132741228718347
27.2,0.42445804345708565,-0.9054071914100587,0.008554945208406273,0.0,0.0,0.25132741228718347
27.22,0.4290037350151493,-0.9032622034910567,0.008554945208406273,0.0,0.0,0.25132741228718347
27.240000000000002,0.43353858730732897,-0.901094393628122,0.008554945208406273,0.0,0.0,0.25132741228718347
27.26,0.43806248575543716,-0.89890381659343,0.008554945208406273,0.0,0.0,0.25132741228718347
27.28,0.4425753160580496,-0.8966905277343933,0.008554945208406273,0.0,0.0,0.25132741228718347
27.3,0.4470769641933915,-0.8944545829722652,0.008554945208406273,0.0,0.0,0.25132741228718347
27.32,0.451567316422217,-0.8921960388007252,0.008554945208406273,0.0,0.0,0.25132741228718347
27.34,0.4560462592906849,-0.8899149522844535,0.008554945208406273,0.0,0.0,0.25132741228718347
27.36,0.46051367963322404,-0.8876113810576879,0.008554945208406273,0.0,0.0,0.25132741228718347
27.38,0.4649694645753933,-0.8852853833227678,0.008554945208406273,0.0,0.0,0.25132741228718347
27.400000000000002,0.46941350153673356,-0.8829370178486631,0.008554945208406273,0.0,0.0,0.25132741228718347
27.42,0.4738456782336096,-0.8805663439694922,0.008554945208406273,0.0,0.0,0.25132741228718347
27.44,0.4782658826820518,-0.8781734215830181,0.008554945208406273,0.0,0.0,0.25132741228718347
27.46,0.4826740032005817,-0.8757583111491388,0.008554945208406273,0.0,0.0,0.25132741228718347
27.48,0.48706992841303515,-0.8733210736883585,0.008554945208406273,0.0,0.0,0.25132741228718347
27.5,0.49145354725137674,-0.8708617707802457,0.008554945208406273,0.0,0.0,0.25132741228718347
27.52,0.495824748958505,-0.8683804645618772,0.008554945208406273,0.0,0.0,0.25132741228718347
27.54,0.5001834230910516,-0.8658772177262686,0.008554945208406273,0.0,0.0,0.25132741228718347
27.560000000000002,0.5045294595221721,-0.8633520935207896,0.008554945208406273,0.0,0.0,0.25132741228718347
27.580000000000002,0.5088627484443263,-0.8608051557455682,0.008554945208406273,0.0,0.0,0.25132741228718347
27.6,0.5131831803720561,-0.8582364687518745,0.008554945208406273,0.0,0.0,0.25132741228718347
27.62,0.5174906461447485,-0.8556460974404991,0.008554945208406273,0.0,0.0,0.25132741228718347
27.64,0.5217850369293963,-0.8530341072601105,0.008554945208406273,0.0,0.0,0.25132741228718347
27.66,0.5260662442233462,-0.8504005642056028,0.008554945208406273,0.0,0.0,0.25132741228718347
27.68,0.5303341598570408,-0.8477455348164281,0.008554945208406273,0.0,0.0,0.25132741228718347
27.7,0.534588675996751,-0.8450690861749148,0.008554945208406273,0.0,0.0,0.25132741228718347
27.72,0.5388296851473022,-0.8423712859045734,0.008554945208406273,0.0,0.0,0.25132741228718347
27.740000000000002,0.5430570801547892,-0.8396522021683859,0.008554945208406273,0.0,0.0,0.25132741228718347
27.76,0.5472707542092814,-0.8369119036670883,0.008554945208406273,0.0,0.0,0.25132741228718347
27.78,0.5514706008475257,-0.8341504596374291,0.008554945208406273,0.0,0.0,0.25132741228718347
27.8,0.5556565139556344,-0.8313679398504235,0.008554945208406273,0.0,0.0,0.25132741228718347
27.82,0.5598283877717655,-0.8285644146095892,0.008554945208406273,0.0,0.0,0.25132741228718347
27.84,0.5639861168887959,-0.8257399547491708,0.008554945208406273,0.0,0.0,0.25132741228718347
27.86,0.5681295962569838,-0.8228946316323507,0.008554945208406273,0.0,0.0,0.25132741228718347
27.88,0.5722587211866245,-0.8200285171494431,0.008554945208406273,0.0,0.0,0.25132741228718347
27.900000000000002,0.5763733873506945,-0.8171416837160809,0.008554945208406273,0.0,0.0,0.25132741228718347
27.92,0.580473490787486,-0.814234204271385,0.008554945208406273,0.0,0.0,0.25132741228718347
27.94,0.5845589279032358,-0.8113061522761212,0.008554945208406273,0.0,0.0,0.25132741228718347
27.96,0.5886295954747425,-0.8083576017108437,0.008554945208406273,0.0,0.0,0.25132741228718347
27.98,0.5926853906519731,-0.8053886270740256,0.008554945208406273,0.0,0.0,0.25132741228718347
28.0,0.5967262109606631,-0.8023993033801786,0.008554945208406273,0.0,0.0,0.25132741228718347
28.02,0.6007519543049045,-0.799389706157956,0.008554945208406273,0.0,0.0,0.25132741228718347
28.04,0.6047625189697268,-0.7963599114482446,0.008554945208406273,0.0,0.0,0.25132741228718347
28.060000000000002,0.6087578036236657,-0.7933099958022435,0.008554945208406273,0.0,0.0,0.25132741228718347
28.080000000000002,0.6127377073213224,-0.790240036279531,0.008554945208406273,0.0,0.0,0.25132741228718347
28.1,0.6167021295059172,-0.7871501104461156,0.008554945208406273,0.0,0.0,0.25132741228718347
28.12,0.6206509700118275,-0.7840402963724775,0.008554945208406273,0.0,0.0,0.25132741228718347
28.14,0.6245841290671197,-0.7809106726315962,0.008554945208406273,0.0,0.0,0.25132741228718347
28.16,0.6285015072960699,-0.7777613182969647,0.008554945208406273,0.0,0.0,0.25132741228718347
28.18,0.6324030057216744,-0.774592312940592,0.008554945208406273,0.0,0.0,0.25132741228718347
28.2,0.6362885257681512,-0.7714037366309922,0.008554945208406273,0.0,0.0,0.25132741228718347
28.22,0.6401579692634298,-0.7681956699311615,0.008554945208406273,0.0,0.0,0.25132741228718347
28.240000000000002,0.6440112384416325,-0.7649681938965428,0.008554945208406273,0.0,0.0,0.25132741228718347
28.26,0.6478482359455426,-0.7617213900729797,0.008554945208406273,0.0,0.0,0.25132741228718347
28.28,0.651668864829067,-0.7584553404946519,0.008554945208406273,0.0,0.0,0.25132741228718347
28.3,0.6554730285596846,-0.7551701276820065,0.008554945208406273,0.0,0.0,0.25132741228718347
28.32,0.6592606310208843,-0.7518658346396707,0.008554945208406273,0.0,0.0,0.25132741228718347
28.34,0.6630315765145947,-0.7485425448543552,0.008554945208406273,0.0,0.0,0.25132741228718347
28.36,0.666785769763601,-0.7452003422927457,0.008554945208406273,0.0,0.0,0.25132741228718347
28.38,0.6705231159139536,-0.7418393113993801,0.008554945208406273,0.0,0.0,0.25132741228718347
28.400000000000002,0.6742435205373645,-0.7384595370945144,0.008554945208406273,0.0,0.0,0.25132741228718347
28.42,0.6779468896335895,-0.7350611047719808,0.008554945208406273,0.0,0.0,0.25132741228718347
28.44,0.6816331296328098,-0.7316441002970259,0.008554945208406273,0.0,0.0,0.25132741228718347
28.46,0.6853021473979911,-0.7282086100041424,0.008554945208406273,0.0,0.0,0.25132741228718347
28.48,0.6889538502272389,-0.7247547206948884,0.008554945208406273,0.0,0.0,0.25132741228718347
28.5,0.6925881458561403,-0.7212825196356948,0.008554945208406273,0.0,0.0,0.25132741228718347
28.52,0.6962049424600939,-0.7177920945556588,0.008554945208406273,0.0,0.0,0.25132741228718347
28.54,0.6998041486566324,-0.7142835336443285,0.008554945208406273,0.0,0.0,0.25132741228718347
28.560000000000002,0.7033856735077302,-0.7107569255494737,0.008554945208406273,0.0,0.0,0.25132741228718347
28.580000000000002,0.7069494265220981,-0.7072123593748482,0.008554945208406273,0.0,0.0,0.25132741228718347
28.6,0.710495317657476,-0.7036499246779359,0.008554945208406273,0.0,0.0,0.25132741228718347
28.62,0.714023257322903,-0.7000697114676894,0.008554945208406273,0.0,0.0,0.25132741228718347
28.64,0.7175331563809824,-0.696471810202256,0.008554945208406273,0.0,0.0,0.25132741228718347
28.66,0.721024926150134,-0.6928563117866909,0.008554945208406273,0.0,0.0,0.25132741228718347
28.68,0.7244984784068351,-0.6892233075706621,0.008554945208406273,0.0,0.0,0.25132741228718347
28.7,0.7279537253878483,-0.6855728893461409,0.008554945208406273,0.0,0.0,0.25132741228718347
28.72,0.7313905797924399,-0.681905149345084,0.008554945208406273,0.0,0.0,0.25132741228718347
28.740000000000002,0.734808954784587,-0.6782201802371012,0.008554945208406273,0.0,0.0,0.25132741228718347
28.76,0.738208763995167,-0.6745180751271167,0.008554945208406273,0.0,0.0,0.25132741228718347
28.78,0.741589921524145,-0.6707989275530148,0.008554945208406273,0.0,0.0,0.25132741228718347
28.8,0.7449523419427425,-0.6670628314832763,0.008554945208406273,0.0,0.0,0.25132741228718347
28.82,0.7482959402955935,-0.6633098813146053,0.008554945208406273,0.0,0.0,0.25132741228718347
28.84,0.7516206321028942,-0.6595401718695445,0.008554945208406273,0.0,0.0,0.25132741228718347
28.86,0.7549263333625358,-0.6557537983940773,0.008554945208406273,0.0,0.0,0.25132741228718347
28.88,0.7582129605522266,-0.6519508565552242,0.008554945208406273,0.0,0.0,0.25132741228718347
28.900000000000002,0.7614804306316045,-0.6481314424386226,0.008554945208406273,0.0,0.0,0.25132741228718347
28.92,0.7647286610443308,-0.644295652546103,0.008554945208406273,0.0,0.0,0.25132741228718347
28.94,0.767957569720181,-0.6404435837932461,0.008554945208406273,0.0,0.0,0.25132741228718347
28.96,0.7711670750771159,-0.6365753335069383,0.008554945208406273,0.0,0.0,0.25132741228718347
28.98,0.7743570960233426,-0.6326909994229092,0.008554945208406273,0.0,0.0,0.25132741228718347
29.0,0.777527551959364,-0.6287906796832646,0.008554945208406273,0.0,0.0,0.25132741228718347
29.02,0.7806783627800159,-0.6248744728340063,0.008554945208406273,0.0,0.0,0.25132741228718347
29.04,0.7838094488764896,-0.6209424778225412,0.008554945208406273,0.0,0.0,0.25132741228718347
29.060000000000002,0.7869207311383445,-0.616994793995182,0.008554945208406273,0.0,0.0,0.25132741228718347
29.080000000000002,0.7900121309555043,-0.613031521094639,0.008554945208406273,0.0,0.0,0.25132741228718347
29.1,0.7930835702202478,-0.6090527592574957,0.008554945208406273,0.0,0.0,0.25132741228718347
29.12,0.7961349713291784,-0.6050586090116824,0.008554945208406273,0.0,0.0,0.25132741228718347
29.14,0.7991662571851871,-0.6010491712739342,0.008554945208406273,0.0,0.0,0.25132741228718347
29.16,0.8021773511993986,-0.5970245473472428,0.008554945208406273,0.0,0.0,0.25132741228718347
29.18,0.8051681772931082,-0.5929848389182962,0.008554945208406273,0.0,0.0,0.25132741228718347
29.2,0.8081386598997025,-0.5889301480549093,0.008554945208406273,0.0,0.0,0.25132741228718347
29.22,0.8110887239665698,-0.5848605772034442,0.008554945208406273,0.0,0.0,0.25132741228718347
29.240000000000002,0.8140182949569963,-0.5807762291862232,0.008554945208406273,0.0,0.0,0.25132741228718347
29.26,0.816927298852048,-0.5766772071989328,0.008554945208406273,0.0,0.0,0.25132741228718347
29.28,0.8198156621524426,-0.5725636148080111,0.008554945208406273,0.0,0.0,0.25132741228718347
29.3,0.8226833118804057,-0.5684355559480347,0.008554945208406273,0.0,0.0,0.25132741228718347
29.32,0.8255301755815146,-0.5642931349190928,0.008554945208406273,0.0,0.0,0.25132741228718347
29.34,0.8283561813265301,-0.5601364563841502,0.008554945208406273,0.0,0.0,0.25132741228718347
29.36,0.8311612577132117,-0.5559656253664035,0.008554945208406273,0.0,0.0,0.25132741228718347
29.38,0.8339453338681232,-0.551780747246629,0.008554945208406273,0.0,0.0,0.25132741228718347
29.400000000000002,0.8367083394484239,-0.5475819277605174,0.008554945208406273,0.0,0.0,0.25132741228718347
29.42,0.8394502046436436,-0.5433692729960062,0.008554945208406273,0.0,0.0,0.25132741228718347
29.44,0.8421708601774489,-0.5391428893905948,0.008554945208406273,0.0,0.0,0.25132741228718347
29.46,0.8448702373093923,-0.5349028837286581,0.008554945208406273,0.0,0.0,0.25132741228718347
29.48,0.8475482678366495,-0.5306493631387474,0.008554945208406273,0.0,0.0,0.25132741228718347
29.5,0.850204884095742,-0.5263824350908844,0.008554945208406273,0.0,0.0,0.25132741228718347
29.52,0.8528400189642477,-0.5221022073938453,0.008554945208406273,0.0,0.0,0.25132741228718347
29.54,0.8554536058624949,-0.5178087881924366,0.008554945208406273,0.0,0.0,0.25132741228718347
29.560000000000002,0.8580455787552471,-0.5135022859647628,0.008554945208406273,0.0,0.0,0.25132741228718347
29.580000000000002,0.8606158721533693,-0.509182809519488,0.008554945208406273,0.0,0.0,0.25132741228718347
29.6,0.8631644211154843,-0.5048504679930828,0.008554945208406273,0.0,0.0,0.25132741228718347
29.62,0.8656911612496125,-0.5005053708470685,0.008554945208406273,0.0,0.0,0.25132741228718347
29.64,0.8681960287147985,-0.4961476278652523,0.008554945208406273,0.0,0.0,0.25132741228718347
29.66,0.8706789602227252,-0.4917773491509527,0.008554945208406273,0.0,0.0,0.25132741228718347
29.68,0.8731398930393122,-0.4873946451242176,0.008554945208406273,0.0,0.0,0.25132741228718347
29.7,0.8755787649863012,-0.4829996265190346,0.008554945208406273,0.0,0.0,0.25132741228718347
29.72,0.8779955144428266,-0.478592404380533,0.008554945208406273,0.0,0.0,0.25132741228718347
29.740000000000002,0.8803900803469731,-0.4741730900621774,0.008554945208406273,0.0,0.0,0.25132741228718347
29.76,0.8827624021973164,-0.46974179522295734,0.008554945208406273,0.0,0.0,0.25132741228718347
29.78,0.8851124200544552,-0.4652986318245616,0.008554945208406273,0.0,0.0,0.25132741228718347
29.8,0.8874400745425234,-0.4608437121285523,0.008554945208406273,0.0,0.0,0.25132741228718347
29.82,0.8897453068506904,-0.4563771486935277,0.008554945208406273,0.0,0.0,0.25132741228718347
29.84,0.8920280587346477,-0.45189905437227845,0.008554945208406273,0.0,0.0,0.25132741228718347
29.86,0.8942882725180801,-0.44740954230893615,0.008554945208406273,0.0,0.0,0.25132741228718347
29.88,0.8965258910941232,-0.4429087259361142,0.008554945208406273,0.0,0.0,0.25132741228718347
29.900000000000002,0.8987408579268064,-0.4383967189720419,0.008554945208406273,0.0,0.0,0.25132741228718347
29.92,0.9009331170524798,-0.4338736354176938,0.008554945208406273,0.0,0.0,0.25132741228718347
29.94,0.9031026130812311,-0.4293395895539042,0.008554945208406273,0.0,0.0,0.25132741228718347
29.96,0.905249291198283,-0.42479469593848423,0.008554945208406273,0.0,0.0,0.25132741228718347
29.98,0.9073730971653781,-0.42023906940332506,0.008554945208406273,0.0,0.0,0.25132741228718347
30.0,0.90947397732215,-0.41567282505149755,0.008554945208406273,0.0,0.0,0.25132741228718347
30.02,0.9115518785874789,-0.4110960782543436,0.008554945208406273,0.0,0.0,0.25132741228718347
30.04,0.9136067484608331,-0.40650894464856135,0.008554945208406273,0.0,0.0,0.25132741228718347
30.060000000000002,0.915638535023595,-0.4019115401332827,0.008554945208406273,0.0,0.0,0.25132741228718347
30.080000000000002,0.9176471869403726,-0.3973039808671483,0.008554945208406273,0.0,0.0,0.25132741228718347
30.1,0.9196326534602973,-0.3926863832653675,0.008554945208406273,0.0,0.0,0.25132741228718347
30.12,0.9215948844183062,-0.3880588639967801,0.008554945208406273,0.0,0.0,0.25132741228718347
30.14,0.923533830236408,-0.3834215399809085,0.008554945208406273,0.0,0.0,0.25132741228718347
30.16,0.9254494419249383,-0.37877452838500303,0.008554945208406273,0.0,0.0,0.25132741228718347
30.18,0.9273416710837957,-0.3741179466210816,0.008554945208406273,0.0,0.0,0.25132741228718347
30.2,0.9292104699036643,-0.36945191234296365,0.008554945208406273,0.0,0.0,0.25132741228718347
30.22,0.931055791167222,-0.3647765434432964,0.008554945208406273,0.0,0.0,0.25132741228718347
30.240000000000002,0.9328775882503355,-0.36009195805057664,0.008554945208406273,0.0,0.0,0.25132741228718347
30.26,0.9346758151232346,-0.3553982745261687,0.008554945208406273,0.0,0.0,0.25132741228718347
30.28,0.9364504263516782,-0.35069561146130884,0.008554945208406273,0.0,0.0,0.25132741228718347
30.3,0.938201377098101,-0.34598408767411276,0.008554945208406273,0.0,0.0,0.25132741228718347
30.32,0.9399286231227468,-0.34126382220657175,0.008554945208406273,0.0,0.0,0.25132741228718347
30.34,0.9416321207847861,-0.3365349343215462,0.008554945208406273,0.0,0.0,0.25132741228718347
30.36,0.9433118270434186,-0.3317975434997513,0.008554945208406273,0.0,0.0,0.25132741228718347
30.38,0.9449676994589605,-0.32705176943673875,0.008554945208406273,0.0,0.0,0.25132741228718347
30.400000000000002,0.9465996961939176,-0.32229773203987155,0.008554945208406273,0.0,0.0,0.25132741228718347
30.42,0.9482077760140413,-0.3175355514252973,0.008554945208406273,0.0,0.0,0.25132741228718347
30.44,0.9497918982893716,-0.31276534791490934,0.008554945208406273,0.0,0.0,0.25132741228718347
30.46,0.9513520229952623,-0.307987242033309,0.008554945208406273,0.0,0.0,0.25132741228718347
30.48,0.9528881107133934,-0.3032013545047599,0.008554945208406273,0.0,0.0,0.25132741228718347
30.5,0.9544001226327672,-0.2984078062501383,0.008554945208406273,0.0,0.0,0.25132741228718347
30.52,0.9558880205506878,-0.2936067183838769,0.008554945208406273,0.0,0.0,0.25132741228718347
30.54,0.9573517668737265,-0.28879821221090546,0.008554945208406273,0.0,0.0,0.25132741228718347
30.560000000000002,0.9587913246186729,-0.28398240922358464,0.008554945208406273,0.0,0.0,0.25132741228718347
30.580000000000002,0.960206657413468,-0.2791594310986401,0.008554945208406273,0.0,0.0,0.25132741228718347
30.6,0.961597729498123,-0.274329399694083,0.008554945208406273,0.0,0.0,0.25132741228718347
30.62,0.9629645057256248,-0.26949243704613424,0.008554945208406273,0.0,0.0,0.25132741228718347
30.64,0.9643069515628214,-0.2646486653661407,0.008554945208406273,0.0,0.0,0.25132741228718347
30.66,0.9656250330912968,-0.25979820703748685,0.008554945208406273,0.0,0.0,0.25132741228718347
30.68,0.9669187170082262,-0.25494118461250326,0.008554945208406273,0.0,0.0,0.25132741228718347
30.7,0.9681879706272187,-0.2500777208093698,0.008554945208406273,0.0,0.0,0.25132741228718347
30.72,0.9694327618791417,-0.2452079385090148,0.008554945208406273,0.0,0.0,0.25132741228718347
30.740000000000002,0.970653059312933,-0.24033196075200985,0.008554945208406273,0.0,0.0,0.25132741228718347
30.76,0.9718488320963934,-0.2354499107354645,0.008554945208406273,0.0,0.0,0.25132741228718347
30.78,0.9730200500169676,-0.23056191180990807,0.008554945208406273,0.0,0.0,0.25132741228718347
30.8,0.974166683482507,-0.22566808747617673,0.008554945208406273,0.0,0.0,0.25132741228718347
30.82,0.9752887035220164,-0.2207685613822923,0.008554945208406273,0.0,0.0,0.25132741228718347
30.84,0.976386081786387,-0.21586345732033785,0.008554945208406273,0.0,0.0,0.25132741228718347
30.86,0.9774587905491126,-0.21095289922333033,0.008554945208406273,0.0,0.0,0.25132741228718347
30.88,0.9785068027069898,-0.20603701116208875,0.008554945208406273,0.0,0.0,0.25132741228718347
30.900000000000002,0.979530091780803,-0.20111591734209924,0.008554945208406273,0.0,0.0,0.25132741228718347
30.92,0.980528631915993,-0.19618974210037982,0.008554945208406273,0.0,0.0,0.25132741228718347
30.94,0.9815023978833112,-0.1912586099023336,0.008554945208406273,0.0,0.0,0.25132741228718347
30.96,0.9824513650794556,-0.18632264533860782,0.008554945208406273,0.0,0.0,0.25132741228718347
30.98,0.9833755095276943,-0.18138197312194496,0.008554945208406273,0.0,0.0,0.25132741228718347
31.0,0.9842748078784698,-0.17643671808403152,0.008554945208406273,0.0,0.0,0.25132741228718347
31.02,0.985149237409989,-0.17148700517234447,0.008554945208406273,0.0,0.0,0.25132741228718347
31.04,0.9859987760287983,-0.16653295944699364,0.008554945208406273,0.0,0.0,0.25132741228718347
31.060000000000002,0.9868234022703414,-0.16157470607756177,0.008554945208406273,0.0,0.0,0.25132741228718347
31.080000000000002,0.9876230952995005,-0.15661237033994493,0.008554945208406273,0.0,0.0,0.25132741228718347
31.1,0.988397834911125,-0.15164607761318233,0.008554945208406273,0.0,0.0,0.25132741228718347
31.12,0.9891476015305393,-0.14667595337629175,0.008554945208406273,0.0,0.0,0.25132741228718347
31.14,0.9898723762140398,-0.1417021232050986,0.008554945208406273,0.0,0.0,0.25132741228718347
31.16,0.9905721406493724,-0.13672471276906273,0.008554945208406273,0.0,0.0,0.25132741228718347
31.18,0.9912468771561944,-0.13174384782810353,0.008554945208406273,0.0,0.0,0.25132741228718347
31.2,0.9918965686865233,-0.12675965422942248,0.008554945208406273,0.0,0.0,0.25132741228718347
31.220000000000002,0.992521198825166,-0.12177225790432226,0.008554945208406273,0.0,0.0,0.25132741228718347
31.240000000000002,0.9931207517901333,-0.11678178486502887,0.008554945208406273,0.0,0.0,0.25132741228718347
31.26,0.9936952124330395,-0.11178836120150232,0.008554945208406273,0.0,0.0,0.25132741228718347
31.28,0.9942445662394851,-0.10679211307825438,0.008554945208406273,0.0,0.0,0.25132741228718347
31.3,0.9947687993294235,-0.10179316673115991,0.008554945208406273,0.0,0.0,0.25132741228718347
31.32,0.9952678984575107,-0.09679164846426762,0.008554945208406273,0.0,0.0,0.25132741228718347
31.34,0.9957418510134417,-0.09178768464660851,0.008554945208406273,0.0,0.0,0.25132741228718347
31.36,0.9961906450222674,-0.08678140170900327,0.008554945208406273,0.0,0.0,0.25132741228718347
31.38,0.9966142691446981,-0.08177292614086779,0.008554945208406273,0.0,0.0,0.25132741228718347
31.400000000000002,0.9970127126773902,-0.07676238448701639,0.008554945208406273,0.0,0.0,0.25132741228718347
31.42,0.9973859655532155,-0.07174990334446801,0.008554945208406273,0.0,0.0,0.25132741228718347
31.44,0.9977340183415171,-0.06673560935924232,0.008554945208406273,0.0,0.0,0.25132741228718347
31.46,0.9980568622483468,-0.06171962922316342,0.008554945208406273,0.0,0.0,0.25132741228718347
31.48,0.9983544891166868,-0.05670208967065794,0.008554945208406273,0.0,0.0,0.25132741228718347
31.5,0.9986268914266571,-0.051683117475552855,0.008554945208406273,0.0,0.0,0.25132741228718347
31.52,0.9988740622957042,-0.04666283944787255,0.008554945208406273,0.0,0.0,0.25132741228718347
31.54,0.9990959954787755,-0.041641382430634755,0.008554945208406273,0.0,0.0,0.25132741228718347
31.560000000000002,0.9992926853684782,-0.036618873296644774,0.008554945208406273,0.0,0.0,0.25132741228718347
31.580000000000002,0.9994641269952185,-0.03159543894529351,0.008554945208406273,0.0,0.0,0.25132741228718347
31.6,0.9996103160273294,-0.026571206299345923,0.008554945208406273,0.0,0.0,0.25132741228718347
31.62,0.9997312487711795,-0.02154630230173761,0.008554945208406273,0.0,0.0,0.25132741228718347
31.64,0.9998269221712658,-0.016520853912366667,0.008554945208406273,0.0,0.0,0.25132741228718347
31.66,0.9998973338102909,-0.011494988104885853,0.008554945208406273,0.0,0.0,0.25132741228718347
31.68,0.9999424819092255,-0.006468831863494461,0.008554945208406273,0.0,0.0,0.25132741228718347
31.7,0.9999623653273515,-0.0014425121797299414,0.008554945208406273,0.0,0.0,0.25132741228718347
31.720000000000002,0.9999569835622915,0.0035838439507416006,0.008554945208406273,0.0,0.0,0.25132741228718347
31.740000000000002,0.9999263367500217,0.008610109531330509,0.008554945208406273,0.0,0.0,0.25132741228718347
31.76,0.9998704256648695,0.013636157567737651,0.008554945208406273,0.0,0.0,0.25132741228718347
31.78,0.9997892517194914,0.01866186107115951,0.008554945208406273,0.0,0.0,0.25132741228718347
31.8,0.9996828169648392,0.023687093061497588,0.008554945208406273,0.0,0.0,0.25132741228718347
31.82,0.9995511240901074,0.02871172657056668,0.008554945208406273,0.0,0.0,0.25132741228718347
31.84,0.999394176422666,0.033735634645302895,0.008554945208406273,0.0,0.0,0.25132741228718347
31.86,0.9992119779279761,0.03875869035097129,0.008554945208406273,0.0,0.0,0.25132741228718347
31.88,0.9990045332094889,0.04378076677437294,0.008554945208406273,0.0,0.0,0.25132741228718347
31.900000000000002,0.9987718475085304,0.04880173702705256,0.008554945208406273,0.0,0.0,0.25132741228718347
31.92,0.9985139267041692,0.05382147424850077,0.008554945208406273,0.0,0.0,0.25132741228718347
31.94,0.9982307773130662,0.05883985160936488,0.008554945208406273,0.0,0.0,0.25132741228718347
31.96,0.9979224064893126,0.06385674231464963,0.008554945208406273,0.0,0.0,0.25132741228718347
31.98,0.9975888220242466,0.06887201960692185,0.008554945208406273,0.0,0.0,0.25132741228718347
32.0,0.9972300323462581,0.07388555676951315,0.008554945208406273,0.0,0.0,0.25132741228718347
32.02,0.9968460465205753,0.07889722712972227,0.008554945208406273,0.0,0.0,0.25132741228718347
32.04,0.9964368742490355,0.08390690406201134,0.008554945208406273,0.0,0.0,0.25132741228718347
32.06,0.9960025258698401,0.08891446099121487,0.008554945208406273,0.0,0.0,0.25132741228718347
32.08,0.9955430123572937,0.09391977139572459,0.008554945208406273,0.0,0.0,0.25132741228718347
32.1,0.9950583453215258,0.09892270881070032,0.008554945208406273,0.0,0.0,0.25132741228718347
32.12,0.9945485370081991,0.10392314683125106,0.008554945208406273,0.0,0.0,0.25132741228718347
32.14,0.9940136002981986,0.10892095911564291,0.008554945208406273,0.0,0.0,0.25132741228718347
32.160000000000004,0.9934535487073075,0.11391601938847888,0.008554945208406273,0.0,0.0,0.25132741228718347
32.18,0.9928683963858642,0.11890820144389466,0.008554945208406273,0.0,0.0,0.25132741228718347
32.2,0.992258158118405,0.12389737914875269,0.008554945208406273,0.0,0.0,0.25132741228718347
32.22,0.9916228493232924,0.12888342644581663,0.008554945208406273,0.0,0.0,0.25132741228718347
32.24,0.9909624860523231,0.1338662173569505,0.008554945208406273,0.0,0.0,0.25132741228718347
32.26,0.9902770849903246,0.1388456259862877,0.008554945208406273,0.0,0.0,0.25132741228718347
32.28,0.9895666634547318,0.14382152652342575,0.008554945208406273,0.0,0.0,0.25132741228718347
32.3,0.9888312393951505,0.1487937932465909,0.008554945208406273,0.0,0.0,0.25132741228718347
32.32,0.9880708313929032,0.15376230052582907,0.008554945208406273,0.0,0.0,0.25132741228718347
32.34,0.9872854586605607,0.15872692282616743,0.008554945208406273,0.0,0.0,0.25132741228718347
32.36,0.9864751410414563,0.1636875347107917,0.008554945208406273,0.0,0.0,0.25132741228718347
32.38,0.9856398990091831,0.1686440108442204,0.008554945208406273,0.0,0.0,0.25132741228718347
32.4,0.9847797536670785,0.17359622599545943,0.008554945208406273,0.0,0.0,0.25132741228718347
32.42,0.9838947267476894,0.17854405504118043,0.008554945208406273,0.0,0.0,0.25132741228718347
32.44,0.9829848406122255,0.18348737296886788,0.008554945208406273,0.0,0.0,0.25132741228718347
32.46,0.9820501182499909,0.1884260548799918,0.008554945208406273,0.0,0.0,0.25132741228718347
32.480000000000004,0.9810905832778065,0.1933599759931511,0.008554945208406273,0.0,0.0,0.25132741228718347
32.5,0.9801062599394119,0.19828901164723173,0.008554945208406273,0.0,0.0,0.25132741228718347
32.52,0.9790971731048524,0.20321303730456158,0.008554945208406273,0.0,0.0,0.25132741228718347
32.54,0.9780633482698516,0.2081319285540447,0.008554945208406273,0.0,0.0,0.25132741228718347
32.56,0.9770048115551654,0.21304556111431877,0.008554945208406273,0.0,0.0,0.25132741228718347
32.58,0.9759215897059251,0.21795381083688128,0.008554945208406273,0.0,0.0,0.25132741228718347
32.6,0.9748137100909585,0.22285655370924015,0.008554945208406273,0.0,0.0,0.25132741228718347
32.62,0.9736812007021015,0.22775366585803325,0.008554945208406273,0.0,0.0,0.25132741228718347
32.64,0.9725240901534872,0.2326450235521719,0.008554945208406273,0.0,0.0,0.25132741228718347
32.660000000000004,0.9713424076808265,0.23753050320595512,0.008554945208406273,0.0,0.0,0.25132741228718347
32.68,0.9701361831406669,0.24240998138219724,0.008554945208406273,0.0,0.0,0.25132741228718347
32.7,0.9689054470096388,0.24728333479535203,0.008554945208406273,0.0,0.0,0.25132741228718347
32.72,0.9676502303836875,0.2521504403146153,0.008554945208406273,0.0,0.0,0.25132741228718347
32.74,0.9663705649772836,0.2570111749670499,0.008554945208406273,0.0,0.0,0.25132741228718347
32.76,0.9650664831226257,0.26186541594067875,0.008554945208406273,0.0,0.0,0.25132741228718347
32.78,0.9637380177688197,0.26671304058760237,0.008554945208406273,0.0,0.0,0.25132741228718347
32.8,0.9623852024810505,0.2715539264270829,0.008554945208406273,0.0,0.0,0.25132741228718347
32.82,0.961008071439729,0.27638795114865317,0.008554945208406273,0.0,0.0,0.25132741228718347
32.84,0.9596066594396339,0.28121499261519495,0.008554945208406273,0.0,0.0,0.25132741228718347
32.86,0.958181001889029,0.2860349288660295,0.008554945208406273,0.0,0.0,0.25132741228718347
32.88,0.9567311348087679,0.2908476381200048,0.008554945208406273,0.0,0.0,0.25132741228718347
32.9,0.9552570948313879,0.29565299877856016,0.008554945208406273,0.0,0.0,0.25132741228718347
32.92,0.9537589192001791,0.30045088942881226,0.008554945208406273,0.0,0.0,0.25132741228718347
32.94,0.9522366457682494,0.30524118884660933,0.008554945208406273,0.0,0.0,0.25132741228718347
32.96,0.9506903129975623,0.31002377599960756,0.008554945208406273,0.0,0.0,0.25132741228718347
32.980000000000004,0.9491199599579694,0.31479853005031694,0.008554945208406273,0.0,0.0,0.25132741228718347
33.0,0.947525626326222,0.3195653303591598,0.008554945208406273,0.0,0.0,0.25132741228718347
33.02,0.9459073523849656,0.32432405648752394,0.008554945208406273,0.0,0.0,0.25132741228718347
33.04,0.9442651790217282,0.3290745882007934,0.008554945208406273,0.0,0.0,0.25132741228718347
33.06,0.9425991477278807,0.33381680547140063,0.008554945208406273,0.0,0.0,0.25132741228718347
33.08,0.9409093005975946,0.3385505884818448,0.008554945208406273,0.0,0.0,0.25132741228718347
33.1,0.9391956803267724,0.34327581762773307,0.008554945208406273,0.0,0.0,0.25132741228718347
33.12,0.9374583302119754,0.34799237352078893,0.008554945208406273,0.0,0.0,0.25132741228718347
33.14,0.9356972941493229,0.3527001369918824,0.008554945208406273,0.0,0.0,0.25132741228718347
33.160000000000004,0.933912616633389,0.3573989890940287,0.008554945208406273,0.0,0.0,0.25132741228718347
33.18,0.9321043427560756,0.3620888111053989,0.008554945208406273,0.0,0.0,0.25132741228718347
33.2,0.930272518205472,0.36676948453232466,0.008554945208406273,0.0,0.0,0.25132741228718347
33.22,0.9284171892647037,0.37144089111228035,0.008554945208406273,0.0,0.0,0.25132741228718347
33.24,0.9265384028107593,0.3761029128168844,0.008554945208406273,0.0,0.0,0.25132741228718347
33.26,0.9246362063133104,0.380755431854868,0.008554945208406273,0.0,0.0,0.25132741228718347
33.28,0.9227106478335076,0.38539833067506474,0.008554945208406273,0.0,0.0,0.25132741228718347
33.3,0.9207617760227709,0.3900314919693671,0.008554945208406273,0.0,0.0,0.25132741228718347
33.32,0.9187896401215552,0.39465479867570413,0.008554945208406273,0.0,0.0,0.25132741228718347
33.34,0.9167942899581117,0.39926813398098715,0.008554945208406273,0.0,0.0,0.25132741228718347
33.36,0.9147757759472257,0.4038713813240661,0.008554945208406273,0.0,0.0,0.25132741228718347
33.38,0.9127341490889412,0.4084644243986795,0.008554945208406273,0.0,0.0,0.25132741228718347
33.4,0.9106694609672777,0.4130471471563824,0.008554945208406273,0.0,0.0,0.25132741228718347
33.42,0.9085817637489205,0.4176194338094902,0.008554945208406273,0.0,0.0,0.25132741228718347
33.44,0.9064711101819093,0.42218116883399215,0.008554945208406273,0.0,0.0,0.25132741228718347
33.46,0.9043375535942981,0.42673223697248264,0.008554945208406273,0.0,0.0,0.25132741228718347
33.480000000000004,0.9021811478928146,0.4312725232370625,0.008554945208406273,0.0,0.0,0.25132741228718347
33.5,0.900001947561495,0.4358019129122487,0.008554945208406273,0.0,0.0,0.25132741228718347
33.52,0.8978000076603057,0.4403202915578776,0.008554945208406273,0.0,0.0,0.25132741228718347
33.54,0.8955753838237569,0.44482754501198524,0.008554945208406273,0.0,0.0,0.25132741228718347
33.56,0.8933281322594911,0.44932355939370494,0.008554945208406273,0.0,0.0,0.25132741228718347
33.58,0.8910583097468694,0.4538082211061311,0.008554945208406273,0.0,0.0,0.25132741228718347
33.6,0.88876597363553,0.4582814168392032,0.008554945208406273,0.0,0.0,0.25132741228718347
33.62,0.886451181843946,0.4627430335725546,0.008554945208406273,0.0,0.0,0.25132741228718347
33.64,0.8841139928579556,0.4671929585783821,0.008554945208406273,0.0,0.0,0.25132741228718347
33.660000000000004,0.8817544657292897,0.4716310794242824,0.008554945208406273,0.0,0.0,0.25132741228718347
33.68,0.8793726600740781,0.4760572839760974,0.008554945208406273,0.0,0.0,0.25132741228718347
33.7,0.8769686360713402,0.4804714604007529,0.008554945208406273,0.0,0.0,0.25132741228718347
33.72,0.8745424544614699,0.4848734971690722,0.008554945208406273,0.0,0.0,0.25132741228718347
33.74,0.872094176544696,0.4892632830586073,0.008554945208406273,0.0,0.0,0.25132741228718347
33.76,0.8696238641795383,0.4936407071564363,0.008554945208406273,0.0,0.0,0.25132741228718347
33.78,0.8671315797812379,0.4980056588619782,0.008554945208406273,0.0,0.0,0.25132741228718347
33.8,0.864617386320189,0.5023580278897749,0.008554945208406273,0.0,0.0,0.25132741228718347
33.82,0.8620813473203384,0.5066977042722903,0.008554945208406273,0.0,0.0,0.25132741228718347
33.84,0.8595235268575883,0.5110245783626773,0.008554945208406273,0.0,0.0,0.25132741228718347
33.86,0.8569439895581745,0.5153385408375535,0.008554945208406273,0.0,0.0,0.25132741228718347
33.88,0.8543428005970304,0.5196394826997675,0.008554945208406273,0.0,0.0,0.25132741228718347
33.9,0.8517200256961469,0.5239272952811429,0.008554945208406273,0.0,0.0,0.25132741228718347
33.92,0.8490757311229046,0.528201870245235,0.008554945208406273,0.0,0.0,0.25132741228718347
33.94,0.8464099836884066,0.5324630995900571,0.008554945208406273,0.0,0.0,0.25132741228718347
33.96,0.8437228507457826,0.5367108756508197,0.008554945208406273,0.0,0.0,0.25132741228718347
33.980000000000004,0.841014400188495,0.5409450911026422,0.008554945208406273,0.0,0.0,0.25132741228718347
34.0,0.8382847004486197,0.5451656389632678,0.008554945208406273,0.0,0.0,0.25132741228718347
34.02,0.8355338204951143,0.549372412595771,0.008554945208406273,0.0,0.0,0.25132741228718347
34.04,0.8327618298320822,0.5535653057112426,0.008554945208406273,0.0,0.0,0.25132741228718347
34.06,0.8299687984970097,0.5577442123714859,0.008554945208406273,0.0,0.0,0.25132741228718347
34.08,0.8271547970590029,0.5619090269916822,0.008554945208406273,0.0,0.0,0.25132741228718347
34.1,0.8243198966169972,0.56605964434307,0.008554945208406273,0.0,0.0,0.25132741228718347
34.12,0.8214641687979691,0.5701959595555915,0.008554945208406273,0.0,0.0,0.25132741228718347
34.14,0.8185876857551186,0.5743178681205551,0.008554945208406273,0.0,0.0,0.25132741228718347
34.160000000000004,0.815690520166053,0.5784252658932647,0.008554945208406273,0.0,0.0,0.25132741228718347
34.18,0.8127727452309478,0.582518049095656,0.008554945208406273,0.0,0.0,0.25132741228718347
34.2,0.8098344346706934,0.586596114318923,0.008554945208406273,0.0,0.0,0.25132741228718347
34.22,0.8068756627250401,0.59065935852612,0.008554945208406273,0.0,0.0,0.25132741228718347
34.24,0.8038965041507148,0.5947076790547775,0.008554945208406273,0.0,0.0,0.25132741228718347
34.26,0.8008970342195395,0.5987409736194829,0.008554945208406273,0.0,0.0,0.25132741228718347
34.28,0.7978773287165214,0.6027591403144779,0.008554945208406273,0.0,0.0,0.25132741228718347
34.300000000000004,0.7948374639379456,0.6067620776162225,0.008554945208406273,0.0,0.0,0.25132741228718347
34.32,0.7917775166894446,0.610749684385965,0.008554945208406273,0.0,0.0,0.25132741228718347
34.34,0.7886975642840534,0.614721859872301,0.008554945208406273,0.0,0.0,0.25132741228718347
34.36,0.7855976845402646,0.6186785037137091,0.008554945208406273,0.0,0.0,0.25132741228718347
34.38,0.7824779557800533,0.6226195159410987,0.008554945208406273,0.0,0.0,0.25132741228718347
34.4,0.7793384568269066,0.6265447969803235,0.008554945208406273,0.0,0.0,0.25132741228718347
34.42,0.7761792670038239,0.6304542476547091,0.008554945208406273,0.0,0.0,0.25132741228718347
34.44,0.773000466131321,0.6343477691875481,0.008554945208406273,0.0,0.0,0.25132741228718347
34.46,0.7698021345254049,0.6382252632046062,0.008554945208406273,0.0,0.0,0.25132741228718347
34.480000000000004,0.7665843529955517,0.6420866317365982,0.008554945208406273,0.0,0.0,0.25132741228718347
34.5,0.7633472028426618,0.6459317772216678,0.008554945208406273,0.0,0.0,0.25132741228718347
34.52,0.760090765857003,0.6497606025078564,0.008554945208406273,0.0,0.0,0.25132741228718347
34.54,0.7568151243161511,0.6535730108555485,0.008554945208406273,0.0,0.0,0.25132741228718347
34.56,0.753520360982902,0.657368905939926,0.008554945208406273,0.0,0.0,0.25132741228718347
34.58,0.75020655910319,0.6611481918533922,0.008554945208406273,0.0,0.0,0.25132741228718347
34.6,0.7468738024039757,0.6649107731080051,0.008554945208406273,0.0,0.0,0.25132741228718347
34.62,0.7435221750911388,0.6686565546378799,0.008554945208406273,0.0,0.0,0.25132741228718347
34.64,0.740151761847342,0.6723854418016006,0.008554945208406273,0.0,0.0,0.25132741228718347
34.660000000000004,0.7367626478298991,0.6760973403846032,0.008554945208406273,0.0,0.0,0.25132741228718347
34.68,0.7333549186686206,0.6797921566015591,0.008554945208406273,0.0,0.0,0.25132741228718347
34.7,0.7299286604636461,0.6834697970987489,0.008554945208406273,0.0,0.0,0.25132741228718347
34.72,0.7264839597832774,0.6871301689564118,0.008554945208406273,0.0,0.0,0.25132741228718347
34.74,0.7230209036617808,0.690773179691105,0.008554945208406273,0.0,0.0,0.25132741228718347
34.76,0.7195395795971993,0.6943987372580278,0.008554945208406273,0.0,0.0,0.25132741228718347
34.78,0.7160400755491308,0.6980067500533594,0.008554945208406273,0.0,0.0,0.25132741228718347
34.800000000000004,0.7125224799365153,0.7015971269165636,0.008554945208406273,0.0,0.0,0.25132741228718347
34.82,0.7089868816353961,0.7051697771326958,0.008554945208406273,0.0,0.0,0.25132741228718347
34.84,0.7054333699766713,0.7087246104346989,0.008554945208406273,0.0,0.0,0.25132741228718347
34.86,0.7018620347438455,0.7122615370056757,0.008554945208406273,0.0,0.0,0.25132741228718347
34.88,0.6982729661707511,0.7157804674811683,0.008554945208406273,0.0,0.0,0.25132741228718347
34.9,0.6946662549392784,0.7192813129514046,0.008554945208406273,0.0,0.0,0.25132741228718347
34.92,0.6910419921770742,0.7227639849635562,0.008554945208406273,0.0,0.0,0.25132741228718347
34.94,0.6874002694552499,0.7262283955239621,0.008554945208406273,0.0,0.0,0.25132741228718347
34.96,0.6837411787860573,0.7296744571003643,0.008554945208406273,0.0,0.0,0.25132741228718347
34.980000000000004,0.6800648126205737,0.7331020826241067,0.008554945208406273,0.0,0.0,0.25132741228718347
35.0,0.6763712638463606,0.7365111854923424,0.008554945208406273,0.0,0.0,0.25132741228718347
35.02,0.6726606257851134,0.7399016795702238,0.008554945208406273,0.0,0.0,0.25132741228718347
35.04,0.6689329921903144,0.7432734791930703,0.008554945208406273,0.0,0.0,0.25132741228718347
35.06,0.66518845724485,0.7466264991685435,0.008554945208406273,0.0,0.0,0.25132741228718347
35.08,0.6614271155586453,0.7499606547787883,0.008554945208406273,0.0,0.0,0.25132741228718347
35.1,0.6576490621662614,0.7532758617825848,0.008554945208406273,0.0,0.0,0.25132741228718347
35.12,0.6538543925245042,0.7565720364174654,0.008554945208406273,0.0,0.0,0.25132741228718347
35.14,0.6500432025100026,0.7598490954018429,0.008554945208406273,0.0,0.0,0.25132741228718347
35.160000000000004,0.646215588416796,0.763106955937104,0.008554945208406273,0.0,0.0,0.25132741228718347
35.18,0.6423716469538969,0.7663455357097068,0.008554945208406273,0.0,0.0,0.25132741228718347
35.2,0.6385114752428425,0.7695647528932625,0.008554945208406273,0.0,0.0,0.25132741228718347
35.22,0.6346351708152518,0.7727645261505961,0.008554945208406273,0.0,0.0,0.25132741228718347
35.24,0.6307428316103495,0.7759447746358097,0.008554945208406273,0.0,0.0,0.25132741228718347
35.26,0.6268345559725024,0.7791054179963167,0.008554945208406273,0.0,0.0,0.25132741228718347
35.28,0.6229104426487236,0.7822463763748801,0.008554945208406273,0.0,0.0,0.25132741228718347
35.300000000000004,0.6189705907861884,0.7853675704116236,0.008554945208406273,0.0,0.0,0.25132741228718347
35.32,0.6150150999297233,0.7884689212460387,0.008554945208406273,0.0,0.0,0.25132741228718347
35.34,0.611044070019288,0.7915503505189819,0.008554945208406273,0.0,0.0,0.25132741228718347
35.36,0.6070576013874589,0.7946117803746459,0.008554945208406273,0.0,0.0,0.25132741228718347
35.38,0.6030557947568849,0.7976531334625354,0.008554945208406273,0.0,0.0,0.25132741228718347
35.4,0.5990387512377509,0.8006743329394138,0.008554945208406273,0.0,0.0,0.25132741228718347
35.42,0.5950065723252145,0.8036753024712521,0.008554945208406273,0.0,0.0,0.25132741228718347
35.44,0.5909593598968519,0.8066559662351498,0.008554945208406273,0.0,0.0,0.25132741228718347
35.46,0.5868972162100713,0.8096162489212582,0.008554945208406273,0.0,0.0,0.25132741228718347
35.480000000000004,0.5828202438995416,0.8125560757346773,0.008554945208406273,0.0,0.0,0.25132741228718347
35.5,0.5787285459745931,0.8154753723973478,0.008554945208406273,0.0,0.0,0.25132741228718347
35.52,0.5746222258166114,0.8183740651499307,0.008554945208406273,0.0,0.0,0.25132741228718347
35.54,0.570501387176435,0.8212520807536645,0.008554945208406273,0.0,0.0,0.25132741228718347
35.56,0.5663661341717222,0.8241093464922226,0.008554945208406273,0.0,0.0,0.25132741228718347
35.58,0.5622165712843331,0.8269457901735445,0.008554945208406273,0.0,0.0,0.25132741228718347
35.6,0.5580528033576772,0.8297613401316654,0.008554945208406273,0.0,0.0,0.25132741228718347
35.62,0.5538749355940756,0.8325559252285208,0.008554945208406273,0.0,0.0,0.25132741228718347
35.64,0.5496830735520928,0.8353294748557507,0.008554945208406273,0.0,0.0,0.25132741228718347
35.660000000000004,0.5454773231438785,0.8380819189364774,0.008554945208406273,0.0,0.0,0.25132741228718347
35.68,0.5412577906324878,0.8408131879270792,0.008554945208406273,0.0,0.0,0.25132741228718347
35.7,0.5370245826291918,0.8435232128189495,0.008554945208406273,0.0,0.0,0.25132741228718347
35.72,0.5327778060907946,0.8462119251402334,0.008554945208406273,0.0,0.0,0.25132741228718347
35.74,0.5285175683169184,0.8488792569575673,0.008554945208406273,0.0,0.0,0.25132741228718347
35.76,0.5242439769473051,0.8515251408777861,0.008554945208406273,0.0,0.0,0.25132741228718347
35.78,0.519957139959084,0.8541495100496339,0.008554945208406273,0.0,0.0,0.25132741228718347
35.800000000000004,0.5156571656640546,0.8567522981654462,0.008554945208406273,0.0,0.0,0.25132741228718347
35.82,0.5113441627059461,0.8593334394628287,0.008554945208406273,0.0,0.0,0.25132741228718347
35.84,0.5070182400576658,0.861892868726321,0.008554945208406273,0.0,0.0,0.25132741228718347
35.86,0.5026795070185588,0.8644305212890385,0.008554945208406273,0.0,0.0,0.25132741228718347
35.88,0.49832807321163247,0.8669463330343132,0.008554945208406273,0.0,0.0,0.25132741228718347
35.9,0.4939640485807997,0.8694402403973063,0.008554945208406273,0.0,0.0,0.25132741228718347
35.92,0.48958754338808896,0.8719121803666215,0.008554945208406273,0.0,0.0,0.25132741228718347
35.94,0.4851986682108703,0.8743620904858913,0.008554945208406273,0.0,0.0,0.25132741228718347
35.96,0.4807975339390492,0.8767899088553589,0.008554945208406273,0.0,0.0,0.25132741228718347
35.980000000000004,0.47638425177227595,0.8791955741334396,0.008554945208406273,0.0,0.0,0.25132741228718347
36.0,0.47195893321713067,0.8815790255382714,0.008554945208406273,0.0,0.0,0.25132741228718347
36.02,0.4675216900843025,0.8839402028492523,0.008554945208406273,0.0,0.0,0.25132741228718347
36.04,0.4630726344857741,0.886279046408559,0.008554945208406273,0.0,0.0,0.25132741228718347
36.06,0.45861187883197774,0.8885954971226578,0.008554945208406273,0.0,0.0,0.25132741228718347
36.08,0.45413953582896704,0.8908894964637929,0.008554945208406273,0.0,0.0,0.25132741228718347
36.1,0.4496557184755568,0.8931609864714709,0.008554945208406273,0.0,0.0,0.25132741228718347
36.12,0.44516054006048045,0.8954099097539191,0.008554945208406273,0.0,0.0,0.25132741228718347
36.14,0.4406541141595153,0.897636209489542,0.008554945208406273,0.0,0.0,0.25132741228718347
36.160000000000004,0.4361365546326241,0.8998398294283514,0.008554945208406273,0.0,0.0,0.25132741228718347
36.18,0.43160797562107295,0.9020207138933891,0.008554945208406273,0.0,0.0,0.25132741228718347
36.2,0.42706849154454307,0.9041788077821381,0.008554945208406273,0.0,0.0,0.25132741228718347
36.22,0.422518217098251,0.9063140565679071,0.008554945208406273,0.0,0.0,0.25132741228718347
36.24,0.4179572672500377,0.9084264063012151,0.008554945208406273,0.0,0.0,0.25132741228718347
36.26,0.41338575723747695,0.9105158036111499,0.008554945208406273,0.0,0.0,0.25132741228718347
36.28,0.4088038025649501,0.9125821957067198,0.008554945208406273,0.0,0.0,0.25132741228718347
36.300000000000004,0.40421151900073987,0.9146255303781844,0.008554945208406273,0.0,0.0,0.25132741228718347
36.32,0.3996090225741002,0.9166457559983755,0.008554945208406273,0.0,0.0,0.25132741228718347
36.34,0.3949964295723196,0.9186428215240027,0.008554945208406273,0.0,0.0,0.25132741228718347
36.36,0.3903738565377944,0.9206166764969396,0.008554945208406273,0.0,0.0,0.25132741228718347
36.38,0.3857414202650715,0.922567271045503,0.008554945208406273,0.0,0.0,0.25132741228718347
36.4,0.3810992377979102,0.9244945558857082,0.008554945208406273,0.0,0.0,0.25132741228718347
36.42,0.37644742642631146,0.9263984823225194,0.008554945208406273,0.0,0.0,0.25132741228718347
36.44,0.3717861036835687,0.9282790022510747,0.008554945208406273,0.0,0.0,0.25132741228718347
36.46,0.36711538734328375,0.9301360681579071,0.008554945208406273,0.0,0.0,0.25132741228718347
36.480000000000004,0.3624353954164035,0.9319696331221397,0.008554945208406273,0.0,0.0,0.25132741228718347
36.5,0.3577462461482333,0.9337796508166731,0.008554945208406273,0.0,0.0,0.25132741228718347
36.52,0.35304805801544376,0.9355660755093591,0.008554945208406273,0.0,0.0,0.25132741228718347
36.54,0.3483409497230893,0.937328862064151,0.008554945208406273,0.0,0.0,0.25132741228718347
36.56,0.3436250402015959,0.9390679659422483,0.008554945208406273,0.0,0.0,0.25132741228718347
36.58,0.3389004486037693,0.940783343203218,0.008554945208406273,0.0,0.0,0.25132741228718347
36.6,0.3341672943017706,0.94247495050611,0.008554945208406273,0.0,0.0,0.25132741228718347
36.62,0.32942569688411455,0.9441427451105454,0.008554945208406273,0.0,0.0,0.25132741228718347
36.64,0.32467577615263365,0.9457866848778038,0.008554945208406273,0.0,0.0,0.25132741228718347
36.660000000000004,0.3199176521194638,0.9474067282718814,0.008554945208406273,0.0,0.0,0.25132741228718347
36.68,0.3151514450040064,0.9490028343605447,0.008554945208406273,0.0,0.0,0.25132741228718347
36.7,0.31037727522988584,0.9505749628163642,0.008554945208406273,0.0,0.0,0.25132741228718347
36.72,0.30559526342191934,0.9521230739177311,0.008554945208406273,0.0,0.0,0.25132741228718347
36.74,0.30080553040305474,0.9536471285498628,0.008554945208406273,0.0,0.0,0.25132741228718347
36.76,0.29600819719133203,0.9551470882057898,0.008554945208406273,0.0,0.0,0.25132741228718347
36.78,0.29120338499681214,0.9566229149873317,0.008554945208406273,0.0,0.0,0.25132741228718347
36.800000000000004,0.2863912152185255,0.9580745716060507,0.008554945208406273,0.0,0.0,0.25132741228718347
36.82,0.28157180944140103,0.9595020213841953,0.008554945208406273,0.0,0.0,0.25132741228718347
36.84,0.2767452894331875,0.9609052282556293,0.008554945208406273,0.0,0.0,0.25132741228718347
36.86,0.2719117771413901,0.9622841567667382,0.008554945208406273,0.0,0.0,0.25132741228718347
36.88,0.2670713946901749,0.9636387720773307,0.008554945208406273,0.0,0.0,0.25132741228718347
36.9,0.2622242643772974,0.9649690399615144,0.008554945208406273,0.0,0.0,0.25132741228718347
36.92,0.2573705086709984,0.9662749268085625,0.008554945208406273,0.0,0.0,0.25132741228718347
36.94,0.2525102502069237,0.9675563996237623,0.008554945208406273,0.0,0.0,0.25132741228718347
36.96,0.24764361178501182,0.9688134260292509,0.008554945208406273,0.0,0.0,0.25132741228718347
36.980000000000004,0.2427707163664035,0.9700459742648303,0.008554945208406273,0.0,0.0,0.25132741228718347
37.0,0.23789168707032923,0.9712540131887708,0.008554945208406273,0.0,0.0,0.25132741228718347
37.02,0.23300664717099398,0.9724375122786001,0.008554945208406273,0.0,0.0,0.25132741228718347
37.04,0.22811572009447414,0.9735964416318706,0.008554945208406273,0.0,0.0,0.25132741228718347
37.06,0.22321902941558552,0.9747307719669182,0.008554945208406273,0.0,0.0,0.25132741228718347
37.08,0.2183166988547748,0.9758404746236005,0.008554945208406273,0.0,0.0,0.25132741228718347
37.1,0.21340885227497977,0.9769255215640217,0.008554945208406273,0.0,0.0,0.25132741228718347
37.12,0.2084956136785134,0.9779858853732399,0.008554945208406273,0.0,0.0,0.25132741228718347
37.14,0.20357710720391745,0.9790215392599616,0.008554945208406273,0.0,0.0,0.25132741228718347
37.160000000000004,0.19865345712283763,0.9800324570572165,0.008554945208406273,0.0,0.0,0.25132741228718347
37.18,0.19372478783687871,0.9810186132230196,0.008554945208406273,0.0,0.0,0.25132741228718347
37.2,0.18879122387445613,0.9819799828410175,0.008554945208406273,0.0,0.0,0.25132741228718347
37.22,0.18385288988766196,0.9829165416211163,0.008554945208406273,0.0,0.0,0.25132741228718347
37.24,0.17890991064910128,0.9838282659000965,0.008554945208406273,0.0,0.0,0.25132741228718347
37.26,0.17396241104875373,0.9847151326422101,0.008554945208406273,0.0,0.0,0.25132741228718347
37.28,0.16901051609080395,0.985577119439763,0.008554945208406273,0.0,0.0,0.25132741228718347
37.300000000000004,0.16405435089049566,0.9864142045136812,0.008554945208406273,0.0,0.0,0.25132741228718347
37.32,0.159094040670965,0.987226366714061,0.008554945208406273,0.0,0.0,0.25132741228718347
37.34,0.1541297107600715,0.9880135855207038,0.008554945208406273,0.0,0.0,0.25132741228718347
37.36,0.14916148658724374,0.9887758410436333,0.008554945208406273,0.0,0.0,0.25132741228718347
37.38,0.14418949368029627,0.9895131140235993,0.008554945208406273,0.0,0.0,0.25132741228718347
37.4,0.13921385766227198,0.9902253858325638,0.008554945208406273,0.0,0.0,0.25132741228718347
37.42,0.13423470424825398,0.9909126384741718,0.008554945208406273,0.0,0.0,0.25132741228718347
37.44,0.12925215924220362,0.991574854584206,0.008554945208406273,0.0,0.0,0.25132741228718347
37.46,0.12426634853376743,0.9922120174310256,0.008554945208406273,0.0,0.0,0.25132741228718347
37.480000000000004,0.11927739809510898,0.9928241109159881,0.008554945208406273,0.0,0.0,0.25132741228718347
37.5,0.11428543397772072,0.9934111195738579,0.008554945208406273,0.0,0.0,0.25132741228718347
37.52,0.1092905823092337,0.9939730285731952,0.008554945208406273,0.0,0.0,0.25132741228718347
37.54,0.10429296929024341,0.994509823716732,0.008554945208406273,0.0,0.0,0.25132741228718347
37.56,0.09929272119110685,0.9950214914417307,0.008554945208406273,0.0,0.0,0.25132741228718347
37.58,0.09428996434876644,0.9955080188203257,0.008554945208406273,0.0,0.0,0.25132741228718347
37.6,0.08928482516354368,0.995969393559851,0.008554945208406273,0.0,0.0,0.25132741228718347
37.62,0.08427743009595984,0.9964056040031503,0.008554945208406273,0.0,0.0,0.25132741228718347
37.64,0.07926790566352648,0.9968166391288722,0.008554945208406273,0.0,0.0,0.25132741228718347
37.660000000000004,0.07425637843756129,0.9972024885517484,0.008554945208406273,0.0,0.0,0.25132741228718347
37.68,0.06924297503998486,0.9975631425228554,0.008554945208406273,0.0,0.0,0.25132741228718347
37.7,0.06422782214011598,0.9978985919298614,0.008554945208406273,0.0,0.0,0.25132741228718347
37.72,0.05921104645148374,0.998208828297257,0.008554945208406273,0.0,0.0,0.25132741228718347
37.74,0.05419277472861177,0.9984938437865687,0.008554945208406273,0.0,0.0,0.25132741228718347
37.76,0.04917313376382973,0.9987536311965567,0.008554945208406273,0.0,0.0,0.25132741228718347
37.78,0.044152250384055666,0.9989881839633975,0.008554945208406273,0.0,0.0,0.25132741228718347
37.800000000000004,0.03913025144760397,0.9991974961608493,0.008554945208406273,0.0,0.0,0.25132741228718347
37.82,0.03410726384097485,0.9993815625004023,0.008554945208406273,0.0,0.0,0.25132741228718347
37.84,0.02908341447564303,0.9995403783314113,0.008554945208406273,0.0,0.0,0.25132741228718347
37.86,0.024058830284863685,0.999673939641215,0.008554945208406273,0.0,0.0,0.25132741228718347
37.88,0.01903363822045105,0.9997822430552346,0.008554945208406273,0.0,0.0,0.25132741228718347
37.9,0.01400796524958511,0.9998652858370617,0.008554945208406273,0.0,0.0,0.25132741228718347
37.92,0.008981938351589365,0.9999230658885265,0.008554945208406273,0.0,0.0,0.25132741228718347
37.94,0.0039556845147368175,0.9999555817497505,0.008554945208406273,0.0,0.0,0.25132741228718347
37.96,-0.0010706692669728,0.9999628325991835,0.008554945208406273,0.0,0.0,0.25132741228718347
37.980000000000004,-0.006096995997009174,0.9999448182536248,0.008554945208406273,0.0,0.0,0.25132741228718347
38.0,-0.011123168679525487,0.9999015391682269,0.008554945208406273,0.0,0.0,0.25132741228718347
38.02,-0.016149060322572465,0.999832996436485,0.008554945208406273,0.0,0.0,0.25132741228718347
38.04,-0.021174543941294467,0.9997391917902094,0.008554945208406273,0.0,0.0,0.25132741228718347
38.06,-0.0261994925611522,0.9996201275994803,0.008554945208406273,0.0,0.0,0.25132741228718347
38.08,-0.03122377922111657,0.9994758068725897,0.008554945208406273,0.0,0.0,0.25132741228718347
38.1,-0.03624727697689079,0.9993062332559645,0.008554945208406273,0.0,0.0,0.25132741228718347
38.12,-0.04126985890410352,0.9991114110340741,0.008554945208406273,0.0,0.0,0.25132741228718347
38.14,-0.04629139810152997,0.9988913451293231,0.008554945208406273,0.0,0.0,0.25132741228718347
38.160000000000004,-0.05131176769428577,0.9986460411019265,0.008554945208406273,0.0,0.0,0.25132741228718347
38.18,-0.05633084083703791,0.9983755051497685,0.008554945208406273,0.0,0.0,0.25132741228718347
38.2,-0.061348490717215085,0.9980797441082466,0.008554945208406273,0.0,0.0,0.25132741228718347
38.22,-0.06636459055819909,0.9977587654500991,0.008554945208406273,0.0,0.0,0.25132741228718347
38.24,-0.07137901362254247,0.9974125772852157,0.008554945208406273,0.0,0.0,0.25132741228718347
38.26,-0.07639163321515616,0.9970411883604329,0.008554945208406273,0.0,0.0,0.25132741228718347
38.28,-0.08140232268652513,0.9966446080593132,0.008554945208406273,0.0,0.0,0.25132741228718347
38.300000000000004,-0.0864109554358956,0.9962228464019076,0.008554945208406273,0.0,0.0,0.25132741228718347
38.32,-0.09141740491447925,0.995775914044503,0.008554945208406273,0.0,0.0,0.25132741228718347
38.34,-0.09642154462865594,0.9953038222793515,0.008554945208406273,0.0,0.0,0.25132741228718347
38.36,-0.10142324814315717,0.9948065830343883,0.008554945208406273,0.0,0.0,0.25132741228718347
38.38,-0.10642238908427494,0.9942842088729255,0.008554945208406273,0.0,0.0,0.25132741228718347
38.4,-0.11141884114304046,0.9937367129933391,0.008554945208406273,0.0,0.0,0.25132741228718347
38.42,-0.11641247807842967,0.9931641092287333,0.008554945208406273,0.0,0.0,0.25132741228718347
38.44,-0.12140317372053873,0.9925664120465922,0.008554945208406273,0.0,0.0,0.25132741228718347
38.46,-0.126390801973786,0.9919436365484118,0.008554945208406273,0.0,0.0,0.25132741228718347
38.480000000000004,-0.13137523682008556,0.9912957984693221,0.008554945208406273,0.0,0.0,0.25132741228718347
38.5,-0.1363563523220366,0.9906229141776869,0.008554945208406273,0.0,0.0,0.25132741228718347
38.52,-0.14133402262611056,0.9899250006746908,0.008554945208406273,0.0,0.0,0.25132741228718347
38.54,-0.1463081219658186,0.9892020755939098,0.008554945208406273,0.0,0.0,0.25132741228718347
38.56,-0.15127852466490355,0.988454157200866,0.008554945208406273,0.0,0.0,0.25132741228718347
38.58,-0.15624510514050086,0.9876812643925662,0.008554945208406273,0.0,0.0,0.25132741228718347
38.6,-0.16120773790632592,0.986883416697023,0.008554945208406273,0.0,0.0,0.25132741228718347
38.62,-0.16616629757583043,0.9860606342727638,0.008554945208406273,0.0,0.0,0.25132741228718347
38.64,-0.1711206588653844,0.9852129379083189,0.008554945208406273,0.0,0.0,0.25132741228718347
38.660000000000004,-0.1760706965974296,0.984340349021699,0.008554945208406273,0.0,0.0,0.25132741228718347
38.68,-0.1810162857036473,0.983442889659852,0.008554945208406273,0.0,0.0,0.25132741228718347
38.7,-0.1859573012281236,0.982520582498106,0.008554945208406273,0.0,0.0,0.25132741228718347
38.72,-0.1908936183304943,0.9815734508395978,0.008554945208406273,0.0,0.0,0.25132741228718347
38.74,-0.19582511228911328,0.980601518614682,0.008554945208406273,0.0,0.0,0.25132741228718347
38.76,-0.20075165850418936,0.9796048103803294,0.008554945208406273,0.0,0.0,0.25132741228718347
38.78,-0.20567313250094896,0.9785833513195038,0.008554945208406273,0.0,0.0,0.25132741228718347
38.800000000000004,-0.21058940993276853,0.9775371672405263,0.008554945208406273,0.0,0.0,0.25132741228718347
38.82,-0.21550036658432162,0.9764662845764247,0.008554945208406273,0.0,0.0,0.25132741228718347
38.84,-0.2204058783747225,0.975370730384263,0.008554945208406273,0.0,0.0,0.25132741228718347
38.86,-0.22530582136064914,0.9742505323444618,0.008554945208406273,0.0,0.0,0.25132741228718347
38.88,-0.2302000717394886,0.9731057187600936,0.008554945208406273,0.0,0.0,0.25132741228718347
38.9,-0.2350885058524511,0.9719363185561728,0.008554945208406273,0.0,0.0,0.25132741228718347
38.92,-0.23997100018770856,0.9707423612789207,0.008554945208406273,0.0,0.0,0.25132741228718347
38.94,-0.24484743138350096,0.969523877095023,0.008554945208406273,0.0,0.0,0.25132741228718347
38.96,-0.24971767623126748,0.9682808967908634,0.008554945208406273,0.0,0.0,0.25132741228718347
38.980000000000004,-0.254581611678747,0.9670134517717497,0.008554945208406273,0.0,0.0,0.25132741228718347
39.0,-0.25943911483309273,0.9657215740611184,0.008554945208406273,0.0,0.0,0.25132741228718347
39.02,-0.26429006296398233,0.9644052962997233,0.008554945208406273,0.0,0.0,0.25132741228718347
39.04,-0.2691343335067064,0.9630646517448161,0.008554945208406273,0.0,0.0,0.25132741228718347
39.06,-0.27397180406527943,0.9616996742693008,0.008554945208406273,0.0,0.0,0.25132741228718347
39.08,-0.27880235241551815,0.9603103983608823,0.008554945208406273,0.0,0.0,0.25132741228718347
39.1,-0.2836258565081439,0.9588968591211909,0.008554945208406273,0.0,0.0,0.25132741228718347
39.12,-0.28844219447185204,0.9574590922648997,0.008554945208406273,0.0,0.0,0.25132741228718347
39.14,-0.29325124461640545,0.9559971341188178,0.008554945208406273,0.0,0.0,0.25132741228718347
39.160000000000004,-0.2980528854356966,0.954511021620976,0.008554945208406273,0.0,0.0,0.25132741228718347
39.18,-0.302846995610823,0.9530007923196926,0.008554945208406273,0.0,0.0,0.25132741228718347
39.2,-0.30763345401315784,0.9514664843726226,0.008554945208406273,0.0,0.0,0.25132741228718347
39.22,-0.31241213970739795,0.9499081365457973,0.008554945208406273,0.0,0.0,0.25132741228718347
39.24,-0.3171829319546332,0.9483257882126406,0.008554945208406273,0.0,0.0,0.25132741228718347
39.26,-0.3219457102153838,0.9467194793529791,0.008554945208406273,0.0,0.0,0.25132741228718347
39.28,-0.32670035415265897,0.9450892505520262,0.008554945208406273,0.0,0.0,0.25132741228718347
39.300000000000004,-0.3314467436349861,0.9434351429993623,0.008554945208406273,0.0,0.0,0.25132741228718347
39.32,-0.33618475873945025,0.941757198487891,0.008554945208406273,0.0,0.0,0.25132741228718347
39.34,-0.34091427975472993,0.940055459412782,0.008554945208406273,0.0,0.0,0.25132741228718347
39.36,-0.3456351871841098,0.9383299687704046,0.008554945208406273,0.0,0.0,0.25132741228718347
39.38,-0.3503473617485131,0.936580770157235,0.008554945208406273,0.0,0.0,0.25132741228718347
39.4,-0.35505068438950227,0.9348079077687615,0.008554945208406273,0.0,0.0,0.25132741228718347
39.42,-0.35974503627230037,0.9330114263983614,0.008554945208406273,0.0,0.0,0.25132741228718347
39.44,-0.3644302987887798,0.9311913714361751,0.008554945208406273,0.0,0.0,0.25132741228718347
39.46,-0.36910635356047294,0.9293477888679538,0.008554945208406273,0.0,0.0,0.25132741228718347
39.480000000000004,-0.3737730824415516,0.9274807252739029,0.008554945208406273,0.0,0.0,0.25132741228718347
39.5,-0.3784303675218164,0.9255902278275018,0.008554945208406273,0.0,0.0,0.25132741228718347
39.52,-0.3830780911296815,0.9236763442943112,0.008554945208406273,0.0,0.0,0.25132741228718347
39.54,-0.3877161358351357,0.9217391230307704,0.008554945208406273,0.0,0.0,0.25132741228718347
39.56,-0.39234438445272307,0.9197786129829706,0.008554945208406273,0.0,0.0,0.25132741228718347
39.58,-0.39696272004449007,0.9177948636854224,0.008554945208406273,0.0,0.0,0.25132741228718347
39.6,-0.40157102592295413,0.9157879252598002,0.008554945208406273,0.0,0.0,0.25132741228718347
39.62,-0.40616918565403753,0.9137578484136808,0.008554945208406273,0.0,0.0,0.25132741228718347
39.64,-0.41075708306002323,0.9117046844392565,0.008554945208406273,0.0,0.0,0.25132741228718347
39.660000000000004,-0.4153346022224788,0.9096284852120441,0.008554945208406273,0.0,0.0,0.25132741228718347
39.68,-0.4199016274851898,0.907529303189573,0.008554945208406273,0.0,0.0,0.25132741228718347
39.7,-0.4244580434570866,0.9054071914100555,0.008554945208406273,0.0,0.0,0.25132741228718347
39.72,-0.42900373501514943,0.9032622034910539,0.008554945208406273,0.0,0.0,0.25132741228718347
39.74,-0.4335385873073292,0.9010943936281194,0.008554945208406273,0.0,0.0,0.25132741228718347
39.76,-0.43806248575543644,0.8989038165934277,0.008554945208406273,0.0,0.0,0.25132741228718347
39.78,-0.4425753160580499,0.896690527734391,0.008554945208406273,0.0,0.0,0.25132741228718347
39.800000000000004,-0.44707696419339243,0.8944545829722623,0.008554945208406273,0.0,0.0,0.25132741228718347
39.82,-0.45156731642221715,0.8921960388007226,0.008554945208406273,0.0,0.0,0.25132741228718347
39.84,-0.45604625929068576,0.8899149522844507,0.008554945208406273,0.0,0.0,0.25132741228718347
39.86,-0.46051367963322415,0.8876113810576857,0.008554945208406273,0.0,0.0,0.25132741228718347
39.88,-0.4649694645753943,0.8852853833227651,0.008554945208406273,0.0,0.0,0.25132741228718347
39.9,-0.46941350153673306,0.8829370178486614,0.008554945208406273,0.0,0.0,0.25132741228718347
39.92,-0.47384567823360996,0.8805663439694901,0.008554945208406273,0.0,0.0,0.25132741228718347
39.94,-0.47826588268205117,0.8781734215830165,0.008554945208406273,0.0,0.0,0.25132741228718347
39.96,-0.48267400320058185,0.875758311149137,0.008554945208406273,0.0,0.0,0.25132741228718347
39.980000000000004,-0.48706992841303604,0.8733210736883564,0.008554945208406273,0.0,0.0,0.25132741228718347
40.0,-0.4914535472513768,0.8708617707802443,0.008554945208406273,0.0,0.0,0.25132741228718347
40.02,-0.495824748958506,0.8683804645618752,0.008554945208406273,0.0,0.0,0.25132741228718347
40.04,-0.5001834230910518,0.865877217726267,0.008554945208406273,0.0,0.0,0.25132741228718347
40.06,-0.5045294595221725,0.8633520935207881,0.008554945208406273,0.0,0.0,0.25132741228718347
40.08,-0.5088627484443259,0.8608051557455669,0.008554945208406273,0.0,0.0,0.25132741228718347
40.1,-0.5131831803720565,0.8582364687518731,0.008554945208406273,0.0,0.0,0.25132741228718347
40.12,-0.5174906461447483,0.8556460974404979,0.008554945208406273,0.0,0.0,0.25132741228718347
40.14,-0.5217850369293969,0.853034107260109,0.008554945208406273,0.0,0.0,0.25132741228718347
40.160000000000004,-0.5260662442233474,0.8504005642056011,0.008554945208406273,0.0,0.0,0.25132741228718347
40.18,-0.530334159857041,0.847745534816427,0.008554945208406273,0.0,0.0,0.25132741228718347
40.2,-0.5345886759967525,0.8450690861749132,0.008554945208406273,0.0,0.0,0.25132741228718347
40.22,-0.538829685147303,0.8423712859045722,0.008554945208406273,0.0,0.0,0.25132741228718347
40.24,-0.54305708015479,0.8396522021683848,0.008554945208406273,0.0,0.0,0.25132741228718347
40.26,-0.5472707542092816,0.8369119036670877,0.008554945208406273,0.0,0.0,0.25132741228718347
40.28,-0.5514706008475271,0.8341504596374278,0.008554945208406273,0.0,0.0,0.25132741228718347
40.300000000000004,-0.5556565139556366,0.8313679398504216,0.008554945208406273,0.0,0.0,0.25132741228718347
40.32,-0.559828387771767,0.8285644146095876,0.008554945208406273,0.0,0.0,0.25132741228718347
40.34,-0.5639861168887982,0.825739954749169,0.008554945208406273,0.0,0.0,0.25132741228718347
40.36,-0.5681295962569854,0.822894631632349,0.008554945208406273,0.0,0.0,0.25132741228718347
40.38,-0.5722587211866268,0.8200285171494408,0.008554945208406273,0.0,0.0,0.25132741228718347
40.4,-0.5763733873506955,0.8171416837160794,0.008554945208406273,0.0,0.0,0.25132741228718347
40.42,-0.5804734907874876,0.8142342042713835,0.008554945208406273,0.0,0.0,0.25132741228718347
40.44,-0.5845589279032367,0.8113061522761198,0.008554945208406273,0.0,0.0,0.25132741228718347
40.46,-0.5886295954747438,0.8083576017108415,0.008554945208406273,0.0,0.0,0.25132741228718347
40.480000000000004,-0.5926853906519752,0.8053886270740229,0.008554945208406273,0.0,0.0,0.25132741228718347
40.5,-0.5967262109606646,0.8023993033801766,0.008554945208406273,0.0,0.0,0.25132741228718347
40.52,-0.6007519543049069,0.7993897061579534,0.008554945208406273,0.0,0.0,0.25132741228718347
40.54,-0.6047625189697285,0.7963599114482428,0.008554945208406273,0.0,0.0,0.25132741228718347
40.56,-0.6087578036236675,0.7933099958022415,0.008554945208406273,0.0,0.0,0.25132741228718347
40.58,-0.6127377073213234,0.7902400362795295,0.008554945208406273,0.0,0.0,0.25132741228718347
40.6,-0.6167021295059189,0.7871501104461136,0.008554945208406273,0.0,0.0,0.25132741228718347
40.62,-0.6206509700118285,0.7840402963724762,0.008554945208406273,0.0,0.0,0.25132741228718347
40.64,-0.6245841290671216,0.7809106726315945,0.008554945208406273,0.0,0.0,0.25132741228718347
40.660000000000004,-0.6285015072960725,0.7777613182969626,0.008554945208406273,0.0,0.0,0.25132741228718347
40.68,-0.6324030057216764,0.7745923129405905,0.008554945208406273,0.0,0.0,0.25132741228718347
40.7,-0.636288525768154,0.7714037366309898,0.008554945208406273,0.0,0.0,0.25132741228718347
40.72,-0.6401579692634318,0.7681956699311597,0.008554945208406273,0.0,0.0,0.25132741228718347
40.74,-0.6440112384416345,0.764968193896541,0.008554945208406273,0.0,0.0,0.25132741228718347
40.76,-0.6478482359455441,0.7617213900729783,0.008554945208406273,0.0,0.0,0.25132741228718347
40.78,-0.6516688648290693,0.7584553404946501,0.008554945208406273,0.0,0.0,0.25132741228718347
40.800000000000004,-0.6554730285596875,0.7551701276820042,0.008554945208406273,0.0,0.0,0.25132741228718347
40.82,-0.6592606310208866,0.7518658346396689,0.008554945208406273,0.0,0.0,0.25132741228718347
40.84,-0.6630315765145975,0.748542544854353,0.008554945208406273,0.0,0.0,0.25132741228718347
40.86,-0.6667857697636033,0.745200342292744,0.008554945208406273,0.0,0.0,0.25132741228718347
40.88,-0.6705231159139565,0.7418393113993775,0.008554945208406273,0.0,0.0,0.25132741228718347
40.9,-0.6742435205373656,0.7384595370945131,0.008554945208406273,0.0,0.0,0.25132741228718347
40.92,-0.6779468896335917,0.735061104771979,0.008554945208406273,0.0,0.0,0.25132741228718347
40.94,-0.6816331296328118,0.7316441002970245,0.008554945208406273,0.0,0.0,0.25132741228718347
40.96,-0.6853021473979939,0.7282086100041404,0.008554945208406273,0.0,0.0,0.25132741228718347
40.980000000000004,-0.6889538502272426,0.7247547206948861,0.008554945208406273,0.0,0.0,0.25132741228718347
41.0,-0.6925881458561435,0.721282519635693,0.008554945208406273,0.0,0.0,0.25132741228718347
41.02,-0.696204942460098,0.7177920945556566,0.008554945208406273,0.0,0.0,0.25132741228718347
41.04,-0.6998041486566359,0.7142835336443271,0.008554945208406273,0.0,0.0,0.25132741228718347
41.06,-0.7033856735077335,0.7107569255494725,0.008554945208406273,0.0,0.0,0.25132741228718347
41.08,-0.7069494265221009,0.707212359374848,0.008554945208406273,0.0,0.0,0.25132741228718347
41.1,-0.7104953176574794,0.7036499246779353,0.008554945208406273,0.0,0.0,0.25132741228718347
41.12,-0.7140232573229056,0.7000697114676897,0.008554945208406273,0.0,0.0,0.25132741228718347
41.14,-0.7175331563809858,0.6964718102022553,0.008554945208406273,0.0,0.0,0.25132741228718347
41.160000000000004,-0.7210249261501381,0.6928563117866897,0.008554945208406273,0.0,0.0,0.25132741228718347
41.18,-0.7244984784068383,0.6892233075706615,0.008554945208406273,0.0,0.0,0.25132741228718347
41.2,-0.7279537253878517,0.68557288934614,0.008554945208406273,0.0,0.0,0.25132741228718347
41.22,-0.7313905797924429,0.6819051493450835,0.008554945208406273,0.0,0.0,0.25132741228718347
41.24,-0.7348089547845897,0.6782201802371003,0.008554945208406273,0.0,0.0,0.25132741228718347
41.26,-0.7382087639951692,0.6745180751271168,0.008554945208406273,0.0,0.0,0.25132741228718347
41.28,-0.7415899215241479,0.6707989275530142,0.008554945208406273,0.0,0.0,0.25132741228718347
41.300000000000004,-0.7449523419427456,0.667062831483275,0.008554945208406273,0.0,0.0,0.25132741228718347
41.32,-0.7482959402955962,0.663309881314605,0.008554945208406273,0.0,0.0,0.25132741228718347
41.34,-0.7516206321028973,0.659540171869543,0.008554945208406273,0.0,0.0,0.25132741228718347
41.36,-0.7549263333625379,0.6557537983940764,0.008554945208406273,0.0,0.0,0.25132741228718347
41.38,-0.7582129605522292,0.6519508565552224,0.008554945208406273,0.0,0.0,0.25132741228718347
41.4,-0.7614804306316056,0.6481314424386219,0.008554945208406273,0.0,0.0,0.25132741228718347
41.42,-0.7647286610443322,0.6442956525461014,0.008554945208406273,0.0,0.0,0.25132741228718347
41.44,-0.767957569720182,0.6404435837932455,0.008554945208406273,0.0,0.0,0.25132741228718347
41.46,-0.7711670750771176,0.636575333506937,0.008554945208406273,0.0,0.0,0.25132741228718347
41.480000000000004,-0.7743570960233447,0.6326909994229072,0.008554945208406273,0.0,0.0,0.25132741228718347
41.5,-0.7775275519593656,0.6287906796832633,0.008554945208406273,0.0,0.0,0.25132741228718347
41.52,-0.7806783627800181,0.6248744728340042,0.008554945208406273,0.0,0.0,0.25132741228718347
41.54,-0.7838094488764911,0.62094247782254,0.008554945208406273,0.0,0.0,0.25132741228718347
41.56,-0.7869207311383458,0.6169947939951809,0.008554945208406273,0.0,0.0,0.25132741228718347
41.58,-0.790012130955505,0.6130315210946385,0.008554945208406273,0.0,0.0,0.25132741228718347
41.6,-0.793083570220249,0.6090527592574946,0.008554945208406273,0.0,0.0,0.25132741228718347
41.62,-0.7961349713291795,0.6050586090116821,0.008554945208406273,0.0,0.0,0.25132741228718347
41.64,-0.7991662571851886,0.6010491712739333,0.008554945208406273,0.0,0.0,0.25132741228718347
41.660000000000004,-0.8021773511994005,0.5970245473472413,0.008554945208406273,0.0,0.0,0.25132741228718347
41.68,-0.8051681772931093,0.5929848389182955,0.008554945208406273,0.0,0.0,0.25132741228718347
41.7,-0.8081386598997042,0.5889301480549078,0.008554945208406273,0.0,0.0,0.25132741228718347
41.72,-0.8110887239665708,0.5848605772034435,0.008554945208406273,0.0,0.0,0.25132741228718347
41.74,-0.8140182949569975,0.5807762291862225,0.008554945208406273,0.0,0.0,0.25132741228718347
41.76,-0.8169272988520485,0.576677207198933,0.008554945208406273,0.0,0.0,0.25132741228718347
41.78,-0.8198156621524435,0.5725636148080108,0.008554945208406273,0.0,0.0,0.25132741228718347
41.800000000000004,-0.822683311880407,0.5684355559480336,0.008554945208406273,0.0,0.0,0.25132741228718347
41.82,-0.8255301755815158,0.5642931349190924,0.008554945208406273,0.0,0.0,0.25132741228718347
41.84,-0.8283561813265319,0.5601364563841487,0.008554945208406273,0.0,0.0,0.25132741228718347
41.86,-0.831161257713213,0.5559656253664028,0.008554945208406273,0.0,0.0,0.25132741228718347
41.88,-0.8339453338681252,0.5517807472466276,0.008554945208406273,0.0,0.0,0.25132741228718347
41.9,-0.8367083394484249,0.5475819277605174,0.008554945208406273,0.0,0.0,0.25132741228718347
41.92,-0.8394502046436451,0.5433692729960056,0.008554945208406273,0.0,0.0,0.25132741228718347
41.94,-0.84217086017745,0.5391428893905951,0.008554945208406273,0.0,0.0,0.25132741228718347
41.96,-0.844870237309394,0.5349028837286577,0.008554945208406273,0.0,0.0,0.25132741228718347
41.980000000000004,-0.8475482678366515,0.5306493631387464,0.008554945208406273,0.0,0.0,0.25132741228718347
42.0,-0.8502048840957435,0.5263824350908842,0.008554945208406273,0.0,0.0,0.25132741228718347
42.02,-0.8528400189642493,0.522102207393844,0.008554945208406273,0.0,0.0,0.25132741228718347
42.04,-0.855453605862496,0.5178087881924359,0.008554945208406273,0.0,0.0,0.25132741228718347
42.06,-0.8580455787552486,0.5135022859647624,0.008554945208406273,0.0,0.0,0.25132741228718347
42.08,-0.8606158721533704,0.5091828095194887,0.008554945208406273,0.0,0.0,0.25132741228718347
42.1,-0.863164421115486,0.5048504679930828,0.008554945208406273,0.0,0.0,0.25132741228718347
42.12,-0.8656911612496134,0.5005053708470695,0.008554945208406273,0.0,0.0,0.25132741228718347
42.14,-0.8681960287147998,0.49614762786525257,0.008554945208406273,0.0,0.0,0.25132741228718347
42.160000000000004,-0.8706789602227272,0.4917773491509522,0.008554945208406273,0.0,0.0,0.25132741228718347
42.18,-0.8731398930393142,0.487394645124218,0.008554945208406273,0.0,0.0,0.25132741228718347
42.2,-0.8755787649863035,0.4829996265190342,0.008554945208406273,0.0,0.0,0.25132741228718347
42.22,-0.8779955144428288,0.47859240438053346,0.008554945208406273,0.0,0.0,0.25132741228718347
42.24,-0.8803900803469752,0.4741730900621778,0.008554945208406273,0.0,0.0,0.25132741228718347
42.26,-0.8827624021973179,0.46974179522295845,0.008554945208406273,0.0,0.0,0.25132741228718347
42.28,-0.8851124200544574,0.4652986318245618,0.008554945208406273,0.0,0.0,0.25132741228718347
42.300000000000004,-0.887440074542526,0.4608437121285517,0.008554945208406273,0.0,0.0,0.25132741228718347
42.32,-0.8897453068506926,0.45637714869352813,0.008554945208406273,0.0,0.0,0.25132741228718347
42.34,-0.8920280587346501,0.45189905437227795,0.008554945208406273,0.0,0.0,0.25132741228718347
42.36,-0.894288272518082,0.4474095423089363,0.008554945208406273,0.0,0.0,0.25132741228718347
42.38,-0.8965258910941256,0.4429087259361136,0.008554945208406273,0.0,0.0,0.25132741228718347
42.4,-0.8987408579268082,0.43839671897204274,0.008554945208406273,0.0,0.0,0.25132741228718347
42.42,-0.9009331170524825,0.4338736354176937,0.008554945208406273,0.0,0.0,0.25132741228718347
42.44,-0.903102613081234,0.429339589553905,0.008554945208406273,0.0,0.0,0.25132741228718347
42.46,-0.9052492911982857,0.4247946959384842,0.008554945208406273,0.0,0.0,0.25132741228718347
42.480000000000004,-0.9073730971653813,0.420239069403324,0.008554945208406273,0.0,0.0,0.25132741228718347
42.5,-0.9094739773221531,0.41567282505149733,0.008554945208406273,0.0,0.0,0.25132741228718347
42.52,-0.9115518785874822,0.4110960782543426,0.008554945208406273,0.0,0.0,0.25132741228718347
42.54,-0.9136067484608362,0.4065089446485612,0.008554945208406273,0.0,0.0,0.25132741228718347
42.56,-0.9156385350235983,0.4019115401332825,0.008554945208406273,0.0,0.0,0.25132741228718347
42.58,-0.9176471869403755,0.3973039808671489,0.008554945208406273,0.0,0.0,0.25132741228718347
42.6,-0.9196326534603007,0.3926863832653672,0.008554945208406273,0.0,0.0,0.25132741228718347
42.62,-0.9215948844183091,0.38805886399678063,0.008554945208406273,0.0,0.0,0.25132741228718347
42.64,-0.9235338302364117,0.38342153998090833,0.008554945208406273,0.0,0.0,0.25132741228718347
42.660000000000004,-0.9254494419249426,0.37877452838500214,0.008554945208406273,0.0,0.0,0.25132741228718347
42.68,-0.9273416710837995,0.3741179466210816,0.008554945208406273,0.0,0.0,0.25132741228718347
42.7,-0.9292104699036685,0.3694519123429627,0.008554945208406273,0.0,0.0,0.25132741228718347
42.72,-0.9310557911672261,0.3647765434432963,0.008554945208406273,0.0,0.0,0.25132741228718347
42.74,-0.9328775882503396,0.3600919580505765,0.008554945208406273,0.0,0.0,0.25132741228718347
42.76,-0.9346758151232382,0.35539827452616923,0.008554945208406273,0.0,0.0,0.25132741228718347
42.78,-0.936450426351682,0.3506956114613086,0.008554945208406273,0.0,0.0,0.25132741228718347
42.800000000000004,-0.9382013770981049,0.3459840876741116,0.008554945208406273,0.0,0.0,0.25132741228718347
42.82,-0.9399286231227506,0.3412638222065713,0.008554945208406273,0.0,0.0,0.25132741228718347
42.84,-0.9416321207847901,0.33653493432154485,0.008554945208406273,0.0,0.0,0.25132741228718347
42.86,-0.943311827043422,0.3317975434997508,0.008554945208406273,0.0,0.0,0.25132741228718347
42.88,-0.944967699458964,0.3270517694367374,0.008554945208406273,0.0,0.0,0.25132741228718347
42.9,-0.9465996961939205,0.3222977320398717,0.008554945208406273,0.0,0.0,0.25132741228718347
42.92,-0.9482077760140445,0.3175355514252966,0.008554945208406273,0.0,0.0,0.25132741228718347
42.94,-0.9497918982893743,0.3127653479149095,0.008554945208406273,0.0,0.0,0.25132741228718347
42.96,-0.9513520229952652,0.30798724203330824,0.008554945208406273,0.0,0.0,0.25132741228718347
42.980000000000004,-0.9528881107133973,0.30320135450475844,0.008554945208406273,0.0,0.0,0.25132741228718347
43.0,-0.954400122632771,0.2984078062501376,0.008554945208406273,0.0,0.0,0.25132741228718347
43.02,-0.9558880205506917,0.2936067183838753,0.008554945208406273,0.0,0.0,0.25132741228718347
43.04,-0.9573517668737304,0.2887982122109047,0.008554945208406273,0.0,0.0,0.25132741228718347
43.06,-0.9587913246186768,0.2839824092235838,0.008554945208406273,0.0,0.0,0.25132741228718347
43.08,-0.9602066574134711,0.2791594310986402,0.008554945208406273,0.0,0.0,0.25132741228718347
43.1,-0.9615977294981265,0.2743293996940822,0.008554945208406273,0.0,0.0,0.25132741228718347
43.12,-0.962964505725628,0.2694924370461344,0.008554945208406273,0.0,0.0,0.25132741228718347
43.14,-0.964306951562825,0.26464866536613985,0.008554945208406273,0.0,0.0,0.25132741228718347
43.160000000000004,-0.9656250330913008,0.2597982070374852,0.008554945208406273,0.0,0.0,0.25132741228718347
43.18,-0.9669187170082297,0.25494118461250254,0.008554945208406273,0.0,0.0,0.25132741228718347
43.2,-0.9681879706272222,0.2500777208093682,0.008554945208406273,0.0,0.0,0.25132741228718347
43.22,-0.9694327618791446,0.245207938509014,0.008554945208406273,0.0,0.0,0.25132741228718347
43.24,-0.9706530593129358,0.24033196075200902,0.008554945208406273,0.0,0.0,0.25132741228718347
43.26,-0.9718488320963957,0.23544991073546448,0.008554945208406273,0.0,0.0,0.25132741228718347
43.28,-0.9730200500169705,0.2305619118099072,0.008554945208406273,0.0,0.0,0.25132741228718347
43.300000000000004,-0.9741666834825102,0.22566808747617503,0.008554945208406273,0.0,0.0,0.25132741228718347
43.32,-0.9752887035220194,0.22076856138229145,0.008554945208406273,0.0,0.0,0.25132741228718347
43.34,-0.9763860817863905,0.21586345732033613,0.008554945208406273,0.0,0.0,0.25132741228718347
43.36,-0.9774587905491159,0.21095289922332938,0.008554945208406273,0.0,0.0,0.25132741228718347
43.38,-0.9785068027069933,0.206037011162087,0.008554945208406273,0.0,0.0,0.25132741228718347
43.4,-0.9795300917808061,0.2011159173420993,0.008554945208406273,0.0,0.0,0.25132741228718347
43.42,-0.9805286319159964,0.19618974210037898,0.008554945208406273,0.0,0.0,0.25132741228718347
43.44,-0.9815023978833142,0.19125860990233357,0.008554945208406273,0.0,0.0,0.25132741228718347
43.46,-0.9824513650794591,0.1863226453386069,0.008554945208406273,0.0,0.0,0.25132741228718347
43.480000000000004,-0.9833755095276979,0.1813819731219431,0.008554945208406273,0.0,0.0,0.25132741228718347
43.5,-0.9842748078784731,0.17643671808403052,0.008554945208406273,0.0,0.0,0.25132741228718347
43.52,-0.9851492374099927,0.17148700517234255,0.008554945208406273,0.0,0.0,0.25132741228718347
43.54,-0.9859987760288018,0.16653295944699267,0.008554945208406273,0.0,0.0,0.25132741228718347
43.56,-0.9868234022703447,0.1615747060775608,0.008554945208406273,0.0,0.0,0.25132741228718347
43.58,-0.9876230952995039,0.15661237033994485,0.008554945208406273,0.0,0.0,0.25132741228718347
43.6,-0.9883978349111283,0.15164607761318133,0.008554945208406273,0.0,0.0,0.25132741228718347
43.62,-0.9891476015305427,0.14667595337629163,0.008554945208406273,0.0,0.0,0.25132741228718347
43.64,-0.9898723762140434,0.14170212320509754,0.008554945208406273,0.0,0.0,0.25132741228718347
43.660000000000004,-0.990572140649376,0.13672471276906073,0.008554945208406273,0.0,0.0,0.25132741228718347
43.68,-0.9912468771561983,0.13174384782810247,0.008554945208406273,0.0,0.0,0.25132741228718347
43.7,-0.9918965686865275,0.12675965422942043,0.008554945208406273,0.0,0.0,0.25132741228718347
43.72,-0.99252119882517,0.12177225790432195,0.008554945208406273,0.0,0.0,0.25132741228718347
43.74,-0.9931207517901374,0.11678178486502763,0.008554945208406273,0.0,0.0,0.25132741228718347
43.76,-0.9936952124330435,0.11178836120150196,0.008554945208406273,0.0,0.0,0.25132741228718347
43.78,-0.9942445662394898,0.10679211307825312,0.008554945208406273,0.0,0.0,0.25132741228718347
43.800000000000004,-0.9947687993294283,0.10179316673115779,0.008554945208406273,0.0,0.0,0.25132741228718347
43.82,-0.9952678984575157,0.09679164846426636,0.008554945208406273,0.0,0.0,0.25132741228718347
43.84,-0.9957418510134464,0.0917876846466063,0.008554945208406273,0.0,0.0,0.25132741228718347
43.86,-0.9961906450222717,0.08678140170900193,0.008554945208406273,0.0,0.0,0.25132741228718347
43.88,-0.9966142691447026,0.08177292614086554,0.008554945208406273,0.0,0.0,0.25132741228718347
43.9,-0.9970127126773943,0.0767623844870159,0.008554945208406273,0.0,0.0,0.25132741228718347
43.92,-0.9973859655532197,0.07174990334446661,0.008554945208406273,0.0,0.0,0.25132741228718347
43.94,-0.9977340183415212,0.06673560935924179,0.008554945208406273,0.0,0.0,0.25132741228718347
43.96,-0.9980568622483508,0.061719629223161994,0.008554945208406273,0.0,0.0,0.25132741228718347
43.980000000000004,-0.998354489116691,0.05670208967065559,0.008554945208406273,0.0,0.0,0.25132741228718347
44.0,-0.9986268914266613,0.05168311747555138,0.008554945208406273,0.0,0.0,0.25132741228718347
44.02,-0.9988740622957083,0.04666283944787016,0.008554945208406273,0.0,0.0,0.25132741228718347
44.04,-0.9990959954787799,0.041641382430633235,0.008554945208406273,0.0,0.0,0.25132741228718347
44.06,-0.9992926853684824,0.03661887329664322,0.008554945208406273,0.0,0.0,0.25132741228718347
44.08,-0.9994641269952224,0.031595438945292854,0.008554945208406273,0.0,0.0,0.25132741228718347
44.1,-0.9996103160273336,0.026571206299344365,0.008554945208406273,0.0,0.0,0.25132741228718347
44.12,-0.9997312487711837,0.02154630230173693,0.008554945208406273,0.0,0.0,0.25132741228718347
44.14,-0.9998269221712698,0.01652085391236508,0.008554945208406273,0.0,0.0,0.25132741228718347
44.160000000000004,-0.999897333810295,0.01149498810488335,0.008554945208406273,0.0,0.0,0.25132741228718347
44.18,-0.9999424819092295,0.006468831863492832,0.008554945208406273,0.0,0.0,0.25132741228718347
44.2,-0.9999623653273553,0.0014425121797273994,0.008554945208406273,0.0,0.0,0.25132741228718347
44.22,-0.9999569835622953,-0.003583843950742376,0.008554945208406273,0.0,0.0,0.25132741228718347
44.24,-0.9999263367500257,-0.0086101095313322,0.008554945208406273,0.0,0.0,0.25132741228718347
44.26,-0.9998704256648735,-0.013636157567738469,0.008554945208406273,0.0,0.0,0.25132741228718347
44.28,-0.9997892517194952,-0.018661861071161245,0.008554945208406273,0.0,0.0,0.25132741228718347
44.300000000000004,-0.9996828169648426,-0.02368709306150022,0.008554945208406273,0.0,0.0,0.25132741228718347
44.32,-0.9995511240901108,-0.028711726570568433,0.008554945208406273,0.0,0.0,0.25132741228718347
44.34,-0.9993941764226695,-0.03373563464530555,0.008554945208406273,0.0,0.0,0.25132741228718347
44.36,-0.9992119779279792,-0.03875869035097306,0.008554945208406273,0.0,0.0,0.25132741228718347
44.38,-0.9990045332094922,-0.04378076677437561,0.008554945208406273,0.0,0.0,0.25132741228718347
44.4,-0.9987718475085338,-0.04880173702705345,0.008554945208406273,0.0,0.0,0.25132741228718347
44.42,-0.9985139267041723,-0.053821474248502574,0.008554945208406273,0.0,0.0,0.25132741228718347
44.44,-0.9982307773130694,-0.05883985160936579,0.008554945208406273,0.0,0.0,0.25132741228718347
44.46,-0.9979224064893157,-0.06385674231465145,0.008554945208406273,0.0,0.0,0.25132741228718347
44.480000000000004,-0.9975888220242497,-0.06887201960692463,0.008554945208406273,0.0,0.0,0.25132741228718347
44.5,-0.9972300323462614,-0.07388555676951505,0.008554945208406273,0.0,0.0,0.25132741228718347
44.52,-0.9968460465205786,-0.07889722712972418,0.008554945208406273,0.0,0.0,0.25132741228718347
44.54,-0.9964368742490389,-0.08390690406201323,0.008554945208406273,0.0,0.0,0.25132741228718347
44.56,-0.9960025258698436,-0.08891446099121679,0.008554945208406273,0.0,0.0,0.25132741228718347
44.58,-0.9955430123572974,-0.09391977139572653,0.008554945208406273,0.0,0.0,0.25132741228718347
44.6,-0.9950583453215299,-0.09892270881070234,0.008554945208406273,0.0,0.0,0.25132741228718347
44.62,-0.9945485370082034,-0.10392314683125309,0.008554945208406273,0.0,0.0,0.25132741228718347
44.64,-0.9940136002982033,-0.10892095911564496,0.008554945208406273,0.0,0.0,0.25132741228718347
44.660000000000004,-0.9934535487073121,-0.11391601938848098,0.008554945208406273,0.0,0.0,0.25132741228718347
44.68,-0.9928683963858683,-0.11890820144389677,0.008554945208406273,0.0,0.0,0.25132741228718347
44.7,-0.992258158118409,-0.1238973791487548,0.008554945208406273,0.0,0.0,0.25132741228718347
44.72,-0.9916228493232966,-0.12888342644581874,0.008554945208406273,0.0,0.0,0.25132741228718347
44.74,-0.9909624860523276,-0.1338662173569527,0.008554945208406273,0.0,0.0,0.25132741228718347
44.76,-0.9902770849903294,-0.1388456259862899,0.008554945208406273,0.0,0.0,0.25132741228718347
44.78,-0.9895666634547361,-0.14382152652342786,0.008554945208406273,0.0,0.0,0.25132741228718347
44.800000000000004,-0.9888312393951545,-0.14879379324659475,0.008554945208406273,0.0,0.0,0.25132741228718347
44.82,-0.9880708313929075,-0.15376230052583115,0.008554945208406273,0.0,0.0,0.25132741228718347
44.84,-0.9872854586605653,-0.15872692282616957,0.008554945208406273,0.0,0.0,0.25132741228718347
44.86,-0.9864751410414612,-0.16368753471079378,0.008554945208406273,0.0,0.0,0.25132741228718347
44.88,-0.9856398990091876,-0.16864401084422248,0.008554945208406273,0.0,0.0,0.25132741228718347
44.9,-0.9847797536670828,-0.17359622599546154,0.008554945208406273,0.0,0.0,0.25132741228718347
44.92,-0.9838947267476936,-0.1785440550411826,0.008554945208406273,0.0,0.0,0.25132741228718347
44.94,-0.9829848406122298,-0.18348737296887008,0.008554945208406273,0.0,0.0,0.25132741228718347
44.96,-0.9820501182499952,-0.18842605487999398,0.008554945208406273,0.0,0.0,0.25132741228718347
44.980000000000004,-0.9810905832778108,-0.1933599759931533,0.008554945208406273,0.0,0.0,0.25132741228718347
45.0,-0.9801062599394164,-0.19828901164723395,0.008554945208406273,0.0,0.0,0.25132741228718347
45.02,-0.9790971731048568,-0.20321303730456375,0.008554945208406273,0.0,0.0,0.25132741228718347
45.04,-0.9780633482698557,-0.20813192855404683,0.008554945208406273,0.0,0.0,0.25132741228718347
45.06,-0.9770048115551694,-0.21304556111432085,0.008554945208406273,0.0,0.0,0.25132741228718347
45.08,-0.9759215897059291,-0.2179538108368834,0.008554945208406273,0.0,0.0,0.25132741228718347
45.1,-0.9748137100909627,-0.22285655370924234,0.008554945208406273,0.0,0.0,0.25132741228718347
45.12,-0.9736812007021058,-0.2277536658580355,0.008554945208406273,0.0,0.0,0.25132741228718347
45.14,-0.9725240901534915,-0.23264502355217412,0.008554945208406273,0.0,0.0,0.25132741228718347
45.160000000000004,-0.9713424076808305,-0.23753050320595734,0.008554945208406273,0.0,0.0,0.25132741228718347
45.18,-0.9701361831406707,-0.24240998138219952,0.008554945208406273,0.0,0.0,0.25132741228718347
45.2,-0.9689054470096428,-0.24728333479535425,0.008554945208406273,0.0,0.0,0.25132741228718347
45.22,-0.9676502303836914,-0.25215044031461736,0.008554945208406273,0.0,0.0,0.25132741228718347
45.24,-0.9663705649772875,-0.2570111749670518,0.008554945208406273,0.0,0.0,0.25132741228718347
45.26,-0.9650664831226295,-0.2618654159406808,0.008554945208406273,0.0,0.0,0.25132741228718347
45.28,-0.9637380177688237,-0.2667130405876045,0.008554945208406273,0.0,0.0,0.25132741228718347
45.300000000000004,-0.9623852024810539,-0.27155392642708676,0.008554945208406273,0.0,0.0,0.25132741228718347
45.32,-0.9610080714397329,-0.27638795114865544,0.008554945208406273,0.0,0.0,0.25132741228718347
45.34,-0.959606659439638,-0.2812149926151972,0.008554945208406273,0.0,0.0,0.25132741228718347
45.36,-0.9581810018890331,-0.28603492886603166,0.008554945208406273,0.0,0.0,0.25132741228718347
45.38,-0.956731134808772,-0.29084763812000686,0.008554945208406273,0.0,0.0,0.25132741228718347
45.4,-0.955257094831392,-0.2956529987785621,0.008554945208406273,0.0,0.0,0.25132741228718347
45.42,-0.9537589192001833,-0.3004508894288143,0.008554945208406273,0.0,0.0,0.25132741228718347
45.44,-0.9522366457682536,-0.3052411888466114,0.008554945208406273,0.0,0.0,0.25132741228718347
45.46,-0.9506903129975667,-0.3100237759996097,0.008554945208406273,0.0,0.0,0.25132741228718347
45.480000000000004,-0.9491199599579739,-0.3147985300503191,0.008554945208406273,0.0,0.0,0.25132741228718347
45.5,-0.9475256263262263,-0.319565330359162,0.008554945208406273,0.0,0.0,0.25132741228718347
45.52,-0.9459073523849699,-0.32432405648752605,0.008554945208406273,0.0,0.0,0.25132741228718347
45.54,-0.9442651790217322,-0.32907458820079555,0.008554945208406273,0.0,0.0,0.25132741228718347
45.56,-0.9425991477278851,-0.33381680547140286,0.008554945208406273,0.0,0.0,0.25132741228718347
45.58,-0.9409093005975989,-0.33855058848184716,0.008554945208406273,0.0,0.0,0.25132741228718347
45.6,-0.939195680326777,-0.3432758176277354,0.008554945208406273,0.0,0.0,0.25132741228718347
45.62,-0.93745833021198,-0.34799237352079143,0.008554945208406273,0.0,0.0,0.25132741228718347
45.64,-0.9356972941493277,-0.352700136991885,0.008554945208406273,0.0,0.0,0.25132741228718347
45.660000000000004,-0.933912616633394,-0.35739898909403117,0.008554945208406273,0.0,0.0,0.25132741228718347
45.68,-0.9321043427560807,-0.3620888111054015,0.008554945208406273,0.0,0.0,0.25132741228718347
45.7,-0.9302725182054767,-0.36676948453232716,0.008554945208406273,0.0,0.0,0.25132741228718347
45.72,-0.9284171892647083,-0.37144089111228284,0.008554945208406273,0.0,0.0,0.25132741228718347
45.74,-0.9265384028107638,-0.37610291281688685,0.008554945208406273,0.0,0.0,0.25132741228718347
45.76,-0.9246362063133149,-0.38075543185487026,0.008554945208406273,0.0,0.0,0.25132741228718347
45.78,-0.9227106478335124,-0.385398330675067,0.008554945208406273,0.0,0.0,0.25132741228718347
45.800000000000004,-0.9207617760227749,-0.39003149196937115,0.008554945208406273,0.0,0.0,0.25132741228718347
45.82,-0.91878964012156,-0.3946547986757065,0.008554945208406273,0.0,0.0,0.25132741228718347
45.84,-0.9167942899581165,-0.39926813398098954,0.008554945208406273,0.0,0.0,0.25132741228718347
45.86,-0.9147757759472303,-0.4038713813240684,0.008554945208406273,0.0,0.0,0.25132741228718347
45.88,-0.9127341490889457,-0.4084644243986819,0.008554945208406273,0.0,0.0,0.25132741228718347
45.9,-0.9106694609672825,-0.41304714715638474,0.008554945208406273,0.0,0.0,0.25132741228718347
45.92,-0.9085817637489253,-0.4176194338094925,0.008554945208406273,0.0,0.0,0.25132741228718347
45.94,-0.9064711101819141,-0.4221811688339945,0.008554945208406273,0.0,0.0,0.25132741228718347
45.96,-0.9043375535943028,-0.42673223697248513,0.008554945208406273,0.0,0.0,0.25132741228718347
45.980000000000004,-0.9021811478928192,-0.43127252323706505,0.008554945208406273,0.0,0.0,0.25132741228718347
46.0,-0.9000019475614996,-0.435801912912251,0.008554945208406273,0.0,0.0,0.25132741228718347
46.02,-0.8978000076603103,-0.4403202915578798,0.008554945208406273,0.0,0.0,0.25132741228718347
46.04,-0.8955753838237616,-0.44482754501198735,0.008554945208406273,0.0,0.0,0.25132741228718347
46.06,-0.8933281322594958,-0.4493235593937069,0.008554945208406273,0.0,0.0,0.25132741228718347
46.08,-0.8910583097468743,-0.4538082211061331,0.008554945208406273,0.0,0.0,0.25132741228718347
46.1,-0.8887659736355348,-0.4582814168392053,0.008554945208406273,0.0,0.0,0.25132741228718347
46.12,-0.8864511818439508,-0.46274303357255675,0.008554945208406273,0.0,0.0,0.25132741228718347
46.14,-0.8841139928579604,-0.46719295857838417,0.008554945208406273,0.0,0.0,0.25132741228718347
46.160000000000004,-0.8817544657292947,-0.4716310794242844,0.008554945208406273,0.0,0.0,0.25132741228718347
46.18,-0.879372660074083,-0.4760572839760995,0.008554945208406273,0.0,0.0,0.25132741228718347
46.2,-0.8769686360713449,-0.4804714604007548,0.008554945208406273,0.0,0.0,0.25132741228718347
46.22,-0.874542454461475,-0.4848734971690741,0.008554945208406273,0.0,0.0,0.25132741228718347
46.24,-0.8720941765447012,-0.4892632830586091,0.008554945208406273,0.0,0.0,0.25132741228718347
46.26,-0.8696238641795436,-0.49364070715643815,0.008554945208406273,0.0,0.0,0.25132741228718347
46.28,-0.8671315797812436,-0.49800565886198006,0.008554945208406273,0.0,0.0,0.25132741228718347
46.300000000000004,-0.8646173863201932,-0.5023580278897782,0.008554945208406273,0.0,0.0,0.25132741228718347
46.32,-0.8620813473203432,-0.5066977042722918,0.008554945208406273,0.0,0.0,0.25132741228718347
46.34,-0.859523526857593,-0.5110245783626788,0.008554945208406273,0.0,0.0,0.25132741228718347
46.36,-0.8569439895581793,-0.5153385408375549,0.008554945208406273,0.0,0.0,0.25132741228718347
46.38,-0.8543428005970353,-0.5196394826997693,0.008554945208406273,0.0,0.0,0.25132741228718347
46.4,-0.8517200256961517,-0.5239272952811449,0.008554945208406273,0.0,0.0,0.25132741228718347
46.42,-0.8490757311229092,-0.5282018702452372,0.008554945208406273,0.0,0.0,0.25132741228718347
46.44,-0.846409983688411,-0.5324630995900592,0.008554945208406273,0.0,0.0,0.25132741228718347
46.46,-0.843722850745787,-0.5367108756508217,0.008554945208406273,0.0,0.0,0.25132741228718347
46.480000000000004,-0.8410144001884994,-0.5409450911026444,0.008554945208406273,0.0,0.0,0.25132741228718347
46.5,-0.8382847004486241,-0.5451656389632701,0.008554945208406273,0.0,0.0,0.25132741228718347
46.52,-0.8355338204951188,-0.5493724125957734,0.008554945208406273,0.0,0.0,0.25132741228718347
46.54,-0.832761829832087,-0.5535653057112451,0.008554945208406273,0.0,0.0,0.25132741228718347
46.56,-0.8299687984970144,-0.5577442123714884,0.008554945208406273,0.0,0.0,0.25132741228718347
46.58,-0.8271547970590072,-0.5619090269916848,0.008554945208406273,0.0,0.0,0.25132741228718347
46.6,-0.8243198966170013,-0.5660596443430722,0.008554945208406273,0.0,0.0,0.25132741228718347
46.62,-0.8214641687979731,-0.5701959595555935,0.008554945208406273,0.0,0.0,0.25132741228718347
46.64,-0.8185876857551229,-0.5743178681205566,0.008554945208406273,0.0,0.0,0.25132741228718347
46.660000000000004,-0.8156905201660577,-0.5784252658932661,0.008554945208406273,0.0,0.0,0.25132741228718347
46.68,-0.8127727452309523,-0.5825180490956575,0.008554945208406273,0.0,0.0,0.25132741228718347
46.7,-0.8098344346706976,-0.5865961143189248,0.008554945208406273,0.0,0.0,0.25132741228718347
46.72,-0.8068756627250444,-0.5906593585261218,0.008554945208406273,0.0,0.0,0.25132741228718347
46.74,-0.803896504150719,-0.5947076790547788,0.008554945208406273,0.0,0.0,0.25132741228718347
46.76,-0.8008970342195438,-0.5987409736194841,0.008554945208406273,0.0,0.0,0.25132741228718347
46.78,-0.7978773287165258,-0.6027591403144793,0.008554945208406273,0.0,0.0,0.25132741228718347
46.800000000000004,-0.7948374639379501,-0.6067620776162239,0.008554945208406273,0.0,0.0,0.25132741228718347
46.82,-0.7917775166894488,-0.6107496843859667,0.008554945208406273,0.0,0.0,0.25132741228718347
46.84,-0.7886975642840578,-0.6147218598723028,0.008554945208406273,0.0,0.0,0.25132741228718347
46.86,-0.7855976845402689,-0.6186785037137108,0.008554945208406273,0.0,0.0,0.25132741228718347
46.88,-0.7824779557800576,-0.6226195159411007,0.008554945208406273,0.0,0.0,0.25132741228718347
46.9,-0.7793384568269107,-0.6265447969803256,0.008554945208406273,0.0,0.0,0.25132741228718347
46.92,-0.776179267003828,-0.6304542476547113,0.008554945208406273,0.0,0.0,0.25132741228718347
46.94,-0.7730004661313252,-0.6343477691875508,0.008554945208406273,0.0,0.0,0.25132741228718347
46.96,-0.7698021345254091,-0.6382252632046087,0.008554945208406273,0.0,0.0,0.25132741228718347
46.980000000000004,-0.7665843529955558,-0.642086631736601,0.008554945208406273,0.0,0.0,0.25132741228718347
47.0,-0.763347202842666,-0.6459317772216706,0.008554945208406273,0.0,0.0,0.25132741228718347
47.02,-0.7600907658570074,-0.649760602507859,0.008554945208406273,0.0,0.0,0.25132741228718347
47.04,-0.7568151243161555,-0.653573010855551,0.008554945208406273,0.0,0.0,0.25132741228718347
47.06,-0.7535203609829064,-0.6573689059399282,0.008554945208406273,0.0,0.0,0.25132741228718347
47.08,-0.7502065591031946,-0.6611481918533945,0.008554945208406273,0.0,0.0,0.25132741228718347
47.1,-0.74687380240398,-0.6649107731080073,0.008554945208406273,0.0,0.0,0.25132741228718347
47.12,-0.7435221750911427,-0.6686565546378822,0.008554945208406273,0.0,0.0,0.25132741228718347
47.14,-0.7401517618473459,-0.6723854418016033,0.008554945208406273,0.0,0.0,0.25132741228718347
47.160000000000004,-0.7367626478299031,-0.6760973403846058,0.008554945208406273,0.0,0.0,0.25132741228718347
47.18,-0.7333549186686249,-0.6797921566015614,0.008554945208406273,0.0,0.0,0.25132741228718347
47.2,-0.7299286604636505,-0.6834697970987511,0.008554945208406273,0.0,0.0,0.25132741228718347
47.22,-0.7264839597832815,-0.6871301689564144,0.008554945208406273,0.0,0.0,0.25132741228718347
47.24,-0.723020903661785,-0.6907731796911075,0.008554945208406273,0.0,0.0,0.25132741228718347
47.26,-0.7195395795972033,-0.6943987372580303,0.008554945208406273,0.0,0.0,0.25132741228718347
47.28,-0.7160400755491346,-0.6980067500533619,0.008554945208406273,0.0,0.0,0.25132741228718347
47.300000000000004,-0.7125224799365191,-0.7015971269165658,0.008554945208406273,0.0,0.0,0.25132741228718347
47.32,-0.7089868816353996,-0.7051697771326978,0.008554945208406273,0.0,0.0,0.25132741228718347
47.34,-0.7054333699766748,-0.7087246104347009,0.008554945208406273,0.0,0.0,0.25132741228718347
47.36,-0.701862034743849,-0.7122615370056778,0.008554945208406273,0.0,0.0,0.25132741228718347
47.38,-0.6982729661707545,-0.7157804674811702,0.008554945208406273,0.0,0.0,0.25132741228718347
47.4,-0.6946662549392814,-0.7192813129514064,0.008554945208406273,0.0,0.0,0.25132741228718347
47.42,-0.6910419921770771,-0.7227639849635581,0.008554945208406273,0.0,0.0,0.25132741228718347
47.44,-0.6874002694552526,-0.7262283955239643,0.008554945208406273,0.0,0.0,0.25132741228718347
47.46,-0.6837411787860602,-0.7296744571003664,0.008554945208406273,0.0,0.0,0.25132741228718347
47.480000000000004,-0.6800648126205767,-0.733102082624109,0.008554945208406273,0.0,0.0,0.25132741228718347
47.5,-0.6763712638463638,-0.7365111854799516,0.008554946275358744,0.0,0.0,0.25132741228718347
47.52,-0.6726604756164261,-0.7398837103058078,-0.00999898832785373,1.2566370614359172,0.0,0.25132741228718347
47.54,-0.6689339558637288,-0.7427702167649961,-0.028631587091338784,1.2566370614359172,0.0,0.25132741228718347
47.56,-0.6651941524828535,-0.7451688086789493,-0.047330603995715814,1.2566370614359172,0.0,0.25132741228718347
47.58,-0.6614435220942005,-0.7470779104488378,-0.06608375593897947,1.2566370614359172,0.0,0.25132741228718347
47.6,-0.6576845284302646,-0.748496268014523,-0.08487872425866072,1.2566370614359172,0.0,0.25132741228718347
47.62,-0.6539196407172534,-0.7494229496783251,-0.10370316282371733,1.2566370614359172,0.0,0.25132741228718347
47.64,-0.6501513320530818,-0.7498573467170463,-0.12254470614457497,1.2566370614359172,0.0,0.25132741228718347
47.660000000000004,-0.6463820777828405,-0.7497991737818277,-0.14139097749578244,1.2566370614359172,0.0,0.25132741228718347
47.68,-0.6426143538727733,-0.7492484690855918,-0.16022959704611744,1.2566370614359172,0.0,0.25132741228718347
47.7,-0.638850635283851,-0.7482055943779423,-0.1790481899907297,1.2566370614359172,0.0,0.25132741228718347
47.72,-0.6350933943460135,-0.746671234707536,-0.1978343946799178,1.2566370614359172,0.0,0.25132741228718347
47.74,-0.6313450991341244,-0.7446463979720818,-0.2165758707393629,1.2566370614359172,0.0,0.25132741228718347
47.76,-0.6276082118467406,-0.7421324142562734,-0.23526030717628127,1.2566370614359172,0.0,0.25132741228718347
47.78,-0.6238851871887202,-0.7391309349580698,-0.253875430466383,1.2566370614359172,0.0,0.25132741228718347
47.800000000000004,-0.620178470758773,-0.735643931703924,-0.27240901261611905,1.2566370614359172,0.0,0.25132741228718347
47.82,-0.6164904974429805,-0.731673695053647,-0.29084887919508345,1.2566370614359172,0.0,0.25132741228718347
47.84,-0.6128236898153501,-0.727222832995772,-0.3091829173332349,1.2566370614359172,0.0,0.25132741228718347
47.86,-0.6091804565464747,-0.7222942692344136,-0.3273990836776113,1.2566370614359172,0.0,0.25132741228718347
47.88,-0.605563190821301,-0.7168912412687197,-0.34548541230347907,1.2566370614359172,0.0,0.25132741228718347
47.9,-0.6019742687670934,-0.7110172982662205,-0.3634300225745167,1.2566370614359172,0.0,0.25132741228718347
47.92,-0.5984160478925814,-0.7046762987314181,-0.3812211269470761,1.2566370614359172,0.0,0.25132741228718347
47.94,-0.5948908655393583,-0.6978724079712112,-0.398847038713192,1.2566370614359172,0.0,0.25132741228718347
47.96,-0.5914010373465061,-0.6906100953587482,-0.4162961796774542,1.2566370614359172,0.0,0.25132741228718347
47.980000000000004,-0.5879488557294958,-0.6828941313975813,-0.43355708776250645,1.2566370614359172,0.0,0.25132741228718347
48.0,-0.5845365883743312,-0.6747295845879872,-0.4506184245383291,1.2566370614359172,0.0,0.25132741228718347
48.02,-0.5811664767479366,-0.6661218180975371,-0.467468982670302,1.2566370614359172,0.0,0.25132741228718347
48.04,-0.5778407346257788,-0.6570764862381339,-0.48409769328109137,1.2566370614359172,0.0,0.25132741228718347
48.06,-0.5745615466376619,-0.647599530751753,-0.5004936332216747,1.2566370614359172,0.0,0.25132741228718347
48.08,-0.5713310668326874,-0.6376971769074313,-0.5166460322465473,1.2566370614359172,0.0,0.25132741228718347
48.1,-0.5681514172642812,-0.6273759294119521,-0.5325442800885788,1.2566370614359172,0.0,0.25132741228718347
48.120000000000005,-0.5650246865962574,-0.6166425681370264,-0.5481779334286985,1.2566370614359172,0.0,0.25132741228718347
48.14,-0.5619529287308028,-0.6055041436656884,-0.5635367227559701,1.2566370614359172,0.0,0.25132741228718347
48.160000000000004,-0.5589381614592976,-0.5939679726608598,-0.5786105591134965,1.2566370614359172,0.0,0.25132741228718347
48.18,-0.5559823651368644,-0.5820416330591738,-0.5933895407256631,1.2566370614359172,0.0,0.25132741228718347
48.2,-0.553087481381495,-0.5697329590931098,-0.6078639595025088,1.2566370614359172,0.0,0.25132741228718347
48.22,-0.5502554117986402,-0.5570500361448378,-0.6220243074167826,1.2566370614359172,0.0,0.25132741228718347
48.24,-0.5474880167320643,-0.5440011954350186,-0.6358612827496621,1.2566370614359172,0.0,0.25132741228718347
48.26,-0.5447871140418215,-0.5305950085501853,-0.6493657962008746,1.2566370614359172,0.0,0.25132741228718347
48.28,-0.5421544779101247,-0.5168402818121623,-0.6625289768593587,1.2566370614359172,0.0,0.25132741228718347
48.300000000000004,-0.539591837675917,-0.5027460504933575,-0.6753421780303975,1.2566370614359172,0.0,0.25132741228718347
48.32,-0.5371008766988928,-0.4883215728816141,-0.6877969829155196,1.2566370614359172,0.0,0.25132741228718347
48.34,-0.5346832312537212,-0.4735763241985652,-0.6998852101413767,1.2566370614359172,0.0,0.25132741228718347
48.36,-0.5323404894552096,-0.4585199903755408,-0.711598919133936,1.2566370614359172,0.0,0.25132741228718347
48.38,-0.5300741902150853,-0.4431624616909829,-0.7229304153345557,1.2566370614359172,0.0,0.25132741228718347
48.4,-0.5278858222311175,-0.42751382627371376,-0.733872255254393,1.2566370614359172,0.0,0.25132741228718347
48.42,-0.5257768230092063,-0.4115843634761531,-0.7444172513639505,1.2566370614359172,0.0,0.25132741228718347
48.44,-0.5237485779191112,-0.39538453712201094,-0.7545584768144249,1.2566370614359172,0.0,0.25132741228718347
48.46,-0.5218024192844201,-0.37892498863271395,-0.76428926998788,1.2566370614359172,0.0,0.25132741228718347
48.480000000000004,-0.5199396255073686,-0.36221653003725696,-0.7736032388731379,1.2566370614359172,0.0,0.25132741228718347
48.5,-0.5181614202290754,-0.34527013686992747,-0.7824942652646037,1.2566370614359172,0.0,0.25132741228718347
48.52,-0.5164689715257494,-0.328096940960624,-0.7909565087812342,1.2566370614359172,0.0,0.25132741228718347
48.54,-0.5148633911414017,-0.310708223122567,-0.7989844107029723,1.2566370614359172,0.0,0.25132741228718347
48.56,-0.513345733757554,-0.2931154057420557,-0.8065726976222118,1.2566370614359172,0.0,0.25132741228718347
48.58,-0.5119169963004374,-0.2753300452753224,-0.8137163849077949,1.2566370614359172,0.0,0.25132741228718347
48.6,-0.5105781172861238,-0.2573638246572221,-0.8204107799793636,1.2566370614359172,0.0,0.25132741228718347
48.620000000000005,-0.5093299762040312,-0.23922854562693216,-0.8266514853898275,1.2566370614359172,0.0,0.25132741228718347
48.64,-0.5081733929391994,-0.22093612097555018,-0.8324344017139873,1.2566370614359172,0.0,0.25132741228718347
48.660000000000004,-0.5071091272337185,-0.20249856672074065,-0.8377557302413913,1.2566370614359172,0.0,0.25132741228718347
48.68,-0.506137878187669,-0.1839279942136405,-0.8426119754716377,1.2566370614359172,0.0,0.25132741228718347
48.7,-0.5052602837998902,-0.1652366021830426,-0.8469999474105305,1.2566370614359172,0.0,0.25132741228718347
48.72,-0.5044769205488913,-0.14643666872228792,-0.8509167636655248,1.2566370614359172,0.0,0.25132741228718347
48.74,-0.5037883030141682,-0.127540543223918,-0.8543598513391394,1.2566370614359172,0.0,0.25132741228718347
48.76,-0.5031915007583333,-0.11394521780514924,-0.8566299089477893,0.0,0.0,0.25132741228718347
48.78,-0.5026123951835735,-0.11647308403196811,-0.8566299089477893,0.0,0.0,0.25132741228718347
48.800000000000004,-0.5020205905366526,-0.11899800743423049,-0.8566299089477893,0.0,0.0,0.25132741228718347
48.82,-0.501416101770186,-0.12151992421688226,-0.8566299089477893,0.0,0.0,0.25132741228718347
48.84,-0.5007989441572682,-0.12403877066083768,-0.8566299089477893,0.0,0.0,0.25132741228718347
48.86,-0.5001691332910858,-0.12655448312458298,-0.8566299089477893,0.0,0.0,0.25132741228718347
48.88,-0.499526685084525,-0.12906699804579153,-0.8566299089477893,0.0,0.0,0.25132741228718347
48.9,-0.4988716157697681,-0.1315762519429229,-0.8566299089477893,0.0,0.0,0.25132741228718347
48.92,-0.498203941897884,-0.13408218141683323,-0.8566299089477893,0.0,0.0,0.25132741228718347
48.94,-0.49752368033841055,-0.1365847231523708,-0.8566299089477893,0.0,0.0,0.25132741228718347
48.96,-0.49683084827892726,-0.1390838139199824,-0.8566299089477893,0.0,0.0,0.25132741228718347
48.980000000000004,-0.4961254632246219,-0.14157939057730473,-0.8566299089477893,0.0,0.0,0.25132741228718347
49.0,-0.49540754299784845,-0.1440713900707625,-0.8566299089477893,0.0,0.0,0.25132741228718347
49.02,-0.4946771057376746,-0.14655974943716418,-0.8566299089477893,0.0,0.0,0.25132741228718347
49.04,-0.4939341698994269,-0.14904440580528666,-0.8566299089477893,0.0,0.0,0.25132741228718347
49.06,-0.49317875425422125,-0.15152529639747078,-0.8566299089477893,0.0,0.0,0.25132741228718347
49.08,-0.49241087788849114,-0.1540023585312005,-0.8566299089477893,0.0,0.0,0.25132741228718347
49.1,-0.49163056020350326,-0.15647552962069358,-0.8566299089477893,0.0,0.0,0.25132741228718347
49.120000000000005,-0.49083782091486905,-0.15894474717847695,-0.8566299089477893,0.0,0.0,0.25132741228718347
49.14,-0.490032680052046,-0.16140994881696757,-0.8566299089477893,0.0,0.0,0.25132741228718347
49.160000000000004,-0.48921515795783055,-0.1638710722500524,-0.8566299089477893,0.0,0.0,0.25132741228718347
49.18,-0.48838527528784603,-0.16632805529465491,-0.8566299089477893,0.0,0.0,0.25132741228718347
49.2,-0.4875430530100188,-0.16878083587231388,-0.8566299089477893,0.0,0.0,0.25132741228718347
49.22,-0.4866885124040504,-0.17122935201074452,-0.8566299089477893,0.0,0.0,0.25132741228718347
49.24,-0.4858216750608776,-0.1736735418454118,-0.8566299089477893,0.0,0.0,0.25132741228718347
49.26,-0.4849425628821298,-0.17611334362108572,-0.8566299089477893,0.0,0.0,0.25132741228718347
49.28,-0.4840511980795722,-0.17854869569340942,-0.8566299089477893,0.0,0.0,0.25132741228718347
49.300000000000004,-0.483147603174548,-0.18097953653044993,-0.8566299089477893,0.0,0.0,0.25132741228718347
49.32,-0.4822318009974076,-0.18340580471425588,-0.8566299089477893,0.0,0.0,0.25132741228718347
49.34,-0.48130381468693045,-0.18582743894241185,-0.8566299089477893,0.0,0.0,0.25132741228718347
49.36,-0.48036366768974426,-0.18824437802958105,-0.8566299089477893,0.0,0.0,0.25132741228718347
49.38,-0.4794113837597283,-0.19065656090905822,-0.8566299089477893,0.0,0.0,0.25132741228718347
49.4,-0.4784469869574167,-0.19306392663430555,-0.8566299089477893,0.0,0.0,0.25132741228718347
49.42,-0.4774705016493876,-0.1954664143804996,-0.8566299089477893,0.0,0.0,0.25132741228718347
49.44,-0.47648195250765046,-0.19786396344606122,-0.8566299089477893,0.0,0.0,0.25132741228718347
49.46,-0.4754813645090196,-0.2002565132541959,-0.8566299089477893,0.0,0.0,0.25132741228718347
49.480000000000004,-0.47446876293448603,-0.20264400335441862,-0.8566299089477893,0.0,0.0,0.25132741228718347
49.5,-0.47344417336857714,-0.20502637342408353,-0.8566299089477893,0.0,0.0,0.25132741228718347
49.52,-0.4724076216987097,-0.2074035632699108,-0.8566299089477893,0.0,0.0,0.25132741228718347
49.54,-0.4713591341145378,-0.2097755128295014,-0.8566299089477893,0.0,0.0,0.25132741228718347
49.56,-0.4702987371072885,-0.2121421621728614,-0.8566299089477893,0.0,0.0,0.25132741228718347
49.58,-0.4692264574690956,-0.21450345150390948,-0.8566299089477893,0.0,0.0,0.25132741228718347
49.6,-0.4681423222923195,-0.21685932116199455,-0.8566299089477893,0.0,0.0,0.25132741228718347
49.620000000000005,-0.4670463589688652,-0.2192097116233972,-0.8566299089477893,0.0,0.0,0.25132741228718347
49.64,-0.4659385951894894,-0.221554563502836,-0.8566299089477893,0.0,0.0,0.25132741228718347
49.660000000000004,-0.46481905894309944,-0.22389381755497065,-0.8566299089477893,0.0,0.0,0.25132741228718347
49.68,-0.4636877785160491,-0.22622741467589297,-0.8566299089477893,0.0,0.0,0.25132741228718347
49.7,-0.46254478249142056,-0.22855529590462695,-0.8566299089477893,0.0,0.0,0.25132741228718347
49.72,-0.4613900997483052,-0.23087740242461177,-0.8566299089477893,0.0,0.0,0.25132741228718347
49.74,-0.46022375946107114,-0.2331936755651944,-0.8566299089477893,0.0,0.0,0.25132741228718347
49.76,-0.4590457910986297,-0.23550405680310546,-0.8566299089477893,0.0,0.0,0.25132741228718347
49.78,-0.45785622442368623,-0.23780848776394448,-0.8566299089477893,0.0,0.0,0.25132741228718347
49.800000000000004,-0.45665508949199235,-0.24010691022364902,-0.8566299089477893,0.0,0.0,0.25132741228718347
49.82,-0.45544241665158486,-0.2423992661099683,-0.8566299089477893,0.0,0.0,0.25132741228718347
49.84,-0.45421823654201743,-0.2446854975039327,-0.8566299089477893,0.0,0.0,0.25132741228718347
49.86,-0.4529825800935894,-0.24696554664131182,-0.8566299089477893,0.0,0.0,0.25132741228718347
49.88,-0.45173547852656176,-0.24923935591407992,-0.8566299089477893,0.0,0.0,0.25132741228718347
49.9,-0.45047696335037035,-0.2515068678718655,-0.8566299089477893,0.0,0.0,0.25132741228718347
49.92,-0.4492070663628279,-0.2537680252234092,-0.8566299089477893,0.0,0.0,0.25132741228718347
49.94,-0.44792581964932277,-0.25602277083800445,-0.8566299089477893,0.0,0.0,0.25132741228718347
49.96,-0.4466332555820051,-0.2582710477469479,-0.8566299089477893,0.0,0.0,0.25132741228718347
49.980000000000004,-0.4453294068189724,-0.26051279914497305,-0.8566299089477893,0.0,0.0,0.25132741228718347
