Time,Sx,Sy,Sz,Hx,Hy,Hz
0.0,0.0,0.0,1.0,5.969026041820607,0.0,0.0
0.02002002002002002,-0.00393643952994153,-0.11921562247552105,0.992860584272334,5.969026041820607,-0.3941380259482645,0.0
0.04004004004004004,-0.015515412197022734,-0.23672531976624042,0.9714527239994372,5.969026041820607,-0.7820478259451813,0.0
0.06006006006006006,-0.03405622746482258,-0.35082619080287725,0.9358211138981672,5.969026041820607,-1.1575995933644796,0.0
0.08008008008008008,-0.05845923160982527,-0.45982454176606835,0.8860834661752882,5.969026041820607,-1.5148588049936682,0.0
0.10010010010010009,-0.08725899393428044,-0.5620479419124779,0.8224888929155967,5.969026041820607,-1.8481799992260584,0.0
0.12012012012012012,-0.11869981572535765,-0.6558650170627479,0.7454873795981029,5.969026041820607,-2.152295986459588,0.0
0.14014014014014015,-0.15083288542224244,-0.7397136796220218,0.6557995980901844,5.969026041820607,-2.4224010819868473,0.0
0.16016016016016016,-0.18163226781473343,-0.8121371413459607,0.5544754123808242,5.969026041820607,-2.6542270461181827,0.0
0.18018018018018017,-0.20912412848584952,-0.8718256866071132,0.4429300972580951,5.969026041820607,-2.8441105315210837,0.0
0.20020020020020018,-0.23152069920168614,-0.9176609952140277,0.32294963028924073,5.969026041820607,-2.9890509719632674,0.0
0.22022022022022023,-0.24734817097568298,-0.9487589885512207,0.19666027549620196,5.969026041820607,-3.0867579976931987,0.0
0.24024024024024024,-0.2555566245839878,-0.9645068875667483,0.0664625869759391,5.969026041820607,-3.1356876281933515,0.0
0.2602602602602603,-0.25560073820056384,-0.9645904995848331,-0.06506481954173893,5.969026041820607,-3.1350666703831096,0.0
0.2802802802802803,-0.24748246557608575,-0.9490086773015171,-0.19528174425377143,5.969026041820607,-3.0849049367273813,0.0
0.3003003003003003,-0.23175086064162229,-0.9180732950392366,-0.3216099555791975,5.969026041820607,-2.985995090178611,0.0
0.3203203203203203,-0.20945907495212954,-0.8723947515883727,-0.44164951411865616,5.969026041820607,-2.8399001184024457,0.0
0.34034034034034033,-0.18208339874399757,-0.8128546714502553,-0.5532747229029319,5.969026041820607,-2.648928635221132,0.0
0.36036036036036034,-0.15141318203741447,-0.7405688730964679,-0.6546997728011787,5.969026041820607,-2.4160983995648206,0.0
0.38038038038038036,-0.11942290316840865,-0.6568445922016233,-0.7445087990711018,5.969026041820607,-2.145088628409555,0.0
0.40040040040040037,-0.0881382593139205,-0.5631362684971761,-0.8216502847003525,5.969026041820607,-1.840181857259788,0.0
0.42042042042042044,-0.059507059745954285,-0.46100391257497775,-0.8854006451493784,5.969026041820607,-1.5061962669044628,0.0
0.44044044044044045,-0.03528337638570621,-0.35207724838319693,-0.9353056690311051,5.969026041820607,-1.1484095458290353,0.0
0.46046046046046046,-0.016930514315600293,-0.23802763552740325,-0.9711108085127184,5.969026041820607,-0.7724754914205736,0.0
0.4804804804804805,-0.005545591018228316,-0.12054840657093803,-0.9926919603247775,5.969026041820607,-0.38433466784572373,0.0
0.5005005005005005,-0.001806395598370892,-0.0013429035912044798,-0.9999974667692266,5.969026041820607,0.009879467601332018,0.0
0.5205205205205206,-0.005940023550143168,0.11788166441857778,-0.9930098837947752,5.969026041820607,0.403937486275965,0.0
0.5405405405405406,-0.017712544847595997,0.23541726574703528,-0.9717329760501052,5.969026041820607,0.7916124265133072,0.0
0.5605605605605606,-0.03643940123693403,0.34955815403748974,-0.9362057823915522,5.969026041820607,1.1667781929748966,0.0
0.5805805805805806,-0.061016905652970535,0.45860719646290243,-0.886541807574214,5.969026041820607,1.5235063620910643,0.0
0.6006006006006006,-0.08997563537596004,0.5608881266307975,-0.8229877851118247,5.969026041820607,1.8561598638655326,0.0
0.6206206206206206,-0.12155623796933243,0.6547655721493617,-0.7459933823692012,5.969026041820607,2.159482059668789,0.0
0.6406406406406406,-0.15380695067482308,0.7386735356194698,-0.6562810599884188,5.969026041820607,2.4286798084001346,0.0
0.6606606606606606,-0.18469997571109917,0.8111516518610663,-0.5549044211892356,5.969026041820607,2.659499208394895,0.0
0.6806806806806807,-0.21226105156632144,0.8708871750542184,-0.44328407857041213,5.969026041820607,2.848292818192268,0.0
0.7007007007007007,-0.23470366063057446,0.9167594633586443,-0.32321243483033724,5.969026041820607,2.9920772939315343,0.0
0.7207207207207207,-0.2505570042089445,0.9478829192577651,-0.19682265881039218,5.969026041820607,3.088580532582176,0.0
0.7407407407407407,-0.2587758217273418,0.9636440674122171,-0.06652206724503784,5.969026041820607,3.1362775760437724,0.0
0.7607607607607607,-0.25882079231049543,0.963728790579263,0.06510465172607899,5.969026041820607,3.1344147087539254,0.0
0.7807807807807807,-0.25070074400044845,0.9481366806180634,0.1954123123658198,5.969026041820607,3.08302136801032,0.0
0.8008008008008007,-0.23497190579621838,0.9171808712639515,0.3218189753168169,5.969026041820607,2.9829096787982974,0.0
0.8208208208208209,-0.21269430340240383,0.8714733878547132,0.44192224153256643,5.969026041820607,2.8356616204746645,0.0
0.8408408408408409,-0.1853502436230679,0.8118977114046178,0.5535949723442093,5.969026041820607,2.6436040281016613,0.0
0.8608608608608609,-0.1547337831127838,0.7395716465417489,0.6550505598769487,5.969026041820607,2.409771823463583,0.0
0.8808808808808809,-0.12282248336233753,0.655804494078252,0.7448725415314,5.969026041820607,2.137860056794886,0.0
0.9009009009009009,-0.0916433331985654,0.5620528397779789,0.8220085795037275,5.969026041820607,1.832165517063263,0.0
0.9209209209209209,-0.06314360258979883,0.4598789686566578,0.885733718246765,5.969026041820607,1.4975188334904492,0.0
0.9409409409409409,-0.03907505117692042,0.3509150852226935,0.9355916541625622,5.969026041820607,1.1392081412522999,0.0
0.960960960960961,-0.020897020608938242,0.23683532276807565,0.9713250457076551,5.969026041820607,0.7628955176037927,0.0
0.980980980980981,-0.00970117424142644,0.11933615343113693,0.9928065117144247,5.969026041820607,0.3745275089173281,0.0
1.001001001001001,-0.006158545702801693,0.00012446057026879465,0.9999810282322156,5.969026041820607,-0.019758837501001852,0.0
1.021021021021021,-0.010488399397348006,-0.11908862401507883,0.992828229407405,5.969026041820607,-0.4137329519183821,0.0
1.0410410410410411,-0.022448181727416087,-0.2365908534248449,0.9713500127208532,5.969026041820607,-0.8011691985371246,0.0
1.0610610610610611,-0.041344285042004415,-0.3506721368396885,0.9355852192818231,5.969026041820607,-1.1759452538897612,0.0
1.0810810810810811,-0.06606401740658775,-0.4596311005638943,0.885649364589898,5.969026041820607,-1.5321388526778013,0.0
1.1011011011011012,-0.09512957276337138,-0.5617876296511183,0.8217937840826013,5.969026041820607,-1.8641213722624133,0.0
1.1211211211211212,-0.1267744975894654,-0.6555032169279971,0.7444754927853232,5.969026041820607,-2.1666467769714592,0.0
1.1411411411411412,-0.15904190239531427,-0.7392097675681862,0.6544269193838462,5.969026041820607,-2.434934516712067,0.0
1.1611611611611612,-0.189901482178753,-0.811446146987618,0.5527138297575199,5.969026041820607,-2.6647450699129305,0.0
1.1811811811811812,-0.21737959231027473,-0.8709003905906251,0.4407704873469606,5.969026041820607,-2.852446937055838,0.0
1.2012012012012012,-0.2396937279000034,-0.9164543127579883,0.32040351033133585,5.969026041820607,-2.9950740261550113,0.0
1.2212212212212212,-0.25538046596541886,-0.9472264531898957,0.1937598100239949,5.969026041820607,-3.090372523370601,0.0
1.2412412412412412,-0.2634049134666729,-0.9626090363088022,0.06325895018264988,5.969026041820607,-3.1368365081001635,0.0
1.2612612612612613,-0.26324041452529645,-0.9622949742325777,-0.06850450151069493,5.969026041820607,-3.1337317497532857,0.0
1.2812812812812813,-0.2549098071239158,-0.9462918956134136,-0.19887845164415202,5.969026041820607,-3.081107310169314,0.0
1.3013013013013013,-0.2389835695552857,-0.9149216041171145,-0.3252772844856104,5.969026041820607,-2.9797947683350827,0.0
1.3213213213213213,-0.2165350839762835,-0.8688050448832508,-0.44529804782049903,5.969026041820607,-2.8313950796537966,0.0
1.3413413413413413,-0.1890580868409688,-0.8088345186861999,-0.5568157335974306,5.969026041820607,-2.638253277416756,0.0
1.3613613613613613,-0.1583553035055423,-0.7361362681238539,-0.6580478649796687,5.969026041820607,-2.4034214162489556,0.0
1.3813813813813813,-0.12640963216576417,-0.6520274587285713,-0.7475833050300308,5.969026041820607,-2.1306103431015666,0.0
1.4014014014014013,-0.09524977811005235,-0.5579718732258643,-0.824375441445675,5.969026041820607,-1.8241310579130066,0.0
1.4214214214214214,-0.06682108303476415,-0.45553831940022155,-0.8877047833711544,5.969026041820607,-1.488826590565934,0.0
1.4414414414414414,-0.04286992766225411,-0.346364909929043,-0.9371197994237583,5.969026041820607,-1.1299954706303221,0.0
1.4614614614614614,-0.02484718173490724,-0.23213116619635507,-0.9723670805000031,5.969026041820607,-0.7533079992346989,0.0
1.4814814814814814,-0.013833415554748287,-0.11453852267960815,-0.9933224871291347,5.969026041820607,-0.3647166461496566,0.0
1.5015015015015014,-0.010486501560295246,0.004701540590825249,-0.999933962220029,5.969026041820607,0.029638011998307946,0.0
1.5215215215215214,-0.015011096168319214,0.12387366329319732,-0.992184449855014,5.969026041820607,0.4235243260045776,0.0
1.5415415415415414,-0.027149284393094858,0.24126182207194072,-0.9700802284179476,5.969026041820607,0.8107180475062176,0.0
1.5615615615615615,-0.04619211983817682,0.3551527737836439,-0.9336663190554674,5.969026041820607,1.185100685452659,0.0
1.5815815815815815,-0.07101245739441849,0.4638428698237576,-0.8830668281667089,5.969026041820607,1.540756191384025,0.0
1.6016016016016015,-0.10011985784412171,0.5656509115580513,-0.8185444766894237,5.969026041820607,1.8720644456824331,0.0
1.6216216216216217,-0.13173801585145178,0.6589388406375773,-0.7405705229609608,5.969026041820607,2.1737900675130883,0.0
1.6416416416416417,-0.16390388295319835,0.7421408701243345,-0.6498941806508982,5.969026041820607,2.4411651450675502,0.0
1.6616616616616617,-0.19458544678436523,0.8138002976436555,-0.547599835148595,5.969026041820607,2.669964578794049,0.0
1.6816816816816818,-0.2218122987940449,0.8726118744454826,-0.4351411502953772,5.969026041820607,2.8565728470301943,0.0
1.7017017017017018,-0.24381023437357607,0.9174664318963581,-0.3143436271948386,5.969026041820607,2.9980411389979165,0.0
1.7217217217217218,-0.25912887429606674,0.9474936828152779,-0.18737114914290937,5.969026041820607,3.092133952336822,0.0
1.7417417417417418,-0.26675033385986713,0.96209887244677,-0.05665702976897691,5.969026041820607,3.137364418835041,0.0
1.7617617617617618,-0.26616774095441476,0.9609893301471811,0.0751946874349147,5.969026041820607,3.133017800135222,0.0
1.7817817817817818,-0.2574250036781534,0.9441879442072327,0.2055273546148072,5.969026041820607,3.0791627821331797,0.0
1.8018018018018018,-0.2411133248594281,0.9120320178242198,0.3317558786798696,5.969026041820607,2.9766503895934577,0.0
1.8218218218218218,-0.21832486858136582,0.8651576448075698,0.45148255934187104,5.969026041820607,2.827100538133219,0.0
1.8418418418418419,-0.1905688164685997,0.8044714017428133,0.5625915836267436,5.969026041820607,2.6328764360819408,0.0
1.8618618618618619,-0.15965894177972137,0.7311125261205795,0.6633125179425616,5.969026041820607,2.3970472407224332,0.0
1.8818818818818819,-0.1275841418250945,0.6464096303612961,0.752247882370474,5.969026041820607,2.1233395590246595,0.0
1.901901901901902,-0.09637384442961501,0.5518362758500036,0.8283651409648948,5.969026041820607,1.816078559264704,0.0
1.921921921921922,-0.06796899501220381,0.44896939277213516,0.8909583043390893,5.969026041820607,1.4801196240916814,0.0
1.941941941941942,-0.044106928804021756,0.3394536726054922,0.9395880921904307,5.969026041820607,1.1207716250705622,0.0
1.961961961961962,-0.026225514690908985,0.22497384280743438,0.9740118030247813,5.969026041820607,0.7437130311277617,0.0
1.981981981981982,-0.015389203617586635,0.10723535369025687,0.9941145564425026,5.969026041820607,0.35490217656590745,0.0
2.002002002002002,-0.012237549273561327,-0.012047339020834906,0.9998525411330541,5.969026041820607,-0.03951689339450346,0.0
2.022022022022022,-0.016955656333951494,-0.13115685734736054,0.9912166183478662,5.969026041820607,-0.4333115117040894,0.0
2.042042042042042,-0.02926582595281714,-0.24837612700824405,0.9682214679315958,5.969026041820607,-0.8202588789885494,0.0
2.062062062062062,-0.04844012952689377,-0.3619919273493919,0.9309218003598478,5.969026041820607,-1.1942443971221985,0.0
2.0820820820820822,-0.07333430293729763,-0.470301900847079,0.8794533541196229,5.969026041820607,-1.5493582929897365,0.0
2.1021021021021022,-0.10244371727018098,-0.5716276667013308,0.8140928051846358,5.969026041820607,-1.8799890055736523,0.0
2.1221221221221223,-0.13398182614830134,-0.6643357933086526,0.7353276983705016,5.969026041820607,-2.1809118606510736,0.0
2.1421421421421423,-0.16598017957321148,-0.7468671874614907,0.643925449320134,5.969026041820607,-2.447371631849623,0.0
2.1621621621621623,-0.19640686091391651,-0.8177740903984695,0.5409897245408881,5.969026041820607,-2.675157683420622,0.0
2.1821821821821823,-0.22329736859754262,-0.875762507741758,0.4279933588400734,5.969026041820607,-2.8606705073127094,0.0
2.2022022022022023,-0.24488909277559648,-0.9197367397746092,0.30677950020860895,5.969026041820607,-3.000978603117388,0.0
2.2222222222222223,-0.25974832364858985,-0.948841912743507,0.17952669156121248,5.969026041820607,-3.0938648020614243,0.0
2.2422422422422423,-0.2668778263747237,-0.9625001918355559,0.04867860419059522,5.969026041820607,-3.1378613030277025,0.0
2.2622622622622623,-0.26579386153350976,-0.9604367561608693,-0.08315564073599946,5.969026041820607,-3.1322728669602413,0.0
2.2822822822822824,-0.2565641928930007,-0.9426926076545682,-0.21332009375235667,5.969026041820607,-3.077187803132065,0.0
2.3023023023023024,-0.23980276429334965,-0.9096227348049218,-0.33923607497317015,5.969026041820607,-2.97347657366933,0.0
2.3223223223223224,-0.21662164841227854,-0.8618798367129382,-0.45851740262147506,5.969026041820607,-2.8227780383832224,0.0
2.3423423423423424,-0.18854568274919054,-0.8003854650081159,-0.5690638214825291,5.969026041820607,-2.627473557270765,0.0
2.3623623623623624,-0.15739904982182087,-0.7262917988315237,-0.6691231292259836,5.969026041820607,-2.3906493599205665,0.0
2.3823823823823824,-0.12517530512335984,-0.6409381272915393,-0.7573172782732491,5.969026041820607,-2.116047776467604,0.0
2.4024024024024024,-0.09390276291299553,-0.5458063644296601,-0.8326329825711304,5.969026041820607,-1.808008100752468,0.0
2.4224224224224224,-0.0655158832159954,-0.44247956145893824,-0.8943821927662956,5.969026041820607,-1.4713980201740626,0.0
2.4424424424424425,-0.04174086472843013,-0.33260650499080696,-0.9421415037293689,5.969026041820607,-1.1115366957909991,0.0
2.4624624624624625,-0.024000718320952866,-0.21787426241928526,-0.9756816956852497,5.969026041820607,-0.7341107081711238,0.0
2.4824824824824825,-0.01334235256356798,-0.09998915342181575,-0.9948990656473512,5.969026041820607,-0.3450841972249565,0.0
2.5025025025025025,-0.010386162814725037,0.019334715559741564,-0.9997591191862789,5.969026041820607,0.049395383993701095,0.0
2.5225225225225225,-0.01529753378728599,0.1383813517448706,-0.9902608681298091,5.969026041820607,0.4430944122278452,0.0
2.5425425425425425,-0.027779506739161325,0.25543601077376044,-0.9664267915394468,5.969026041820607,0.829791598631333,0.0
2.5625625625625625,-0.047086339303953305,0.3687887530907556,-0.9283198437201646,5.969026041820607,1.203376298472856,0.0
2.5825825825825826,-0.07205834782285886,0.4767415471095827,-0.8760850939084127,5.969026041820607,1.5579450724255957,0.0
2.6026026026026026,-0.10117877219985266,0.5776215381582406,-0.8100100090194859,5.969026041820607,1.8878949735671915,0.0
2.6226226226226226,-0.13265302414147767,0.6698022005280381,-0.7305944068728057,5.969026041820607,2.188012085955395,0.0
2.6426426426426426,-0.16450934415476975,0.7517328857630815,-0.6386190915937173,5.969026041820607,2.4535539156800694,0.0
2.6626626626626626,-0.19471764130031147,0.8219759113606797,-0.5352014959892488,5.969026041820607,2.680324332436141,0.0
2.6826826826826826,-0.2213204519969207,0.8792489764946584,-0.4218275653165409,5.969026041820607,2.8647398773801207,0.0
2.7027027027027026,-0.2425671010434287,0.9224695429983085,-0.3003517000647476,5.969026041820607,3.0038863894637697,0.0
2.7227227227227226,-0.25703997367511494,0.9507970717549915,-0.17296063215406682,5.969026041820607,3.0955650554274032,0.0
2.7427427427427427,-0.26376096060345633,0.9636688054001475,-0.042102127738382344,5.969026041820607,3.138327155764279,0.0
2.7627627627627627,-0.2622670420997328,0.9608252085646646,0.08961538492262372,5.969026041820607,3.131496957595261,0.0
2.7827827827827827,-0.25264669207162055,0.9423221854076322,0.2195416768491925,5.969026041820607,3.075182392697259,0.0
2.8028028028028027,-0.2355329549272828,0.9085286532656057,0.34510855297791526,5.969026041820607,2.970273351949728,0.0
2.8228228228228227,-0.21205397231071413,0.8601097371322639,0.4639443424780792,5.969026041820607,2.818427623150587,0.0
2.8428428428428427,-0.18374652281325016,0.7979974939107087,0.5739662142201143,5.969026041820607,2.622044694414268,0.0
2.8628628628628627,-0.1524419287089049,0.723352417675966,0.6734409686184419,5.969026041820607,2.384227837114333,0.0
2.8828828828828827,-0.12013586670023828,0.6375198162688349,0.7610097616960206,5.969026041820607,2.1087350675415046,0.0
2.9029029029029028,-0.08885396330267425,0.5419853789363989,0.8356774630349169,5.969026041820607,1.7999197621880099,0.0
2.9229229229229228,-0.06052373899282095,0.43833387558714326,0.8967721508448967,5.969026041820607,1.4626618650642027,0.0
2.942942942942943,-0.03686099792251234,0.32821403836990887,0.9438838974412956,5.969026041820607,1.102290774119225,0.0
2.962962962962963,-0.019275824843885604,0.2133114414749557,0.9767940783565188,5.969026041820607,0.7245011253256683,0.0
2.982982982982983,-0.008800622715304414,0.09532981234528683,0.9954068393968021,5.969026041820607,0.3352628052203861,0.0
3.003003003003003,-0.0060406126960431215,-0.024020129170094735,0.9996932251409949,5.969026041820607,-0.05927338610391175,0.0
3.023023023023023,-0.011146168766108815,-0.14302633203467155,0.9896561176825213,5.969026041820607,-0.452872930829181,0.0
3.043043043043043,-0.023806228181185465,-0.25997839282110247,0.9653209304505089,5.969026041820607,-0.8393161121620393,0.0
3.063063063063063,-0.04326251297375248,-0.37317104344743723,0.92675332602772,5.969026041820607,-1.2124962991959352,0.0
3.083083083083083,-0.06834496322796427,-0.4809112638076567,0.8741014371022309,5.969026041820607,-1.566516444773815,0.0
3.103103103103103,-0.0975291240017079,-0.5815316175542555,0.8076565159497472,5.969026041820607,-1.8957822714780466,0.0
3.123123123123123,-0.12901583097085811,-0.6734114989658954,0.7279229824777467,5.969026041820607,-2.1950906732093376,0.0
3.143143143143143,-0.16083218454703338,-0.7550067698897883,0.6356868614611363,5.969026041820607,-2.4597119354200307,0.0
3.163163163163163,-0.19095053618479216,-0.8248868967135479,0.5320709542541533,5.969026041820607,-2.6854644747457255,0.0
3.183183183183183,-0.21741936998939196,-0.8817773447671967,0.4185660423500923,5.969026041820607,-2.868780916988949,0.0
3.203203203203203,-0.23849712243779989,-0.9246038490126102,0.29703004053436316,5.969026041820607,-3.0067644692809026,0.0
3.2232232232232234,-0.25277783723094555,-0.952534445389866,0.16965109887812374,5.969026041820607,-3.097234695620334,0.0
3.2432432432432434,-0.25929674517002305,-0.9650149634292053,0.03887567750984633,5.969026041820607,-3.138761972437784,0.0
3.2632632632632634,-0.25760480567889044,-0.9617941159354984,-0.09269219299855136,5.969026041820607,-3.130690079713531,0.0
3.2832832832832834,-0.24780399683765506,-0.9429353416799118,-0.2224098032060553,5.969026041820607,-3.0731465706609957,0.0
3.3033033033033035,-0.23053933152159667,-0.9088140222360367,-0.3477192683884736,5.969026041820607,-2.967040756112472,0.0
3.3233233233233235,-0.20694849836460902,-0.8601003793735932,-0.4662613606400562,5.969026041820607,-2.81404933545815,0.0
3.3433433433433435,-0.17857478687484082,-0.7977299963721612,-0.5759669247279375,5.969026041820607,-2.616589901200455,0.0
3.3633633633633635,-0.14725270464715043,-0.7228652363536278,-0.6751166499542074,5.969026041820607,-2.377782735808521,0.0
3.3833833833833835,-0.11497782768440676,-0.6368516543513669,-0.7623647876776446,5.969026041820607,-2.101401504564398,0.0
3.4034034034034035,-0.0837727218155008,-0.541173713644932,-0.8367276395215192,5.969026041820607,-1.7918136235598485,0.0
3.4234234234234235,-0.05555942248305803,-0.43741372459805417,-0.897542413541825,5.969026041820607,-1.453911245157124,0.0
3.4434434434434436,-0.032046476615998624,-0.32721702549291054,-0.9444056551948162,5.969026041820607,-1.09303395149152,0.0
3.4634634634634636,-0.014635617742783621,-0.21226518622871435,-0.9771024968796541,5.969026041820607,-0.7148843776240524,0.0
3.4834834834834836,-0.0043504353382765,-0.0942576341357802,-0.9955383328226851,5.969026041820607,-0.32543809767952214,0.0
3.5035035035035036,-0.0017874147910133743,0.025099230396940054,-0.999683366762559,5.969026041820607,0.0691508020379772,0.0
3.5235235235235236,-0.00708870391824202,0.1440974777913552,-0.9895381079932232,5.969026041820607,0.46264697080476735,0.0
3.5435435435435436,-0.019935855218518178,0.26103048160453884,-0.9651246807277732,5.969026041820607,0.8488323253892766,0.0
3.5635635635635636,-0.039564301993109695,0.3741963329204084,-0.9265051378360479,5.969026041820607,1.2216043091004298,0.0
3.5835835835835836,-0.06479899556124903,0.4819049461679883,-0.8738241888577806,5.969026041820607,1.5750723252689736,0.0
3.6036036036036037,-0.09411196486392832,0.5824914405363067,-0.8073702123383449,5.969026041820607,1.903650821305862,0.0
3.6236236236236237,-0.125702148333019,0.6743374652785484,-0.7276454856769474,5.969026041820607,2.202147552410175,0.0
3.6436436436436437,-0.15759647524302436,0.7559009251711448,-0.6354346090010018,5.969026041820607,2.4658456301706084,0.0
3.6636636636636637,-0.18776889322372672,0.8257531931985559,-0.5318594801823108,5.969026041820607,2.69057805951664,0.0
3.6836836836836837,-0.21427119137127115,0.8826215480071257,-0.4184101570728339,5.969026041820607,2.8727935861758693,0.0
3.7037037037037037,-0.23536663255733092,0.9254334412395422,-0.2969435874270269,5.969026041820607,3.0096128141064074,0.0
3.7237237237237237,-0.24965527867204912,0.9533584739495726,-0.16964628489770778,5.969026041820607,3.098873706128532,0.0
3.7437437437437437,-0.25617910990098514,0.9658437873919695,-0.03896205855117002,5.969026041820607,3.1391657487481552,0.0
3.7637637637637638,-0.25449601318946563,0.9626390181944077,0.09250891805789824,5.969026041820607,3.129852241294563,0.0
3.7837837837837838,-0.2447144883096787,0.9438079954576508,0.22212898712552454,5.969026041820607,3.071080357156266,0.0
3.803803803803804,-0.22748512283702998,0.9097258263507185,0.3473462822000415,5.969026041820607,2.963778818125888,0.0
3.823823823823824,-0.20394980579958272,0.861061701436175,0.46580813972495033,5.969026041820607,2.809643218604407,0.0
3.843843843843844,-0.17565439277255937,0.7987493829460345,0.5754519593701101,5.969026041820607,2.611109231573777,0.0
3.863863863863864,-0.14443425515381972,0.7239486606184902,0.6745643651474047,5.969026041820607,2.371314119741079,0.0
3.883883883883884,-0.11228424645615942,0.6380018732300973,0.7618043434849429,5.969026041820607,2.094047160060581,0.0
3.903903903903904,-0.0812248857782974,0.5423897978061325,0.8361912611155353,5.969026041820607,1.7836897650325672,0.0
3.923923923923924,-0.053175187976916054,0.4386908080464699,0.8970634171110857,5.969026041820607,1.445146246990917,0.0
3.943943943943944,-0.029840079900888914,0.32854629953643444,0.9440163656909164,5.969026041820607,1.0837663194520033,0.0
3.963963963963964,-0.012617416362974572,0.21363413880967513,0.9768322555788345,5.969026041820607,0.7052605601698269,0.0
3.983983983983984,-0.0025269167973362935,0.09565051294158441,0.9954117711105148,5.969026041820607,0.3156101717625011,0.0
4.004004004004004,-0.00016138204185804061,-0.02370077155020437,0.9997190842349774,5.969026041820607,-0.07902753411451374,0.0
4.024024024024024,-0.005659553446368465,-0.14271360351180554,0.9897478450733416,5.969026041820607,-0.4724164354955431,0.0
4.044044044044044,-0.01869988817285296,-0.259682332336378,0.9655130244872525,5.969026041820607,-0.8583401442037325,0.0
4.064064064064064,-0.0385150435958263,-0.37290517869619605,0.9270697487882075,5.969026041820607,-1.2307002381138938,0.0
4.084084084084084,-0.06392753304545047,-0.4806913958381274,0.874556489019306,5.969026041820607,-1.5836126292988353,0.0
4.104104104104104,-0.0934073400742327,-0.5813747559234738,0.8082564333149713,5.969026041820607,-1.911500545235667,0.0
4.124124124124124,-0.12515185089336334,-0.6733350155512314,0.7286679429276741,5.969026041820607,-2.2091826537698442,0.0
4.1441441441441444,-0.15718707275345906,-0.7550277994053688,0.6365730486630301,5.969026041820607,-2.4719549392734486,0.0
4.1641641641641645,-0.18748680792681777,-0.825021970387985,0.533092342123199,5.969026041820607,-2.695665036178771,0.0
4.1841841841841845,-0.21410359438829743,-0.8820422059384652,0.4197156154029479,5.969026041820607,-2.876777845258139,0.0
4.2042042042042045,-0.2353023868101092,-0.9250133711622843,0.29830026807280635,5.969026041820607,-3.012431395771959,0.0
4.2242242242242245,-0.24968583083549845,-0.9531025591544965,0.17103361544734708,5.969026041820607,-3.1004820707432272,0.0
4.2442442442442445,-0.2562992193917915,-0.9657545022969628,0.040360270466849035,5.969026041820607,-3.139538480702302,0.0
4.2642642642642645,-0.25470421720059677,-0.9627165107751763,-0.09111905190986525,5.969026041820607,-3.1289834506240446,0.0
4.2842842842842845,-0.24501323520379795,-0.9440501288770883,-0.2207665480591932,5.969026041820607,-3.0689837726166056,0.0
4.3043043043043046,-0.22788055480469294,-0.910128173094046,-0.3460305785364196,5.969026041820607,-2.9604875702484743,0.0
4.324324324324325,-0.204451224376084,-0.8616175018754085,-0.46455890618192763,5.969026041820607,-2.805209316163046,0.0
4.344344344344345,-0.17627348529436007,-0.7994494965157042,-0.5742892658781056,5.969026041820607,-2.6056027397345636,0.0
4.364364364364365,-0.1451841865534046,-0.7247815486723513,-0.6735081726889289,5.969026041820607,-2.364822052882528,0.0
4.384384384384385,-0.11317872399091058,-0.6389536562730378,-0.7608737093440346,5.969026041820607,-2.0866721067598366,0.0
4.404404404404405,-0.08227728556613932,-0.5434444256877741,-0.8354032585934753,5.969026041820607,-1.7755482669459504,0.0
4.424424424424425,-0.054397798260159794,-0.43983037076162596,-0.8964318850308599,5.969026041820607,-1.4363669572458289,0.0
4.444444444444445,-0.031243476844057465,-0.3297514904138869,-0.9435506344252853,5.969026041820607,-1.074487969651651,0.0
4.464464464464465,-0.01420995453352421,-0.2148848635031236,-0.9765360068268053,5.969026041820607,-0.6956297681364144,0.0
4.484484484484485,-0.004314296792136194,-0.0969266192023801,-0.9952821797525716,5.969026041820607,-0.3057791246612486,0.0
4.504504504504505,-0.0021462565257636046,0.02241868472620551,-0.9997463659138336,5.969026041820607,0.08890348465890067,0.0
4.524524524524525,-0.007841149893572418,0.14144335146864964,-0.9899152967266982,5.969026041820607,0.4821812282876941,0.0
4.544544544544545,-0.02107365706354317,0.25843934700058635,-0.9657976003799774,5.969026041820607,0.8678394745791044,0.0
4.564564564564565,-0.041072376543921,0.37170181153228155,-0.9274431643979579,5.969026041820607,1.239783996283354,0.0
4.584584584584585,-0.06665562644537246,0.4795363815008106,-0.8749867920603863,5.969026041820607,1.5921372724052065,0.0
4.604604604604605,-0.09628929679856253,0.580272886174159,-0.8087099287711201,5.969026041820607,1.9193313656386666,0.0
4.624624624624625,-0.12816710817970065,0.6722870566156721,-0.7291113124123972,5.969026041820607,2.216195907715652,0.0
4.644644644644645,-0.16031221573647322,0.7540306646838301,-0.6369754706438562,5.969026041820607,2.4780398023113563,0.0
4.664664664664665,-0.19069677776402613,0.8240691362694487,-0.5334274061185647,5.969026041820607,2.700725354425144,0.0
4.684684684684685,-0.2173732356213997,0.8811243342497103,-0.41996283648476024,5.969026041820607,2.880733654833958,0.0
4.704704704704705,-0.2386082128835102,0.9241190808916068,-0.2984460505291134,5.969026041820607,3.015220186403571,0.0
4.724724724724725,-0.253007833769948,0.9522192759155648,-0.17107158333783112,5.969026041820607,3.1020597735587114,0.0
4.744744744744745,-0.2596225221110982,0.9648693092022055,-0.04029096886607658,5.969026041820607,3.1398801646141417,0.0
4.764764764764765,-0.2580203725762517,0.9618169302112901,0.09128899218623687,5.969026041820607,3.1280837162937662,0.0
4.784784784784785,-0.24832101483341912,0.9431247804905398,0.2210256139378584,5.969026041820607,3.0668568377759082,0.0
4.804804804804805,-0.23118613543770966,0.9091672765737492,0.34636373076389526,5.969026041820607,2.9571670450285774,0.0
4.824824824824825,-0.20776775732109215,0.8606132198682495,0.464948862570501,5.969026041820607,2.8007476719825575,0.0
4.844844844844845,-0.17962010819738503,0.798396138573058,0.5747175155175142,5.969026041820607,2.6000704801385366,0.0
4.864864864864865,-0.148584593468349,0.7236756771493712,0.6739555867311123,5.969026041820607,2.3583065994352728,0.0
4.884884884884885,-0.11665943983013845,0.6377941463956754,0.7613206958448997,5.969026041820607,2.0792764175967755,0.0
4.904904904904905,-0.08586579319581178,0.5422325330714258,0.8358294955537469,5.969026041820607,1.7673892098142632,0.0
4.924924924924925,-0.05812064606032361,0.4385698508271814,0.8968157427514224,5.969026041820607,1.4275734627434808,0.0
4.944944944944945,-0.035124461751748375,0.3284487972546011,0.9438684546950843,5.969026041820607,1.065198993847473,0.0
4.964964964964965,-0.018268442402881283,0.2135494336768315,0.9767614362720853,5.969026041820607,0.6859920967662556,0.0
4.984984984984985,-0.00856371872998123,0.09557122195999519,0.9953857565056958,5.969026041820607,0.29594505359860096,0.0
5.005005005005005,-0.00659281293340126,-0.02377757186246583,0.999695534597299,5.969026041820607,-0.09877855600426842,0.0
5.025025025025025,-0.01248276399843146,-0.1427852012075141,0.9896749804450538,5.969026041820607,-0.4919412526136302,0.0
5.045045045045045,-0.02589924196565677,-0.25973934601056353,0.9653313945995114,5.969026041820607,-0.8773302225730569,0.0
5.065065065065065,-0.0460615050875043,-0.3729308038391002,0.9267151413982748,5.969026041820607,-1.2488554937762195,0.0
5.085085085085085,-0.07177871013791405,-0.48066105974176737,0.8739638221452227,5.969026041820607,-1.6006461702847883,0.0
5.105105105105105,-0.10150837749529901,-0.5812562827864458,0.8073643434158972,5.969026041820607,-1.9271432050730188,0.0
5.125125125125125,-0.13343733646904454,-0.6730893618153315,0.7274236648933716,5.969026041820607,-2.2231872448909766,0.0
5.145145145145145,-0.16558403069830774,-0.7546103657965926,0.6349371028770187,5.969026041820607,-2.4841001591089062,0.0
5.165165165165165,-0.19591871903082228,-0.8243844370151895,0.5310425176389333,5.969026041820607,-2.7057589642124307,0.0
5.185185185185185,-0.22249522270336045,-0.8811347775579862,0.417249780888912,5.969026041820607,-2.884660975782889,0.0
5.205205205205205,-0.24358503619345698,-0.9237872699764041,0.2954376583511281,5.969026041820607,-3.017979158421881,0.0
5.225225225225225,-0.25780253618222454,-0.9515125706642494,0.16781442192418095,5.969026041820607,-3.103606798972506,0.0
5.245245245245245,-0.26420932581143003,-0.9637613721519114,0.03684358427129247,5.969026041820607,-3.140190797104636,0.0
5.265265265265265,-0.2623868325697198,-0.9602890099728265,-0.09485867076476812,5.969026041820607,-3.1271530472015288,0.0
5.285285285285285,-0.2524691564922111,-0.9411666491081231,-0.2246434143849248,5.969026041820607,-3.064699573668208,0.0
5.305305305305305,-0.23513244679661155,-0.9067777768805614,-0.34995256224065874,5.969026041820607,-2.9538172753040888,0.0
5.325325325325325,-0.2115420371802458,-0.8578004232301898,-0.4684318524732855,5.969026041820607,-2.79625833018576,0.0
5.345345345345345,-0.183263294932735,-0.7951771554322749,-0.5780206364904685,5.969026041820607,-2.5945125074962174,0.0
5.365365365365365,-0.15214579581946955,-0.7200761959209446,-0.6770095485901906,5.969026041820607,-2.3517678238330326,0.0
5.385385385385385,-0.12019244640364721,-0.6338477957259786,-0.764062005128272,5.969026041820607,-2.0718601657100595,0.0
5.405405405405405,-0.08942534876380337,-0.5379801659720297,-0.838200720602762,5.969026041820607,-1.759212674325392,0.0
5.425425425425425,-0.06175875669118698,-0.4340588372254628,-0.898765142736548,5.969026041820607,-1.4187658504459408,0.0
5.445445445445445,-0.03888694128935645,-0.32373238688472217,-0.9453492198541703,5.969026041820607,-1.0558994839015212,0.0
5.465465465465465,-0.02219185652895591,-0.2086862184176293,-0.977730833995818,5.969026041820607,-0.6763476413697794,0.0
5.485485485485485,-0.012672834785390033,-0.09062469089130662,-0.995804481140333,5.969026041820607,-0.2861080558272774,0.0
5.505505505505505,-0.010898633480067591,0.028739425128595817,-0.9995275209974739,5.969026041820607,0.10865265049243095,0.0
5.525525525525525,-0.01698121214015295,0.1476902864269326,-0.9888878691384541,5.969026041820607,0.5016964119529074,0.0
5.545545545545545,-0.03057057173330485,0.2645119837599651,-0.9638977386585552,5.969026041820607,0.8868122943281178,0.0
5.565565565565565,-0.05087052001494016,0.3774924209347642,-0.9246143316702531,5.969026041820607,1.25791464088115,0.0
5.585585585585585,-0.07667587391742127,0.48493115118175045,-0.8711845894942987,5.969026041820607,1.609139238789993,0.0
5.605605605605605,-0.10643187940929445,0.5851536951694319,-0.8039075867752283,5.969026041820607,1.9349359862846092,0.0
5.625625625625625,-0.13831612260485932,0.6765339176478535,-0.7233052664673546,5.969026041820607,2.2301565961559326,0.0
5.645645645645645,-0.17034172860701144,0.757524804183877,-0.630190341516878,5.969026041820607,2.490135949733017,0.0
5.665665665665665,-0.20047827636876847,0.826696599180455,-0.5257196910973402,5.969026041820607,2.710765815761425,0.0
5.685685685685685,-0.22678396602248857,0.882779921950818,-0.41142270495856553,5.969026041820607,2.8885597692662124,0.0
5.7057057057057055,-0.24753975684480936,0.9247103683375236,-0.28919682479255865,5.969026041820607,3.020708284542401,0.0
5.7257257257257255,-0.26137414975248285,0.9516704194818375,-0.16126675579372612,5.969026041820607,3.1051231316855175,0.0
5.7457457457457455,-0.2673666482663547,0.9631243575894397,-0.030108922474025912,5.969026041820607,3.1404703751018297,0.0
5.7657657657657655,-0.26511907871587054,0.9588423895416588,0.10165208369085121,5.969026041820607,3.126191452551058,0.0
5.7857857857857855,-0.25478688940199284,0.9389112573890362,0.2313639810705136,5.969026041820607,3.0625120016274767,0.0
5.8058058058058055,-0.2370668721208953,0.903730119315458,0.3564704329740177,5.969026041820607,2.950438294202102,0.0
5.8258258258258255,-0.21314271603791904,0.8539921828589687,0.47462357107033026,5.969026041820607,2.7917413351694034,0.0
5.8458458458458455,-0.18459451268027832,0.7906541931149114,0.5837729120111166,5.969026041820607,2.588928876772441,0.0
5.865865865865866,-0.153281945272808,0.7148971667651222,0.6822218746158643,5.969026041820607,2.3452057907401263,0.0
5.885885885885886,-0.12121284721756237,0.6280825274023302,0.768648023767128,5.969026041820607,2.0644234244417117,0.0
5.905905905905906,-0.09040892720954397,0.5317079460740163,0.8420884074504098,5.969026041820607,1.7510187413400815,0.0
5.925925925925926,-0.06277896214887782,0.4273667381319838,0.9018960433718143,5.969026041820607,1.409944207454903,0.0
5.945945945945946,-0.04000719626756646,0.3167137220063053,0.947677077141531,5.969026041820607,1.0465895317800662,0.0
5.965965965965966,-0.023461747952319485,0.2014391794714364,0.9792199974248328,5.969026041820607,0.6666964973245488,0.0
5.985985985985986,-0.014125175118580047,0.08325116890647283,0.9964284832858643,5.969026041820607,0.2762682286289182,0.0
6.006006006006006,-0.012547463566192822,-0.03613487539257295,0.9992681481655513,5.969026041820607,-0.1185256704748628,0.0
6.026026026026026,-0.018820786959627835,-0.15500141248513052,0.9877349543807925,5.969026041820607,-0.5114466098331932,0.0
6.046046046046046,-0.03257536030171393,-0.2716318255858749,0.9618497789311435,5.969026041820607,-0.8962855960726178,0.0
6.066066066066066,-0.052996249321482294,-0.3843144229537639,0.9216798912135177,5.969026041820607,-1.2669613480089112,0.0
6.086086086086086,-0.07886163904638893,-0.49135048082288535,0.8673843132555649,5.969026041820607,-1.617616393929745,0.0
6.106106106106106,-0.10860331380830356,-0.5910688241662793,0.7992765261962466,5.969026041820607,-1.9427096322077877,0.0
6.126126126126126,-0.1403895651243476,-0.6818484809856312,0.7178951309081123,5.969026041820607,-2.2371038925880606,0.0
6.146146146146146,-0.1722292370873527,-0.7621497023432248,0.624071246822215,5.969026041820607,-2.496147114493552,0.0
6.166166166166166,-0.20209323066246673,-0.8305522585167491,0.518980993864828,5.969026041820607,-2.715745859557544,0.0
6.186186186186186,-0.2280468947803748,-0.8857985830766285,0.40417259184691806,5.969026041820607,-2.89242999672734,0.0
6.206206206206206,-0.24838393600356398,-0.9268382406805111,0.28156046588152317,5.969026041820607,-3.0234075377758094,0.0
6.226226226226226,-0.2617504802509706,-0.9528695279535175,0.15338301335484733,5.969026041820607,-3.1066087567021707,0.0
6.246246246246246,-0.26724734355188545,-0.9633739181224704,0.022125804970769825,5.969026041820607,-3.1407188958408714,0.0
6.266266266266266,-0.2644997847419552,-0.958139584131829,-0.10958285080672098,5.969026041820607,-3.1251989418519144,0.0
6.286286286286286,-0.2536870121263833,-0.9372713322319632,-0.2390927637012259,5.969026041820607,-3.0602941432874124,0.0
6.306306306306306,-0.2355280774192327,-0.9011857941730845,-0.3638553134524855,5.969026041820607,-2.947030135138595,0.0
6.326326326326326,-0.21122576303412258,-0.8505924262357114,-0.48153525463965413,5.969026041820607,-2.7871967316036947,0.0
6.346346346346346,-0.1823747508293561,-0.7864624761077706,-0.5900984866394264,5.969026041820607,-2.583319643185762,0.0
6.366366366366366,-0.15084392146418904,-0.7099893500798781,-0.68786716314288,5.969026041820607,-2.3386205650508853,0.0
6.386386386386386,-0.11864451728650377,-0.6225445556112447,-0.7735384636825923,5.969026041820607,-2.0569662673363815,0.0
6.406406406406406,-0.08779594687115497,-0.5256335192501728,-0.8461685855392235,5.969026041820607,-1.7428074918911263,0.0
6.426426426426427,-0.06019945910595525,-0.4208551058908574,-0.9051281704646696,5.969026041820607,-1.4011086210107953,0.0
6.446446446446447,-0.037527320340022347,-0.3098677040952662,-0.9500387919377822,5.969026041820607,-1.0372692295525918,0.0
6.466466466466467,-0.02113218421110619,-0.1943634675071223,-0.9807019288697516,5.969026041820607,-0.6570387600742177,0.0
6.486486486486487,-0.011978707295738796,-0.07605091321429674,-0.9970319800139663,5.969026041820607,-0.2664256693131561,0.0
6.506506506506507,-0.010597604691605525,0.04335523479986519,-0.9990035106995495,5.969026041820607,0.12839751831368693,0.0
6.526526526526527,-0.017061454720854626,0.1621391455600396,-0.9866203952076219,5.969026041820607,0.5211917498312432,0.0
6.546546546546547,-0.03098156034086561,0.278586836417595,-0.959911202921112,5.969026041820607,0.9057500341216382,0.0
6.566566566566567,-0.05152572827983114,0.39099019506578564,-0.9189514495812201,5.969026041820607,1.2759955256933446,0.0
6.586586586586587,-0.07745746556544188,0.497655126623522,-0.8639095531207404,5.969026041820607,1.6260775518703918,0.0
6.606606606606607,-0.10719732626968174,0.5969162935168567,-0.7951098488727835,5.969026041820607,1.9504640659660963,0.0
6.626626626626627,-0.13890658135992281,0.6871599447690386,-0.7131031986744142,5.969026041820607,2.2440290654830255,0.0
6.646646646646647,-0.1705918534049886,0.7668550817848209,-0.6187339517857544,5.969026041820607,2.5021335939439218,0.0
6.666666666666667,-0.200226954184101,0.8345918260029719,-0.513191631641585,5.969026041820607,2.720699046351328,0.0
6.686686686686687,-0.22588527100681238,0.8891245221120743,-0.39803696878672357,5.969026041820607,2.896271619892189,0.0
6.706706706706707,-0.24587327379977816,0.9294160278906793,-0.27519480433078586,5.969026041820607,3.0260768914282123,0.0
6.726726726726727,-0.25885375935522525,0.9546789937049065,-0.14691068799111134,5.969026041820607,3.108063659330581,0.0
6.746746746746747,-0.26394692898350086,0.9644098568632393,-0.0156731191845228,5.969026041820607,3.1409363568640507,0.0
6.766766766766767,-0.260798670685431,0.9584118200782656,0.11589148589411175,5.969026041820607,3.1241755249193965,0.0
6.786786786786787,-0.2496084644006096,0.9368041961464478,0.24513978172002887,5.969026041820607,3.0580460205812217,0.0
6.806806806806807,-0.23111371622432061,0.9000170253873065,0.3695345777944656,5.969026041820607,2.943592831818088,0.0
6.826826826826827,-0.20653229720037292,0.8487715718374476,0.486755820770014,5.969026041820607,2.782624564431869,0.0
6.846846846846847,-0.17746971223933145,0.784048907493509,0.5947871988330684,5.969026041820607,2.577684862207928,0.0
6.866866866866867,-0.1458008316619395,0.7070500488425786,0.6919699024655317,5.969026041820607,2.332012211889043,0.0
6.886886886886887,-0.11353793747546935,0.6191518320166504,0.7770200419963468,5.969026041820607,2.0494887681406015,0.0
6.906906906906907,-0.08269682104910327,0.5218628170011188,0.8490114463420331,5.969026041820607,1.7345790071825522,0.0
6.926926926926927,-0.05517107309666624,0.4167830194818936,0.9073301865168373,5.969026041820607,1.3922591784919978,0.0
6.946946946946947,-0.03262208897236418,0.3055702952589664,0.951610526405728,5.969026041820607,1.027938669391012,0.0
6.966966966966967,-0.01638936797544799,0.18991492169016114,0.981663746471542,5.969026041820607,0.6473745251277199,0.0
6.986986986986987,-0.007423067384410633,0.07152253230296714,0.9974113621988349,5.969026041820607,0.25658047521669813,0.0
7.007007007007007,-0.006238942573805712,-0.047895745544308956,0.9988328554638524,5.969026041820607,-0.13826809638255116,0.0
7.027027027027027,-0.012894951495334733,-0.16662816613236117,0.98593548190389,5.969026041820607,-0.5309317355737656,0.0
7.047047047047047,-0.026988826172044903,-0.2829651809140447,0.9587503896488873,5.969026041820607,-0.9152055148778531,0.0
7.067067067067067,-0.04767648185014086,-0.3952034066906726,0.917355558340514,5.969026041820607,-1.2850170845921276,0.0
7.087087087087087,-0.07371177415737085,-0.5016537932531404,0.8619222969995988,5.969026041820607,-1.634522628936415,0.0
7.107107107107107,-0.10350833678674103,-0.600656435785769,0.7927785758738279,5.969026041820607,-1.958199210873126,0.0
7.127127127127127,-0.13522365384924476,-0.6906034983978783,0.7104796770070393,5.969026041820607,-2.2509320463552323,0.0
7.147147147147147,-0.1668639706676356,-0.7699704618279231,0.6158749087317006,5.969026041820607,-2.5080953288816175,0.0
7.167167167167167,-0.19640623034529062,-0.8373545275870967,0.5101587868602255,5.969026041820607,-2.7256253271588813,0.0
7.187187187187187,-0.22193033108781385,-0.8915176850635896,0.39489637294088226,5.969026041820607,-2.9000846007695276,0.0
7.207207207207207,-0.241752241246494,-0.9314308760127441,0.2720153985754866,5.969026041820607,-3.028716319101384,0.0
7.227227227227227,-0.25454658409943026,-0.9563150567610532,0.14376212552395495,5.969026041820607,-3.1094878251826867,0.0
7.247247247247247,-0.25944682459144136,-0.9656748959385062,0.01262301720357234,5.969026041820607,-3.1411227560208146,0.0
7.267267267267267,-0.25611250638149924,-0.959321403784144,-0.11878058897123006,5.969026041820607,-3.123121211874453,0.0
7.287287287287287,-0.2447560670934917,-0.937380912399063,-0.24781342314445226,5.969026041820607,-3.0557676557414206,0.0
7.307307307307307,-0.22612616140585298,-0.900289355473217,-0.37194896901217145,5.969026041820607,-2.940126418233345,0.0
7.327327327327327,-0.20144938350971192,-0.8487724934598813,-0.4888797400477902,5.969026041820607,-2.778024878869777,0.0
7.347347347347347,-0.1723369013218245,-0.7838143250791495,-0.5966029636561067,5.969026041820607,-2.57202458956337,0.0
7.367367367367367,-0.14066597768568342,-0.706617167805865,-0.6934733310542577,5.969026041820607,-2.3253807966069995,0.0
7.387387387387387,-0.10844812404382831,-0.6185575966216372,-0.778219444663764,5.969026041820607,-2.041991000802125,0.0
7.407407407407407,-0.07769557254322444,-0.5211425193769521,-0.8499258041172552,5.969026041820607,-1.726333368588885,0.0
7.4274274274274275,-0.05029612649480531,-0.415969163088518,-0.9079867592750434,5.969026041820607,-1.383395967413859,0.0
7.4474474474474475,-0.02790381925399422,-0.3046917641125292,-0.9520421764568913,5.969026041820607,-1.0185979435686214,0.0
7.4674674674674675,-0.011849873554229456,-0.18899647197837555,-0.9819062654226294,5.969026041820607,-0.6377038880581812,0.0
7.4874874874874875,-0.003075855751371856,-0.07058459034236486,-0.9975010549956009,5.969026041820607,-0.24673274370224113,0.0
7.5075075075075075,-0.002089118033156087,0.048837022037665566,-0.9988045759126638,5.969026041820607,0.14813730706772746,0.0
7.5275275275275275,-0.008939796911746206,0.1675606253662783,-0.9858212398086064,5.969026041820607,0.5406664707385073,0.0
7.5475475475475475,-0.02321868319739295,0.2838802845016259,-0.9585785710214859,5.969026041820607,0.9246519448325821,0.0
7.5675675675675675,-0.04407585925287078,0.3960957792476856,-0.9171507249591137,5.969026041820607,1.2940259354877905,0.0
7.587587587587588,-0.07026064028755005,0.5025207779978537,-0.8617054659839126,5.969026041820607,1.6429515416113825,0.0
7.607607607607608,-0.10018356973455014,0.6014977049372078,-0.7925678288388002,5.969026041820607,1.9659149904332218,0.0
7.627627627627628,-0.1320006248276188,0.6914207470579323,-0.7102909161623169,5.969026041820607,2.2578127669385992,0.0
7.647647647647648,-0.1637182209042346,0.7707671914091461,-0.6157225680377025,5.969026041820607,2.514032260348879,0.0
7.667667667667668,-0.19331517313047725,0.8381359026417232,-0.5100563229097457,5.969026041820607,2.7305246532624268,0.0
7.687687687687688,-0.21887487715797269,0.8922904287194662,-0.3948564029675173,5.969026041820607,2.9038689016514043,0.0
7.707707707707708,-0.2387182186757096,0.9322031570859682,-0.27204941828826257,5.969026041820607,3.0313257946930667,0.0
7.727727727727728,-0.2515258143821663,0.9570963182386486,-0.14387981899190677,5.969026041820607,3.1108812401743866,0.0
7.747747747747748,-0.2564377322119829,0.966475580893506,-0.01283125224858539,5.969026041820607,3.141278091467794,0.0
7.767767767767768,-0.2531201814197364,0.9601525502375576,0.11847891808286043,5.969026041820607,3.1220360131435676,0.0
7.787787787787788,-0.24179176374800654,0.9382536108014727,0.2474205019826713,5.969026041820607,3.053459071299586,0.0
7.807807807807808,-0.2232062880414004,0.9012140875949078,0.3714729078936802,5.969026041820607,2.936630928664988,0.0
7.827827827827828,-0.19859410702057329,0.8497583951425038,0.48833497779829993,5.969026041820607,2.7733977204053772,0.0
7.847847847847848,-0.16956853599842542,0.7848684333509317,0.5960101122701971,5.969026041820607,2.566338881228578,0.0
7.867867867867868,-0.13800734662876205,0.7077437222425363,0.6928584241405276,5.969026041820607,2.318726384785243,0.0
7.887887887887888,-0.10592106672409143,0.6197574641828535,0.7776126369944072,5.969026041820607,2.0344730394690935,0.0
7.907907907907908,-0.07531973003862574,0.5224128017433961,0.8493596428140724,5.969026041820607,1.7180706576542377,0.0
7.927927927927928,-0.04808807680668577,0.41730302781179235,0.9074941982447429,5.969026041820607,1.3745190754279093,0.0
7.947947947947948,-0.025876572351135475,0.3060785186840438,0.9516545294397862,5.969026041820607,1.0092471444592686,0.0
7.967967967967968,-0.010012682354029096,0.1904218765098814,0.9816512899896047,5.969026041820607,0.6280269445020628,0.0
7.987987987987988,-0.0014342646785087752,0.07203138287322072,0.9974013348526883,5.969026041820607,0.23688257215757522,0.0
8.008008008008009,-0.0006451595744418193,-0.04738843131374742,0.9988763288548116,5.969026041820607,-0.15800505276901028,0.0
8.028028028028029,-0.007692257736138804,-0.16613134705065588,0.9860736304646701,5.969026041820607,-0.5503958590551401,0.0
8.048048048048049,-0.022163389290438214,-0.2824920926327951,0.95901355661681,5.969026041820607,-0.9340892305666519,0.0
8.068068068068069,-0.043205965381005476,-0.3947702665207434,0.9177634124469963,5.969026041820607,-1.3030219892885384,0.0
8.088088088088089,-0.06956694306686187,-0.5012785810498835,0.8624849126869792,5.969026041820607,-1.651364206538719,0.0
8.108108108108109,-0.09965488661143997,-0.6003578466094694,0.7934981786926928,5.969026041820607,-1.9736113283421883,0.0
8.128128128128129,-0.131624287075021,-0.6904001277054602,0.71135273297851,5.969026041820607,-2.264671159187183,0.0
8.148148148148149,-0.16348071509428466,-0.7698802435836042,0.6168942100000854,5.969026041820607,-2.5199443296332382,0.0
8.168168168168169,-0.19320293505209565,-0.837394404693647,0.5113152030545787,5.969026041820607,-2.7353969762107497,0.0
8.188188188188189,-0.21887520188701928,-0.8917034553689842,0.39618000161750483,5.969026041820607,-2.9076244851134945,0.0
8.208208208208209,-0.23882021063104666,-0.9317771313016665,0.27341595523504786,5.969026041820607,-3.0339052923972094,0.0
8.228228228228229,-0.25172127254927806,-0.9568351210897882,0.14526855129371619,5.969026041820607,-3.112243890525694,0.0
8.248248248248249,-0.25672185694051336,-0.9663806758616393,0.014222429114850499,5.969026041820607,-3.141402361668821,0.0
8.268268268268269,-0.2534920042286134,-0.9602230860086379,-0.1171043504226808,5.969026041820607,-3.120919939458665,0.0
8.288288288288289,-0.24225423821296388,-0.9384864805745609,-0.24608130738912187,5.969026041820607,-3.0511202900861467,0.0
8.308308308308309,-0.223766030125998,-0.9016039408888481,-0.3701879219194717,5.969026041820607,-2.933106397681181,0.0
8.328328328328329,-0.1992608254740079,-0.8502976165793057,-0.48712327666687727,5.969026041820607,-2.76874313479832,0.0
8.348348348348349,-0.17035423554578094,-0.7855471184535724,-0.5948908800112892,5.969026041820607,-2.560627793431599,0.0
8.368368368368369,-0.13892540939372525,-0.7085496900487145,-0.6918504660375389,5.969026041820607,-2.312049042231666,0.0
8.388388388388389,-0.1069853167787959,-0.6206763487869286,-0.7767335528029997,5.969026041820607,-2.0269349584893552,0.0
8.408408408408409,-0.07654356445788908,-0.5234282595174535,-0.8486247344252421,5.969026041820607,-1.709790956091556,0.0
8.428428428428429,-0.04948371158601128,-0.4183970851263803,-0.9069152338808316,5.969026041820607,-1.3656285903209542,0.0
8.448448448448449,-0.02745441337593456,-0.30723206848244233,-0.951238514402085,5.969026041820607,-0.9998863645363983,0.0
8.468468468468469,-0.011780800656021875,-0.19161531353787667,-0.9813994010357798,5.969026041820607,-0.6183437901581702,0.0
8.488488488488489,-0.0033979393239645136,-0.07324534913226742,-0.9973081634272057,5.969026041820607,-0.22703005799468776,0.0
8.508508508508509,-0.002806454309486071,0.046172235190084496,-0.9989295513255492,5.969026041820607,0.167871235900615,0.0
8.528528528528529,-0.010049617761681656,0.16492934071919182,-0.9862541851634797,5.969026041820607,0.5601198043061465,0.0
8.548548548548549,-0.024711276681026857,0.28131804831667284,-0.9592963611396603,5.969026041820607,0.9435172787512558,0.0
8.568568568568569,-0.04593458701217686,0.39363465864580877,-0.9181186030293247,5.969026041820607,1.3120051570290694,0.0
8.588588588588589,-0.07246215345994299,0.5001881118497635,-0.8628795333531879,5.969026041820607,1.6597605405224714,0.0
8.608608608608609,-0.1026983605609881,0.5993151944825441,-0.793898195236728,5.969026041820607,1.981288148488147,0.0
8.62862862862863,-0.13479404681573265,0.6894039473556676,-0.7117252014037154,5.969026041820607,2.271507155275808,0.0
8.64864864864865,-0.16675206217952315,0.7689254245881842,-0.6172093981627736,5.969026041820607,2.5258314782680555,0.0
8.66866866866867,-0.19654978174334423,0.836472570316568,-0.5115484555780945,5.969026041820607,2.7402422478196478,0.0
8.68868868868869,-0.22227172987558322,0.8908036592126396,-0.3963131575297276,5.969026041820607,2.911351314015445,0.0
8.70870870870871,-0.2422427195081887,0.9308866892674961,-0.2734381769058084,5.969026041820607,3.0364547867042058,0.0
8.72872872872873,-0.25515003098606553,0.9559405034633569,-0.1451764978422065,5.969026041820607,3.113575762760862,0.0
8.74874874874875,-0.2601427480804615,0.965468381622546,-0.014019797002154999,5.969026041820607,3.141495565394941,0.0
8.76876876876877,-0.2568977697341193,0.9592804296014779,0.11740780761488367,5.969026041820607,3.11977300185701,0.0
8.78878878878879,-0.24564517144988324,0.9375022393311195,0.2464710956525884,5.969026041820607,3.048751335230175,0.0
8.80880880880881,-0.22715003914413714,0.9005688361482714,0.37064623440021355,5.969026041820607,2.929552860137314,0.0
8.82882882882883,-0.20265286628649756,0.8492046290416911,0.48763030443126054,5.969026041820607,2.764061168079522,0.0
8.84884884884885,-0.17377518958576169,0.7843916636677566,0.5954258152386858,5.969026041820607,2.5548913826514505,0.0
8.86886886886887,-0.1424005323432822,0.7073296989144632,0.6923920749269274,5.969026041820607,2.3053488349809776,0.0
8.88888888888889,-0.11054241155164919,0.6193923075988724,0.7772602810740942,5.969026041820607,2.0193768324097787,0.0
8.90890890890891,-0.0802110287454874,0.522083263229191,0.8491143957814163,5.969026041820607,1.7014943457818696,0.0
8.92892892892893,-0.05328858662630113,0.41699694682015404,0.9073444069799128,5.969026041820607,1.3567246000142872,0.0
8.94894894894895,-0.03142052645436372,0.3057855096207622,0.9515818265514475,5.969026041820607,0.9905156963722238,0.0
8.96896896896897,-0.015927061355466426,0.1901342364986822,0.9816289017889243,5.969026041820607,0.6086545207867964,0.0
8.98898898898899,-0.00773682858695496,0.07174516917951325,0.9973929878350387,5.969026041820607,0.21717529864866617,0.0
9.00900900900901,-0.007342741280196965,-0.047672243705888136,0.9988360432674748,5.969026041820607,-0.17773575889227675,0.0
9.02902902902903,-0.014779351778971087,-0.1664057466427455,0.9859466000980731,5.969026041820607,-0.5698382103279039,0.0
9.04904904904905,-0.029621124896445302,-0.28274308750577626,0.9587381996286864,5.969026041820607,-0.9529359961490041,0.0
9.06906906906907,-0.051001612056771936,-0.3949762538530192,0.9172745469375734,5.969026041820607,-1.3209753498715788,0.0
9.08908908908909,-0.07765413872942425,-0.5014101548084795,0.8617178722719011,5.969026041820607,-1.668140460528246,0.0
9.10910910910911,-0.10797478232845689,-0.6003781379857478,0.7923935498283492,5.969026041820607,-1.988945374952238,0.0
9.12912912912913,-0.14010775558338937,-0.6902657278240191,0.7098612835030844,5.969026041820607,-2.2783206876008286,0.0
9.14914914914915,-0.17205166964921031,-0.7695427017620414,0.6149815063360687,5.969026041820607,-2.5316936480331824,0.0
9.16916916916917,-0.20178266115749716,-0.836802234024154,0.5089654003840203,5.969026041820607,-2.7450604201724724,0.0
9.18918918918919,-0.2273874399955172,-0.8908045185302444,0.3933983501465982,5.969026041820607,-2.915049351501293,0.0
9.20920920920921,-0.24719657475070433,-0.9305212321461734,0.2702296985091867,5.969026041820607,-3.0389742524011822,0.0
9.22922922922923,-0.2599064817291907,-0.9551765999381279,0.14172608682056254,5.969026041820607,-3.114876843708523,0.0
9.24924924924925,-0.2646782214439418,-0.9642808044076391,0.010390829798670898,5.969026041820607,-3.141557701724429,0.0
9.26926926926927,-0.2612026594811627,-0.9576520831412859,-0.1211431316038945,5.969026041820607,-3.1185952116810842,0.0
9.28928928928929,-0.24972475239130068,-0.9354250202634172,-0.25023504852031153,5.969026041820607,-3.046352230159125,0.0
9.30930930930931,-0.23102420226439316,-0.8980440899687406,-0.3743589593424866,5.969026041820607,-2.9259703511756094,0.0
9.32932932932933,-0.2063547040393915,-0.8462432129642374,-0.49121294835585305,5.969026041820607,-2.7593518665506513,0.0
9.34934934934935,-0.17734858261205033,-0.7810136670648439,-0.5988030829104766,5.969026041820607,-2.5491297056176205,0.0
9.36936936936937,-0.1458969791887961,-0.7035639039080795,-0.6954940003917174,5.969026041820607,-2.298625829293958,0.0
9.38938938938939,-0.11401739015975511,-0.615275488958527,-0.7800231454435637,5.969026041820607,-2.011798735975415,0.0
9.40940940940941,-0.08372018143964345,-0.5176594269950202,-0.8514808564275345,5.969026041820607,-1.6931809087733682,0.0
9.42942942942943,-0.05688398757750529,-0.41231659202398524,-0.9092630201974982,5.969026041820607,-1.3478071925626993,0.0
9.44944944944945,-0.03514723728872449,-0.3009049704082657,-0.9530062279409504,5.969026041820607,-0.9811352326366823,0.0
9.46946946946947,-0.019820123548394606,-0.1851151276015782,-0.9825169475562474,5.969026041820607,-0.5989592322086417,0.0
9.48948948948949,-0.011818794970346456,-0.06665392136020043,-0.9977061545627676,5.969026041820607,-0.20731839157680151,0.0
9.50950950950951,-0.011621821776601007,0.05276480478542256,-0.9985393375497114,5.969026041820607,0.18759852419012604,0.0
9.52952952952953,-0.019248241271484726,0.17142485026744883,-0.9850091501698875,5.969026041820607,0.5795509810115468,0.0
9.54954954954955,-0.034256587623388145,0.28761058320400007,-0.9571345979710075,5.969026041820607,0.9623452896147617,0.0
9.56956956956957,-0.05576490546674944,0.3996113802278249,-0.9149868961413394,5.969026041820607,1.3299324791065543,0.0
9.58958958958959,-0.08249235651193658,0.5057305871543412,-0.8587383678008668,5.969026041820607,1.6765038836839548,0.0
9.60960960960961,-0.11282316897644042,0.6043013634613954,-0.788727325924793,5.969026041820607,1.9965829320093185,0.0
9.62962962962963,-0.14489298605614842,0.6937107590336112,-0.7055291669324562,5.969026041820607,2.2851116887807357,0.0
9.64964964964965,-0.17669599810670297,0.7724320942145669,-0.6100222816258725,5.969026041820607,2.5375307809554815,0.0
9.66966966966967,-0.2062087321442472,0.839064325700007,-0.5034372017687159,5.969026041820607,2.7498514456205574,0.0
9.68968968968969,-0.23152344199783112,0.8923757674094482,-0.3873788656412938,5.969026041820607,2.9187185609997957,0.0
9.70970970970971,-0.25098132293804387,0.931348496966223,-0.2638149971754576,5.969026041820607,3.0414636645722215,0.0
9.72972972972973,-0.2632939670040641,0.9552191965349422,-0.13502804712377764,5.969026041820607,3.116147120501806,0.0
9.74974974974975,-0.26764117364852474,0.9635121783051421,-0.0035333306353584892,5.969026041820607,3.1415887700427962,0.0
9.76976976976977,-0.26373474950616677,0.9560609688129978,0.12802892569622526,5.969026041820607,3.1173865805784855,0.0
9.78978978978979,-0.2518411929505392,0.933016005187254,0.2570158508678498,5.969026041820607,3.0439229985986223,0.0
9.80980980980981,-0.23276067935744657,0.8948375604212904,0.38090445862970695,5.969026041820607,2.922358906224806,0.0
9.82982982982983,-0.2077647514696948,0.8422747195300446,0.49740034668964334,5.969026041820607,2.7546152767837104,0.0
9.84984984984985,-0.1784996698395544,0.7763328017450305,0.6045206769015742,5.969026041820607,2.5433428193094234,0.0
9.86986986986987,-0.14686569364924057,0.698232819571421,0.7006435596663441,5.969026041820607,2.2918800916568496,0.0
9.88988988988989,-0.11488414572085623,0.6093672105891091,0.7845210231220648,5.969026041820607,2.004200744128827,0.0
9.90990990990991,-0.08456387520538008,0.5112561012382145,0.8552579435214868,5.969026041820607,1.6848507272806654,0.0
9.92992992992993,-0.057776970225227285,0.4055077989366025,0.9122638032459894,5.969026041820607,1.3388764561536888,0.0
9.94994994994995,-0.036150877695571224,0.2937861839103904,0.9551873073826207,5.969026041820607,0.9717450660966047,0.0
9.96996996996997,-0.020981158739683262,0.17778636542564222,0.983845414303655,5.969026041820607,0.5892580203039546,0.0
9.98998998998999,-0.013166579910448315,0.05921857830987053,0.9981582044726524,5.969026041820607,0.1974594342576912,0.0
10.01001001001001,-0.01316654117067954,-0.06020098821352935,0.9980994355330358,5.969026041820607,-0.19745943425767581,0.0
10.03003003003003,-0.020980119054832064,-0.17875476306268068,0.9836699493664015,5.969026041820607,-0.5892580203039395,0.0
10.05005005005005,-0.03614612227067506,-0.2947267588830363,0.9548976884686351,5.969026041820607,-0.9717450660965901,0.0
10.07007007007007,-0.057764157672686986,-0.40640714829712765,0.9118643166069226,5.969026041820607,-1.3388764561536748,0.0
10.09009009009009,-0.08453730491616264,-0.5121014413180799,0.8547546770138821,5.969026041820607,-1.6848507272806525,0.0
10.11011011011011,-0.11483711617378137,-0.6101465954182448,0.7839219150196421,5.969026041820607,-2.0042007441288154,0.0
10.13013013013013,-0.14679093388040573,-0.6989353633272885,0.6999584127794438,5.969026041820607,-2.291880091656839,0.0
10.15015015015015,-0.17838981968274603,-0.776948899486831,0.6037611115494338,5.969026041820607,-2.543342819309414,0.0
10.17017017017017,-0.20761285988137762,-0.842796257508684,0.4965796700841458,5.969026041820607,-2.754615276783703,0.0
10.19019019019019,-0.23256068535174348,-0.8952581050212503,0.3800374363429663,5.969026041820607,-2.9223589062248,0.0
10.21021021021021,-0.2515883516750347,-0.9333309584942885,0.2561183773516005,5.969026041820607,-3.043922998598613,0.0
10.23023023023023,-0.2634259678282343,-0.9562676792046324,0.12711760374546138,5.969026041820607,-3.1173865805784837,0.0
10.25025025025025,-0.26727522576829293,-0.963609996408137,-0.004441679013604705,5.969026041820607,-3.1415887700427962,0.0
10.27027027027027,-0.26287157075860207,-0.9552094702174801,-0.13591690584098282,5.969026041820607,-3.116147120501805,0.0
10.29029029029029,-0.25050507049466364,-0.9312345033312891,-0.2646686786558428,5.969026041820607,-3.041463664572225,0.0
10.31031031031031,-0.23099759280008944,-0.8921625844564263,-0.3881829916627356,5.969026041820607,-2.9187185609997934,0.0
10.33033033033033,-0.2056388892339899,-0.8387586507780624,-0.5041791080352408,5.969026041820607,-2.7498514456205645,0.0
10.35035035035035,-0.17608869940700872,-0.7720420200022634,-0.6106913207927616,5.969026041820607,-2.5375307809555037,0.0
10.37037037037037,-0.14425524851266008,-0.6932455200939167,-0.7061168969412216,5.969026041820607,-2.2851116887807463,0.0
10.39039039039039,-0.11216202506219392,-0.6037710672141702,-0.7892275834818775,5.969026041820607,-1.9965829320093302,0.0
10.41041041041041,-0.08181441979087234,-0.5051459424041125,-0.8591472385956773,5.969026041820607,-1.6765038836839492,0.0
10.43043043043043,-0.05507599566252082,-0.39898343443305256,-0.9153026022848523,5.969026041820607,-1.3299324791065683,0.0
10.45045045045045,-0.03356143732964471,-0.28695047688635145,-0.9573573281375654,5.969026041820607,-0.9623452896147975,0.0
10.47047047047047,-0.018550297499630736,-0.1707435938231548,-0.9851408587763801,5.969026041820607,-0.5795509810115619,0.0
10.49049049049049,-0.010923147156197171,-0.05207307995309791,-0.9985835364154757,5.969026041820607,-0.18759852419016368,0.0
10.51051051051051,-0.011120066354505423,0.06734593560270805,-0.9976677147636395,5.969026041820607,0.20731839157680845,0.0
10.53053053053053,-0.019120720310406205,0.18579790662421994,-0.9824019217960149,5.969026041820607,0.5989592322086266,0.0
10.55055055055055,-0.034445407601503095,0.301569775678072,-0.952821695960098,5.969026041820607,0.981135232636689,0.0
10.57057057057057,-0.05617707807669676,0.4129555855615129,-0.9090169526757715,5.969026041820607,1.3478071925626856,0.0
10.59059059059059,-0.0830049134685749,0.5182657701980926,-0.8511819874625429,5.969026041820607,1.6931809087733365,0.0
10.61061061061061,-0.11329016399052427,0.6158434260624058,-0.7796808406767153,5.969026041820607,2.0117987359754035,0.0
10.63063063063063,-0.14515418615934073,0.7040888287608786,-0.6951181075574018,5.969026041820607,2.298625829293932,0.0
10.65065065065065,-0.17658690423199397,0.7814921704352698,-0.5984037540003917,5.969026041820607,2.5491297056176245,0.0
10.67067067067067,-0.20557137721897648,0.8466731065707904,-0.4908004273405725,5.969026041820607,2.7593518665506442,0.0
10.69069069069069,-0.2302172313956972,0.8984244030638099,-0.37394333574428695,5.969026041820607,2.925970351175612,0.0
10.71071071071071,-0.2488930524285975,0.9357559650552112,-0.2498259840688976,5.969026041820607,3.0463522301591213,0.0
10.73073073073073,-0.26034611951256076,0.957934986592351,-0.12074957356732247,5.969026041820607,3.11859521168108,0.0
10.75075075075075,-0.26379768521194064,0.9645180058736462,0.010760930348853726,5.969026041820607,3.141557701724429,0.0
10.77077077077077,-0.2590036494366062,0.9553713164473647,0.14206603143529606,5.969026041820607,3.114876843708525,0.0
10.79079079079079,-0.24627383827919813,0.9306773955341571,0.27053425295258715,5.969026041820607,3.0389742524011805,0.0
10.81081081081081,-0.22644767026673757,0.8909265907832344,0.393663895303791,5.969026041820607,2.915049351501299,0.0
10.83083083083083,-0.200828970818104,0.8368950087466631,0.509190012485209,5.969026041820607,2.74506042017249,0.0
10.85085085085085,-0.17108717594234438,0.7696111004677431,0.6151649634565717,5.969026041820607,2.5316936480331913,0.0
10.87087087087087,-0.13913536703072554,0.6903145996960158,0.7100050021565878,5.969026041820607,2.2783206876008544,0.0
10.89089089089089,-0.10699702901476799,0.600412070942523,0.7925004611027963,5.969026041820607,1.9889453749522328,0.0
10.91091091091091,-0.07667306025252692,0.5014333043445502,0.8617922505599818,5.969026041820607,1.6681404605282593,0.0
10.93093093093093,-0.05001871046951063,0.39499219446664385,0.9173218055366456,5.969026041820607,1.3209753498715726,0.0
10.95095095095095,-0.028637383110788332,0.28275468986118285,0.9587646664587147,5.969026041820607,0.9529359961490188,0.0
10.97097097097097,-0.013795311650853057,0.16641508218140227,0.9859592840470799,5.969026041820607,0.569838210327941,0.0
10.99099099099099,-0.006358630426659045,0.04768051737909915,0.9988423980194149,5.969026041820607,0.17773575889229212,0.0
11.01101101101101,-0.006752721134897534,-0.07173765797941008,0.9974006763505426,5.969026041820607,-0.21717529864862853,0.0
11.03103103103103,-0.014943055329261618,-0.19012810492531199,0.9816455617047083,5.969026041820607,-0.6086545207868032,0.0
11.05105105105105,-0.030436919333718566,-0.30578227432061383,0.9516148352418647,5.969026041820607,-0.9905156963722092,0.0
11.07107107107107,-0.052306030702476344,-0.4169989787236601,0.907400645192184,5.969026041820607,-1.3567246000142934,0.0
11.09109109109109,-0.07923064928098282,-0.5220937140342189,0.8492000105864841,5.969026041820607,-1.7014943457818568,0.0
11.11111111111111,-0.10956587345991466,-0.6194150080604447,0.7773804520066484,5.969026041820607,-2.0193768324097494,0.0
11.13113113113113,-0.14143004519198715,-0.7073690297410663,0.6925507909747776,5.969026041820607,-2.305348834980967,0.0
11.15115115115115,-0.17281344612374386,-0.7844524009616675,0.5956256739462507,5.969026041820607,-2.5548913826514417,0.0
11.17117117117117,-0.20170291613336178,-0.8492917677330988,0.48787234691433295,5.969026041820607,-2.7640611680795253,0.0
11.19119119119119,-0.2262151062378402,-0.9006873965841904,0.37092983075483177,5.969026041820607,-2.9295528601373086,0.0
11.21121121121121,-0.24472843055399604,-0.9376570638367738,0.246793893593803,5.969026041820607,-3.0487513352301656,0.0
11.23123123123123,-0.25600210285116276,-0.959475977146977,0.11776575314261051,5.969026041820607,-3.119773001857008,0.0
11.25125125125125,-0.2592705051142786,-0.9657085294363418,-0.013632364112392159,5.969026041820607,-3.1414955653949415,0.0
11.27127127127127,-0.25430281978317704,-0.9562283643504192,-0.1447666780086247,5.969026041820607,-3.1135757627608642,0.0
11.29129129129129,-0.24142124822268166,-0.9312244524529897,-0.27301428545011425,5.969026041820607,-3.0364547867042098,0.0
11.31131131131131,-0.2214757196719568,-0.8911924608257533,-0.395884457086572,5.969026041820607,-2.911351314015443,0.0
11.33133133133133,-0.19577796087012417,-0.8369123973758578,-0.5111248665010653,5.969026041820607,-2.7402422478196553,0.0
11.35135135135135,-0.16600224443113407,-0.7694150538700433,-0.6168012076200761,5.969026041820607,-2.5258314782680777,0.0
11.37137137137137,-0.13406328947286966,-0.6899409181815349,-0.7113427892613606,5.969026041820607,-2.2715071552758186,0.0
11.391391391391391,-0.10198319004838269,-0.5998958125810387,-0.793551789737058,5.969026041820607,-1.9812881484881764,0.0
11.411411411411411,-0.07175884184959018,-0.500807480283303,-0.862579002937291,5.969026041820607,-1.6597605405224654,0.0
11.431431431431431,-0.045239459379492405,-0.3942867314570097,-0.9178732835809067,5.969026041820607,-1.3120051570290834,0.0
11.451451451451451,-0.024021028049104446,-0.2819957030262423,-0.9591149116168493,5.969026041820607,-0.9435172787512491,0.0
11.471471471471471,-0.009361618532633698,-0.16562446694124147,-0.9861444600303126,5.969026041820607,-0.5601198043061617,0.0
11.491491491491491,-0.002119024176661036,-0.046875838168143696,-0.9988984760886216,5.969026041820607,-0.16787123590065267,0.0
11.511511511511511,-0.002710571266679896,0.07254302964059985,-0.9973616002501648,5.969026041820607,0.2270300579946724,0.0
11.531531531531531,-0.01109431854252537,0.19092466721972323,-0.9815419947932504,5.969026041820607,0.6183437901581551,0.0
11.551551551551551,-0.026771049018991074,0.30656395863301383,-0.9514735152390087,5.969026041820607,0.999886364536405,0.0
11.571571571571571,-0.04880709012321789,0.4177626703325723,-0.9072442996403444,5.969026041820607,1.3656285903209404,0.0
11.591591591591591,-0.07587859109173838,0.5228387910509308,-0.8490477242098522,5.969026041820607,1.7097909560915243,0.0
11.611611611611611,-0.10633796356612997,0.6201429436918514,-0.7772483302609324,5.969026041820607,2.0269349584893437,0.0
11.631631631631631,-0.1383024080122231,0.7080830824838801,-0.6924527364649089,5.969026041820607,2.312049042231641,0.0
11.651651651651651,-0.16976269045768844,0.7851573949123215,-0.5955740878703977,5.969026041820607,2.56062779343159,0.0
11.671671671671671,-0.19870777084130187,0.8499939437505383,-0.48787858878442203,5.969026041820607,2.7687431347983127,0.0
11.691691691691691,-0.2232579619747615,0.9013942976530658,-0.37100431611101703,5.969026041820607,2.9331063976811835,0.0
11.711711711711711,-0.24179665925074964,0.9383774074642695,-0.24694577691348374,5.969026041820607,3.051120290086143,0.0
11.731731731731731,-0.2530890210335358,0.9602194660040453,-0.11800222260102983,5.969026041820607,3.120919939458661,0.0
11.751751751751751,-0.25637586704872295,0.9664855594129401,0.013307074842424937,5.969026041820607,3.141402361668821,0.0
11.771771771771771,-0.2514327720731165,0.9570496057608302,0.1443523925685241,5.969026041820607,3.112243890525699,0.0
11.791791791791791,-0.2385877421012355,0.9321003026719641,0.27251589876089105,5.969026041820607,3.0339052923972076,0.0
11.811811811811811,-0.21869544846565658,0.8921323912871776,0.3953126575714669,5.969026041820607,2.9076244851135002,0.0
11.831831831831831,-0.19307095305064506,0.8379242402617271,0.5104964002512757,5.969026041820607,2.735396976210746,0.0
11.851851851851851,-0.16339028389045654,0.7705042900143803,0.6161385835988675,5.969026041820607,2.5199443296332475,0.0
11.871871871871871,-0.13156834575887982,0.6911100349967918,0.7106734059471982,5.969026041820607,2.264671159187209,0.0
11.891891891891891,-0.09962602103920115,0.6011437981961979,0.7929065454526976,5.969026041820607,1.9736113283422005,0.0
11.911911911911911,-0.06955788567186443,0.5021295083677746,0.8619905204622504,5.969026041820607,1.6513642065387322,0.0
11.931931931931931,-0.04321007252806189,0.3956740726393084,0.9173739247835239,5.969026041820607,1.3030219892885317,0.0
11.951951951951951,-0.022175066068187435,0.2834358764698131,0.9587347758239727,5.969026041820607,0.9340892305666666,0.0
11.971971971971971,-0.007707306560610245,0.1671016227141989,0.9859095521960646,5.969026041820607,0.5503958590551772,0.0
11.991991991991991,-0.0006610356482526656,0.04837134031190134,0.9988292028509598,5.969026041820607,0.15800505276902563,0.0
12.012012012012011,-0.0014502274118551684,-0.07104986595631856,0.9974717105700917,5.969026041820607,-0.2368825721575376,0.0
12.032032032032031,-0.01002983699950952,-0.1894557421669197,0.9818380335520344,5.969026041820607,-0.6280269445020477,0.0
12.052052052052051,-0.02589780050025339,-0.3051415206991514,0.9519548078949124,5.969026041820607,-1.0092471444592328,0.0
12.072072072072071,-0.04811785853283036,-0.4164084778926955,0.9079034371720838,5.969026041820607,-1.3745190754278953,0.0
12.092092092092091,-0.07536386493994193,-0.5215733582154363,0.8498714725538017,5.969026041820607,-1.718070657654206,0.0
12.112112112112111,-0.10598630636068564,-0.6189849146650448,0.778218849862111,5.969026041820607,-2.0344730394690482,0.0
12.132132132132131,-0.13810095694061797,-0.7070487631659595,0.6935489688530669,5.969026041820607,-2.3187263847852173,0.0
12.152152152152151,-0.1696978148273633,-0.7842604523466652,0.5967731516475929,5.969026041820607,-2.566338881228557,0.0
12.172172172172171,-0.1987658879589364,-0.849245265215832,0.4891570313222172,5.969026041820607,-2.77339772040537,0.0
12.192192192192191,-0.22342646628298177,-0.9008019841101248,0.37233909220915723,5.969026041820607,-2.9366309286649748,0.0
12.212212212212211,-0.24206488115998404,-0.9379468632007893,0.24831487092072918,5.969026041820607,-3.053459071299582,0.0
12.232232232232231,-0.2534491057061783,-0.9599535398389065,0.11938489086591192,5.969026041820607,-3.1220360131435636,0.0
12.252252252252251,-0.2568234584107874,-0.9663846940046669,-0.011930398275066534,5.969026041820607,-3.1412780914677954,0.0
12.272272272272271,-0.25196740642719406,-0.9571119603845266,-0.1430004244287837,5.969026041820607,-3.1108812401743884,0.0
12.292292292292291,-0.23921289556021474,-0.9323218297949024,-0.2712069252160655,5.969026041820607,-3.0313257946930765,0.0
12.312312312312311,-0.2194182341491908,-0.8925068656371234,-0.3940648846484756,5.969026041820607,-2.90386890165141,0.0
12.332332332332332,-0.19390151554031815,-0.8384432573805364,-0.5093280931029134,5.969026041820607,-2.730524653262445,0.0
12.352352352352352,-0.16434097795519562,-0.771157266083071,-0.615067893757737,5.969026041820607,-2.514032260348889,0.0
12.372372372372372,-0.13265280542764477,-0.6918842483213646,-0.7097178454403692,5.969026041820607,-2.2578127669386254,0.0
12.392392392392392,-0.10085822094429463,-0.6020245137387062,-0.792082132184024,5.969026041820607,-1.9659149904332516,0.0
12.412412412412412,-0.07095127255150267,-0.5031002201210603,-0.8613106788128351,5.969026041820607,-1.6429515416113956,0.0
12.432432432432432,-0.04477680903492904,-0.39671688577220976,-0.9168482698437144,5.969026041820607,-1.294025935487825,0.0
12.452452452452452,-0.02392539211656416,-0.2845320341533383,-0.9583679341214394,5.969026041820607,-0.9246519448325969,0.0
12.472472472472472,-0.009648995401752833,-0.16823216385191847,-0.9857001754757899,5.969026041820607,-0.5406664707385443,0.0
12.492492492492492,-0.0027989098066633147,-0.049517856404794,-0.9987693167095861,5.969026041820607,-0.1481373070677874,0.0
12.512512512512512,-0.0037857062313580926,0.06990442189319893,-0.9975465103080018,5.969026041820607,0.24673274370220355,0.0
12.532532532532532,-0.01256051071156267,0.18832625282777,-0.9820261992768216,5.969026041820607,0.6377038880581444,0.0
12.552552552552552,-0.028617059117779148,0.30403997184170656,-0.9522293628372875,5.969026041820607,1.0185979435686068,0.0
12.572572572572572,-0.051014638356508796,0.4153433595403018,-0.9082331200516153,5.969026041820607,1.3833959674138252,0.0
12.592592592592592,-0.0784226009603383,0.5205492566472829,-0.8502225397283566,5.969026041820607,1.7263333685888722,0.0
12.612612612612612,-0.10918718642742856,0.6180023388663695,-0.7785571703319665,5.969026041820607,2.0419910008020965,0.0
12.632632632632632,-0.14142055754979582,0.70610423029767,-0.6938422312439612,5.969026041820607,2.3253807966069595,0.0
12.652652652652652,-0.17311015794408238,0.7833468333309594,-0.5969929747714712,5.969026041820607,2.572024589563361,0.0
12.672672672672672,-0.20224389838112122,0.8483523661507076,-0.4892807664456672,5.969026041820607,2.778024878869759,0.0
12.692692692692692,-0.22694373997114825,0.8999173151477624,-0.37235113103723394,5.969026041820607,2.9401264182333398,0.0
12.712712712712712,-0.2455976105780698,0.9370565273514099,-0.24820732911422055,5.969026041820607,3.0557676557414117,0.0
12.732732732732732,-0.25697796293885494,0.9590431631971138,-0.11915761699625455,5.969026041820607,3.123121211874451,0.0
12.752752752752752,-0.2603352219495865,0.9654403183880026,0.012270445912293204,5.969026041820607,3.1411227560208155,0.0
12.772772772772772,-0.25545613808131307,0.9561208298758399,0.14344030184599615,5.969026041820607,3.109487825182692,0.0
12.792792792792792,-0.2426805269977816,0.9312730227395896,0.27172912787020226,5.969026041820607,3.0287163191013877,0.0
12.812812812812812,-0.22287449763881675,0.8913917499676239,0.3946488393387921,5.969026041820607,2.900084600769542,0.0
12.832832832832834,-0.19736323516805826,0.8372557752027509,0.5099514881762693,5.969026041820607,2.7256253271588893,0.0
12.852852852852854,-0.16783080970690195,0.7698940784428058,0.6157076638238157,5.969026041820607,2.508095328881613,0.0
12.872872872872874,-0.13619756418028117,0.6905447888374568,0.710350700795278,5.969026041820607,2.2509320463552434,0.0
12.892892892892894,-0.10448695319897514,0.6006110076702833,0.7926846119838795,5.969026041820607,1.9581992108731205,0.0
12.912912912912914,-0.07469322685196456,0.501617722609519,0.8618587948301224,5.969026041820607,1.634522628936409,0.0
12.932932932932934,-0.048659429184287,0.3951733804512861,0.9173168805454915,5.969026041820607,1.285017084592101,0.0
12.952952952952954,-0.02797242312365222,0.28293861344675,0.9587300373749487,5.969026041820607,0.9152055148778464,0.0
12.972972972972974,-0.013878760576781838,0.16660328829640358,0.9859263280454706,5.969026041820607,0.5309317355737807,0.0
12.992992992992994,-0.007222798858183789,0.04787166571343546,0.998827379880038,5.969026041820607,0.13826809638254423,0.0
13.013013013013014,-0.00840691292644677,-0.07154579530330556,0.997401886397359,5.969026041820607,-0.2565804752166828,0.0
13.033033033033034,-0.017373073184763367,-0.18993643365786228,0.9816426679280981,5.969026041820607,-0.6473745251277485,0.0
13.053053053053054,-0.033605279473396026,-0.30558822973748767,0.9515705538933875,5.969026041820607,-1.0279386693910184,0.0
13.073073073073074,-0.05615298031932081,-0.41679470911595967,0.9072645773167523,5.969026041820607,-1.392259178491984,0.0
13.093093093093094,-0.08367617321392976,-0.5218648333038234,0.848914244076862,5.969026041820607,-1.7345790071825578,0.0
13.113113113113114,-0.11451290470365405,-0.6191400933848058,0.7768863104852153,5.969026041820607,-2.0494887681405896,0.0
13.133133133133134,-0.14676903461788507,-0.7070199558773858,0.6917959471318242,5.969026041820607,-2.332012211889048,0.0
13.153153153153154,-0.17842829809111277,-0.7839955034527419,0.5945707636654646,5.969026041820607,-2.577684862207932,0.0
13.173173173173174,-0.20747808006706803,-0.8486897244574166,0.4864962465339476,5.969026041820607,-2.7826245644318828,0.0
13.193193193193194,-0.23204337223984683,-0.8999016245615246,0.3692329068631742,5.969026041820607,-2.9435928318180906,0.0
13.213213213213214,-0.2505187648692857,-0.9366503602989856,0.24479879697352985,5.969026041820607,-3.058046020581218,0.0
13.233233233233234,-0.2616867314681742,-0.9582151028148319,0.11551567560553277,5.969026041820607,-3.1241755249193974,0.0
13.253253253253254,-0.264810451114071,-0.9641664448821993,-0.01607767220463574,5.969026041820607,-3.1409363568640507,0.0
13.273273273273274,-0.2596912355645712,-0.9543858871754374,-0.14733648743890526,5.969026041820607,-3.1080636593305795,0.0
13.293293293293294,-0.24668413831955385,-0.9290711955963394,-0.2756331790881885,5.969026041820607,-3.0260768914282106,0.0
13.313313313313314,-0.22666997542379094,-0.8887270255064534,-0.39847835120036507,5.969026041820607,-2.8962716198921776,0.0
13.333333333333334,-0.20098695945895081,-0.8341419086855407,-0.5136258543934678,5.969026041820607,-2.7206990463513243,0.0
13.353353353353354,-0.17132953638339535,-0.766354223442664,-0.619150542415794,5.969026041820607,-2.502133593943931,0.0
13.373373373373374,-0.13962506205278993,-0.6866108809767094,-0.7134916538899879,5.969026041820607,-2.2440290654830206,0.0
13.393393393393394,-0.10790022889274113,-0.5963230046125356,-0.7954598762818275,5.969026041820607,-1.950464065966108,0.0
13.413413413413414,-0.07814863118840809,-0.4970227999511146,-0.8642112749621245,5.969026041820607,-1.626077551870367,0.0
13.433433433433434,-0.05220889975074614,-0.3903251650884139,-0.9191955702053007,5.969026041820607,-1.2759955256933382,0.0
13.453453453453454,-0.03166006112092668,-0.2778965066106622,-0.9600891480185257,5.969026041820607,-0.905750034121653,0.0
13.473473473473474,-0.01773788284142617,-0.16143189475418615,-0.9867244351225458,5.969026041820607,-0.5211917498312363,0.0
13.493493493493494,-0.011273561750550647,-0.04264030903596365,-0.999026881945778,5.969026041820607,-0.12839751831370233,0.0
13.513513513513514,-0.012654580656409275,0.0767635239089401,-0.9969690180667712,5.969026041820607,0.26642566931316297,0.0
13.533533533533534,-0.02180699852787412,0.1950631693748502,-0.9805482215414872,5.969026041820607,0.6570387600742246,0.0
13.553553553553554,-0.03819867210106474,0.31054345966144187,-0.9497913566203614,5.969026041820607,1.0372692295526194,0.0
13.573573573573574,-0.06086354471854635,0.4214956164129872,-0.9047856510071637,5.969026041820607,1.4011086210108012,0.0
13.593593593593594,-0.08844769048251923,0.5262274312976581,-0.8457314565497155,5.969026041820607,1.742807491891095,0.0
13.613613613613614,-0.11927779869168247,0.6230806915651663,-0.7730092228023328,5.969026041820607,2.05696626733637,0.0
13.633633633633634,-0.15145189704571285,0.7104569596782737,-0.6872504865953049,5.969026041820607,2.3386205650508756,0.0
13.653653653653654,-0.18295025188217018,0.7868515030484452,-0.5894013212457001,5.969026041820607,2.583319643185766,0.0
13.673673673673674,-0.21176174692028873,0.8508937807126223,-0.4807668213233633,5.969026041820607,2.7871967316036876,0.0
13.693693693693694,-0.2360180990425556,0.9013916195570005,-0.3630270032880054,5.969026041820607,2.947030135138597,0.0
13.713713713713714,-0.25412567767525585,0.9373752523940463,-0.23821791734630776,5.969026041820607,3.060294143287409,0.0
13.733733733733734,-0.2648831478445252,0.9581369175347452,-0.10867642451108761,5.969026041820607,3.125198941851911,0.0
13.753753753753754,-0.26757320676973506,0.9632618459714032,0.023047670473310244,5.969026041820607,3.140718895840872,0.0
13.773773773773774,-0.2620185723063074,0.9526472063752486,0.15430349299843887,5.969026041820607,3.1066087567021734,0.0
13.793793793793794,-0.24859594653150305,0.9265068507972989,0.28246258299693056,5.969026041820607,3.0234075377758076,0.0
13.813813813813814,-0.22820636220225993,0.8853613174638729,0.4050397434679286,5.969026041820607,2.892429996727346,0.0
13.833833833833834,-0.20220529300294907,0.8300142472503664,0.5197974305847597,5.969026041820607,2.715745859557563,0.0
13.853853853853854,-0.17230026817510033,0.7615178860081433,0.6248224762890621,5.969026041820607,2.4961471144935614,0.0
13.873873873873874,-0.14042672797291098,0.6811314410838897,0.7185682250401305,5.969026041820607,2.2371038925880873,0.0
13.893893893893894,-0.10861406812027302,0.5902765829772042,0.7998603251784886,5.969026041820607,1.9427096322077824,0.0
13.913913913913914,-0.07885324060400731,0.4904942828177705,0.8678695322275367,5.969026041820607,1.6176163939297583,0.0
13.933933933933934,-0.05297527615834141,0.38340650848771596,0.9220591463483899,5.969026041820607,1.266961348008905,0.0
13.953953953953954,-0.03254729513719328,0.27068520511777405,0.9621175569072187,5.969026041820607,0.8962855960726325,0.0
13.973973973973974,-0.018789678734469555,0.1540296464825196,0.9878875522938017,5.969026041820607,0.5114466098332304,0.0
13.993993993993994,-0.012515684200269035,0.03515186188109558,0.9993036096476405,5.969026041820607,0.11852567047487819,0.0
14.014014014014014,-0.014093281579041833,-0.08423139999744526,0.9963465514911546,5.969026041820607,-0.2762682286288807,0.0
14.034034034034034,-0.023428454628084603,-0.20240266802972476,0.9790220975482117,5.969026041820607,-0.6666964973245555,0.0
14.054054054054054,-0.039969458287117274,-0.31764677933281626,0.9473663314596075,5.969026041820607,-1.0465895317800515,0.0
14.074074074074074,-0.0627321661399656,-0.4282561519746058,0.9014773117648617,5.969026041820607,-1.4099442074549091,0.0
14.094094094094094,-0.09034718149543745,-0.5325411912650034,0.8415683373329774,5.969026041820607,-1.7510187413400689,0.0
14.114114114114114,-0.12112935816297102,-0.628847981911521,0.7680350865919761,5.969026041820607,-2.0644234244416833,0.0
14.134134134134134,-0.15316946040044702,-0.7155843300102829,0.6815263626917747,5.969026041820607,-2.3452057907401156,0.0
14.154154154154154,-0.18444580473087363,-0.7912539002282745,0.5830068700197566,5.969026041820607,-2.588928876772432,0.0
14.174174174174174,-0.21295107626146237,-0.8544968058015124,0.4738006416137546,5.969026041820607,-2.7917413351694065,0.0
14.194194194194194,-0.23682657698392182,-0.904133743754846,0.35560560433917854,5.969026041820607,-2.950438294202097,0.0
14.214214214214214,-0.25449360381171937,-0.9392098235232598,0.2304732370923715,5.969026041820607,-3.0625120016274683,0.0
14.234234234234235,-0.2647701617175261,-0.9590337858035343,0.10075196847168683,5.969026041820607,-3.1261914525510566,0.0
14.254254254254255,-0.26696133426722446,-0.9632084584297517,-0.031001800192044682,5.969026041820607,-3.14047037510183,0.0
14.274274274274275,-0.26091358917351515,-0.9516490619785605,-0.16213624461983156,5.969026041820607,-3.1051231316855166,0.0
14.294294294294295,-0.24702691342740327,-0.9245872667719996,-0.2900277403372186,5.969026041820607,-3.020708284542405,0.0
14.314314314314315,-0.2262233819926874,-0.8825605241359255,-0.4122012890278362,5.969026041820607,-2.8885597692662093,0.0
14.334334334334335,-0.19987572926417763,-0.8263878925821845,-0.5264339881164456,5.969026041820607,-2.7107658157614325,0.0
14.354354354354355,-0.16970381302527268,-0.7571350831779179,-0.6308304698295303,5.969026041820607,-2.49013594973304,0.0
14.374374374374375,-0.13764979526688917,-0.6760725251985467,-0.7238635745319266,5.969026041820607,-2.2301565961559433,0.0
14.394394394394395,-0.1057440063920514,-0.5846307526443125,-0.8043786969917813,5.969026041820607,-1.934935986284639,0.0
14.414414414414415,-0.07597281516275194,-0.48435728900134706,-0.8715653434751783,5.969026041820607,-1.6091392387899865,0.0
14.434434434434435,-0.05015777935378007,-0.3768785205957374,-0.9249036587036292,5.969026041820607,-1.257914640881164,0.0
14.454454454454455,-0.029852532086674037,-0.26386893889211027,-0.9640964730852715,5.969026041820607,-0.8868122943281112,0.0
14.474474474474475,-0.0162609666600365,-0.14702878743737513,-0.9889985422777277,5.969026041820607,-0.5016964119529226,0.0
14.494494494494495,-0.010177915271577203,-0.028069769107302713,-0.9995541496599779,5.969026041820607,-0.10865265049246864,0.0
14.514514514514515,-0.01195204115596058,0.09129276561761855,-0.9957523686427197,5.969026041820607,0.28610805582726206,0.0
14.534534534534535,-0.02147015862400806,0.20934367515979382,-0.9776063921429443,5.969026041820607,0.6763476413697644,0.0
14.554554554554555,-0.03816246631227214,0.32437101352623066,-0.9451598128086188,5.969026041820607,1.0558994839015277,0.0
14.574574574574575,-0.06102882728687005,0.43467135155474307,-0.8985189471441621,5.969026041820607,1.4187658504459273,0.0
14.594594594594595,-0.08868676218045016,0.538560304773149,-0.8379065916533249,5.969026041820607,1.7592126743253609,0.0
14.614614614614615,-0.11944177449941695,0.6343903875949077,-0.7637293359764984,5.969026041820607,2.0718601657100475,0.0
14.634634634634635,-0.15137968585563702,0.720577216270418,-0.6766481109865843,5.969026041820607,2.3517678238330078,0.0
14.654654654654655,-0.18247875064615193,0.795633760851028,-0.5776403934595964,5.969026041820607,2.594512507496222,0.0
14.674674674674675,-0.21073666027381688,0.8582109615533607,-0.4680427389520977,5.969026041820607,2.7962583301857533,0.0
14.694694694694695,-0.23430462116202436,0.9071417692115791,-0.34956423594711994,5.969026041820607,2.9538172753040914,0.0
14.714714714714715,-0.251618161462053,0.9414847407011218,-0.22426498578441562,5.969026041820607,3.0646995736682046,0.0
14.734734734734735,-0.26151287725627687,0.9605628882995847,-0.09449842670747999,5.969026041820607,3.127153047201525,0.0
14.754754754754755,-0.2633135037100772,0.9639936524686666,0.03717844487774058,5.969026041820607,3.140190797104637,0.0
14.774774774774775,-0.2568867069186481,0.9517066516861341,0.16811802087921335,5.969026041820607,3.1036067989725113,0.0
14.794794794794795,-0.24265164856272325,0.9239471645268758,0.2957056215428145,5.969026041820607,3.0179791584218787,0.0
14.814814814814815,-0.22154709894331576,0.8812649249565541,0.4174793587599301,5.969026041820607,2.884660975782895,0.0
14.834834834834835,-0.19495882374759863,0.8244895052328364,0.531232635295825,5.969026041820607,2.705758964212427,0.0
14.854854854854855,-0.16461524855193194,0.7546950518921777,0.6350883392041844,5.969026041820607,2.4841001591089156,0.0
14.874874874874875,-0.13246228063341392,0.6731581988537716,0.727538166369861,5.969026041820607,2.2231872448910033,0.0
14.894894894894895,-0.10052924647015259,0.5813134604495216,0.8074456831910266,5.969026041820607,1.927143205073031,0.0
14.914914914914915,-0.07079720446469431,0.48071026439499104,0.8740168176555637,5.969026041820607,1.6006461702848114,0.0
14.934934934934935,-0.04507880878902288,0.37297508218409103,0.9267456442128063,5.969026041820607,1.2488554937762233,0.0
14.954954954954955,-0.024916066919188067,0.25978099489762196,0.9653460645275121,5.969026041820607,0.8773302225730718,0.0
14.974974974974975,-0.011499449601354503,0.14282568491886455,0.9896810528578376,5.969026041820607,0.49194125261366745,0.0
14.994994994994995,-0.005609468720214366,0.02381746732551373,0.999700586230872,5.969026041820607,0.09877855600428379,0.0
15.015015015015015,-0.007580394212519583,-0.09553225198848933,0.9953974715926619,5.969026041820607,-0.29594505359857454,0.0
15.035035035035035,-0.017285306343868385,-0.2135126394786978,0.9767873724444394,5.969026041820607,-0.6859920967662514,0.0
15.055055055055055,-0.034141972302518794,-0.32841631295703066,0.9439158072150701,5.969026041820607,-1.065198993847448,0.0
15.075075075075075,-0.05713969367773136,-0.43854463689556744,0.8968911064650065,5.969026041820607,-1.427573462743487,0.0
15.095095095095095,-0.08488780003912832,-0.5422182902937273,0.8359386263805125,5.969026041820607,-1.7673892098142505,0.0
15.115115115115115,-0.11568640249679249,-0.6377952015839223,0.761468277154963,5.969026041820607,-2.079276417596747,0.0
15.135135135135135,-0.14761906048577664,-0.7236968416582972,0.674145009886282,5.969026041820607,-2.35830659943527,0.0
15.155155155155155,-0.1786650895322,-0.7984425420591011,0.5749506872872869,5.969026041820607,-2.6000704801385215,0.0
15.175175175175175,-0.20682656994958762,-0.8606901233714888,0.4652260541856296,5.969026041820607,-2.8007476719825557,0.0
15.195195195195195,-0.23026219612644389,-0.9092798707902907,0.3466834833246152,5.969026041820607,-2.957167045028572,0.0
15.215215215215215,-0.24741759785851294,-0.9432779767361995,0.2213847123761109,5.969026041820607,-3.06685683777591,0.0
15.235235235235235,-0.25714035521399115,-0.9620151527642161,0.09168251508292785,5.969026041820607,-3.128083716293765,0.0
15.255255255255255,-0.25876814349419314,-0.9651162981984525,-0.039869522993754125,5.969026041820607,-3.1398801646141425,0.0
15.275275275275275,-0.25218049254669017,-0.9525179096012049,-0.1706301001210611,5.969026041820607,-3.1020597735587123,0.0
15.295295295295295,-0.2378083259146169,-0.9244712247894175,-0.2979935480199258,5.969026041820607,-3.015220186403578,0.0
15.315315315315315,-0.21660017408812193,-0.8815307228108854,-0.41950917668743964,5.969026041820607,-2.8807336548339597,0.0
15.335335335335335,-0.18994888937925905,-0.8245292901173519,-0.5329829914374574,5.969026041820607,-2.700725354425152,0.0
15.355355355355355,-0.15958693336287205,-0.7545428439695743,-0.6365509463614036,5.969026041820607,-2.4780398023113794,0.0
15.375375375375375,-0.12746113721543093,-0.672848248666945,-0.7287172927583307,5.969026041820607,-2.216195907715663,0.0
15.395395395395395,-0.09559886713831972,-0.5808788238540136,-0.8083567582443432,5.969026041820607,-1.919331365638688,0.0
15.415415415415415,-0.06597679023100432,-0.48018158772250924,-0.8746843464716628,5.969026041820607,-1.59213727240521,0.0
15.435435435435435,-0.040401330415351634,-0.3723796652816828,-0.9272006888397073,5.969026041820607,-1.2397839962833783,0.0
15.455455455455455,-0.020407066952731978,-0.2591421669354304,-0.9656235751750539,5.969026041820607,-0.8678394745790978,0.0
15.475475475475475,-0.007176457081388092,-0.14216249450258245,-0.9898173183067769,5.969026041820607,-0.48218122828770926,0.0
15.495495495495495,-0.0014819451677171261,-0.02314465867935703,-0.999731028133364,5.969026041820607,-0.08890348465893837,0.0
15.515515515515515,-0.0036501050113378936,0.09620402812931539,-0.9953549425730287,5.969026041820607,0.3057791246612444,0.0
15.535535535535535,-0.013547013329579891,0.21417644633527094,-0.9767010434439493,5.969026041820607,0.6956297681363885,0.0
15.555555555555555,-0.030584363613053174,0.329068451286374,-0.9438106542468293,5.969026041820607,1.074487969651647,0.0
15.575575575575575,-0.053746495025032155,0.43918414042124165,-0.8967879376276391,5.969026041820607,1.436366957245815,0.0
15.595595595595595,-0.08163903651905606,0.5428464510468124,-0.8358545317826391,5.969026041820607,1.775548266945956,0.0
15.615615615615615,-0.11255979297586564,0.6384151664639595,-0.7614173416947356,5.969026041820607,2.086672106759825,0.0
15.635635635635635,-0.14459152268524783,0.7243133008011197,-0.6741391057115731,5.969026041820607,2.3648220528825035,0.0
15.655655655655655,-0.17571431358696155,0.799061507468877,-0.5750001628536107,5.969026041820607,2.6056027397345614,0.0
15.675675675675675,-0.20393258711671824,0.8613187756601866,-0.4653401622539887,5.969026041820607,2.805209316163034,0.0
15.695695695695695,-0.22740883715447555,0.9099264357825909,-0.3468704401465889,5.969026041820607,2.960487570248473,0.0
15.715715715715715,-0.2445937136606449,0.9439515848081544,-0.2216513495905582,5.969026041820607,3.068983772616602,0.0
15.735735735735735,-0.25434067083995643,0.962725633868141,-0.09203356479738406,5.969026041820607,3.1289834506240415,0.0
15.755755755755755,-0.25599364042437267,0.9658738749765062,0.03943239403830434,5.969026041820607,3.1395384807023023,0.0
15.775775775775776,-0.24943826298698202,0.953332768532168,0.17010933366595504,5.969026041820607,3.1004820707432312,0.0
15.795795795795796,-0.23511090819490837,0.9253529680885249,0.2973966127866433,5.969026041820607,3.0124313957719604,0.0
15.815815815815816,-0.2139644475171955,0.8824877278472042,0.41884916783632925,5.969026041820607,2.8767778452581503,0.0
15.835835835835836,-0.1873946652801766,0.8255680241459658,0.5322787586703993,5.969026041820607,2.6956650361787675,0.0
15.855855855855856,-0.15713541398705153,0.755667196293492,0.6358266667233256,5.969026041820607,2.471954939273458,0.0
15.875875875875876,-0.12513341881485732,0.6740589475769255,0.7280014853601853,5.969026041820607,2.2091826537698713,0.0
15.895895895895896,-0.0934146378961463,0.5821730012211571,0.8076808169539036,5.969026041820607,1.9115005452356706,0.0
15.915915915915916,-0.06395332510692611,0.4815525410413601,0.8740807299236263,5.969026041820607,1.5836126292988584,0.0
15.935935935935936,-0.03855282503452993,0.3738168476984762,0.9267009463996853,5.969026041820607,1.2307002381138976,0.0
15.955955955955956,-0.018744294729601343,0.2606314134390699,0.9652564000012032,5.969026041820607,0.8583401442037473,0.0
15.975975975975976,-0.005706689376393523,0.1436864701057104,0.9896068067694166,5.969026041820607,0.47241643549553625,0.0
15.995995995995996,-0.00020905085658689686,0.024683494670079416,0.9996952942712345,5.969026041820607,0.07902753411452913,0.0
16.016016016016017,-0.0025747455561224005,-0.09467195909889192,0.9955051937810958,5.969026041820607,-0.315610171762508,0.0
16.036036036036037,-0.012666869269433794,-0.21267367539446258,0.9770411752923003,5.969026041820607,-0.7052605601698554,0.0
16.056056056056057,-0.02989436128074085,-0.32761754174668306,0.9443373727132238,5.969026041820607,-1.08376631945201,0.0
16.076076076076077,-0.0532390388549175,-0.43780686055066254,0.8974913690927696,5.969026041820607,-1.4451462469909133,0.0
16.096096096096097,-0.08130428280999044,-0.5415630449227242,0.8367192372416312,5.969026041820607,-1.7836897650325823,0.0
16.116116116116117,-0.11238601728668311,-0.6372437643230607,0.7624236145013144,5.969026041820607,-2.094047160060578,0.0
16.136136136136138,-0.14456563035784042,-0.7232694941635759,0.6752644054968695,5.969026041820607,-2.3713141197410987,0.0
16.156156156156158,-0.1758225208739537,-0.7981580958326333,0.576220526543256,5.969026041820607,-2.611109231573781,0.0
16.176176176176178,-0.20416126352385885,-0.8605656727885808,0.4666314405327955,5.969026041820607,-2.80964321860442,0.0
16.196196196196198,-0.2277454564890299,-0.9093307069915133,0.348209236480525,5.969026041820607,-2.963778818125894,0.0
16.216216216216218,-0.24502782278693913,-0.9435175747027086,0.2230155875423102,5.969026041820607,-3.0710803571562653,0.0
16.236236236236238,-0.25486476178242207,-0.9624551387432613,0.09340267184458845,5.969026041820607,-3.1298522412945644,0.0
16.256256256256258,-0.25660381048080005,-0.9657663166647211,-0.03807763178059609,5.969026041820607,-3.1391657487481552,0.0
16.276276276276278,-0.25013457070780554,-0.9533853365711109,-0.16878713383264043,5.969026041820607,-3.098873706128527,0.0
16.296296296296298,-0.23589737597806873,-0.9255607129457583,-0.29612462690128666,5.969026041820607,-3.0096128141064056,0.0
16.316316316316318,-0.21484871445715908,-0.8828436066465809,-0.41764482050994806,5.969026041820607,-2.8727935861758755,0.0
16.336336336336338,-0.18838734447518127,-0.8260629183588574,-0.5311593577764204,5.969026041820607,-2.69057805951663,0.0
16.356356356356358,-0.15824924525039538,-0.7562899348218584,-0.6348091924856238,5.969026041820607,-2.465845630170611,0.0
16.376376376376378,-0.12638232312812006,-0.674796376062818,-0.7271020280900382,5.969026041820607,-2.202147552410162,0.0
16.396396396396398,-0.09481277233174731,-0.5830101380968605,-0.8069136986558517,5.969026041820607,-1.9036508213058565,0.0
16.416416416416418,-0.06551421067979087,-0.48247285305263926,-0.8734574026623558,5.969026041820607,-1.5750723252689482,0.0
16.436436436436438,-0.040288583812103936,-0.3748026638671925,-0.9262288017395539,5.969026041820607,-1.2216043091004234,0.0
16.456456456456458,-0.020664997166649084,-0.26166447891698663,-0.964937644806452,5.969026041820607,-0.8488323253892808,0.0
16.476476476476478,-0.007819787880200872,-0.14474862259627097,-0.9894375610281881,5.969026041820607,-0.4626469708047494,0.0
16.496496496496498,-0.002518867371539854,-0.0257574283842886,-0.9996650489987191,5.969026041820607,-0.06915080203798141,0.0
16.516516516516518,-0.00508199123536104,0.09360189170547344,-0.9955967352465852,5.969026041820607,0.3254380976795512,0.0
16.536536536536538,-0.015368200048041031,0.2116206841109747,-0.977231039459505,5.969026041820607,0.7148843776240592,0.0
16.556556556556558,-0.03278200735716537,0.32659170604614324,-0.9445968439153932,5.969026041820607,1.0930339514915475,0.0
16.576576576576578,-0.056300579206500494,0.4368145871473706,-0.8977879823408759,5.969026041820607,1.45391124515714,0.0
16.596596596596598,-0.08452265784863235,0.5406067304111151,-0.8370186875714436,5.969026041820607,1.7918136235598452,0.0
16.616616616616618,-0.11573987512955396,0.6363217031193883,-0.7626919243335742,5.969026041820607,2.1014015045644108,0.0
16.636636636636638,-0.14803008010754892,0.7223760515076804,-0.6754701589196512,5.969026041820607,2.3777827358085184,0.0
16.656656656656658,-0.17937032013243698,0.7972841411331467,-0.5763369557408061,5.969026041820607,2.616589901200471,0.0
16.676676676676678,-0.2077644033060302,0.8596992427721099,-0.4666381517786152,5.969026041820607,2.814049335458153,0.0
16.696696696696698,-0.2313770361372757,0.9084578443527239,-0.34809339577438553,5.969026041820607,2.967040756112467,0.0
16.716716716716718,-0.2486640448704449,0.9426232699131096,-0.22277244849037436,5.969026041820607,3.0731465706609993,0.0
16.736736736736738,-0.25848683655989524,0.9615242935718876,-0.09303541366463658,5.969026041820607,3.130690079713531,0.0
16.756756756756758,-0.26019955171881853,0.9647846497810167,0.03855869333439238,5.969026041820607,3.1387619724377833,0.0
16.776776776776778,-0.2536994930247301,0.9523401645048382,0.16936581210297702,5.969026041820607,3.0972346956203327,0.0
16.796796796796798,-0.239435163780923,0.9244415617912125,0.2967803921717773,5.969026041820607,3.0067644692808972,0.0
16.816816816816818,-0.21837101204680856,0.8816426375543229,0.4183543483021497,5.969026041820607,2.868780916988946,0.0
16.836836836836838,-0.19191289986138788,0.8247751783151558,0.5318978699914129,5.969026041820607,2.6854644747457335,0.0
16.856856856856858,-0.1618025104883017,0.7549134686276238,0.6355514160818916,5.969026041820607,2.4597119354200263,0.0
16.876876876876878,-0.12999165955569367,0.6733322518172214,0.7278226755935204,5.969026041820607,2.1950906732093487,0.0
16.896896896896898,-0.09850842490243433,0.5814624444923993,0.8075874663883587,5.969026041820607,1.895782271478032,0.0
16.916916916916918,-0.06932620425103855,0.48084872193452255,0.8740585701298752,5.969026041820607,1.5665164447738187,0.0
16.936936936936938,-0.04424466459378462,0.3731123571208389,0.9267305857789072,5.969026041820607,1.2124962991959187,0.0
16.956956956956958,-0.024788706646557888,0.25992155747136064,0.9653115061905425,5.969026041820607,0.8393161121620326,0.0
16.976976976976978,-0.012128726293334223,0.14297019054062618,0.9896526757477487,5.969026041820607,0.4528729308291963,0.0
16.996996996996998,-0.007023187734459723,0.023964420420295278,0.9996881420659973,5.969026041820607,0.05927338610390482,0.0
17.017017017017018,-0.009783166420973929,-0.09538443274634051,0.9953924349942779,5.969026041820607,-0.33526280522038193,0.0
17.037037037037038,-0.020258121752371336,-0.21336340838985923,0.9767628496532447,5.969026041820607,-0.724501125325686,0.0
17.057057057057058,-0.03784249939373286,-0.32826091239333416,0.943828754930538,5.969026041820607,-1.102290774119221,0.0
17.077077077077078,-0.06150342732248218,-0.4383724067069416,0.8966866573474539,5.969026041820607,-1.462661865064189,0.0
17.097097097097098,-0.08983026240113859,-0.5420115987919437,0.8355560727631282,5.969026041820607,-1.7999197621880154,0.0
17.117117117117118,-0.12110661185476308,-0.6375291587050499,0.7608480534017871,5.969026041820607,-2.1087350675414935,0.0
17.137137137137138,-0.1534044031511016,-0.7233398663215729,0.673235862742873,5.969026041820607,-2.384227837114345,0.0
17.157157157157158,-0.18469756275346244,-0.7979577540954144,0.5737161606503076,5.969026041820607,-2.6220446944142655,0.0
17.177177177177178,-0.2129901351635846,-0.8600374277314493,0.46364946373684635,5.969026041820607,-2.818427623150595,0.0
17.197197197197198,-0.23645073830112626,-0.9084185122492862,0.34477072810643267,5.969026041820607,-2.970273351949727,0.0
17.217217217217218,-0.253542784611891,-0.942169281260701,0.21916455420376502,5.969026041820607,-3.075182392697256,0.0
17.237237237237238,-0.2631385824290265,-0.960625148634641,0.08920431742526524,5.969026041820607,-3.1314969575952616,0.0
17.25725725725726,-0.2646057782362979,-0.9634179318630639,-0.04254022435352772,5.969026041820607,-3.13832715576428,0.0
17.27727727727728,-0.2578567864327716,-0.9504926364094398,-0.1734174899523782,5.969026041820607,-3.0955650554274,0.0
17.2972972972973,-0.24335564720603642,-0.922109853497739,-0.30081796331784155,5.969026041820607,-3.003886389463771,0.0
17.31731731731732,-0.22208154174031378,-0.8788335087512358,-0.42229308864060255,5.969026041820607,-2.8647398773801136,0.0
17.33733733733734,-0.19545311996568487,-0.8215053854128573,-0.535655653972525,5.969026041820607,-2.680324332436138,0.0
17.35735735735736,-0.16522196843368842,-0.751209305027575,-0.6390510786989285,5.969026041820607,-2.453553915680079,0.0
17.37737737737738,-0.13334626017007042,-0.6692288566783846,-0.730993510427402,5.969026041820607,-2.18801208595539,0.0
17.3973973973974,-0.10185653092632854,-0.5770029855679955,-0.8103658443892183,5.969026041820607,-1.887894973567195,0.0
17.41741741741742,-0.07272467732497963,-0.4760835516627478,-0.876387798376688,5.969026041820607,-1.5579450724255801,0.0
17.43743743743744,-0.04774509591927294,-0.36809822013305715,-0.9285602329143285,5.969026041820607,-1.20337629847286,0.0
17.45745745745746,-0.028434027239101795,-0.25472089614064813,-0.9665964882843556,5.969026041820607,-0.8297915986313533,0.0
17.47747747747748,-0.0159503299022656,-0.13765055836634998,-0.9903524174539177,5.969026041820607,-0.44309441222783824,0.0
17.4974974974975,-0.011038657748440513,-0.01859797640765094,-0.9997661043004168,5.969026041820607,-0.049395383993716485,0.0
17.51751751751752,-0.01399467711066152,0.1007214069695287,-0.9948162379002593,5.969026041820607,0.3450841972249689,0.0
17.53753753753754,-0.02465158194520716,0.21859104903201274,-0.9755051269932213,5.969026041820607,0.7341107081711197,0.0
17.55755755755756,-0.04238751429985309,0.3332964615276806,-0.9418687633444399,5.969026041820607,1.111536695791016,0.0
17.57757757757758,-0.06615415866126764,0.4431311334297618,-0.8940125423485126,5.969026041820607,1.4713980201740637,0.0
17.5975975975976,-0.09452725436066067,0.5464080201963396,-0.8321675754603317,5.969026041820607,1.8080081007524555,0.0
17.61761761761762,-0.1257796099161234,0.6414785953112083,-0.7567593418559703,5.969026041820607,2.1160477764676093,0.0
17.63763763763764,-0.15797612004693937,0.7267603244122232,-0.6684781046186393,5.969026041820607,2.39064935992056,0.0
17.65765765765766,-0.18908824519078865,0.8007720798534422,-0.5683394334877998,5.969026041820607,2.6274735572707715,0.0
17.67767767767768,-0.21712267002950594,0.8621756314276128,-0.4577236357574597,5.969026041820607,2.8227780383832206,0.0
17.6976976976977,-0.24025592881963975,0.9098201220223655,-0.3383850384245611,5.969026041820607,2.9734765736693376,0.0
17.71771771771772,-0.2569643494007182,0.9427855620028308,-0.212425768718023,5.969026041820607,3.0771878031320656,0.0
17.73773773773774,-0.26613740506832645,0.9604210172572537,-0.08223351648452187,5.969026041820607,3.13227286696024,0.0
17.75775775775776,-0.26716297473631095,0.9623734180465529,0.04961198612039114,5.969026041820607,3.137861303027702,0.0
17.77777777777778,-0.25997526298312024,0.9486037764713531,0.1804542543153645,5.969026041820607,3.093864802061426,0.0
17.7977977977978,-0.2450599768920824,0.9193889591914369,0.3076841715816841,5.969026041820607,3.0009786031173826,0.0
17.81781781781782,-0.22341617114942988,0.8753088146435455,0.42885859379941077,5.969026041820607,2.860670507312711,0.0
17.83783783783784,-0.19647909374405137,0.8172201385438451,0.5417999731259336,5.969026041820607,2.6751576834206094,0.0
17.85785785785786,-0.16601250260385064,0.7462204097556345,0.6446665409672712,5.969026041820607,2.447371631849619,0.0
17.87787787787788,-0.13398158267988897,0.6636052189755456,0.7359871254650969,5.969026041820607,2.180911860651084,0.0
17.8978978978979,-0.10241843266284766,0.5708237108544888,0.8146599019078832,5.969026041820607,1.8799890055736423,0.0
17.91791791791792,-0.07329118445979797,0.4694361385666408,0.8799193793112444,5.969026041820607,1.5493582929897405,0.0
17.93793793793794,-0.048385601460699014,0.36107686269041445,0.9312799433039978,5.969026041820607,1.1942443971221817,0.0
17.95795795795796,-0.02920512806614665,0.24742496467999545,0.9684668023980508,5.969026041820607,0.8202588789885481,0.0
17.97797797797798,-0.016892526917744444,0.13018328160877812,0.991346032283009,5.969026041820607,0.4333115117041046,0.0
17.997997997998,-0.01217400716184989,0.011065301156101225,0.9998646671721675,5.969026041820607,0.03951689339449653,0.0
18.01801801801802,-0.015325437664354949,-0.10821184064087871,0.9940097225404134,5.969026041820607,-0.3549021765658921,0.0
18.03803803803804,-0.02615988420019534,-0.2259309052046203,0.9737920140006352,5.969026041820607,-0.7437130311277738,0.0
18.05805805805806,-0.044036074124198576,-0.3403777771059436,0.9392570431077452,5.969026041820607,-1.120771625070553,0.0
18.07807807807808,-0.06788805336157593,-0.4498475503240337,0.890521416742799,5.969026041820607,-1.4801196240916976,0.0
18.0980980980981,-0.09627676144971704,-0.5526562505456506,0.8278296044095892,5.969026041820607,-1.816078559264705,0.0
18.11811811811812,-0.12746406401251367,-0.6471601524122705,0.7516226776212254,5.969026041820607,-2.123339559024644,0.0
18.13813813813814,-0.1595086688869055,-0.7317835052082879,0.6626083957016833,5.969026041820607,-2.397047240722438,0.0
18.15815815815816,-0.1903812867381293,-0.8050541339262678,0.5618209742502674,5.969026041820607,-2.6328764360819323,0.0
18.17817817817818,-0.21809364427046166,-0.8656450035463316,0.4506593948465498,5.969026041820607,-2.8271005381332244,0.0
18.1981981981982,-0.24083304214828652,-0.9124186179765945,0.33089531785541954,5.969026041820607,-2.976650389593456,0.0
18.21821821821822,-0.2570917509094538,-0.9444702674654786,0.20464541403938968,5.969026041820607,-3.0791627821331833,0.0
18.23823823823824,-0.2657793330091125,-0.9611658014676329,0.07430779389584391,5.969026041820607,-3.133017800135222,0.0
18.25825825825826,-0.2663064584612842,-0.9621698795894671,-0.057532538549504686,5.969026041820607,-3.1373644188350416,0.0
18.27827827827828,-0.25863109747850277,-0.9474615348503572,-0.18821954041868433,5.969026041820607,-3.0921339523368205,0.0
18.2982982982983,-0.24326186584553236,-0.9173352569832157,-0.3151502672063542,5.969026041820607,-2.998041138997919,0.0
18.31831831831832,-0.2212181315826358,-0.8723874617394526,-0.4358929396746743,5.969026041820607,-2.8565728470301894,0.0
18.33833833833834,-0.1939513973908312,-0.8134898922093659,-0.5482855558216746,5.969026041820607,-2.669964578794051,0.0
18.35835835835836,-0.1632365666349789,-0.7417529327053008,-0.6505047349064055,5.969026041820607,-2.4411651450675635,0.0
18.37837837837838,-0.13104429559428857,-0.6584827857048189,-0.7410990578336748,5.969026041820607,-2.1737900675130875,0.0
18.3983983983984,-0.09940640494350343,-0.5651368371309934,-0.8189863991380606,5.969026041820607,-1.8720644456824498,0.0
18.41841841841842,-0.0702853569543003,-0.46328129125769796,-0.8834197268386912,5.969026041820607,-1.5407561913840189,0.0
18.43843843843844,-0.04545654709946649,-0.3545543713774496,-0.9339298153835098,5.969026041820607,-1.185100685452673,0.0
18.45845845845846,-0.02640926904564961,-0.24063720941449812,-0.9702557827464979,5.969026041820607,-0.8107180475062054,0.0
18.47847847847848,-0.014269383011529453,-0.12323318021744636,-0.992275147326238,5.969026041820607,-0.4235243260045818,0.0
18.4984984984985,-0.009744508057070656,-0.00405507187367674,-0.999944298925779,5.969026041820607,-0.029638011998334494,0.0
18.51851851851852,-0.013091280513195695,0.11518170381568232,-0.9932581706082179,5.969026041820607,0.36471664614965793,0.0
18.53853853853854,-0.024103894646553783,0.23276253196738686,-0.9722348512444619,5.969026041820607,0.753307999234684,0.0
18.55855855855856,-0.04212352489207964,0.34697679180438934,-0.936927272844131,5.969026041820607,1.1299954706303286,0.0
18.57857857857858,-0.06606889471101916,0.4561240039533158,-0.8874603056861752,5.969026041820607,1.4888265905659255,0.0
18.5985985985986,-0.09448870784532597,0.5585256810845229,-0.8240879489824668,5.969026041820607,1.8241310579130168,0.0
18.61861861861862,-0.12563645047126762,0.6525448063162662,-0.7472621749172004,5.969026041820607,2.130610343101564,0.0
18.63863863863864,-0.1575669349948594,0.7366137104877337,-0.6577027463202169,5.969026041820607,2.4034214162489422,0.0
18.65865865865866,-0.18825187133676388,0.8092697705905457,-0.5564563516987366,5.969026041820607,2.638253277416757,0.0
18.67867867867868,-0.21570899283656503,0.8691969767629186,-0.4449339793665713,5.969026041820607,2.83139507965379,0.0
18.6986986986987,-0.23813636129854066,0.9152702096024655,-0.3249177077985822,5.969026041820607,2.9797947683350867,0.0
18.71871871871872,-0.2540411109340211,0.9465982282084988,-0.19853188234455982,5.969026041820607,3.081107310169312,0.0
18.73873873873874,-0.2623507363136088,0.9625610522748201,-0.0681785288682012,5.969026041820607,3.133731749753284,0.0
18.75875875875876,-0.2624955663435773,0.9628377173627355,0.06355790802894346,5.969026041820607,3.1368365081001635,0.0
18.77877877877878,-0.25445343439132295,0.9474212812416103,0.1940267135636225,5.969026041820607,3.090372523370605,0.0
18.7987987987988,-0.23875148144139027,0.9166193436538582,0.3206348529845831,5.969026041820607,2.9950740261550095,0.0
18.81881881881882,-0.21642486985483245,0.8710400027985984,0.44096438544656785,5.969026041820607,2.8524469370558436,0.0
18.83883883883884,-0.1889370699500139,0.8115648457262853,0.5528700433006899,5.969026041820607,2.664745069912924,0.0
18.85885885885886,-0.1580704288398323,0.7393119905426705,0.654546805175579,5.969026041820607,2.4349345167120715,0.0
18.87887887887888,-0.12579826533156901,0.6555931493626205,0.7445618973246613,5.969026041820607,2.1666467769714766,0.0
18.8988988988989,-0.0941504428739921,0.5618690351686703,0.8218508875852045,5.969026041820607,1.8641213722624121,0.0
18.91891891891892,-0.065083355005267,0.4597071729661043,0.8856824893967923,5.969026041820607,1.532138852677817,0.0
18.93893893893894,-0.04036296860425231,0.35074537626110286,0.9356006155386161,5.969026041820607,1.1759452538897548,0.0
18.95895895895896,-0.021466672161650224,0.23666296890880612,0.971354632012892,5.969026041820607,0.8011691985371342,0.0
18.97897897897898,-0.009506859534658848,0.11916046347559434,0.992829493702416,5.969026041820607,0.41373295191836695,0.0
18.998998998999,-0.005176996614894432,-5.295269767449911e-05,0.9999865978608846,5.969026041820607,0.01975883750100608,0.0
19.01901901901902,-0.008719671872178633,-0.11926595079931405,0.9928240530434898,5.969026041820607,-0.3745275089173045,0.0
19.03903903903904,-0.0199158345622175,-0.2367683038911624,0.9713619973035374,5.969026041820607,-0.762895517603794,0.0
19.05905905905906,-0.03809482711416317,-0.35085399213990986,0.9356549900181984,5.969026041820607,-1.1392081412522828,0.0
19.07907907907908,-0.06216549056489528,-0.45982733711710927,0.8858297081391766,5.969026041820607,-1.4975188334904554,0.0
19.0990990990991,-0.09066906646149897,-0.562014900749433,0.8221425495143341,5.969026041820607,-1.832165517063255,0.0
19.11911911911912,-0.12185439577692035,-0.6557850469711074,0.7450486416323887,5.969026041820607,-2.1378600567948642,0.0
19.13913913913914,-0.15377475836277385,-0.7395759056054493,0.6552715494645505,5.969026041820607,-2.4097718234635805,0.0
19.15915915915916,-0.1844035956512048,-0.811931128255912,0.5538620377669076,5.969026041820607,-2.6436040281016484,0.0
19.17917917917918,-0.21176359460612704,-0.8715414548852453,0.44223486114882804,5.969026041820607,-2.835661620474666,0.0
19.1991991991992,-0.2340607166831439,-0.9172889125062906,0.32217484678062525,5.969026041820607,-2.9829096787982916,0.0
19.21921921921922,-0.24981241436811094,-0.9482896382274308,0.19580735343030875,5.969026041820607,-3.083021368010322,0.0
19.23923923923924,-0.2579581585830742,-0.9639310161152621,0.06553308012557002,5.969026041820607,-3.1344147087539254,0.0
19.25925925925926,-0.2579409770298424,-0.9638991273437166,-0.06606757657298074,5.969026041820607,-3.136277576043774,0.0
19.27927927927928,-0.24975110661245167,-0.9481934234426257,-0.19635074862429897,5.969026041820607,-3.088580532582177,0.0
19.2992992992993,-0.2339268107821674,-0.9171269236958957,-0.32273278889616797,5.969026041820607,-2.992077293931542,0.0
19.31931931931932,-0.21151225417145916,-0.8713118992515281,-0.4428071143932916,5.969026041820607,-2.848292818192266,0.0
19.33933933933934,-0.18397719103902144,-0.8116326746129618,-0.5544409749263766,5.969026041820607,-2.6594992083949034,0.0
19.35935935935936,-0.15310723360347356,-0.7392085868305098,-0.6558420847838604,5.969026041820607,-2.4286798084001284,0.0
19.37937937937938,-0.12087595423346421,-0.6553510795404626,-0.7455896768549086,5.969026041820607,-2.159482059668795,0.0
19.3993993993994,-0.08931073851568681,-0.5615192484472,-0.8226297621703101,5.969026041820607,-1.8561598638655539,0.0
19.41941941941942,-0.06036325414146001,-0.45927787924873287,-0.8862393058206947,5.969026041820607,-1.5235063620910656,0.0
19.43943943943944,-0.03579309340159162,-0.35026121059631465,-0.9359679154841025,5.969026041820607,-1.1667781929749146,0.0
19.45945945945946,-0.01707024912759021,-0.2361444693643217,-0.9715680090362551,5.969026041820607,-0.7916124265133018,0.0
19.47947947947948,-0.005299282796274083,-0.11862385695130913,-0.9929251221331588,5.969026041820607,-0.4039374862759775,0.0
19.4994994994995,-0.001165885964858444,0.0005956903629681766,-0.9999991429307407,5.969026041820607,-0.009879467601364149,0.0
19.51951951951952,-0.004905318144330045,0.11980681523509917,-0.9927851050838914,5.969026041820607,0.38433466784571674,0.0
19.53953953953954,-0.016291931854981873,0.2373028306046848,-0.9712990989096735,5.969026041820607,0.7724754914205478,0.0
19.55955955955956,-0.03464941471199879,0.35138074423573723,-0.9355912519042495,5.969026041820607,1.1484095458290353,0.0
19.57957957957958,-0.05888205624768734,0.4603473790727242,-0.885783943200723,5.969026041820607,1.5061962669044455,0.0
19.5995995995996,-0.08752778653627416,0.5625313131771117,-0.8221298001402199,5.969026041820607,1.8401818572597926,0.0
19.61961961961962,-0.11883349744758472,0.6563025198805323,-0.7450809367324734,5.969026041820607,2.1450886284095456,0.0
19.63963963963964,-0.15085198313942266,0.7401004268048081,-0.6553587089720754,5.969026041820607,2.4160983995648,0.0
19.65965965965966,-0.18155771982228894,0.8124697617796589,-0.5540123469435828,5.969026041820607,2.6489286352211288,0.0
19.67967967967968,-0.20897593085358018,0.8721021846221447,-0.44245546657314905,5.969026041820607,2.839900118402435,0.0
19.6996996996997,-0.23131648984252226,0.9178805114569694,-0.3224717789415477,5.969026041820607,2.9859950901786116,0.0
19.71971971971972,-0.24710188535535105,0.948921516550283,-0.19618515153048882,5.969026041820607,3.0849049367273778,0.0
19.73973973973974,-0.25527737284636826,0.9646130028558121,-0.06599407271450591,5.969026041820607,3.13506667038311,0.0
19.75975975975976,-0.25529204186094456,0.9646411515805678,0.06552420956473504,5.969026041820607,3.1356876281933523,0.0
19.77977977977978,-0.24714195294861058,0.9490050789620041,0.1957299547753587,5.969026041820607,3.0867579976932045,0.0
19.7997997997998,-0.23137046087593546,0.9180169241629644,0.32204446398552355,5.969026041820607,2.9890509719632687,0.0
19.81981981981982,-0.20902568332904278,0.8722874541550147,0.44206657986312964,5.969026041820607,2.844110531521094,0.0
19.83983983983984,-0.1815799251521521,0.8126988358486082,0.5536689741997018,5.969026041820607,2.654227046118182,0.0
19.85985985985986,-0.1508198529233315,0.7403676282154266,0.6550642312431216,5.969026041820607,2.4224010819868576,0.0
19.87987987987988,-0.11871867218164367,0.656601974793785,0.7448353667567227,5.969026041820607,2.1522959864596136,0.0
19.8998998998999,-0.08730219394673269,0.5628573069610056,0.8219306411930286,5.969026041820607,1.8481799992260668,0.0
19.91991991991992,-0.05851960449041049,0.4606945846814507,0.8856274360783782,5.969026041820607,1.5148588049936937,0.0
19.93993993993994,-0.03412743674870511,0.35174428750613845,0.9354738234002337,5.969026041820607,1.1575995933644825,0.0
19.95995995995996,-0.01559234838936696,0.23767818085117887,0.9712188018249375,5.969026041820607,0.7820478259452028,0.0
19.97997997997998,-0.004015525749089668,0.12018951457594454,0.9927428449191892,5.969026041820607,0.3941380259482611,0.0
20.0,-7.939695531447214e-05,0.000980958152804491,0.9999995157081392,5.969026041820607,1.538936554977432e-14,0.0
