Time,Sx,Sy,Sz,Hx,Hy,Hz
0.0,0.0,0.0,1.0,6.283185307179586,0.0,2.5132741228718345
0.03003003003003003,0.00709587776054792,-0.18738820817781363,0.9822603055986301,6.283185307179586,0.0,2.5132741228718345
0.06006006006006006,0.028091472451273858,-0.36706425020543976,0.9297713188718152,6.283185307179586,0.0,2.5132741228718345
0.09009009009009009,0.06212268746625253,-0.5316333625446614,0.8446932813343684,6.283185307179586,0.0,2.5132741228718345
0.12012012012012012,0.10778893102310658,-0.674322523830417,0.7305276724422333,6.283185307179586,0.0,2.5132741228718345
0.15015015015015015,0.1632107590458715,-0.7892592059545214,0.591973102385321,6.283185307179586,0.0,2.5132741228718345
0.18018018018018017,0.22610722573643643,-0.8717130643669522,0.43473193565890866,6.283185307179586,0.0,2.5132741228718345
0.21021021021021022,0.2938897583874034,-0.9182906205666651,0.26527560403149175,6.283185307179586,0.0,2.5132741228718345
0.24024024024024024,0.3637686929160206,-0.9270749244116268,0.09057826770994853,6.283185307179586,0.0,2.5132741228718345
0.2702702702702703,0.43286808553306483,-0.8977044482933241,-0.08217021383266204,6.283185307179586,0.0,2.5132741228718345
0.3003003003003003,0.49834407534717184,-0.8313879661999235,-0.24586018836792933,6.283185307179586,0.0,2.5132741228718345
0.3303303303303303,0.5575019265625052,-0.730854805304002,-0.3937548164062625,6.283185307179586,0.0,2.5132741228718345
0.36036036036036034,0.607906933270421,-0.6002425175250339,-0.519767333176052,6.283185307179586,0.0,2.5132741228718345
0.39039039039039036,0.6474846224274295,-0.444926594066028,-0.6187115560685734,6.283185307179586,0.0,2.5132741228718345
0.42042042042042044,0.674606131056573,-0.271299231208348,-0.6865153276414319,6.283185307179586,0.0,2.5132741228718345
0.45045045045045046,0.68815524388035,-0.08650625249979563,-0.7203881097008737,6.283185307179586,0.0,2.5132741228718345
0.4804804804804805,0.6875743323782644,0.10184698540967384,-0.718935830945659,6.283185307179586,0.0,2.5132741228718345
0.5105105105105106,0.6728873045969652,0.28600859951840885,-0.6822182614924109,6.283185307179586,0.0,2.5132741228718345
0.5405405405405406,0.6446986211885033,0.4583992176753843,-0.6117465529712566,6.283185307179586,0.0,2.5132741228718345
0.5705705705705706,0.6041684181727229,0.6119239159102592,-0.5104210454318061,6.283185307179586,0.0,2.5132741228718345
0.6006006006006006,0.552964760273643,0.7402642177700162,-0.3824119006841068,6.283185307179586,0.0,2.5132741228718345
0.6306306306306306,0.4931949898958636,0.8381381381109131,-0.23298747473965759,6.283185307179586,0.0,2.5132741228718345
0.6606606606606606,0.42731899714876903,0.9015175689597793,-0.06829749287192122,6.283185307179586,0.0,2.5132741228718345
0.6906906906906907,0.3580479803853107,0.9277940606923626,0.10488004903672482,6.283185307179586,0.0,2.5132741228718345
0.7207207207207207,0.2882328638758418,0.9158861756234619,0.279417840310397,6.283185307179586,0.0,2.5132741228718345
0.7507507507507507,0.2207469649093822,0.8662839957547244,0.44813258772654607,6.283185307179586,0.0,2.5132741228718345
0.7807807807807807,0.15836773928576658,0.78102895291518,0.6040806517855849,6.283185307179586,0.0,2.5132741228718345
0.8108108108108109,0.10366247209196683,0.6636298114070945,0.7408438197700842,6.283185307179586,0.0,2.5132741228718345
0.8408408408408409,0.058882618283402195,0.5189182609830094,0.852793454291496,6.283185307179586,0.0,2.5132741228718345
0.8708708708708709,0.025871141598884834,0.3528500633825466,0.9353221460027896,6.283185307179586,0.0,2.5132741228718345
0.9009009009009009,0.005986665377256057,0.17225993646021268,0.9850333365568615,6.283185307179586,0.0,2.5132741228718345
0.9309309309309309,4.755693160277378e-05,-0.015419736084657042,0.9998811076709948,6.283185307179586,0.0,2.5132741228718345
0.960960960960961,0.008298246749639526,-0.20246479256785793,0.9792543831259028,6.283185307179586,0.0,2.5132741228718345
0.990990990990991,0.030399168690310188,-0.38117718962157693,0.9240020782742261,6.283185307179586,0.0,2.5132741228718345
1.021021021021021,0.06544073519879376,-0.5442018235678461,0.8363981620030176,6.283185307179586,0.0,2.5132741228718345
1.0510510510510511,0.11198077237469267,-0.6848292377349081,0.7200480690632705,6.283185307179586,0.0,2.5132741228718345
1.0810810810810811,0.16810387421233222,-0.7972717574666381,0.5797403144691721,6.283185307179586,0.0,2.5132741228718345
1.1111111111111112,0.23150023322465293,-0.8769016881874304,0.4212494169383702,6.283185307179586,0.0,2.5132741228718345
1.1411411411411412,0.29956070309036653,-0.9204417732213265,0.25109824227408634,6.283185307179586,0.0,2.5132741228718345
1.1711711711711712,0.36948418091741625,-0.9261000728660368,0.07628954770646212,6.283185307179586,0.0,2.5132741228718345
1.2012012012012012,0.4383928896885342,-0.893643713626415,-0.09598222422133268,6.283185307179586,0.0,2.5132741228718345
1.2312312312312312,0.5034508163140734,-0.8244084723772191,-0.2586270407851807,6.283185307179586,0.0,2.5132741228718345
1.2612612612612613,0.5619804308448346,-0.7212438010084815,-0.40495107711208406,6.283185307179586,0.0,2.5132741228718345
1.2912912912912913,0.6115728831383411,-0.5883955541241922,-0.5289322078458499,6.283185307179586,0.0,2.5132741228718345
1.3213213213213213,0.6501871417145337,-0.4313312462637964,-0.6254678542863314,6.283185307179586,0.0,2.5132741228718345
1.3513513513513513,0.6762339946331215,-0.2565150303762038,-0.6905849865828011,6.283185307179586,0.0,2.5132741228718345
1.3813813813813813,0.6886414552448326,-0.07114165855271395,-0.7216036381120786,6.283185307179586,0.0,2.5132741228718345
1.4114114114114114,0.6868988809715137,0.11715962584485703,-0.7172472024287813,6.283185307179586,0.0,2.5132741228718345
1.4414414414414414,0.6710779893585515,0.30063907801832124,-0.6776949733963754,6.283185307179586,0.0,2.5132741228718345
1.4714714714714714,0.6418299064610469,0.4717454009353471,-0.6045747661526134,6.283185307179586,0.0,2.5132741228718345
1.5015015015015014,0.6003583690406318,0.6234365271973732,-0.5008959226015762,6.283185307179586,0.0,2.5132741228718345
1.5315315315315314,0.5483701834657546,0.7494694430063724,-0.37092545866438376,6.283185307179586,0.0,2.5132741228718345
1.5615615615615615,0.48800498023344097,0.8446571262089062,-0.22001245058359992,6.283185307179586,0.0,2.5132741228718345
1.5915915915915915,0.42174715514182803,0.9050820238519472,-0.054367887854566976,6.283185307179586,0.0,2.5132741228718345
1.6216216216216217,0.35232362127058825,0.9282572833487581,0.11919094682353282,6.283185307179586,0.0,2.5132741228718345
1.6516516516516517,0.28259157989804473,0.91322910161028,0.2935210502548912,6.283185307179586,0.0,2.5132741228718345
1.6816816816816818,0.21542092926532092,0.8606159798518744,0.4614476768367012,6.283185307179586,0.0,2.5132741228718345
1.7117117117117118,0.15357615078313652,0.7725832685010128,0.6160596230421621,6.283185307179586,0.0,2.5132741228718345
1.7417417417417418,0.09960253378327069,0.6527540498380118,0.7509936655418268,6.283185307179586,0.0,2.5132741228718345
1.7717717717717718,0.055721421359172144,0.5060600260919639,0.8606964466020733,6.283185307179586,0.0,2.5132741228718345
1.8018018018018018,0.02373878856743873,0.33853854985495707,0.9406530285814068,6.283185307179586,0.0,2.5132741228718345
1.8318318318318318,0.00497091555402407,0.15708415024932829,0.9875727111149434,6.283185307179586,0.0,2.5132741228718345
1.8618618618618619,0.00019021460875443363,-0.030835218940374803,0.9995244634781174,6.283185307179586,0.0,2.5132741228718345
1.8918918918918919,0.009593440694830545,-0.21748553105301804,0.9760163982629272,6.283185307179586,0.0,2.5132741228718345
1.921921921921922,0.03279359378365518,-0.39518498885602904,0.9180160155408656,6.283185307179586,0.0,2.5132741228718345
1.951951951951952,0.06883584626323141,-0.5566201772914305,0.8279103843419251,6.283185307179586,0.0,2.5132741228718345
1.981981981981982,0.11623683991026204,-0.6951470550515683,0.7094079002243486,6.283185307179586,0.0,2.5132741228718345
2.012012012012012,0.17304573511619004,-0.8050643973478531,0.5673856622095282,6.283185307179586,0.0,2.5132741228718345
2.042042042042042,0.23692449981967512,-0.8818484360370311,0.40768875045081526,6.283185307179586,0.0,2.5132741228718345
2.0720720720720722,0.30524413376689963,-0.9223390402346054,0.23688966558275437,6.283185307179586,0.0,2.5132741228718345
2.1021021021021022,0.3751928678852811,-0.9248697749491228,0.062017830286800635,6.283185307179586,0.0,2.5132741228718345
2.1321321321321323,0.44389188570732696,-0.889336485032348,-0.10972971426831363,6.283185307179586,0.0,2.5132741228718345
2.1621621621621623,0.5085138042031747,-0.817201581798022,-0.2712845105079326,6.283185307179586,0.0,2.5132741228718345
2.1921921921921923,0.5663990378138919,-0.7114338558887394,-0.41599759453472623,6.283185307179586,0.0,2.5132741228718345
2.2222222222222223,0.6151652565967931,-0.5763862934580679,-0.5379131414919798,6.283185307179586,0.0,2.5132741228718345
2.2522522522522523,0.6528054336133786,-0.41761692427624175,-0.6320135840334431,6.283185307179586,0.0,2.5132741228718345
2.2822822822822824,0.6777704463126766,-0.24166007495109543,-0.694426115781688,6.283185307179586,0.0,2.5132741228718345
2.3123123123123124,0.6890328323599397,-0.05575744158749443,-0.7225820808998457,6.283185307179586,0.0,2.5132741228718345
2.3423423423423424,0.686129075970004,0.13243995011663148,-0.715322689925006,6.283185307179586,0.0,2.5132741228718345
2.3723723723723724,0.6691786844051281,0.31518663118024126,-0.6729467110128154,6.283185307179586,0.0,2.5132741228718345
2.4024024024024024,0.6388792695232303,0.4849614625654909,-0.5971981738080714,6.283185307179586,0.0,2.5132741228718345
2.4324324324324325,0.596477836800776,0.6347771758604819,-0.4911945920019361,6.283185307179586,0.0,2.5132741228718345
2.4624624624624625,0.5437194634618951,0.7584679419339408,-0.35929865865473365,6.283185307179586,0.0,2.5132741228718345
2.4924924924924925,0.4827754779213239,0.8509431323601069,-0.20693869480330507,6.283185307179586,0.0,2.5132741228718345
2.5225225225225225,0.41615409639455403,0.908396829785525,-0.04038524098638041,6.283185307179586,0.0,2.5132741228718345
2.5525525525525525,0.3465971945229913,0.9284644646100259,0.13350701369252588,6.283185307179586,0.0,2.5132741228718345
2.5825825825825826,0.2769674624905175,0.9103201314283933,0.3075813437737105,6.283185307179586,0.0,2.5132741228718345
2.6126126126126126,0.2101305878857449,0.8547105800683881,0.4746735302856418,6.283185307179586,0.0,2.5132741228718345
2.6426426426426426,0.14883731520281007,0.7639244822868733,0.6279067119929787,6.283185307179586,0.0,2.5132741228718345
2.6726726726726726,0.09561023595062462,0.6416982389866944,0.760974410123442,6.283185307179586,0.0,2.5132741228718345
2.7027027027027026,0.052639968647150606,0.4930622045610681,0.8684000783821267,6.283185307179586,0.0,2.5132741228718345
2.7327327327327327,0.02169500152430432,0.3241336571703556,0.9457624961892422,6.283185307179586,0.0,2.5132741228718345
2.7627627627627627,0.00404890846533148,0.1418650354853548,0.9898777288366745,6.283185307179586,0.0,2.5132741228718345
2.7927927927927927,0.00042793368215883004,-0.046242196511384615,0.9989301657946061,6.283185307179586,0.0,2.5132741228718345
2.8228228228228227,0.010981102342511782,-0.23244628045994456,0.9725472441437237,6.283185307179586,0.0,2.5132741228718345
2.8528528528528527,0.03527408727654855,-0.4090837841346855,0.911814781808632,6.283185307179586,0.0,2.5132741228718345
2.8828828828828827,0.07230708418539081,-0.5688849983583828,0.8192322895365264,6.283185307179586,0.0,2.5132741228718345
2.9129129129129128,0.12055595967784159,-0.7052731298147494,0.6986101008053996,6.283185307179586,0.0,2.5132741228718345
2.942942942942943,0.1780349786429467,-0.8126349761527225,0.554912553392637,6.283185307179586,0.0,2.5132741228718345
2.972972972972973,0.24237852934494503,-0.8865519434532894,0.39405367663764085,6.283185307179586,0.0,2.5132741228718345
3.003003003003003,0.31093848275516306,-0.923981898282957,0.22265379311209577,6.283185307179586,0.0,2.5132741228718345
3.033033033033033,0.3808931791913278,-0.9233843700142119,0.047767052021684464,6.283185307179586,0.0,2.5132741228718345
3.063063063063063,0.4493635568002532,-0.8847839505748645,-0.12340889200062904,6.283185307179586,0.0,2.5132741228718345
3.093093093093093,0.5135316424894967,-0.8097692823404296,-0.2838291062237376,6.283185307179586,0.0,2.5132741228718345
3.123123123123123,0.5707565286844192,-0.7014276758239373,-0.426891321711043,6.283185307179586,0.0,2.5132741228718345
3.153153153153153,0.6186830627606774,-0.5642180480434771,-0.5467076569016889,6.283185307179586,0.0,2.5132741228718345
3.183183183183183,0.6553387759199794,-0.40378741092759085,-0.6383469397999434,6.283185307179586,0.0,2.5132741228718345
3.2132132132132134,0.6792150622954611,-0.22673846237839926,-0.6980376557386476,6.283185307179586,0.0,2.5132741228718345
3.2432432432432434,0.6893292672720441,-0.04035784503583094,-0.723323168180105,6.283185307179586,0.0,2.5132741228718345
3.2732732732732734,0.6852651297092068,0.14768374345004665,-0.7131628242730108,6.283185307179586,0.0,2.5132741228718345
3.3033033033033035,0.6671899136223671,0.3296472463496225,-0.667974784055911,6.283185307179586,0.0,2.5132741228718345
3.3333333333333335,0.6358475242498416,0.49804375717684923,-0.5896188106245972,6.283185307179586,0.0,2.5132741228718345
3.3633633633633635,0.592527891821154,0.6459427338061572,-0.4813197295528779,6.283185307179586,0.0,2.5132741228718345
3.3933933933933935,0.53901388307111,0.7672572324949303,-0.34753470767776773,6.283185307179586,0.0,2.5132741228718345
3.4234234234234235,0.4775079254141992,0.8569944226941588,-0.193769813535491,6.283185307179586,0.0,2.5132741228718345
3.4534534534534536,0.4105413636414794,0.9114610724369157,-0.026353409103691106,6.283185307179586,0.0,2.5132741228718345
3.4834834834834836,0.34087027966397365,0.9284155473293145,0.14782430084007303,6.283185307179586,0.0,2.5132741228718345
3.5135135135135136,0.2713620629547079,0.9071600674596372,0.3215948426132372,6.283185307179586,0.0,2.5132741228718345
3.5435435435435436,0.20487740000659319,0.8485694252918867,0.48780649998352427,6.283185307179586,0.0,2.5132741228718345
3.5735735735735736,0.14415253965876937,0.7550549826275217,0.6396186508530838,6.283185307179586,0.0,2.5132741228718345
3.6036036036036037,0.09168667979035258,0.6304654283796967,0.7707833005241258,6.283185307179586,0.0,2.5132741228718345
3.6336336336336337,0.049639110105066844,0.4799283815820764,0.8759022247373403,6.283185307179586,0.0,2.5132741228718345
3.6636636636636637,0.019740344207678562,0.30963935863321834,0.9506491394808114,6.283185307179586,0.0,2.5132741228718345
3.6936936936936937,0.0032208984285824922,0.12660679005980952,0.9919477539285518,6.283185307179586,0.0,2.5132741228718345
3.7237237237237237,0.0007606485817172798,-0.061636419087933436,0.9980983785457149,6.283185307179586,0.0,2.5132741228718345
3.7537537537537538,0.012460848933690729,-0.2473429141620902,0.9688478776657815,6.283185307179586,0.0,2.5132741228718345
3.7837837837837838,0.037839964973968014,-0.4228697417500221,0.9054000875650887,6.283185307179586,0.0,2.5132741228718345
3.813813813813814,0.07585349149301227,-0.5809929037606175,0.8103662712674778,6.283185307179586,0.0,2.5132741228718345
3.843843843843844,0.12493694033374994,-0.7152046689471929,0.6876576491656339,6.283185307179586,0.0,2.5132741228718345
3.873873873873874,0.18307022860854916,-0.8199814056869597,0.5423244284786359,6.283185307179586,0.0,2.5132741228718345
3.903903903903904,0.24786081741439336,-0.8910109130668011,0.3803479564640251,6.283185307179586,0.0,2.5132741228718345
3.933933933933934,0.3166421793817215,-0.9253698942165143,0.2083945515457047,6.283185307179586,0.0,2.5132741228718345
3.963963963963964,0.3865835425175337,-0.9216442677808498,0.03354114370617445,6.283185307179586,0.0,2.5132741228718345
3.993993993993994,0.4548063937151666,-0.8799873659804685,-0.1370159842879078,6.283185307179586,0.0,2.5132741228718345
4.024024024024024,0.5185029471016895,-0.8021136240571078,-0.29625736775421513,6.283185307179586,0.0,2.5132741228718345
4.054054054054054,0.5750517015288265,-0.6912280208207495,-0.43762925382205725,6.283185307179586,0.0,2.5132741228718345
4.084084084084084,0.6221253313128067,-0.5518941742500167,-0.5553133282820073,6.283185307179586,0.0,2.5132741228718345
4.114114114114114,0.657786469862014,-0.3898465208153126,-0.6444661746550258,6.283185307179586,0.0,2.5132741228718345
4.1441441441441444,0.6805674441127553,-0.2117543084895433,-0.701418610281879,6.283185307179586,0.0,2.5132741228718345
4.1741741741741745,0.6895306782154437,-0.024947116571569807,-0.7238266955386,6.283185307179586,0.0,2.5132741228718345
4.2042042042042045,0.6843072804915946,0.16288680114648937,-0.710768201228977,6.283185307179586,0.0,2.5132741228718345
4.2342342342342345,0.6651122255733183,0.344016934852044,-0.6627805639332858,6.283185307179586,0.0,2.5132741228718345
4.2642642642642645,0.6327355068877958,0.5109886762774416,-0.5818387672194792,6.283185307179586,0.0,2.5132741228718345
4.2942942942942945,0.588509623615892,0.6569301212362838,-0.47127405903971953,6.283185307179586,0.0,2.5132741228718345
4.324324324324325,0.534254740234595,0.7758348903375422,-0.3356368505864763,6.283185307179586,0.0,2.5132741228718345
4.354354354354355,0.472203775662146,0.8628093280824228,-0.1805094391553536,6.283185307179586,0.0,2.5132741228718345
4.384384384384385,0.40491050504382,0.9142739065954508,-0.012276262609538457,6.283185307179586,0.0,2.5132741228718345
4.414414414414415,0.33514445634962464,0.9281105449994927,0.16213885912594944,6.283185307179586,0.0,2.5132741228718345
4.444444444444445,0.26577692742910863,0.9037497813451031,0.33555768142723946,6.283185307179586,0.0,2.5132741228718345
4.474474474474475,0.1996628146157451,0.8421942094383441,0.5008429634606484,6.283185307179586,0.0,2.5132741228718345
4.504504504504505,0.13952311635360382,0.7459772159988549,0.651192209116002,6.283185307179586,0.0,2.5132741228718345
4.534534534534535,0.08783294753774618,0.6190587163654533,0.7804176311556461,6.283185307179586,0.0,2.5132741228718345
4.564564564564565,0.04671967346034067,0.4666621798600534,0.8832008163491594,6.283185307179586,0.0,2.5132741228718345
4.594594594594595,0.01787535577108438,0.29505965220885966,0.9553116105723002,6.283185307179586,0.0,2.5132741228718345
4.624624624624625,0.0024871138339515996,0.11131362265763231,0.9937822154151319,6.283185307179586,0.0,2.5132741228718345
4.654654654654655,0.0011882675346089537,-0.07701364047847606,0.9970293311634887,6.283185307179586,0.0,2.5132741228718345
4.684684684684685,0.014032272309561689,-0.26217132321795,0.9649193192261071,6.283185307179586,0.0,2.5132741228718345
4.714714714714715,0.040490519129343844,-0.4365390591185453,0.8987737021766515,6.283185307179586,0.0,2.5132741228718345
4.744744744744745,0.07947408997984431,-0.5929405537721246,0.8013147750504003,6.283185307179586,0.0,2.5132741228718345
4.774774774774775,0.12937857347119922,-0.7249389330304403,0.6765535663220128,6.283185307179586,0.0,2.5132741228718345
4.804804804804805,0.18815009613897266,-0.8271016595834104,0.5296247596525794,6.283185307179586,0.0,2.5132741228718345
4.834834834834835,0.2533698518473843,-0.8952241149590705,0.36657537038155,6.283185307179586,0.0,2.5132741228718345
4.864864864864865,0.32235365039477215,-0.9265026451840757,0.19411587401308045,6.283185307179586,0.0,2.5132741228718345
4.894894894894895,0.39226238828982296,-0.919649948221789,0.0193440292754532,6.283185307179586,0.0,2.5132741228718345
4.924924924924925,0.4602188951532521,-0.8749480542920629,-0.1505472378831197,6.283185307179586,0.0,2.5132741228718345
4.954954954954955,0.5234263468037861,-0.7942367186098414,-0.3085658670094549,6.283185307179586,0.0,2.5132741228718345
4.984984984984985,0.5792833716087114,-0.6808377042520952,-0.44820842902176794,6.283185307179586,0.0,2.5132741228718345
5.015015015015015,0.625491112771543,-0.5394180713743095,-0.5637277819288464,6.283185307179586,0.0,2.5132741228718345
5.045045045045045,0.660147840291562,-0.3757980992579697,-0.6503696007288946,6.283185307179586,0.0,2.5132741228718345
5.075075075075075,0.6818272187368053,-0.19671174636674182,-0.7045680468420036,6.283185307179586,0.0,2.5132741228718345
5.105105105105105,0.6896370096349151,-0.009529506939077155,-0.7240925240872782,6.283185307179586,0.0,2.5132741228718345
5.135135135135135,0.6832557925209102,0.17804492974346361,-0.7081394813022661,6.283185307179586,0.0,2.5132741228718345
5.165165165165165,0.6629461933470966,0.3582917330934037,-0.6573654833677324,6.283185307179586,0.0,2.5132741228718345
5.195195195195195,0.6295440758254724,0.523792649267599,-0.5738601895636719,6.283185307179586,0.0,2.5132741228718345
5.225225225225225,0.5844241405447237,0.6677363074975515,-0.46106035136180035,6.283185307179586,0.0,2.5132741228718345
5.255255255255255,0.5294433476676832,0.7841985494846682,-0.3236083691691991,6.283185307179586,0.0,2.5132741228718345
5.285285285285285,0.46686449170986544,0.8683862445983607,-0.16716122927465432,6.283185307179586,0.0,2.5132741228718345
5.315315315315315,0.39926307376244513,0.9168345563965092,0.0018423155938962488,6.283185307179586,0.0,2.5132741228718345
5.345345345345345,0.3294213039349512,0.9275495417494115,0.17644674016263123,6.283185307179586,0.0,2.5132741228718345
5.375375375375375,0.2602135964627856,0.9000902137446998,0.3494660088430451,6.283185307179586,0.0,2.5132741228718345
5.405405405405405,0.19448827005334757,0.8355866909848426,0.5137793248666398,6.283185307179586,0.0,2.5132741228718345
5.435435435435435,0.1349503222220833,0.7366936863230855,0.6626241944448004,6.283185307179586,0.0,2.5132741228718345
5.465465465465465,0.08405010216855491,0.6074812492596565,0.7898747445786211,6.283185307179586,0.0,2.5132741228718345
5.495495495495495,0.04388246398177428,0.4532672586141147,0.8902938400455724,6.283185307179586,0.0,2.5132741228718345
5.525525525525525,0.01610055063466056,0.2803985594206642,0.959748623413357,6.283185307179586,0.0,2.5132741228718345
5.555555555555555,0.001847757081392095,0.09598975159629446,0.995380607296528,6.283185307179586,0.0,2.5132741228718345
5.585585585585585,0.0017106725906106816,-0.0923696191809121,0.9957233185234813,6.283185307179586,0.0,2.5132741228718345
5.615615615615615,0.015694939024095102,-0.27692741750444094,0.9607626524397701,6.283185307179586,0.0,2.5132741228718345
5.645645645645645,0.0432250186397843,-0.4500879658296667,0.8919374534005466,6.283185307179586,0.0,2.5132741228718345
5.675675675675675,0.08316788097547004,-0.6047246528701713,0.7920802975613325,6.283185307179586,0.0,2.5132741228718345
5.7057057057057055,0.13387963395361793,-0.7344732370604486,0.6653009151159627,6.283185307179586,0.0,2.5132741228718345
5.7357357357357355,0.19327318005332303,-0.833993773860993,0.5168170498667002,6.283185307179586,0.0,2.5132741228718345
5.7657657657657655,0.2589041130858294,-0.8991903870017603,0.3527397172854345,6.283185307179586,0.0,2.5132741228718345
5.7957957957957955,0.3280713203981029,-0.9273798387387081,0.17982169900475142,6.283185307179586,0.0,2.5132741228718345
5.8258258258258255,0.39792815011101035,-0.9174019614305956,0.005179624722482734,6.283185307179586,0.0,2.5132741228718345
5.8558558558558556,0.4655995681831352,-0.8696674055040144,-0.16399892045783004,6.283185307179586,0.0,2.5132741228718345
5.885885885885886,0.5283004835734462,-0.786140738687056,-0.3207512089336071,6.283185307179586,0.0,2.5132741228718345
5.915915915915916,0.583450371701655,-0.6702595920810999,-0.4586259292541295,6.283185307179586,0.0,2.5132741228718345
5.945945945945946,0.6287794787527015,-0.5267931807023408,-0.5719486968817451,6.283185307179586,0.0,2.5132741228718345
5.975975975975976,0.662422235871337,-0.3616460212345293,-0.6560555896783337,6.283185307179586,0.0,2.5132741228718345
6.006006006006006,0.6829940386837201,-0.18161492520295996,-0.7074850967092916,6.283185307179586,0.0,2.5132741228718345
6.036036036036036,0.6896482322010408,0.005890731219250233,-0.7241205805025929,6.283185307179586,0.0,2.5132741228718345
6.066066066066066,0.6821109558292937,0.19315394817127837,-0.7052773895732254,6.283185307179586,0.0,2.5132741228718345
6.096096096096096,0.6606924144008112,0.37246770365320114,-0.6517310360020192,6.283185307179586,0.0,2.5132741228718345
6.126126126126126,0.6262741113559506,0.5364521444248488,-0.5656852783898674,6.283185307179586,0.0,2.5132741228718345
6.156156156156156,0.5802725695072761,0.6783583119174064,-0.4506814237681814,6.283185307179586,0.0,2.5132741228718345
6.186186186186186,0.5245810324977667,0.7923459029865028,-0.3114525812444076,6.283185307179586,0.0,2.5132741228718345
6.216216216216216,0.4614915462931378,0.8737236339599539,-0.15372886573283512,6.283185307179586,0.0,2.5132741228718345
6.246246246246246,0.39360062752947544,0.9191423155355332,0.015998431176320882,6.283185307179586,0.0,2.5132741228718345
6.276276276276276,0.32370240103824943,0.9267326923207082,0.19074399740438608,6.283185307179586,0.0,2.5132741228718345
6.306306306306306,0.25467360459045246,0.8961823740776997,0.36331598852387836,6.283185307179586,0.0,2.5132741228718345
6.336336336336336,0.18935519361508207,0.8287486924845373,0.5266120159623046,6.283185307179586,0.0,2.5132741228718345
6.366366366366366,0.13043541857894603,0.7272069542780881,0.673911453552645,6.283185307179586,0.0,2.5132741228718345
6.396396396396396,0.08033918710578945,0.5957362204774097,0.7991520322355362,6.283185307179586,0.0,2.5132741228718345
6.426426426426427,0.04112826425743765,0.43974731256810434,0.8971793393564156,6.283185307179586,0.0,2.5132741228718345
6.456456456456457,0.014416418343271833,0.2656601242408303,0.9639589541418303,6.283185307179586,0.0,2.5132741228718345
6.486486486486487,0.0013030045248105641,0.08063940366226072,0.9967424886879837,6.283185307179586,0.0,2.5132741228718345
6.516516516516517,0.002327719654633618,-0.10770011955251955,0.9941807008634258,6.283185307179586,0.0,2.5132741228718345
6.546546546546547,0.017448390463597432,-0.2916071268450814,0.9563790238410159,6.283185307179586,0.0,2.5132741228718345
6.576576576576577,0.04604270924773824,-0.4635127246856991,0.8848932268806639,6.283185307179586,0.0,2.5132741228718345
6.606606606606607,0.08693384562077328,-0.6163419506443135,0.7826653859480763,6.283185307179586,0.0,2.5132741228718345
6.636636636636637,0.13843888025258355,-0.7438049511882047,0.6539027993685507,6.283185307179586,0.0,2.5132741228718345
6.666666666666667,0.19843806725032848,-0.8406558474664303,0.5039048318741886,6.283185307179586,0.0,2.5132741228718345
6.696696696696697,0.2644620746133322,-0.9029086351772498,0.3388448134666791,6.283185307179586,0.0,2.5132741228718345
6.726726726726727,0.33379361228564053,-0.928001232923938,0.16551596928590823,6.283185307179586,0.0,2.5132741228718345
6.756756756756757,0.4035792651928669,-0.9149009274699244,-0.008948162982157892,6.283185307179586,0.0,2.5132741228718345
6.786786786786787,0.47094692865268734,-0.8641468761787493,-0.17736732163170893,6.283185307179586,0.0,2.5132741228718345
6.816816816816817,0.5331240129765391,-0.7778279174045382,-0.33281003244133833,6.283185307179586,0.0,2.5132741228718345
6.846846846846847,0.5875515524231804,-0.6594966020705922,-0.4688788810579414,6.283185307179586,0.0,2.5132741228718345
6.876876876876877,0.6319895222256307,-0.5140229845602676,-0.5799738055640671,6.283185307179586,0.0,2.5132741228718345
6.906906906906907,0.6646090292543483,-0.34739419031554464,-0.6615225731358612,6.283185307179586,0.0,2.5132741228718345
6.936936936936937,0.6840675821093196,-0.16646800915744125,-0.7101689552732904,6.283185307179586,0.0,2.5132741228718345
6.966966966966967,0.6895643428182999,0.02130934453599479,-0.7239108570457418,6.283185307179586,0.0,2.5132741228718345
6.996996996996997,0.6808730861972843,0.20820968890631866,-0.7021827154932015,6.283185307179586,0.0,2.5132741228718345
7.027027027027027,0.6583515103947676,0.38654093637060505,-0.6458787759869102,6.283185307179586,0.0,2.5132741228718345
7.057057057057057,0.6229265154341942,0.5489636698780775,-0.5573162885854762,6.283185307179586,0.0,2.5132741228718345
7.087087087087087,0.5760560556322314,0.6887932046262186,-0.44014013908056915,6.283185307179586,0.0,2.5132741228718345
7.117117117117117,0.5196691358982246,0.8002747035568826,-0.29917283974555237,6.283185307179586,0.0,2.5132741228718345
7.147147147147147,0.4560864214325867,0.8788200239540167,-0.1402160535814574,6.283185307179586,0.0,2.5132741228718345
7.177177177177177,0.3879247282186029,0.9211965474628554,0.030188179453501995,6.283185307179586,0.0,2.5132741228718345
7.207207207207207,0.317989325105664,0.925660222025131,0.20502668723584916,6.283185307179586,0.0,2.5132741228718345
7.237237237237237,0.24915847990918955,0.8920273402443143,0.3771038002270353,6.283185307179586,0.0,2.5132741228718345
7.267267267267267,0.18426500115846167,0.8216821000639452,0.5393374971038553,6.283185307179586,0.0,2.5132741228718345
7.297297297297297,0.12597965077097711,0.7175196365910901,0.6850508730725665,6.283185307179586,0.0,2.5132741228718345
7.327327327327327,0.0767012259319016,0.5838268696523858,0.8082469351702555,6.283185307179586,0.0,2.5132741228718345
7.357357357357357,0.03845783397879945,0.4261060709314981,0.9038554150530109,6.283185307179586,0.0,2.5132741228718345
7.387387387387387,0.012823423431468611,0.25084841197493923,0.967941441421338,6.283185307179586,0.0,2.5132741228718345
7.4174174174174174,0.0008530064234128575,0.06526681294513112,0.9978674839414776,6.283185307179586,0.0,2.5132741228718345
7.4474474474474475,0.0030392385264574277,-0.12300091297825595,0.9924019036838658,6.283185307179586,0.0,2.5132741228718345
7.4774774774774775,0.019292142973197823,-0.3062064021326517,0.951769642567015,6.283185307179586,0.0,2.5132741228718345
7.5075075075075075,0.04894281374902801,-0.47680963273267096,0.8776429656274397,6.283185307179586,0.0,2.5132741228718345
7.5375375375375375,0.09077094514895546,-0.627789242692939,0.7730726371276213,6.283185307179586,0.0,2.5132741228718345
7.5675675675675675,0.14305505479025737,-0.7529315014450986,0.6423623630243669,6.283185307179586,0.0,2.5132741228718345
7.597597597597598,0.203643333098098,-0.847086042798602,0.49089166725476585,6.283185307179586,0.0,2.5132741228718345
7.627627627627628,0.2700422033762293,-0.906377833880389,0.3248944915594376,6.283185307179586,0.0,2.5132741228718345
7.657657657657658,0.33951894767644514,-0.928366656340482,0.15120263080889806,6.283185307179586,0.0,2.5132741228718345
7.687687687687688,0.4092141747871656,-0.9121475362004845,-0.02303543696790361,6.283185307179586,0.0,2.5132741228718345
7.717717717717718,0.4762595015983775,-0.8583879890450001,-0.19064875399593328,6.283185307179586,0.0,2.5132741228718345
7.747747747747748,0.5378956045379646,-0.7693005476894796,-0.34473901134490076,6.283185307179586,0.0,2.5132741228718345
7.777777777777778,0.5915857825437709,-0.648551702978303,-0.4789644563594165,6.283185307179586,0.0,2.5132741228718345
7.807807807807808,0.6351203577633835,-0.5011110053538983,-0.587800894408447,6.283185307179586,0.0,2.5132741228718345
7.837837837837838,0.6667076172569302,-0.3330465375864467,-0.6667690431423141,6.283185307179586,0.0,2.5132741228718345
7.867867867867868,0.6850475528979021,-0.1512751762071303,-0.7126188822447433,6.283185307179586,0.0,2.5132741228718345
7.897897897897898,0.6893853646259192,0.036722080091898014,-0.723463411564787,6.283185307179586,0.0,2.5132741228718345
7.927927927927928,0.6795425250667149,0.22320799912054426,-0.6988563126667764,6.283185307179586,0.0,2.5132741228718345
7.957957957957958,0.6559241270209959,0.4005075494229626,-0.6398103175524787,6.283185307179586,0.0,2.5132741228718345
7.987987987987988,0.6195022114282696,0.5613237745706661,-0.5487555285706633,6.283185307179586,0.0,2.5132741228718345
8.018018018018019,0.5717757619614705,0.6990381073654057,-0.4294394049036652,6.283185307179586,0.0,2.5132741228718345
8.048048048048049,0.5147090127184972,0.8079827641931295,-0.286772531796232,6.283185307179586,0.0,2.5132741228718345
8.078078078078079,0.4506506080249042,0.8836740088422592,-0.1266265200622499,6.283185307179586,0.0,2.5132741228718345
8.108108108108109,0.3822369414142917,0.9229966855592655,0.044407646464281136,6.283185307179586,0.0,2.5132741228718345
8.138138138138139,0.3122836519760944,0.9243324266823806,0.21929087005977393,6.283185307179586,0.0,2.5132741228718345
8.168168168168169,0.24366974365696215,0.8876262583283744,0.39082564085760474,6.283185307179586,0.0,2.5132741228718345
8.198198198198199,0.17921909671230946,0.8143888629026949,0.5519522582192364,6.283185307179586,0.0,2.5132741228718345
8.228228228228229,0.1215842478335197,0.7076344053169041,0.6960393804162109,6.283185307179586,0.0,2.5132741228718345
8.258258258258259,0.07313722210646376,0.571756481743251,0.8171569447338509,6.283185307179586,0.0,2.5132741228718345
8.288288288288289,0.03587190973118512,0.412347296370743,0.9103202256720473,6.283185307179586,0.0,2.5132741228718345
8.318318318318319,0.011322005295360631,0.2359675081405886,0.9716949867616088,6.283185307179586,0.0,2.5132741228718345
8.348348348348349,0.0004978869002667636,0.04987621966971989,0.9987552827493433,6.283185307179586,0.0,2.5132741228718345
8.378378378378379,0.0038450329476876943,-0.1382677790371688,0.990387417630791,6.283185307179586,0.0,2.5132741228718345
8.408408408408409,0.021225687990268027,-0.3207212164460902,0.9469357800243403,6.283185307179586,0.0,2.5132741228718345
8.438438438438439,0.051924532207241435,-0.4899750222817407,0.8701886694819068,6.283185307179586,0.0,2.5132741228718345
8.468468468468469,0.09467812117207622,-0.6390633715071603,0.7633046970698198,6.283185307179586,0.0,2.5132741228718345
8.498498498498499,0.14772688428628117,-0.7618503704529223,0.6306827892843074,6.283185307179586,0.0,2.5132741228718345
8.528528528528529,0.20888754182709773,-0.8532825862154247,0.47778114543226585,6.283185307179586,0.0,2.5132741228718345
8.558558558558559,0.2756429602064725,-0.9095970262013933,0.3108925994838287,6.283185307179586,0.0,2.5132741228718345
8.588588588588589,0.34524574735009483,-0.9284760081935222,0.13688563162477257,6.283185307179586,0.0,2.5132741228718345
8.618618618618619,0.41483132461565053,-0.9091425470907446,-0.03707831153911684,6.283185307179586,0.0,2.5132741228718345
8.64864864864865,0.48153582165213293,-0.852392332577768,-0.20383955413032295,6.283185307179586,0.0,2.5132741228718345
8.67867867867868,0.5426139421086544,-0.7605609816479926,-0.35653485527162554,6.283185307179586,0.0,2.5132741228718345
8.70870870870871,0.595551949300914,-0.6374279137379626,-0.4888798732522743,6.283185307179586,0.0,2.5132741228718345
8.73873873873874,0.638171121786957,-0.48806080459706924,-0.5954278044673815,6.283185307179586,0.0,2.5132741228718345
8.76876876876877,0.6687174210251268,-0.31860702056319157,-0.6717935525628067,6.283185307179586,0.0,2.5132741228718345
8.7987987987988,0.6859336807439229,-0.13604061699421555,-0.7148342018597973,6.283185307179586,0.0,2.5132741228718345
8.82882882882883,0.6891113469914861,0.05212468658899079,-0.722778367478706,6.283185307179586,0.0,2.5132741228718345
8.85885885885886,0.678119639446529,0.2381447418270113,-0.6952990986163137,6.283185307179586,0.0,2.5132741228718345
8.88888888888889,0.65341093382514,0.4143636903965662,-0.6335273345628414,6.283185307179586,0.0,2.5132741228718345
8.91891891891892,0.6160021438646418,0.5735290492124328,-0.5400053596615948,6.283185307179586,0.0,2.5132741228718345
8.94894894894895,0.5674328691292657,0.7090901942813583,-0.4185821728231547,6.283185307179586,0.0,2.5132741228718345
8.97897897897898,0.5097020311103679,0.8154679587793081,-0.2742550777759112,6.283185307179586,0.0,2.5132741228718345
9.00900900900901,0.44518560543160646,0.8882842497490382,-0.11296401357900687,6.283185307179586,0.0,2.5132741228718345
9.03903903903904,0.37653883597993126,0.9245422332923023,0.058652910050181084,6.283185307179586,0.0,2.5132741228718345
9.06906906906907,0.30658695544651937,0.922749672538512,0.233532611383711,6.283185307179586,0.0,2.5132741228718345
9.0990990990991,0.2382089097930063,0.8829803422811935,0.4044777255174936,6.283185307179586,0.0,2.5132741228718345
9.12912912912913,0.17421887208947484,0.8068709926958706,0.5644528197763221,6.283185307179586,0.0,2.5132741228718345
9.15915915915916,0.11725042215146002,0.6975539871008782,0.7068739446213591,6.283185307179586,0.0,2.5132741228718345
9.18918918918919,0.06964815868937639,0.5595283861275531,0.8258796032765681,6.283185307179586,0.0,2.5132741228718345
9.21921921921922,0.033371204790607484,0.3984747839714261,0.9165719880234899,6.283185307179586,0.0,2.5132741228718345
9.24924924924925,0.009912578071419247,0.2210215173405125,0.9752185548214604,6.283185307179586,0.0,2.5132741228718345
9.27927927927928,0.00023774390806377712,0.034471869026505036,0.9994056402298489,6.283185307179586,0.0,2.5132741228718345
9.30930930930931,0.004744880655886131,-0.1534965066664823,0.9881377983602934,6.283185307179586,0.0,2.5132741228718345
9.33933933933934,0.023248492184693076,-0.3351475661612059,0.9418787695382759,6.283185307179586,0.0,2.5132741228718345
9.36936936936937,0.054987042174369546,-0.5030052619208243,0.8625323945640849,6.283185307179586,0.0,2.5132741228718345
9.3993993993994,0.09865429597297762,-0.6501612273417279,0.7533642600675645,6.283185307179586,0.0,2.5132741228718345
9.42942942942943,0.15245308010897354,-0.7705590981182174,0.6188672997275748,6.283185307179586,0.0,2.5132741228718345
9.45945945945946,0.2141692469261658,-0.8592437685230634,0.46457688268459435,6.283185307179586,0.0,2.5132741228718345
9.48948948948949,0.2812628002461648,-0.9125653241897882,0.2968429993845969,6.283185307179586,0.0,2.5132741228718345
9.51951951951952,0.35097243168226977,-0.9283292583205146,0.12256892079433468,6.283185307179586,0.0,2.5132741228718345
9.54954954954955,0.4204291652987406,-0.9058867890074641,-0.05107291324684243,6.283185307179586,0.0,2.5132741228718345
9.57957957957958,0.4867744334455187,-0.8461615605602001,-0.21693608361378802,6.283185307179586,0.0,2.5132741228718345
9.60960960960961,0.5472777242285948,-0.7516116299163617,-0.36819431057147767,6.283185307179586,0.0,2.5132741228718345
9.63963963963964,0.5994489587060245,-0.6261283026266273,-0.4986223967650523,6.283185307179586,0.0,2.5132741228718345
9.66966966966967,0.6411409728034898,-0.47487598192931885,-0.6028524320087154,6.283185307179586,0.0,2.5132741228718345
9.6996996996997,0.6706378861943556,-0.30407962210070566,-0.6765947154858806,6.283185307179586,0.0,2.5132741228718345
9.72972972972973,0.6867257212265596,-0.12076853367027196,-0.7168143030663899,6.283185307179586,0.0,2.5132741228718345
9.75975975975976,0.6887423654973428,0.06751291552318141,-0.7218559137433478,6.283185307179586,0.0,2.5132741228718345
9.78978978978979,0.6766048218115602,0.2530157970209326,-0.6915120545288903,6.283185307179586,0.0,2.5132741228718345
9.81981981981982,0.6508126240217953,0.4281055373492247,-0.6270315600544786,6.283185307179586,0.0,2.5132741228718345
9.84984984984985,0.6124272781676623,0.5855761272199835,-0.5310681954191466,6.283185307179586,0.0,2.5132741228718345
9.87987987987988,0.5630285750366297,0.718946692704904,-0.4075714375915653,6.283185307179586,0.0,2.5132741228718345
9.90990990990991,0.5046495721505926,0.8227282226726771,-0.2616239303764715,6.283185307179586,0.0,2.5132741228718345
9.93993993993994,0.43969292106546964,0.8926494750306704,-0.09923230266366428,6.283185307179586,0.0,2.5132741228718345
9.96996996996997,0.3708319836251017,0.9258327643532227,0.07292004093725507,6.283185307179586,0.0,2.5132741228718345
10.0,0.30090080683789966,0.9209123961649248,0.24774798290526023,6.283185307179586,0.0,2.5132741228718345
10.03003003003003,0.23277748458023606,0.8780908735867432,0.41805628854941945,6.283185307179586,0.0,2.5132741228718345
10.06006006006006,0.16926570650293105,0.7991305630991414,0.5768357337426818,6.283185307179586,0.0,2.5132741228718345
10.09009009009009,0.11297936912481586,0.6872811624268191,0.7175515771879698,6.283185307179586,0.0,2.5132741228718345
10.12012012012012,0.06623499806971,0.5471459556833915,0.8344125048257347,6.283185307179586,0.0,2.5132741228718345
10.15015015015015,0.030956408927017592,0.38449236019146155,0.9226089776824659,6.283185307179586,0.0,2.5132741228718345
10.18018018018018,0.00859553052224118,0.20601456213038982,0.9785111736944068,6.283185307179586,0.0,2.5132741228718345
10.21021021021021,7.264920209757185e-05,0.01905801000065236,0.999818376994766,6.283185307179586,0.0,2.5132741228718345
10.24024024024024,0.005738533445876031,-0.1686828953231635,0.9856536663853198,6.283185307179586,0.0,2.5132741228718345
10.27027027027027,0.02535999760598079,-0.34948147205503016,0.9366000059850577,6.283185307179586,0.0,2.5132741228718345
10.3003003003003,0.058129498917666014,-0.5158967575162798,0.8546762527058447,6.283185307179586,0.0,2.5132741228718345
10.33033033033033,0.10269837280255709,-0.6610797490728182,0.743254067993617,6.283185307179586,0.0,2.5132741228718345
10.36036036036036,0.15723233863078173,-0.7790552823108697,0.6069191534230554,6.283185307179586,0.0,2.5132741228718345
10.39039039039039,0.2194869915415132,-0.8649679454473972,0.4512825211462272,6.283185307179586,0.0,2.5132741228718345
10.42042042042042,0.286900173373688,-0.9152819090993416,0.2827495665657901,6.283185307179586,0.0,2.5132741228718345
10.45045045045045,0.3566974210804684,-0.9279264471995103,0.10825644729883899,6.283185307179586,0.0,2.5132741228718345
10.48048048048048,0.42600615278290443,-0.9023811599870585,-0.06501538195725082,6.283185307179586,0.0,2.5132741228718345
10.51051051051051,0.4919738920111816,-0.8396973916274082,-0.2299347300279439,6.283185307179586,0.0,2.5132741228718345
10.54054054054054,0.5518856644858191,-0.7424549609960935,-0.3797141612145381,6.283185307179586,0.0,2.5132741228718345
10.57057057057057,0.60327573584621,-0.6146559864183243,-0.5081893396155157,6.283185307179586,0.0,2.5132741228718345
10.6006006006006,0.6440290916383755,-0.4615601741229588,-0.6100727290959294,6.283185307179586,0.0,2.5132741228718345
10.63063063063063,0.672468483042322,-0.28946834929425463,-0.6811712076057963,6.283185307179586,0.0,2.5132741228718345
10.66066066066066,0.6874234558771267,-0.10546313873714133,-0.7185586396928078,6.283185307179586,0.0,2.5132741228718345
10.69069069069069,0.68827852191973,0.08288252235616175,-0.7206963047993171,6.283185307179586,0.0,2.5132741228718345
10.72072072072072,0.6749984899942628,0.2678170628161384,-0.6874962249856491,6.283185307179586,0.0,2.5132741228718345
10.75075075075075,0.6481299143032808,0.44172929986450804,-0.6203247857581937,6.283185307179586,0.0,2.5132741228718345
10.78078078078078,0.6087786003932623,0.5974616856453505,-0.521946500983148,6.283185307179586,0.0,2.5132741228718345
10.81081081081081,0.5585640945208977,0.7286048839160824,-0.3964102363022364,6.283185307179586,0.0,2.5132741228718345
10.84084084084084,0.4995530294599513,0.8297615532731757,-0.24888257364987015,6.283185307179586,0.0,2.5132741228718345
10.87087087087087,0.4341740699747378,0.8967684806261838,-0.08543517493683633,6.283185307179586,0.0,2.5132741228718345
10.9009009009009,0.36511795847204664,0.9268679227745857,0.08720510381989144,6.283185307179586,0.0,2.5132741228718345
10.93093093093093,0.2952267745617606,0.9188211043379375,0.26193306359560686,6.283185307179586,0.0,2.5132741228718345
10.96096096096096,0.22737696616977016,0.8729592009081676,0.4315575845755831,6.283185307179586,0.0,2.5132741228718345
10.99099099099099,0.16436096618534685,0.7911697091567771,0.5890975845366413,6.283185307179586,0.0,2.5132741228718345
11.02102102102102,0.10877226683901009,0.6768187648500447,0.7280693329024829,6.283185307179586,0.0,2.5132741228718345
11.05105105105105,0.06289868170025051,0.5346126058590719,0.842753295749382,6.283185307179586,0.0,2.5132741228718345
11.08108108108108,0.028628188214047907,0.3704038818056412,0.9284295294648882,6.283185307179586,0.0,2.5132741228718345
11.11111111111111,0.007371225929318322,0.19095078188172487,0.981571935176712,6.283185307179586,0.0,2.5132741228718345
11.14114114114114,2.6483204732351124e-06,0.00363889420002912,0.9999933791988244,6.283185307179586,0.0,2.5132741228718345
11.17117117117117,0.0068257172382051815,-0.1838227561425427,0.9829357069044942,6.283185307179586,0.0,2.5132741228718345
11.2012012012012,0.02755962183716043,-0.36371898040338635,0.931100945407106,6.283185307179586,0.0,2.5132741228718345
11.23123123123123,0.061351035652647296,-0.5286459532042558,0.8466224108683892,6.283185307179586,0.0,2.5132741228718345
11.26126126126126,0.10680923618227925,-0.6718159250423601,0.7329769095443097,6.283185307179586,0.0,2.5132741228718345
11.29129129129129,0.16206334158785435,-0.7873365795266634,0.5948416460303717,6.283185307179586,0.0,2.5132741228718345
11.32132132132132,0.22483930887855974,-0.8704535380875389,0.4379017278036085,6.283185307179586,0.0,2.5132741228718345
11.35135135135135,0.2925535246312644,-0.9177460316138829,0.268616188421847,6.283185307179586,0.0,2.5132741228718345
11.381381381381381,0.3624191364196995,-0.9272676859379799,0.09395215895075898,6.283185307179586,0.0,2.5132741228718345
11.411411411411411,0.4315607487665487,-0.8986266269878908,-0.0789018719163645,6.283185307179586,0.0,2.5132741228718345
11.441441441441441,0.497132763181406,-0.8330016087924219,-0.2428319079535075,6.283185307179586,0.0,2.5132741228718345
11.471471471471471,0.5564364918712268,-0.7330935005730355,-0.3910912296780599,6.283185307179586,0.0,2.5132741228718345
11.501501501501501,0.6070312251807513,-0.6030141295243636,-0.5175780629518708,6.283185307179586,0.0,2.5132741228718345
11.531531531531531,0.6468346816612061,-0.44811705407996205,-0.6170867041530075,6.283185307179586,0.0,2.5132741228718345
11.561561561561561,0.6742087066351222,-0.27477723237418605,-0.6855217665877981,6.283185307179586,0.0,2.5132741228718345
11.591591591591591,0.6880266922393314,-0.09012865388501914,-0.7200667305983206,6.283185307179586,0.0,2.5132741228718345
11.621621621621621,0.6877199442007151,0.09822926768615402,-0.7192998605017806,6.283185307179586,0.0,2.5132741228718345
11.651651651651651,0.6733010870694691,0.28254445657647426,-0.6832527176736649,6.283185307179586,0.0,2.5132741228718345
11.681681681681681,0.6453635446419634,0.45523122009722955,-0.6134088616049004,6.283185307179586,0.0,2.5132741228718345
11.711711711711711,0.6050571169569732,0.6091824460925344,-0.512642792392425,6.283185307179586,0.0,2.5132741228718345
11.741741741741741,0.5540406590206375,0.7380621038940441,-0.3851016475515851,6.283185307179586,0.0,2.5132741228718345
11.771771771771771,0.49441380881885133,0.8365660105757897,-0.23603452204712005,6.283185307179586,0.0,2.5132741228718345
11.801801801801801,0.4286305744252299,0.9006401303894216,-0.0715764360630664,6.283185307179586,0.0,2.5132741228718345
11.831831831831831,0.35939833662148646,0.9276474230284286,0.10150415844629201,6.283185307179586,0.0,2.5132741228718345
11.861861861861861,0.28956642368757946,0.9164763738989946,0.27608394078106,6.283185307179586,0.0,2.5132741228718345
11.891891891891891,0.2220088441877009,0.867586739715781,0.4449778895307567,6.283185307179586,0.0,2.5132741228718345
11.921921921921921,0.15950600401224266,0.7829906267127353,0.6012349899694022,6.283185307179586,0.0,2.5132741228718345
11.951951951951951,0.10463027573992303,0.6661696802158019,0.7384243106502011,6.283185307179586,0.0,2.5132741228718345
11.981981981981981,0.05964012983782209,0.5219317937310215,0.850899675405453,6.283185307179586,0.0,2.5132741228718345
12.012012012012011,0.026387184845292837,0.35621323484182055,0.9340320378867762,6.283185307179586,0.0,2.5132741228718345
12.042042042042041,0.006240001992837398,0.17583433164008444,0.9843999950179144,6.283185307179586,0.0,2.5132741228718345
12.072072072072071,2.776057155026073e-05,-0.011781225317520284,0.9999305985711324,6.283185307179586,0.0,2.5132741228718345
12.102102102102101,0.00800613215474932,-0.19891191309373374,0.9799846696131344,6.283185307179586,0.0,2.5132741228718345
12.132132132132131,0.029846758155435436,-0.37785616407145395,0.9253831046114189,6.283185307179586,0.0,2.5132741228718345
12.162162162162161,0.06465076378218329,-0.541249332371515,0.838373090544549,6.283185307179586,0.0,2.5132741228718345
12.192192192192191,0.11098575221186491,-0.6823667938887552,0.722535619470345,6.283185307179586,0.0,2.5132741228718345
12.222222222222221,0.16694475644366655,-0.7954007055337049,0.5826381088908411,6.283185307179586,0.0,2.5132741228718345
12.252252252252251,0.2302247226065292,-0.8756990333513555,0.4244381934836843,6.283185307179586,0.0,2.5132741228718345
12.282282282282281,0.29822129465387004,-0.9199570120539979,0.2544467633653322,6.283185307179586,0.0,2.5132741228718345
12.312312312312311,0.3681359994780606,-0.9263531562421763,0.07966000130485545,6.283185307179586,0.0,2.5132741228718345
12.342342342342342,0.437091421124337,-0.894624225623561,-0.09272855281083586,6.283185307179586,0.0,2.5132741228718345
12.372372372372372,0.5022496239837111,-0.8260760589543796,-0.2556240599592713,6.283185307179586,0.0,2.5132741228718345
12.402402402402402,0.5609289511291781,-0.7235298308207176,-0.40232237782293767,6.283185307179586,0.0,2.5132741228718345
12.432432432432432,0.6107143908322635,-0.5912059431204977,-0.5267859770806521,6.283185307179586,0.0,2.5132741228718345
12.462462462462462,0.6495569690055167,-0.43455032981886244,-0.6238924225137854,6.283185307179586,0.0,2.5132741228718345
12.492492492492492,0.6758580769665306,-0.2600103235942658,-0.68964519241632,6.283185307179586,0.0,2.5132741228718345
12.522522522522522,0.6885352639223669,-0.07476930882797835,-0.7213381598059101,6.283185307179586,0.0,2.5132741228718345
12.552552552552552,0.687066786412905,0.11354891841727577,-0.7176669660322558,6.283185307179586,0.0,2.5132741228718345
12.582582582582582,0.6715130812321725,0.29719391604192746,-0.6787827030804251,6.283185307179586,0.0,2.5132741228718345
12.612612612612612,0.642514278086149,0.4686075738099895,-0.6062856952153659,6.283185307179586,0.0,2.5132741228718345
12.642642642642642,0.6012638543563271,0.6207351756218009,-0.503159635890811,6.283185307179586,0.0,2.5132741228718345
12.672672672672672,0.5494595162359808,0.7473157440518827,-0.3736487905899461,6.283185307179586,0.0,2.5132741228718345
12.702702702702702,0.4892333277795651,0.8431397177056805,-0.2230833194489074,6.283185307179586,0.0,2.5132741228718345
12.732732732732732,0.4230639634804486,0.9042633564024456,-0.05765990870111587,6.283185307179586,0.0,2.5132741228718345
12.762762762762762,0.35367469571787735,0.9281710501050398,0.11581326070531239,6.283185307179586,0.0,2.5132741228718345
12.792792792792792,0.28392131551108646,0.913878851595572,0.2901967112222899,6.283185307179586,0.0,2.5132741228718345
12.822822822822824,0.21667459932419986,0.8619749718966436,0.45831350168950596,6.283185307179586,0.0,2.5132741228718345
12.852852852852854,0.15470215912881596,0.7745955718049831,0.6132446021779655,6.283185307179586,0.0,2.5132741228718345
12.882882882882884,0.10055453831379646,0.6553368458632627,0.7486136542155146,6.283185307179586,0.0,2.5132741228718345
12.912912912912914,0.05646024128944297,0.5091070170502167,0.8588493967763984,6.283185307179586,0.0,2.5132741228718345
12.942942942942944,0.024234016957163602,0.34192433350902374,0.9394149576070965,6.283185307179586,0.0,2.5132741228718345
12.972972972972974,0.005202170738524208,0.16066938097899802,0.9869945731536949,6.283185307179586,0.0,2.5132741228718345
13.003003003003004,0.00014797902860980155,-0.027198095217308448,0.9996300524284811,6.283185307179586,0.0,2.5132741228718345
13.033033033033034,0.00927945260142155,-0.2139462041315206,0.9768013684964514,6.283185307179586,0.0,2.5132741228718345
13.063063063063064,0.03222077569953067,-0.39188912359699996,0.9194480607511785,6.283185307179586,0.0,2.5132741228718345
13.093093093093094,0.06802777314159456,-0.5537034186254308,0.8299305671460189,6.283185307179586,0.0,2.5132741228718345
13.123123123123124,0.11522676888205072,-0.6927294453637138,0.7119330777948786,6.283185307179586,0.0,2.5132741228718345
13.153153153153154,0.1718752367565688,-0.8032454360024861,0.5703119081085837,6.283185307179586,0.0,2.5132741228718345
13.183183183183184,0.23564174726566128,-0.8807029843728273,0.4108956318358524,6.283185307179586,0.0,2.5132741228718345
13.213213213213214,0.30390192009935096,-0.9219142405645058,0.2402451997516284,6.283185307179586,0.0,2.5132741228718345
13.243243243243244,0.37384643337205564,-0.9251831103670118,0.06538391656986664,6.283185307179586,0.0,2.5132741228718345
13.273273273273274,0.4425966443297916,-0.8903750598772496,-0.10649161082447339,6.283185307179586,0.0,2.5132741228718345
13.303303303303304,0.5073230630333447,-0.8189226523890977,-0.2683076575833561,6.283185307179586,0.0,2.5132741228718345
13.333333333333334,0.565361803103724,-0.713766589688106,-0.4134045077593043,6.283185307179586,0.0,2.5132741228718345
13.363363363363364,0.6143242168724187,-0.579234684261174,-0.5358105421810415,6.283185307179586,0.0,2.5132741228718345
13.393393393393394,0.6521952027822377,-0.42086374345195954,-0.6304880069555897,6.283185307179586,0.0,2.5132741228718345
13.423423423423424,0.6774161390903943,-0.2451716961139322,-0.69354034772598,6.283185307179586,0.0,2.5132741228718345
13.453453453453454,0.6889490306468018,-0.059389340137275703,-0.722372576616999,6.283185307179586,0.0,2.5132741228718345
13.483483483483484,0.6863192287169431,0.1288372489271639,-0.7157980717923526,6.283185307179586,0.0,2.5132741228718345
13.513513513513514,0.6696349656683851,0.3117614004491272,-0.6740874141709574,6.283185307179586,0.0,2.5132741228718345
13.543543543543544,0.6395829005496083,0.4818546714004342,-0.598957251374016,6.283185307179586,0.0,2.5132741228718345
13.573573573573574,0.5973998588877154,0.632116687641424,-0.4934996472192834,6.283185307179586,0.0,2.5132741228718345
13.603603603603604,0.5448219297844709,0.75636325195616,-0.36205482446117315,6.283185307179586,0.0,2.5132741228718345
13.633633633633634,0.4840130152752278,0.8494808614358788,-0.2100325381880654,6.283185307179586,0.0,2.5132741228718345
13.663663663663664,0.41747577257981894,0.9076371592700903,-0.04368943144954329,6.283185307179586,0.0,2.5132741228718345
13.693693693693694,0.3479486145142494,0.9284386595722565,0.13012846371438014,6.283185307179586,0.0,2.5132741228718345
13.723723723723724,0.2782930071236143,0.9110292539027722,0.30426748219096805,6.283185307179586,0.0,2.5132741228718345
13.753753753753754,0.21137570292512115,0.8561254453458218,0.47156074268720105,6.283185307179586,0.0,2.5132741228718345
13.783783783783784,0.14995075658058574,0.7659868600432354,0.6251231085485395,6.283185307179586,0.0,2.5132741228718345
13.813813813813814,0.0965461787721204,0.6443232498153445,0.758634553069703,6.283185307179586,0.0,2.5132741228718345
13.843843843843844,0.053359893164423744,0.4961418132774365,0.866600267088945,6.283185307179586,0.0,2.5132741228718345
13.873873873873874,0.022169278458400776,0.3275411191178327,0.9445768038540027,6.283185307179586,0.0,2.5132741228718345
13.903903903903904,0.0042580184315871225,0.1454601128499129,0.9893549539210371,6.283185307179586,0.0,2.5132741228718345
13.933933933933934,0.00036327053177114736,-0.04260746306095368,0.999091823670577,6.283185307179586,0.0,2.5132741228718345
13.963963963963964,0.010645327357983257,-0.22892148234432808,0.9733866816050467,6.283185307179586,0.0,2.5132741228718345
13.993993993993994,0.034681019643701766,-0.4058139882659257,0.9132974508907504,6.283185307179586,0.0,2.5132741228718345
14.024024024024024,0.07148113224969901,-0.566004776752842,0.8212971693757576,6.283185307179586,0.0,2.5132741228718345
14.054054054054054,0.11953111639234103,-0.7029010211349578,0.7011722090191526,6.283185307179586,0.0,2.5132741228718345
14.084084084084084,0.17685342255116773,-0.8108686071193943,0.5578664436220856,6.283185307179586,0.0,2.5132741228718345
14.114114114114114,0.24108888867693584,-0.8854640109111188,0.39727777830766564,6.283185307179586,0.0,2.5132741228718345
14.144144144144144,0.3095938340796278,-0.9236171772826641,0.22601541480093557,6.283185307179586,0.0,2.5132741228718345
14.174174174174174,0.3795488629915348,-0.9237578710464781,0.051127842521167755,6.283185307179586,0.0,2.5132741228718345
14.204204204204204,0.44807489987606897,-0.8858803017972127,-0.1201872496901677,6.283185307179586,0.0,2.5132741228718345
14.234234234234235,0.5123516809225753,-0.8115433622221728,-0.2808792023064332,6.283185307179586,0.0,2.5132741228718345
14.264264264264265,0.569733825080398,-0.7038064701720008,-0.4243345627009899,6.283185307179586,0.0,2.5132741228718345
14.294294294294295,0.6178597076021615,-0.5671036549811757,-0.5446492690053986,6.283185307179586,0.0,2.5132741228718345
14.324324324324325,0.6547486552868069,-0.4070610701531749,-0.6368716382170122,6.283185307179586,0.0,2.5132741228718345
14.354354354354355,0.6788824632461187,-0.2302654428748434,-0.6972061581152913,6.283185307179586,0.0,2.5132741228718345
14.384384384384385,0.6892678782832766,-0.04399299007282628,-0.7231696957081865,6.283185307179586,0.0,2.5132741228718345
14.414414414414415,0.6854774773118231,0.14409004223248148,-0.7136936932795527,6.283185307179586,0.0,2.5132741228718345
14.444444444444445,0.6676672584191079,0.32624289164586456,-0.669168146047765,6.283185307179586,0.0,2.5132741228718345
14.474474474474475,0.6365702205948088,0.49496885891892084,-0.5914255514870173,6.283185307179586,0.0,2.5132741228718345
14.504504504504505,0.5934661963578005,0.6433238427866117,-0.4836654908944969,6.283185307179586,0.0,2.5132741228718345
14.534534534534535,0.5401291788525293,0.765202132030917,-0.3503229471313196,6.283185307179586,0.0,2.5132741228718345
14.564564564564565,0.47875431122570744,0.8555876926874113,-0.19688577806426427,6.283185307179586,0.0,2.5132741228718345
14.594594594594595,0.4118675431151826,0.9107606083956206,-0.02966885778795203,6.283185307179586,0.0,2.5132741228718345
14.624624624624625,0.34222167243675505,0.9284501776153055,0.14444581890811659,6.283185307179586,0.0,2.5132741228718345
14.654654654654655,0.2726830509826189,0.9079283668257118,0.31829237254345655,6.283185307179586,0.0,2.5132741228718345
14.684684684684685,0.20611361658613242,0.8500397735394111,0.48471595853467303,6.283185307179586,0.0,2.5132741228718345
14.714714714714715,0.1452531069478797,0.7571668659702026,0.6368672326303051,6.283185307179586,0.0,2.5132741228718345
14.744744744744745,0.09260630274151935,0.6331319299544775,0.7684842431462061,6.283185307179586,0.0,2.5132741228718345
14.774774774774775,0.05033994063241588,0.48303975860746445,0.8741501484189645,6.283185307179586,0.0,2.5132741228718345
14.804804804804805,0.020193538866242828,0.3130675589931865,0.9495161528343969,6.283185307179586,0.0,2.5132741228718345
14.834834834834835,0.003407805497748315,0.13021072242833842,0.9914804862556331,6.283185307179586,0.0,2.5132741228718345
14.864864864864865,0.0006735756971354076,-0.05800507847940102,0.9983160607571653,6.283185307179586,0.0,2.5132741228718345
14.894894894894895,0.012103379674923587,-0.24383361709813156,0.9697415508126948,6.283185307179586,0.0,2.5132741228718345
14.924924924924925,0.037226811378363076,-0.4196269171799868,0.906932971554096,6.283185307179586,0.0,2.5132741228718345
14.954954954954955,0.07500988856575404,-0.5781500136676427,0.8124752785856186,6.283185307179586,0.0,2.5132741228718345
14.984984984984985,0.1238976074736899,-0.7128787155746803,0.690255981315779,6.283185307179586,0.0,2.5132741228718345
15.015015015015015,0.18187794069346683,-0.8182681161835959,0.545305148266337,6.283185307179586,0.0,2.5132741228718345
15.045045045045045,0.24656464435423348,-0.8899807997313155,0.3835883891144204,6.283185307179586,0.0,2.5132741228718345
15.075075075075075,0.31529546659291424,-0.9250653524870933,0.21176133351771864,6.283185307179586,0.0,2.5132741228718345
15.105105105105105,0.38524171543418084,-0.9220778314046265,0.036895711414551946,6.283185307179586,0.0,2.5132741228718345
15.135135135135135,0.4535246766948321,-0.8811411911734826,-0.13381169173707586,6.283185307179586,0.0,2.5132741228718345
15.165165165165165,0.5173340906067116,-0.803940223884706,-0.29333522651677507,6.283185307179586,0.0,2.5132741228718345
15.195195195195195,0.5740438111234925,-0.6936522195741852,-0.43510952780872736,6.283185307179586,0.0,2.5132741228718345
15.225225225225225,0.6213198878263673,-0.5548162013847648,-0.5532997195659151,6.283185307179586,0.0,2.5132741228718345
15.255255255255255,0.6572166221999018,-0.3931461171166779,-0.6430415554997507,6.283185307179586,0.0,2.5132741228718345
15.285285285285285,0.6802566449772143,-0.2152956754718468,-0.700641612443032,6.283185307179586,0.0,2.5132741228718345
15.315315315315315,0.6894917188839826,-0.02858450541298414,-0.7237292972099523,6.283185307179586,0.0,2.5132741228718345
15.345345345345345,0.6845417643780043,0.15930309115216437,-0.711354410945007,6.283185307179586,0.0,2.5132741228718345
15.375375375375375,0.665610502237429,0.34063439519949235,-0.6640262555935691,6.283185307179586,0.0,2.5132741228718345
15.405405405405405,0.6334770692098708,0.5079465190764527,-0.5836926730246736,6.283185307179586,0.0,2.5132741228718345
15.435435435435435,0.5894639517895135,0.6543535497854919,-0.4736598794737799,6.283185307179586,0.0,2.5132741228718345
15.465465465465465,0.5353825578425944,0.7738299462460733,-0.3384563946064824,6.283185307179586,0.0,2.5132741228718345
15.495495495495495,0.47345866614040477,0.8614585270117772,-0.18364666535100838,6.283185307179586,0.0,2.5132741228718345
15.525525525525525,0.40624082200560596,0.9136328422374306,-0.015602055014011074,6.283185307179586,0.0,2.5132741228718345
15.555555555555555,0.33649544914898477,0.9282056010571604,0.15876137712754207,6.283185307179586,0.0,2.5132741228718345
15.585585585585585,0.2670929944834368,0.9045770456826978,0.3322675137914119,6.283185307179586,0.0,2.5132741228718345
15.615615615615615,0.20088979174957644,0.8437196350894977,0.4977755206260629,6.283185307179586,0.0,2.5132741228718345
15.645645645645645,0.1406105059843496,0.7481380224066382,0.6484737350391299,6.283185307179586,0.0,2.5132741228718345
15.675675675675675,0.08873599695879866,0.6217659731846895,0.7781600076030072,6.283185307179586,0.0,2.5132741228718345
15.705705705705705,0.047401216687539376,0.4698044669826998,0.8814969582811554,6.283185307179586,0.0,2.5132741228718345
15.735735735735735,0.018307343149342566,0.2985076453801132,0.9542316421266475,6.283185307179586,0.0,2.5132741228718345
15.765765765765765,0.0026517664514139018,0.11492541595673088,0.9933705838714691,6.283185307179586,0.0,2.5132741228718345
15.795795795795796,0.00107880893316577,-0.07338669434526354,0.9973029776670898,6.283185307179586,0.0,2.5132741228718345
15.825825825825826,0.01365320737737589,-0.2586784951757747,0.9658669815565643,6.283185307179586,0.0,2.5132741228718345
15.855855855855856,0.03985744869726354,-0.4333241003161971,0.9003563782568448,6.283185307179586,0.0,2.5132741228718345
15.885885885885886,0.0786130687521886,-0.59013577934667,0.8034673281195324,6.283185307179586,0.0,2.5132741228718345
15.915915915915916,0.12832503771597598,-0.7226597765333997,0.679187405710064,6.283185307179586,0.0,2.5132741228718345
15.945945945945946,0.18694740526960724,-0.8254419221870044,0.5326314868259856,6.283185307179586,0.0,2.5132741228718345
15.975975975975976,0.25206750391875454,-0.8942521049666402,0.36983124020311686,6.283185307179586,0.0,2.5132741228718345
16.006006006006007,0.32100524495676086,-0.9262583667273335,0.19748688760810107,6.283185307179586,0.0,2.5132741228718345
16.036036036036037,0.39092342043935313,-0.9201434548471301,0.022691448901620115,6.283185307179586,0.0,2.5132741228718345
16.066066066066067,0.4589444715730383,-0.8761590351959001,-0.14736117893259276,6.283185307179586,0.0,2.5132741228718345
16.096096096096097,0.5222689177866824,-0.7961153345518828,-0.3056722944667034,6.283185307179586,0.0,2.5132741228718345
16.126126126126128,0.5782905724086844,-0.6833066387436553,-0.44572643102170867,6.283185307179586,0.0,2.5132741228718345
16.156156156156158,0.6247038031228247,-0.5423757127227529,-0.5617595078070595,6.283185307179586,0.0,2.5132741228718345
16.186186186186188,0.6595984227817089,-0.37912272250678153,-0.648996056954271,6.283185307179586,0.0,2.5132741228718345
16.216216216216218,0.6815383052428561,-0.2002665230189162,-0.7038457631071398,6.283185307179586,0.0,2.5132741228718345
16.246246246246248,0.6896204907069208,-0.013168136283192881,-0.7240512267673013,6.283185307179586,0.0,2.5132741228718345
16.276276276276278,0.6835123480133746,0.17447219946784875,-0.7087808700334359,6.283185307179586,0.0,2.5132741228718345
16.306306306306308,0.6634652644388224,0.35493194149867113,-0.6586631610970552,6.283185307179586,0.0,2.5132741228718345
16.336336336336338,0.6303042995793672,0.5207840722424004,-0.5757607489484173,6.283185307179586,0.0,2.5132741228718345
16.366366366366368,0.5853942291227832,0.6652027663117499,-0.46348557280695707,6.283185307179586,0.0,2.5132741228718345
16.396396396396398,0.5305833760160996,0.7822443147898867,-0.32645844004024893,6.283185307179586,0.0,2.5132741228718345
16.426426426426428,0.46812754071817614,0.8670917450555556,-0.1703188517954396,6.283185307179586,0.0,2.5132741228718345
16.456456456456458,0.4005971612707124,0.9162530685466781,-0.0014929031767804135,6.283185307179586,0.0,2.5132741228718345
16.486486486486488,0.33077152411626765,0.9277049973594238,0.173071189709331,6.283185307179586,0.0,2.5132741228718345
16.516516516516518,0.2615243795324839,0.9009762148693222,0.34618905116879034,6.283185307179586,0.0,2.5132741228718345
16.546546546546548,0.1957056693041151,0.8371667732811539,0.5107358267397122,6.283185307179586,0.0,2.5132741228718345
16.576576576576578,0.1360242342595584,0.7389028197802939,0.6599394143511041,6.283185307179586,0.0,2.5132741228718345
16.606606606606608,0.08493632897118505,0.6102285145801414,0.7876591775720376,6.283185307179586,0.0,2.5132741228718345
16.636636636636638,0.04454453191861377,0.4564395890963139,0.8886386702034661,6.283185307179586,0.0,2.5132741228718345
16.666666666666668,0.016511211577445045,0.2838653943425349,0.9587219710563881,6.283185307179586,0.0,2.5132741228718345
16.696696696696698,0.001990109830985488,0.09960840958427145,0.995024725422537,6.283185307179586,0.0,2.5132741228718345
16.726726726726728,0.0015788584642949088,-0.08874806794432052,0.9960528538392633,6.283185307179586,0.0,2.5132741228718345
16.756756756756758,0.015294382976049271,-0.27345202191152973,0.9617640425598772,6.283185307179586,0.0,2.5132741228718345
16.786786786786788,0.042572205991176774,-0.44690175957775746,0.8935694850220588,6.283185307179586,0.0,2.5132741228718345
16.816816816816818,0.08228967894308006,-0.6019587677537481,0.7942758026423007,6.283185307179586,0.0,2.5132741228718345
16.846846846846848,0.13281218590021668,-0.73224150609909,0.667969535249459,6.283185307179586,0.0,2.5132741228718345
16.876876876876878,0.19206041796814588,-0.8323880463772564,0.5198489550796359,6.283185307179586,0.0,2.5132741228718345
16.906906906906908,0.2575959495156287,-0.8982767484621056,0.3560101262109286,6.283185307179586,0.0,2.5132741228718345
16.936936936936938,0.3267215942418312,-0.9271958909340243,0.18319601439542266,6.283185307179586,0.0,2.5132741228718345
16.966966966966968,0.39659241082119534,-0.9179552749334738,0.008518972947012093,6.283185307179586,0.0,2.5132741228718345
16.996996996996998,0.46433278956755575,-0.8709352080935719,-0.16083197391888898,6.283185307179586,0.0,2.5132741228718345
17.027027027027028,0.5271548012880958,-0.7880708525645334,-0.3178870032202389,6.283185307179586,0.0,2.5132741228718345
17.057057057057058,0.5824729375509399,-0.6727725813040935,-0.4561823438773483,6.283185307179586,0.0,2.5132741228718345
17.087087087087088,0.6280105201054853,-0.5297856204576785,-0.5700263002637114,6.283185307179586,0.0,2.5132741228718345
17.117117117117118,0.6618934000596881,-0.36499475439929463,-0.6547335001492188,6.283185307179586,0.0,2.5132741228718345
17.147147147147148,0.682727090522433,-0.18518213101025183,-0.7068177263060806,6.283185307179586,0.0,2.5132741228718345
17.177177177177178,0.6896541582329359,0.0022518650162923325,-0.724135395582338,6.283185307179586,0.0,2.5132741228718345
17.207207207207208,0.6823895121620633,0.18959318308128076,-0.7059737804051566,6.283185307179586,0.0,2.5132741228718345
17.237237237237238,0.6612321367446716,0.36913158684827696,-0.6530803418616781,6.283185307179586,0.0,2.5132741228718345
17.26726726726727,0.627052786848997,0.5334779774318452,-0.5676319671224921,6.283185307179586,0.0,2.5132741228718345
17.2972972972973,0.5812581509100492,0.6758684998237701,-0.4531453772751218,6.283185307179586,0.0,2.5132741228718345
17.32732732732733,0.5257329571323541,0.7904429167253599,-0.3143323928308845,6.283185307179586,0.0,2.5132741228718345
17.35735735735736,0.46276240544444047,0.8724857930070612,-0.1569060136111009,6.283185307179586,0.0,2.5132741228718345
17.38738738738739,0.3949381176026002,0.9186205645858052,0.012654705993499826,6.283185307179586,0.0,2.5132741228718345
17.41741741741742,0.32505147617001995,0.9269485046037178,0.18737130957495035,6.283185307179586,0.0,2.5132741228718345
17.44744744744745,0.2559787421219646,0.8971268676034858,0.36005314469508815,6.283185307179586,0.0,2.5132741228718345
17.47747747747748,0.19056267918730674,0.8303829955915938,0.5235933020317327,6.283185307179586,0.0,2.5132741228718345
17.50750750750751,0.1314955568057778,0.7294638054390011,0.6712611079855549,6.283185307179586,0.0,2.5132741228718345
17.53753753753754,0.08120834684188027,0.5985227365204019,0.7969791328952988,6.283185307179586,0.0,2.5132741228718345
17.56756756756757,0.041770674285586534,0.44294881138531106,0.8955733142860332,6.283185307179586,0.0,2.5132741228718345
17.5975975975976,0.014805639577892266,0.2691448446555545,0.9629859010552688,6.283185307179586,0.0,2.5132741228718345
17.62762762762763,0.0014230181413468512,0.08426392820396525,0.9964424546466325,6.283185307179586,0.0,2.5132741228718345
17.65765765765766,0.0021735863617608443,-0.1040849621457452,0.9945660340955974,6.283185307179586,0.0,2.5132741228718345
17.68768768768769,0.017026453785144762,-0.2881501223204902,0.9574338655371375,6.283185307179586,0.0,2.5132741228718345
17.71771771771772,0.04537033444804485,-0.4603561498361315,0.8865741638798872,6.283185307179586,0.0,2.5132741228718345
17.74774774774775,0.08603870501828889,-0.613615717751562,0.7849032374542769,6.283185307179586,0.0,2.5132741228718345
17.77777777777778,0.13735781433541167,-0.7416212613413204,0.6566054641614703,6.283185307179586,0.0,2.5132741228718345
17.80780780780781,0.19721556846574512,-0.8391045728034923,0.5069610788356366,6.283185307179586,0.0,2.5132741228718345
17.83783783783784,0.26314845623257666,-0.9020536200994691,0.34212885941855764,6.283185307179586,0.0,2.5132741228718345
17.86786786786787,0.332442937706345,-0.9278776665096714,0.1688926557341371,6.283185307179586,0.0,2.5132741228718345
17.8978978978979,0.4022471229009432,-0.9155138952297639,-0.005617807252358886,6.283185307179586,0.0,2.5132741228718345
17.92792792792793,0.4696881444175415,-0.8654711507557835,-0.1742203610438549,6.283185307179586,0.0,2.5132741228718345
17.95795795795796,0.5319903934367163,-0.7798089968337508,-0.3299759835917917,6.283185307179586,0.0,2.5132741228718345
17.98798798798799,0.5865897529276329,-0.6620529528666943,-0.46647438231908417,6.283185307179586,0.0,2.5132741228718345
18.01801801801802,0.6312391266819319,-0.5170493973172383,-0.5780978167048316,6.283185307179586,0.0,2.5132741228718345
18.04804804804805,0.6641009210097888,-0.3507661097145202,-0.6602523025244745,6.283185307179586,0.0,2.5132741228718345
18.07807807807808,0.6838226729130564,-0.1700466601767553,-0.709556682282643,6.283185307179586,0.0,2.5132741228718345
18.10810810810811,0.6895927121755032,0.01767124518339052,-0.7239817804387602,6.283185307179586,0.0,2.5132741228718345
18.13813813813814,0.6811735665361065,0.2046618711684876,-0.7029339163402684,6.283185307179586,0.0,2.5132741228718345
18.16816816816817,0.6589117351190374,0.38322941455725634,-0.6472793377975956,6.283185307179586,0.0,2.5132741228718345
18.1981981981982,0.6237234278841723,0.5460247332823465,-0.5593085697104332,6.283185307179586,0.0,2.5132741228718345
18.22822822822823,0.5770568580065989,0.686347808390115,-0.4426421450164989,6.283185307179586,0.0,2.5132741228718345
18.25825825825826,0.5208326390833775,0.7984234906304579,-0.3020815977084457,6.283185307179586,0.0,2.5132741228718345
18.28828828828829,0.4573647401855449,0.8776391830249521,-0.14341185046386407,6.283185307179586,0.0,2.5132741228718345
18.31831831831832,0.38926525193642836,0.9207346773278969,0.026836870158927273,6.283185307179586,0.0,2.5132741228718345
18.34834834834835,0.31933688307222313,0.9259363314535887,0.20165779231944025,6.283185307179586,0.0,2.5132741228718345
18.37837837837838,0.25045761190616755,0.8930300656514218,0.37385597023457945,6.283185307179586,0.0,2.5132741228718345
18.40840840840841,0.1854622399911552,0.8233701731915885,0.5363444000221105,6.283185307179586,0.0,2.5132741228718345
18.43843843843844,0.12702572276902563,0.7198235829479941,0.6824356930774345,6.283185307179586,0.0,2.5132741228718345
18.46846846846847,0.07755307886094892,0.5866518678126014,0.806117302847626,6.283185307179586,0.0,2.5132741228718345
18.4984984984985,0.03908040890216939,0.42933585501363686,0.9022989777445747,6.283185307179586,0.0,2.5132741228718345
18.52852852852853,0.01319109759895349,0.25435005669137034,0.9670222560026144,6.283185307179586,0.0,2.5132741228718345
18.55855855855856,0.0009506478035130005,0.06889620428721646,0.9976233804912154,6.283185307179586,0.0,2.5132741228718345
18.58858858858859,0.0028628285816467702,-0.11939314657090636,0.992842928545881,6.283185307179586,0.0,2.5132741228718345
18.61861861861862,0.01884894204722007,-0.3027687422226458,0.9528776448819477,6.283185307179586,0.0,2.5132741228718345
18.64864864864865,0.04825106225952876,-0.47368355996413064,0.8793723443511762,6.283185307179586,0.0,2.5132741228718345
18.67867867867868,0.08985911288319348,-0.6251034140012337,0.7753522177920147,6.283185307179586,0.0,2.5132741228718345
18.70870870870871,0.1419606691999491,-0.7507964550403046,0.6450983270001254,6.283185307179586,0.0,2.5132741228718345
18.73873873873874,0.20241143481619922,-0.845589648844868,0.49397141295950037,6.283185307179586,0.0,2.5132741228718345
18.76876876876877,0.2687234925205463,-0.9055816781034638,0.32819126869863263,6.283185307179586,0.0,2.5132741228718345
18.7987987987988,0.33816769723097173,-0.9283035053999793,0.1545807569225695,6.283185307179586,0.0,2.5132741228718345
18.82882882882883,0.4078859969382145,-0.9128199891422597,-0.019714992345537363,6.283185307179586,0.0,2.5132741228718345
18.85885885885886,0.47500905895437884,-0.8597683703345806,-0.18752264738594854,6.283185307179586,0.0,2.5132741228718345
18.88888888888889,0.5367743604301789,-0.7713320462288804,-0.3419359010754484,6.283185307179586,0.0,2.5132741228718345
18.91891891891892,0.5906398829967437,-0.6511507102287483,-0.4765997074918602,6.283185307179586,0.0,2.5132741228718345
18.94894894894895,0.6343887323049591,-0.5041705563364497,-0.5859718307623989,6.283185307179586,0.0,2.5132741228718345
18.97897897897898,0.6662203767310623,-0.3364407131424131,-0.6655509418276566,6.283185307179586,0.0,2.5132741228718345
19.00900900900901,0.6848247502200169,-0.1548642853384224,-0.7120618755500427,6.283185307179586,0.0,2.5132741228718345
19.03903903903904,0.6894361694833055,0.03308575108733701,-0.7235904237082642,6.283185307179586,0.0,2.5132741228718345
19.06906906906907,0.6798648465300376,0.21967410733017267,-0.6996621163250945,6.283185307179586,0.0,2.5132741228718345
19.0990990990991,0.6565046995987757,0.3972215360189285,-0.641261748996939,6.283185307179586,0.0,2.5132741228718345
19.12912912912913,0.6203171410226564,0.5584208790196898,-0.5507928525566411,6.283185307179586,0.0,2.5132741228718345
19.15915915915916,0.5727915092559117,0.6966378015009752,-0.43197877313977867,6.283185307179586,0.0,2.5132741228718345
19.18918918918919,0.5158837735248967,0.8061838352218602,-0.2897094338122412,6.283185307179586,0.0,2.5132741228718345
19.21921921921922,0.45193603378059743,0.8825504936486153,-0.12984008445149314,6.283185307179586,0.0,2.5132741228718345
19.24924924924925,0.38358012901988914,0.9225948236368092,0.04104967745027743,6.283185307179586,0.0,2.5132741228718345
19.27927927927928,0.313629321080255,0.9246687570969662,0.21592669729936248,6.283185307179586,0.0,2.5132741228718345
19.30930930930931,0.24496251177956377,0.8886869390348491,0.38759372055109037,6.283185307179586,0.0,2.5132741228718345
19.33933933933934,0.18040575857084193,0.81613024042937,0.5489856035728946,6.283185307179586,0.0,2.5132741228718345
19.36936936936937,0.12261596506453368,0.7099848113718066,0.6934600873386652,6.283185307179586,0.0,2.5132741228718345
19.3993993993994,0.07397153326170161,0.5746191828008727,0.8150711668457454,6.283185307179586,0.0,2.5132741228718345
19.42942942942943,0.03647447782481006,0.4156044748458184,0.9088138054379741,6.283185307179586,0.0,2.5132741228718345
19.45945945945946,0.01166803098007082,0.23948511129935804,0.9708299225498224,6.283185307179586,0.0,2.5132741228718345
19.48948948948949,0.0005731291114898411,0.053509476716439845,0.9985671772212749,6.283185307179586,0.0,2.5132741228718345
19.51951951951952,0.003646395010130483,-0.13466839876018022,0.9908840124746732,6.283185307179586,0.0,2.5132741228718345
19.54954954954955,0.020761345064966713,-0.31730384936109657,0.9480966373375826,6.283185307179586,0.0,2.5132741228718345
19.57957957957958,0.05121359483388993,-0.4868803138595109,0.8719660129152744,6.283185307179586,0.0,2.5132741228718345
19.60960960960961,0.09374984875391523,-0.6364186878491727,0.7656253781152111,6.283185307179586,0.0,2.5132741228718345
19.63963963963964,0.14661948088743554,-0.7597645564005004,0.6334512977814102,6.283185307179586,0.0,2.5132741228718345
19.66966966966967,0.2076465838426363,-0.851841485721543,0.48088354039340836,6.283185307179586,0.0,2.5132741228718345
19.6996996996997,0.27431952061614484,-0.9088599493291345,0.3142011984596374,6.283185307179586,0.0,2.5132741228718345
19.72972972972973,0.34389429375412817,-0.9284732901457227,0.14026426561467903,6.283185307179586,0.0,2.5132741228718345
19.75975975975976,0.4135074775612375,-0.9098742997316274,-0.033768693903094116,6.283185307179586,0.0,2.5132741228718345
19.78978978978979,0.48029406550913,-0.8538284398290473,-0.2007351637728248,6.283185307179586,0.0,2.5132741228718345
19.81981981981982,0.541505382705896,-0.7626423389489324,-0.35376345676473925,6.283185307179586,0.0,2.5132741228718345
19.84984984984985,0.5946222106100711,-0.6400688605580591,-0.48655552652517775,6.283185307179586,0.0,2.5132741228718345
19.87987987987988,0.637458468218207,-0.4911526498886386,-0.5936461705455172,6.283185307179586,0.0,2.5132741228718345
19.90990990990991,0.6682511826136044,-0.32202251606002125,-0.6706279565340104,6.283185307179586,0.0,2.5132741228718345
19.93993993993994,0.6857330460401254,-0.13963919425279003,-0.7143326151003127,6.283185307179586,0.0,2.5132741228718345
19.96996996996997,0.6891845733355431,0.04849113094183609,-0.7229614333388569,6.283185307179586,0.0,2.5132741228718345
20.0,0.6784637131283597,0.2346257507381849,-0.6961592828208982,6.283185307179586,0.0,2.5132741228718345
20.03003003003003,0.6540116941169807,0.4111040917835873,-0.6350292352924498,6.283185307179586,0.0,2.5132741228718345
20.06006006006006,0.6168348658212446,0.5706629954124773,-0.5420871645531093,6.283185307179586,0.0,2.5132741228718345
20.09009009009009,0.5684632811699977,0.7067356408654604,-0.42115820292499256,6.283185307179586,0.0,2.5132741228718345
20.12012012012012,0.5108877255035018,0.8137218099621427,-0.2772193137587534,6.283185307179586,0.0,2.5132741228718345
20.15015015015015,0.4464777836307865,0.8872183701902437,-0.11619445907696513,6.283185307179586,0.0,2.5132741228718345
20.18018018018018,0.37788431698158953,0.924200490428007,0.0552892075460274,6.283185307179586,0.0,2.5132741228718345
20.21021021021021,0.30793036451209754,0.9231461311691413,0.23017408871975764,6.283185307179586,0.0,2.5132741228718345
20.24024024024024,0.2394949574567362,0.8840986857192629,0.4012626063581605,6.283185307179586,0.0,2.5132741228718345
20.27027027027027,0.17539462965666325,0.8086651942970614,0.561513425858343,6.283185307179586,0.0,2.5132741228718345
20.3003003003003,0.11826750003666442,0.6999502045407996,0.7043312499083396,6.283185307179586,0.0,2.5132741228718345
20.33033033033033,0.07046469794258778,0.5624280004631652,0.8238382551435314,6.283185307179586,0.0,2.5132741228718345
20.36036036036036,0.03395359984800635,0.4017584584112351,0.9151160003799852,6.283185307179586,0.0,2.5132741228718345
20.39039039039039,0.01023685982901866,0.22455410868042242,0.9744078504274541,6.283185307179586,0.0,2.5132741228718345
20.42042042042042,0.00029056619633455996,0.03810798961582516,0.999273584509164,6.283185307179586,0.0,2.5132741228718345
20.45045045045045,0.0045240695159246315,-0.14990650533765354,0.9886898262101889,6.283185307179586,0.0,2.5132741228718345
20.48048048048048,0.02276313533987167,-0.33175143451428807,0.9430921616503216,6.283185307179586,0.0,2.5132741228718345
20.51051051051051,0.054257115015166446,-0.4999427714589638,0.8643572124620845,6.283185307179586,0.0,2.5132741228718345
20.54054054054054,0.09770983944798835,-0.6475584182010947,0.7557254013800299,6.283185307179586,0.0,2.5132741228718345
20.57057057057057,0.1513329643568966,-0.7685230917486882,0.6216675891077592,6.283185307179586,0.0,2.5132741228718345
20.6006006006006,0.21291957153283653,-0.8578583589880813,0.4677010711679097,6.283185307179586,0.0,2.5132741228718345
20.63063063063063,0.27993499696580554,-0.9118875295302626,0.3001625075854874,6.283185307179586,0.0,2.5132741228718345
20.66066066066066,0.34962114770753167,-0.9283869739151402,0.12594713073117253,6.283185307179586,0.0,2.5132741228718345
20.69069069069069,0.41911001419586985,-0.9066776395079758,-0.04777503548967338,6.283185307179586,0.0,2.5132741228718345
20.72072072072072,0.4855417063173625,-0.8476529976514224,-0.21385426579340516,6.283185307179586,0.0,2.5132741228718345
20.75075075075075,0.5461821553050314,-0.7537422718776314,-0.36545538826257734,6.283185307179586,0.0,2.5132741228718345
20.78078078078078,0.5985356373213812,-0.6288104605634738,-0.4963390933034518,6.283185307179586,0.0,2.5132741228718345
20.81081081081081,0.6404474876957948,-0.4779992687055864,-0.6011187192394862,6.283185307179586,0.0,2.5132741228718345
20.84084084084084,0.6701927784998163,-0.3075154954415765,-0.6754819462495404,6.283185307179586,0.0,2.5132741228718345
20.87087087087087,0.6865473098379619,-0.12437558645982649,-0.7163682745949038,6.283185307179586,0.0,2.5132741228718345
20.9009009009009,0.6888379931300332,0.06388313547783239,-0.7220949828250819,6.283185307179586,0.0,2.5132741228718345
20.93093093093093,0.6769705528059842,0.24951267727768597,-0.6924263820149594,6.283185307179586,0.0,2.5132741228718345
20.96096096096096,0.651433406319861,0.42487325262305675,-0.6285835157996514,6.283185307179586,0.0,2.5132741228718345
20.99099099099099,0.6132775627966124,0.5827477057152581,-0.5331939069915299,6.283185307179586,0.0,2.5132741228718345
21.02102102102102,0.5640733676048892,0.716638541194488,-0.41018341901222266,6.283185307179586,0.0,2.5132741228718345
21.05105105105105,0.5058458730801341,0.8210353356502005,-0.26461468270033417,6.283185307179586,0.0,2.5132741228718345
21.08108108108108,0.44099149528636034,0.8916415251085015,-0.1024787382158997,6.283185307179586,0.0,2.5132741228718345
21.11111111111111,0.3721793868985217,0.925551234810093,0.0695515327536968,6.283185307179586,0.0,2.5132741228718345
21.14114114114114,0.3022415853120991,0.9213688736563338,0.24439603671975357,6.283185307179586,0.0,2.5132741228718345
21.17117117117117,0.23405645705430494,0.879266571283509,0.4148588573642389,6.283185307179586,0.0,2.5132741228718345
21.2012012012012,0.17043023546932579,0.8009770938798555,0.5739244113266867,6.283185307179586,0.0,2.5132741228718345
21.23123123123123,0.11398152712341023,0.6897225303026149,0.7150461821914754,6.283185307179586,0.0,2.5132741228718345
21.26126126126126,0.06703354019470614,0.5500816834957809,0.8324161495132358,6.283185307179586,0.0,2.5132741228718345
21.29129129129129,0.03151847030604284,0.38780162485941383,0.9212038242348944,6.283185307179586,0.0,2.5132741228718345
21.32132132132132,0.008897978906026378,0.209561167256051,0.9777550527349357,6.283185307179586,0.0,2.5132741228718345
21.35135135135135,0.00010303699743332801,0.022695991180690142,0.9997424075064184,6.283185307179586,0.0,2.5132741228718345
21.38138138138138,0.005495610009891721,-0.16510326317329177,0.9862609749752727,6.283185307179586,0.0,2.5132741228718345
21.41141141141141,0.024853760717716368,-0.34610751260187117,0.9378655982057111,6.283185307179586,0.0,2.5132741228718345
21.44144144144144,0.05738078330856795,-0.5128673297421555,0.8565480417285822,6.283185307179586,0.0,2.5132741228718345
21.47147147147147,0.10173799268037473,-0.6585195323829127,0.7456550182990653,6.283185307179586,0.0,2.5132741228718345
21.5015015015015,0.1560998194872288,-0.7770696452162812,0.6097504512819298,6.283185307179586,0.0,2.5132741228718345
21.53153153153153,0.21822894343753346,-0.8636386090091058,0.4544276414061681,6.283185307179586,0.0,2.5132741228718345
21.56156156156156,0.2855683726515454,-0.914663583608786,0.2860790683711386,6.283185307179586,0.0,2.5132741228718345
21.59159159159159,0.3553466794518919,-0.9280445805168542,0.11163330137027205,6.283185307179586,0.0,2.5132741228718345
21.62162162162162,0.4246920614932923,-0.9032308902067423,-0.061730153733228765,6.283185307179586,0.0,2.5132741228718345
21.65165165165165,0.4907505339212459,-0.8412437471751759,-0.22687633480311264,6.283185307179586,0.0,2.5132741228718345
21.68168168168168,0.5508033882324483,-0.7446342999222852,-0.37700847058111947,6.283185307179586,0.0,2.5132741228718345
21.71171171171171,0.6023790836893872,-0.6173786156517498,-0.5059477092234669,6.283185307179586,0.0,2.5132741228718345
21.74174174174174,0.6433549662758723,-0.46471404088709706,-0.608387415689679,6.283185307179586,0.0,2.5132741228718345
21.77177177177177,0.6720446288389104,-0.29292365276152377,-0.6801115720972739,6.283185307179586,0.0,2.5132741228718345
21.8018018018018,0.6872673170149772,-0.10907767212357133,-0.7181682925374413,6.283185307179586,0.0,2.5132741228718345
21.83183183183183,0.6883965244640642,0.0792575191155858,-0.7209913111601585,6.283185307179586,0.0,2.5132741228718345
21.86186186186186,0.6753857774216263,0.2643307806847016,-0.688464443554063,6.283185307179586,0.0,2.5132741228718345
21.89189189189189,0.6487705473770649,0.43852522058690224,-0.6219263684426597,6.283185307179586,0.0,2.5132741228718345
21.92192192192192,0.6096462131603777,0.594671676599932,-0.5241155329009416,6.283185307179586,0.0,2.5132741228718345
21.95195195195195,0.5596229794313385,0.726343770969046,-0.3990574485783436,6.283185307179586,0.0,2.5132741228718345
21.98198198198198,0.5007596069499729,0.8281223949947568,-0.25189901737492937,6.283185307179586,0.0,2.5132741228718345
22.01201201201201,0.4354786820313486,0.89581873836367,-0.08869670507836869,6.283185307179586,0.0,2.5132741228718345
22.04204204204204,0.36646691236271056,0.9266466842069707,0.08383271909322676,6.283185307179586,0.0,2.5132741228718345
22.07207207207207,0.2965645526173833,0.9193374747798443,0.2585886184565447,6.283185307179586,0.0,2.5132741228718345
22.1021021021021,0.22864851067494163,0.8741919285706936,0.42837872331264887,6.283185307179586,0.0,2.5132741228718345
22.13213213213213,0.16551394533868757,0.7930680597880515,0.5862151366532842,6.283185307179586,0.0,2.5132741228718345
22.16216216216216,0.10975922852555114,0.6793046097587152,0.7256019286861253,6.283185307179586,0.0,2.5132741228718345
22.19219219219219,0.06367900643499612,0.5375836373858379,0.840802483912513,6.283185307179586,0.0,2.5132741228718345
22.22222222222222,0.029169760881196508,0.37373782390659005,0.927075597797012,6.283185307179586,0.0,2.5132741228718345
22.25225225225225,0.007651757514891564,0.19451042253232392,0.9808706062127743,6.283185307179586,0.0,2.5132741228718345
22.28228228228228,1.0593241003696836e-05,0.007277732505695326,0.9999735168974943,6.283185307179586,0.0,2.5132741228718345
22.31231231231231,0.006560748511820353,-0.18025448054229232,0.9835981287204524,6.283185307179586,0.0,2.5132741228718345
22.34234234234234,0.027032644540878427,-0.3603681237839087,0.932418388647807,6.283185307179586,0.0,2.5132741228718345
22.37237237237237,0.06058373811203463,-0.5256504237255473,0.8485406547199165,6.283185307179586,0.0,2.5132741228718345
22.4024024024024,0.1058331973647499,-0.6692990069882735,0.7354170065881284,6.283185307179586,0.0,2.5132741228718345
22.43243243243243,0.16091873143581292,-0.7854018594057,0.5977031714104706,6.283185307179586,0.0,2.5132741228718345
22.46246246246246,0.22357323507159588,-0.8691806414170784,0.44106691232101364,6.283185307179586,0.0,2.5132741228718345
22.49249249249249,0.2912180938182043,-0.9171873458451429,0.2719547654544926,6.283185307179586,0.0,2.5132741228718345
22.52252252252252,0.36106930971262446,-0.927446204393305,0.09732672571844164,6.283185307179586,0.0,2.5132741228718345
22.55255255255255,0.4302520797562645,-0.8995350025454867,-0.07563019939065829,6.283185307179586,0.0,2.5132741228718345
22.58258258258258,0.495919111568803,-0.8346024562651679,-0.23979777892200477,6.283185307179586,0.0,2.5132741228718345
22.61261261261261,0.5553678068125296,-0.735320935336649,-0.3884195170313211,6.283185307179586,0.0,2.5132741228718345
22.64264264264264,0.6061514895754976,-0.6057764790709916,-0.5153787239387413,6.283185307179586,0.0,2.5132741228718345
22.67267267267267,0.6461801019880313,-0.451300630900259,-0.6154502549700759,6.283185307179586,0.0,2.5132741228718345
22.7027027027027,0.6738062228346297,-0.27825101289079446,-0.6845155570865726,6.283185307179586,0.0,2.5132741228718345
22.73273273273273,0.6878928689714447,-0.0937496708708444,-0.7197321724286101,6.283185307179586,0.0,2.5132741228718345
22.762762762762762,0.6878602891080269,0.0946100411357336,-0.7196507227700659,6.283185307179586,0.0,2.5132741228718345
22.792792792792792,0.6737098241042007,0.2790759736787579,-0.6842745602605002,6.283185307179586,0.0,2.5132741228718345
22.822822822822822,0.6460238517855137,0.4520562300500263,-0.6150596294637825,6.283185307179586,0.0,2.5132741228718345
22.852852852852852,0.6059418185484469,0.6064316190751866,-0.5148545463711153,6.283185307179586,0.0,2.5132741228718345
22.882882882882882,0.5551133442008176,0.7358486531936334,-0.38778336050204243,6.283185307179586,0.0,2.5132741228718345
22.912912912912912,0.4956303300588367,0.8349810331707911,-0.2390758251470898,6.283185307179586,0.0,2.5132741228718345
22.942942942942942,0.42994086446615026,0.8997488577541657,-0.07485216116537352,6.283185307179586,0.0,2.5132741228718345
22.972972972972972,0.3607484690471664,0.9274865364606082,0.09812882738208561,6.283185307179586,0.0,2.5132741228718345
23.003003003003002,0.2909008323250304,0.9170524948608372,0.27274791918742564,6.283185307179586,0.0,2.5132741228718345
23.033033033033032,0.22327260999359375,0.8688761573205468,0.4418184750160169,6.283185307179586,0.0,2.5132741228718345
23.063063063063062,0.16064711532605325,0.7849402735721311,0.598382211684868,6.283185307179586,0.0,2.5132741228718345
23.093093093093092,0.10560176888056623,0.6686993164862429,0.7359955777985856,6.283185307179586,0.0,2.5132741228718345
23.123123123123122,0.06040202194518479,0.5249373094719361,0.8489949451370388,6.283185307179586,0.0,2.5132741228718345
23.153153153153152,0.02690811941846368,0.35957093477384,0.9327297014538416,6.283185307179586,0.0,2.5132741228718345
23.183183183183182,0.006498539401112068,0.17940602595921834,0.9837536514972208,6.283185307179586,0.0,2.5132741228718345
23.213213213213212,1.3260425823952051e-05,-0.008142533587734108,0.999966848935441,6.283185307179586,0.0,2.5132741228718345
23.243243243243242,0.007719191224339133,-0.19535597828128792,0.980702021939153,6.283185307179586,0.0,2.5132741228718345
23.273273273273272,0.029299185807388058,-0.3745293345531193,0.926752035481531,6.283185307179586,0.0,2.5132741228718345
23.303303303303302,0.06386509595389003,-0.5382885274457271,0.8403372601152757,6.283185307179586,0.0,2.5132741228718345
23.333333333333332,0.10999432391997147,-0.679893868712506,0.7250141902000721,6.283185307179586,0.0,2.5132741228718345
23.363363363363362,0.165788371001185,-0.7935174360406119,0.5855290724970381,6.283185307179586,0.0,2.5132741228718345
23.393393393393392,0.22895097231797426,-0.8744829275520744,0.42762256920506503,6.283185307179586,0.0,2.5132741228718345
23.423423423423422,0.29688260210204287,-0.9194581201094838,0.2577934947448939,6.283185307179586,0.0,2.5132741228718345
23.453453453453452,0.36678746001546003,-0.9265920105947028,0.08303134996135092,6.283185307179586,0.0,2.5132741228718345
23.483483483483482,0.4357885353638179,-0.8955909959616568,-0.08947133840954402,6.283185307179586,0.0,2.5132741228718345
23.513513513513512,0.5010460136102104,-0.8277309567900231,-0.2526150340255254,6.283185307179586,0.0,2.5132741228718345
23.543543543543542,0.5598741520407692,-0.7258047470279716,-0.3996853801019221,6.283185307179586,0.0,2.5132741228718345
23.573573573573572,0.6098518144362285,-0.5940072510408935,-0.5246295360905695,6.283185307179586,0.0,2.5132741228718345
23.603603603603602,0.648922115574514,-0.4377627385686781,-0.6223052889362841,6.283185307179586,0.0,2.5132741228718345
23.633633633633632,0.6754770745861451,-0.2635016229866286,-0.6886926864653625,6.283185307179586,0.0,2.5132741228718345
23.663663663663662,0.6884237931612416,-0.07839581062734904,-0.7210594829031027,6.283185307179586,0.0,2.5132741228718345
23.693693693693692,0.6872294349718298,0.10993646684900434,-0.7180735874295732,6.283185307179586,0.0,2.5132741228718345
23.723723723723722,0.6719431551322533,0.29374418909027267,-0.6798578878306323,6.283185307179586,0.0,2.5132741228718345
23.753753753753752,0.6431940771668125,0.46546254875133736,-0.6079851929170301,6.283185307179586,0.0,2.5132741228718345
23.783783783783782,0.6021654007447401,0.6180242893936976,-0.5054135018618486,6.283185307179586,0.0,2.5132741228718345
23.813813813813812,0.550545705806931,0.7451505661346531,-0.3763642645173265,6.283185307179586,0.0,2.5132741228718345
23.843843843843842,0.49045945721621487,0.8416093583587413,-0.22614864304053656,6.283185307179586,0.0,2.5132741228718345
23.873873873873872,0.42437957008811167,0.9034307992343594,-0.06094892522027834,6.283185307179586,0.0,2.5132741228718345
23.903903903903903,0.3550256342712736,0.9280705599143886,0.11243591432181677,6.283185307179586,0.0,2.5132741228718345
23.933933933933933,0.2852519866601618,0.9145145641657877,0.2868700333495966,6.283185307179586,0.0,2.5132741228718345
23.963963963963963,0.21793023784604082,0.8633207237833338,0.4551744053848985,6.283185307179586,0.0,2.5132741228718345
23.993993993993993,0.15583108785013633,0.7765959771210181,0.61042228037466,6.283185307179586,0.0,2.5132741228718345
24.024024024024023,0.10151029494139639,0.6579095757453969,0.7462242626465097,6.283185307179586,0.0,2.5132741228718345
24.054054054054053,0.05720349061657232,0.5121461879932734,0.8569912734585696,6.283185307179586,0.0,2.5132741228718345
24.084084084084083,0.024734169746870982,0.34530486511707204,0.9381645756328231,6.283185307179586,0.0,2.5132741228718345
24.114114114114113,0.005438642657076919,0.16425214378551067,0.9864033933573083,6.283185307179586,0.0,2.5132741228718345
24.144144144144143,0.00011103781620630326,-0.023560553724467755,0.9997224054594845,6.283185307179586,0.0,2.5132741228718345
24.174174174174173,0.008970618613961565,-0.21040359094108796,0.9775734534650964,6.283185307179586,0.0,2.5132741228718345
24.204204204204203,0.0316527593367094,-0.388587238819858,0.9208681016582264,6.283185307179586,0.0,2.5132741228718345
24.234234234234233,0.06722395173653604,-0.5507781549319761,0.8319401206586599,6.283185307179586,0.0,2.5132741228718345
24.264264264264263,0.11422022458165815,-0.6903011951727456,0.7144494385458546,6.283185307179586,0.0,2.5132741228718345
24.294294294294293,0.17070739498967574,-0.8014141365998615,0.5732315125258108,6.283185307179586,0.0,2.5132741228718345
24.324324324324323,0.23436067183431267,-0.8795440048834298,0.4140983204142185,6.283185307179586,0.0,2.5132741228718345
24.354354354354353,0.3025603350605913,-0.921475280053681,0.24359916234852202,6.283185307179586,0.0,2.5132741228718345
24.384384384384383,0.3724995531218394,-0.9254822347334936,0.06875111719540189,6.283185307179586,0.0,2.5132741228718345
24.414414414414413,0.44129990119427775,-0.8913999583313876,-0.10324975298569372,6.283185307179586,0.0,2.5132741228718345
24.444444444444443,0.5061298258910363,-0.8206311441168366,-0.2653245647275903,6.283185307179586,0.0,2.5132741228718345
24.474474474474473,0.564321180931048,-0.7160883598484076,-0.4108029523276192,6.283185307179586,0.0,2.5132741228718345
24.504504504504503,0.613479037610222,-0.5820741778700138,-0.5336975940255544,6.283185307179586,0.0,2.5132741228718345
24.534534534534533,0.6515802507051563,-0.4241040980519464,-0.6289506267628896,6.283185307179586,0.0,2.5132741228718345
24.564564564564563,0.6770567232220794,-0.24867955137624043,-0.6926418080551966,6.283185307179586,0.0,2.5132741228718345
24.594594594594593,0.6888599431394411,-0.06302032645147589,-0.7221498578486005,6.283185307179586,0.0,2.5132741228718345
24.624624624624623,0.6865041360640973,0.12523256876427935,-0.7162603401602412,6.283185307179586,0.0,2.5132741228718345
24.654654654654653,0.6700862578064459,0.3083313809824082,-0.6752156445161125,6.283185307179586,0.0,2.5132741228718345
24.684684684684683,0.6402820040582693,0.47874047882322307,-0.6007050101456709,6.283185307179586,0.0,2.5132741228718345
24.714714714714713,0.5983180013993475,0.6294464899468549,-0.49579500349836714,6.283185307179586,0.0,2.5132741228718345
24.744744744744743,0.5459213241423048,0.7542469440435684,-0.36480331035576,6.283185307179586,0.0,2.5132741228718345
24.774774774774773,0.4852484147050146,0.8480055422663234,-0.2131210367625353,6.283185307179586,0.0,2.5132741228718345
24.804804804804803,0.4187963328701914,0.9068635472135835,-0.046990832175477504,6.283185307179586,0.0,2.5132741228718345
24.834834834834833,0.34929998656571104,0.9283985934770035,0.126750033585723,6.283185307179586,0.0,2.5132741228718345
24.864864864864863,0.2796195737450251,0.9117243827326358,0.3009510656374381,6.283185307179586,0.0,2.5132741228718345
24.894894894894893,0.21262286781987788,0.8575271603154153,0.4684428304503061,6.283185307179586,0.0,2.5132741228718345
24.924924924924923,0.15106719131677387,0.768037472043698,0.6223320217080662,6.283185307179586,0.0,2.5132741228718345
24.954954954954953,0.09748593526012932,0.6469383636725567,0.7562851618496776,6.283185307179586,0.0,2.5132741228718345
24.984984984984983,0.05408429470070461,0.49921380112748637,0.8647892632482395,6.283185307179586,0.0,2.5132741228718345
25.015015015015013,0.022648511507397766,0.3309435499491783,0.9433787212315068,6.283185307179586,0.0,2.5132741228718345
25.045045045045043,0.004472359634320109,0.14905295590960002,0.9888191009142009,6.283185307179586,0.0,2.5132741228718345
25.075075075075073,0.0003038984421930035,-0.038972075148878335,0.9992402538945185,6.283185307179586,0.0,2.5132741228718345
25.105105105105103,0.01031468549921619,-0.2253931679356348,0.9742132862519605,6.283185307179586,0.0,2.5132741228718345
25.135135135135133,0.034092715942177304,-0.40253795898953465,0.9147682101445574,6.283185307179586,0.0,2.5132741228718345
25.165165165165163,0.0706593789860993,-0.5631158611678075,0.8233515525347527,6.283185307179586,0.0,2.5132741228718345
25.195195195195193,0.11850973371877147,-0.7005181157140209,0.7037256657030722,6.283185307179586,0.0,2.5132741228718345
25.225225225225223,0.17567444658589884,-0.80908978293493,0.560813883535254,6.283185307179586,0.0,2.5132741228718345
25.255255255255253,0.23980084146209413,-0.8843624774131562,0.400497896344766,6.283185307179586,0.0,2.5132741228718345
25.285285285285283,0.30824972660361394,-0.9232382692840966,0.22937568349096626,6.283185307179586,0.0,2.5132741228718345
25.315315315315313,0.37820401346396043,-0.9241171829193797,0.05448996634009995,6.283185307179586,0.0,2.5132741228718345
25.345345345345343,0.4467846570464871,-0.8869630456694411,-0.11696164261621683,6.283185307179586,0.0,2.5132741228718345
25.375375375375373,0.5111691461423067,-0.8133049765883809,-0.27792286535576544,6.283185307179586,0.0,2.5132741228718345
25.405405405405403,0.5687076668584833,-0.7061744538710066,-0.42176916714620716,6.283185307179586,0.0,2.5132741228718345
25.435435435435434,0.6170321585997736,-0.56998055106035,-0.5425803964994332,6.283185307179586,0.0,2.5132741228718345
25.465465465465464,0.6541537741860045,-0.4103284768156532,-0.6353844354650097,6.283185307179586,0.0,2.5132741228718345
25.495495495495494,0.6785447330276267,-0.23378888643465442,-0.6963618325690657,6.283185307179586,0.0,2.5132741228718345
25.525525525525524,0.6892011986027053,-0.04762745936614973,-0.7230029965067613,6.283185307179586,0.0,2.5132741228718345
25.555555555555554,0.6856845924441741,0.14049412775465903,-0.7142114811104332,6.283185307179586,0.0,2.5132741228718345
25.585585585585584,0.6681396443151444,0.3228335257670609,-0.6703491107878592,6.283185307179586,0.0,2.5132741228718345
25.615615615615614,0.6372884356976012,0.49188635781153445,-0.5932210892440013,6.283185307179586,0.0,2.5132741228718345
25.645645645645647,0.5944006817412071,0.6406950701467764,-0.48600170435301576,6.283185307179586,0.0,2.5132741228718345
25.675675675675677,0.5412414747510665,0.7631352778646264,-0.3531036868776642,6.283185307179586,0.0,2.5132741228718345
25.705705705705707,0.4799986398881428,0.8541678206328407,-0.19999659972035505,6.283185307179586,0.0,2.5132741228718345
25.735735735735737,0.41319269283783744,0.9100461548362717,-0.032981732094591765,6.283185307179586,0.0,2.5132741228718345
25.765765765765767,0.3435731052370405,0.9284705466668901,0.14106723690740064,6.283185307179586,0.0,2.5132741228718345
25.795795795795797,0.27400514716921076,0.9086827201776897,0.3149871320769746,6.283185307179586,0.0,2.5132741228718345
25.825825825825827,0.20735196384804971,0.8514970649565727,0.4816200903798774,6.283185307179586,0.0,2.5132741228718345
25.855855855855857,0.14635673975250751,0.7592671190343541,0.6341081506187328,6.283185307179586,0.0,2.5132741228718345
25.885885885885887,0.09352979987670745,0.6357887064593639,0.7661755003082328,6.283185307179586,0.0,2.5132741228718345
25.915915915915917,0.051045294566019875,0.4861437160174545,0.8723867635849519,6.283185307179586,0.0,2.5132741228718345
25.945945945945947,0.020651719987576235,0.31649095055461934,0.948370700031061,6.283185307179586,0.0,2.5132741228718345
25.975975975975977,0.003599956862881908,0.13381265472654494,0.991000107842797,6.283185307179586,0.0,2.5132741228718345
26.006006006006007,0.0005917891069978196,-0.05437284689790199,0.9985205272325072,6.283185307179586,0.0,2.5132741228718345
26.036036036036037,0.011751021145862014,-0.240320574686882,0.970622447135347,6.283185307179586,0.0,2.5132741228718345
26.066066066066067,0.036618382610068174,-0.41637764703219027,0.9084540434748318,6.283185307179586,0.0,2.5132741228718345
26.096096096096097,0.07417043010798763,-0.5752982430412221,0.8145739247300334,6.283185307179586,0.0,2.5132741228718345
26.126126126126128,0.12286166815513992,-0.7105418122010791,0.6928458296121525,6.283185307179586,0.0,2.5132741228718345
26.156156156156158,0.18068815572700955,-0.8165422578707423,0.548279610682478,6.283185307179586,0.0,2.5132741228718345
26.186186186186188,0.24526998063823213,-0.8889370160610054,0.3868250484044219,6.283185307179586,0.0,2.5132741228718345
26.216216216216218,0.3139492074250933,-0.9247466015150579,0.215126981437269,6.283185307179586,0.0,2.5132741228718345
26.246246246246248,0.3838992675793759,-0.9224972316748806,0.040251831051562714,6.283185307179586,0.0,2.5132741228718345
26.276276276276278,0.452241290059133,-0.8822814818103337,-0.1306032251478299,6.283185307179586,0.0,2.5132741228718345
26.306306306306308,0.5161625843672998,-0.8057544749829253,-0.290406460918247,6.283185307179586,0.0,2.5132741228718345
26.336336336336338,0.573032399897777,-0.696065763650457,-0.4325809997444404,6.283185307179586,0.0,2.5132741228718345
26.366366366366368,0.6205101973468037,-0.5577297063994267,-0.5512754933670073,6.283185307179586,0.0,2.5132741228718345
26.396396396396398,0.6566419761615577,-0.3964396745921852,-0.6416049404038926,6.283185307179586,0.0,2.5132741228718345
26.426426426426428,0.6799406935647434,-0.2188337354569871,-0.6998517339118566,6.283185307179586,0.0,2.5132741228718345
26.456456456456458,0.6894474654224715,-0.032221455189005835,-0.7236186635561761,6.283185307179586,0.0,2.5132741228718345
26.486486486486488,0.6847710301669427,0.1557169342212463,-0.7119275754173541,6.283185307179586,0.0,2.5132741228718345
26.516516516516518,0.6661038515931417,0.3372466233147071,-0.665259628982851,6.283185307179586,0.0,2.5132741228718345
26.546546546546548,0.6342141978013734,0.5048965596858157,-0.5855354945034307,6.283185307179586,0.0,2.5132741228718345
26.576576576576578,0.5904145222854074,0.6517669272952646,-0.4760363057135149,6.283185307179586,0.0,2.5132741228718345
26.606606606606608,0.5365074484770382,0.7718131159268751,-0.3412686211925923,6.283185307179586,0.0,2.5132741228718345
26.636636636636638,0.47471158081206943,0.8600944937157793,-0.18677895203017025,6.283185307179586,0.0,2.5132741228718345
26.666666666666668,0.40757019564423524,0.9129777442431053,-0.018925489110584892,6.283185307179586,0.0,2.5132741228718345
26.696696696696698,0.3378465699321195,0.9282863996371833,0.1553835751697049,6.283185307179586,0.0,2.5132741228718345
26.726726726726728,0.26841025556115905,0.9053904154833567,0.32897436109710554,6.283185307179586,0.0,2.5132741228718345
26.756756756756758,0.202118979805086,0.8452321009892506,0.4947025504872885,6.283185307179586,0.0,2.5132741228718345
26.786786786786788,0.14170103244216403,0.7502873372212631,0.6457474188945934,6.283185307179586,0.0,2.5132741228718345
26.816816816816818,0.08964298001277013,0.6244636795180647,0.7758925499680782,6.283185307179586,0.0,2.5132741228718345
26.846846846846848,0.04808732846055294,0.4729395377874468,0.8797816788486214,6.283185307179586,0.0,2.5132741228718345
26.876876876876878,0.018744345962824267,0.30195105339686545,0.9531391350929429,6.283185307179586,0.0,2.5132741228718345
26.906906906906908,0.002821674977799959,0.11853544397176238,0.9929458125555038,6.283185307179586,0.0,2.5132741228718345
26.936936936936938,0.0009746304016806863,-0.06975862097349247,0.997563423995802,6.283185307179586,0.0,2.5132741228718345
26.966966966966968,0.0132792293691429,-0.2551816937651479,0.9668019265771464,6.283185307179586,0.0,2.5132741228718345
26.996996996996998,0.03922906268522567,-0.43010248554381847,0.9019273432869395,6.283185307179586,0.0,2.5132741228718345
27.027027027027028,0.07775613664824743,-0.5873219402833143,0.805609658379385,6.283185307179586,0.0,2.5132741228718345
27.057057057057058,0.12727482749579183,-0.7203695197956494,0.6818129312605241,6.283185307179586,0.0,2.5132741228718345
27.087087087087088,0.1857471394805829,-0.8237695057895972,0.5356321512985465,6.283185307179586,0.0,2.5132741228718345
27.117117117117118,0.25076658080894076,-0.8932663590310361,0.37308354797765186,6.283185307179586,0.0,2.5132741228718345
27.147147147147148,0.3196572054360597,-0.9259998607029711,0.2008569864098546,6.283185307179586,0.0,2.5132741228718345
27.177177177177178,0.389583744544969,-0.9206228278314782,0.02604063863758127,6.283185307179586,0.0,2.5132741228718345
27.207207207207208,0.4576682951280059,-0.8773565580707863,-0.1441707378200111,6.283185307179586,0.0,2.5132741228718345
27.237237237237238,0.5211087632249198,-0.7979817219568807,-0.3027719080622959,6.283185307179586,0.0,2.5132741228718345
27.26726726726727,0.5772941871569226,-0.6857650774688624,-0.4432354678923027,6.283185307179586,0.0,2.5132741228718345
27.2972972972973,0.6239121945031674,-0.5453250230402495,-0.5597804862579145,6.283185307179586,0.0,2.5132741228718345
27.32732732732733,0.6590441703105523,-0.3824415223327208,-0.6476104257763766,6.283185307179586,0.0,2.5132741228718345
27.35735735735736,0.6812442197853461,-0.20381822352561405,-0.7031105494633613,6.283185307179586,0.0,2.5132741228718345
27.38738738738739,0.6895986756709117,-0.016806563361351064,-0.7239966891772751,6.283185307179586,0.0,2.5132741228718345
27.41741741741742,0.683763701220474,0.17089678925419638,-0.7094092530511806,6.283185307179586,0.0,2.5132741228718345
27.44744744744745,0.6639794411735629,0.3515666980576799,-0.659948602933903,6.283185307179586,0.0,2.5132741228718345
27.47747747747748,0.6310601383372584,0.5177674958394025,-0.5776503458431415,6.283185307179586,0.0,2.5132741228718345
27.50750750750751,0.5863606225351156,0.6626590074397299,-0.46590155633778396,6.283185307179586,0.0,2.5132741228718345
27.53753753753754,0.5317205511076427,0.7802780646204914,-0.32930137776910196,6.283185307179586,0.0,2.5132741228718345
27.56756756756757,0.4693886958073663,0.8657839267597078,-0.17347173951841133,6.283185307179586,0.0,2.5132741228718345
27.5975975975976,0.40193039214392023,0.9156575068131876,-0.004825980359795923,6.283185307179586,0.0,2.5132741228718345
27.62762762762763,0.3321219602023366,0.9278462031811973,0.16969509949416345,6.283185307179586,0.0,2.5132741228718345
27.65765765765766,0.2628364421609508,0.9018483767667074,0.34290889459762797,6.283185307179586,0.0,2.5132741228718345
27.68768768768769,0.19692535910603057,0.8387339964797256,0.5076866022349285,6.283185307179586,0.0,2.5132741228718345
27.71771771771772,0.13710135357042938,0.7411006034994567,0.6572466160739315,6.283185307179586,0.0,2.5132741228718345
27.74774774774775,0.08582654777062353,0.6129664066331266,0.7854336305734462,6.283185307179586,0.0,2.5132741228718345
27.77777777777778,0.04521121228069021,0.45960490854861025,0.8869719692982794,6.283185307179586,0.0,2.5132741228718345
27.80780780780781,0.016926915544502548,0.2873278690186841,0.9576827111387486,6.283185307179586,0.0,2.5132741228718345
27.83783783783784,0.0021377286527221894,0.103225537561378,0.9946556783681995,6.283185307179586,0.0,2.5132741228718345
27.86786786786787,0.001452316727048533,-0.08512515351448154,0.9963692081823834,6.283185307179586,0.0,2.5132741228718345
27.8978978978979,0.014898888643074724,-0.2699724260249584,0.9627527783923177,6.283185307179586,0.0,2.5132741228718345
27.92792792792793,0.041924036063236456,-0.44370868879944375,0.8951899098419134,6.283185307179586,0.0,2.5132741228718345
27.95795795795796,0.08141550956071905,-0.5991836363952494,0.7964612260982068,6.283185307179586,0.0,2.5132741228718345
27.98798798798799,0.1317479944580947,-0.7299985277191641,0.6706300138547676,6.283185307179586,0.0,2.5132741228718345
28.01801801801802,0.19085000242610833,-0.8307695331982442,0.5228749939347338,6.283185307179586,0.0,2.5132741228718345
28.04804804804805,0.25628912584588504,-0.8973493121597048,0.3592771853852916,6.283185307179586,0.0,2.5132741228718345
28.07807807807808,0.3253721461982691,-0.9269977011611039,0.18656963450433134,6.283185307179586,0.0,2.5132741228718345
28.10810810810811,0.3952558764103107,-0.9184944884063653,0.011860308974227685,6.283185307179586,0.0,2.5132741228718345
28.13813813813814,0.4630641753212025,-0.8721896328935101,-0.1576604383030018,6.283185307179586,0.0,2.5132741228718345
28.16816816816817,0.5260063184096548,-0.7899888614702852,-0.3150157960241323,6.283185307179586,0.0,2.5132741228718345
28.1981981981982,0.5814918531062809,-0.6752752365665741,-0.4537296327656972,6.283185307179586,0.0,2.5132741228718345
28.22822822822823,0.6272372116953024,-0.5327699225691354,-0.5680930292382509,6.283185307179586,0.0,2.5132741228718345
28.25825825825826,0.6613596940352909,-0.36833788115042415,-0.6533992350882216,6.283185307179586,0.0,2.5132741228718345
28.28828828828829,0.6824549521375344,-0.1887464923722223,-0.7061373803438308,6.283185307179586,0.0,2.5132741228718345
28.31831831831832,0.6896547876396728,-0.0013870357759094194,-0.724136969099177,6.283185307179586,0.0,2.5132741228718345
28.34834834834835,0.6826628834565145,0.18602950579103217,-0.7066572086412818,6.283185307179586,0.0,2.5132741228718345
28.37837837837838,0.6617669990329633,0.36578980008687356,-0.6544174975824042,6.283185307179586,0.0,2.5132741228718345
28.40840840840841,0.6278271272901139,0.5304956160793792,-0.5695678182252809,6.283185307179586,0.0,2.5132741228718345
28.43843843843844,0.5822401006783229,0.6733683062154916,-0.455600251695803,6.283185307179586,0.0,2.5132741228718345
28.46846846846847,0.5268821030137535,0.7885277890569573,-0.3172052575343796,6.283185307179586,0.0,2.5132741228718345
28.4984984984985,0.46403145308648575,0.8712345504471533,-0.1600786327162101,6.283185307179586,0.0,2.5132741228718345
28.52852852852853,0.3962748379650376,0.9180847033870649,0.00931290508741034,6.283185307179586,0.0,2.5132741228718345
28.55855855855856,0.3264008550679567,0.9271500787184098,0.18399786233011295,6.283185307179586,0.0,2.5132741228718345
28.58858858858859,0.2572852443946686,0.8980575810290004,0.35678688901333316,6.283185307179586,0.0,2.5132741228718345
28.61861861861862,0.19177253430833624,0.8320045438014847,0.5205686642291643,6.283185307179586,0.0,2.5132741228718345
28.64864864864865,0.1325589718676614,0.7317094518475633,0.6686025703308508,6.283185307179586,0.0,2.5132741228718345
28.67867867867868,0.08208155583754867,0.601300059099666,0.7947961104061328,6.283185307179586,0.0,2.5132741228718345
28.70870870870871,0.04241773934614218,0.44614350639443723,0.8939556516346494,6.283185307179586,0.0,2.5132741228718345
28.73873873873874,0.015199930034812847,0.2726254309359943,0.9620001749129725,6.283185307179586,0.0,2.5132741228718345
28.76876876876877,0.0015483065407025775,0.0878871584299886,0.9961292336482481,6.283185307179586,0.0,2.5132741228718345
28.7987987987988,0.002024716322785263,-0.10046820596707509,0.9949382091930414,6.283185307179586,0.0,2.5132741228718345
28.82882882882883,0.016609552216710878,-0.28468869173562794,0.9584761194582275,6.283185307179586,0.0,2.5132741228718345
28.85885885885886,0.04470255938904594,-0.4571925037972564,0.8882436015273896,6.283185307179586,0.0,2.5132741228718345
28.88888888888889,0.08514753947982817,-0.6108800595629772,0.7871311513004341,6.283185307179586,0.0,2.5132741228718345
28.91891891891892,0.13627993520749615,-0.7394261800004113,0.6593001619812642,6.283185307179586,0.0,2.5132741228718345
28.94894894894895,0.19599533703986244,-0.8375404092777019,0.5100116574003484,6.283185307179586,0.0,2.5132741228718345
28.97897897897898,0.26183609246434536,-0.9011847492452212,0.3454097688391412,6.283185307179586,0.0,2.5132741228718345
29.00900900900901,0.33109245335844995,-0.9277398476549199,0.1722688666038793,6.283185307179586,0.0,2.5132741228718345
29.03903903903904,0.40091409863011584,-0.9161128004598378,-0.0022852465752853934,6.283185307179586,0.0,2.5132741228718345
29.06906906906907,0.46842744229199224,-0.8667821314725275,-0.17106860572997645,6.283185307179586,0.0,2.5132741228718345
29.0990990990991,0.5308538990278622,-0.7817780981954718,-0.3271347475696516,6.283185307179586,0.0,2.5132741228718345
29.12912912912913,0.5856242399027987,-0.664599134358539,-0.4640605997569933,6.283185307179586,0.0,2.5132741228718345
29.15915915915916,0.6304843317830403,-0.5200678680619972,-0.5762108294575965,6.283185307179586,0.0,2.5132741228718345
29.18918918918919,0.6635879086443935,-0.3541326412555078,-0.6589697716109795,6.283185307179586,0.0,2.5132741228718345
29.21921921921922,0.6835725566647572,-0.17362269923547857,-0.7089313916618882,6.283185307179586,0.0,2.5132741228718345
29.24924924924925,0.6896157858513791,0.014032874395891813,-0.7240394646284418,6.283185307179586,0.0,2.5132741228718345
29.27927927927928,0.6814688805138527,0.20111090977147617,-0.703672201284626,6.283185307179586,0.0,2.5132741228718345
29.30930930930931,0.6594671354297091,0.37991200624116495,-0.6486678385742671,6.283185307179586,0.0,2.5132741228718345
29.33933933933934,0.6245160564220359,0.5430774096057535,-0.5612901410550842,6.283185307179586,0.0,2.5132741228718345
29.36936936936937,0.578054093279412,0.6838918696744933,-0.4451352331985246,6.283185307179586,0.0,2.5132741228718345
29.3993993993994,0.5219934387854931,0.7965600137131059,-0.30498359696372723,6.283185307179586,0.0,2.5132741228718345
29.42942942942943,0.4586413303387769,0.8764448613314777,-0.14660332584693703,6.283185307179586,0.0,2.5132741228718345
29.45945945945946,0.3906050930802466,0.9202586644706139,0.023487267299388548,6.283185307179586,0.0,2.5132741228718345
29.48948948948949,0.3206848325825721,0.9261982182609736,0.19828791854357486,6.283185307179586,0.0,2.5132741228718345
29.51951951951952,0.2517581934503209,0.8940190738861956,0.37060451637420266,6.283185307179586,0.0,2.5132741228718345
29.54954954954955,0.18666192671671444,0.8250455991408296,0.5333451832082191,6.283185307179586,0.0,2.5132741228718345
29.57957957957958,0.12807514025992883,0.7221164726288536,0.6798121493501831,6.283185307179586,0.0,2.5132741228718345
29.60960960960961,0.07840903719543178,0.5894678548486951,0.8039774070114255,6.283185307179586,0.0,2.5132741228718345
29.63963963963964,0.039707680181116256,0.43255904438622117,0.9007307995472144,6.283185307179586,0.0,2.5132741228718345
29.66966966966967,0.013563865788519355,0.2578477945252809,0.9660903355287064,6.283185307179586,0.0,2.5132741228718345
29.6996996996997,0.0010535712221621018,0.07252453736582735,0.9973660719445997,6.283185307179586,0.0,2.5132741228718345
29.72972972972973,0.002691671303794097,-0.11578354625399731,0.9932708217405197,6.283185307179586,0.0,2.5132741228718345
29.75975975975976,0.01841074823737026,-0.29932643170659545,0.9539731294065792,6.283185307179586,0.0,2.5132741228718345
29.78978978978979,0.047563866262000626,-0.470550211293826,0.8810903343450031,6.283185307179586,0.0,2.5132741228718345
29.81981981981982,0.08895119699900392,-0.6224079835597193,0.7776220075024948,6.283185307179586,0.0,2.5132741228718345
29.84984984984985,0.1408693996978584,-0.7486498762081462,0.6478265007553585,6.283185307179586,0.0,2.5132741228718345
29.87987987987988,0.20118172408315332,-0.8440802664158448,0.49704568979212144,6.283185307179586,0.0,2.5132741228718345
29.90990990990991,0.2674059506433918,-0.9047716123581946,0.3314851233915252,6.283185307179586,0.0,2.5132741228718345
29.93993993993994,0.336816549083116,-0.9282260954780016,0.15795862729221477,6.283185307179586,0.0,2.5132741228718345
29.96996996996997,0.40655685049580037,-0.9134784209333675,-0.016392126239496374,6.283185307179586,0.0,2.5132741228718345
30.0,0.47375661668935776,-0.8611355453600542,-0.1843915417233894,6.283185307179586,0.0,2.5132741228718345
