Time,Sx,Sy,Sz,Hx,Hy,Hz
0.0,0.0,0.0,1.0,0.0,0.0,0.15707963267948966
0.03003003003003003,0.0004437021506173471,-0.18756593672692495,0.9822519139753059,6.283185307179586,0.0,0.15707963267948966
0.06006006006006006,0.0017590492129455303,-0.3684698578823026,0.9296380314821786,6.283185307179586,0.0,0.15707963267948966
0.09009009009009009,0.0038993222104881076,-0.5362863322921956,0.8440271115804752,6.283185307179586,0.0,0.15707963267948966
0.12012012012012012,0.006788502146638077,-0.6850547932375859,0.7284599141344766,6.283185307179586,0.0,0.15707963267948966
0.15015015015015015,0.010323970075113641,-0.8094912282860309,0.587041196995454,6.283185307179586,0.0,0.15707963267948966
0.18018018018018017,0.014380151957104077,-0.9051758587716333,0.4247939217158363,6.283185307179586,0.0,0.15707963267948966
0.21021021021021022,0.01881297884576081,-0.9687101231050169,0.2474808461695669,6.283185307179586,0.0,0.15707963267948966
0.24024024024024024,0.023465003979574843,-0.9978373881228726,0.06139984081700567,6.283185307179586,0.0,0.15707963267948966
0.2702702702702703,0.028179566119397526,-0.9996028681724136,0.00013414469099293225,0.0,0.0,0.15707963267948966
0.3003003003003003,0.03289446789396854,-0.9994588215565291,0.00013414469099293225,0.0,0.0,0.15707963267948966
0.3303303303303303,0.03760863773213669,-0.9992925359338608,0.00013414469099293225,0.0,0.0,0.15707963267948966
0.36036036036036034,0.04232197073867995,-0.9991040150044378,0.00013414469099293225,0.0,0.0,0.15707963267948966
0.39039039039039036,0.04703436203699664,-0.9988932629630489,0.00013414469099293225,0.0,0.0,0.15707963267948966
0.42042042042042044,0.051745706771439116,-0.9986602844991475,0.00013414469099293225,0.0,0.0,0.15707963267948966
0.45045045045045046,0.05645590010964684,-0.9984050847967492,0.00013414469099293225,0.0,0.0,0.15707963267948966
0.4804804804804805,0.06116483724487903,-0.9981276695343145,0.00013414469099293225,0.0,0.0,0.15707963267948966
0.5105105105105106,0.06587241339834683,-0.9978280448846241,0.00013414469099293225,0.0,0.0,0.15707963267948966
0.5405405405405406,0.07057852382154456,-0.9975062175146407,0.00013414469099293225,0.0,0.0,0.15707963267948966
0.5705705705705706,0.07528306379858057,-0.9971621945853607,0.00013414469099293225,0.0,0.0,0.15707963267948966
0.6006006006006006,0.07998592864850738,-0.9967959837516553,0.00013414469099293225,0.0,0.0,0.15707963267948966
0.6306306306306306,0.0846870137276508,-0.996407593162099,0.00013414469099293225,0.0,0.0,0.15707963267948966
0.6606606606606606,0.08938621443193838,-0.9959970314587898,0.00013414469099293225,0.0,0.0,0.15707963267948966
0.6906906906906907,0.09408342619922692,-0.9955643077771563,0.00013414469099293225,0.0,0.0,0.15707963267948966
0.7207207207207207,0.09877854451162935,-0.9951094317457544,0.00013414469099293225,0.0,0.0,0.15707963267948966
0.7507507507507507,0.10347146489784001,-0.9946324134860522,0.00013414469099293225,0.0,0.0,0.15707963267948966
0.7807807807807807,0.10816208293545944,-0.9941332636122064,0.00013414469099293225,0.0,0.0,0.15707963267948966
0.8108108108108109,0.11285029425331779,-0.9936119932308249,0.00013414469099293225,0.0,0.0,0.15707963267948966
0.8408408408408409,0.11753599453379737,-0.9930686139407208,0.00013414469099293225,0.0,0.0,0.15707963267948966
0.8708708708708709,0.1222190795151537,-0.9925031378326524,0.00013414469099293225,0.0,0.0,0.15707963267948966
0.9009009009009009,0.12689944499383526,-0.9919155774890568,0.00013414469099293225,0.0,0.0,0.15707963267948966
0.9309309309309309,0.1315769868268026,-0.9913059459837673,0.00013414469099293225,0.0,0.0,0.15707963267948966
0.960960960960961,0.1362516009338451,-0.9906742568817244,0.00013414469099293225,0.0,0.0,0.15707963267948966
0.990990990990991,0.14092318329989725,-0.9900205242386727,0.00013414469099293225,0.0,0.0,0.15707963267948966
1.021021021021021,0.1455916299773529,-0.9893447626008491,0.00013414469099293225,0.0,0.0,0.15707963267948966
1.0510510510510511,0.15025683708837828,-0.9886469870046584,0.00013414469099293225,0.0,0.0,0.15707963267948966
1.0810810810810811,0.15491870082722334,-0.9879272129763396,0.00013414469099293225,0.0,0.0,0.15707963267948966
1.1111111111111112,0.15957711746253164,-0.9871854565316196,0.00013414469099293225,0.0,0.0,0.15707963267948966
1.1411411411411412,0.16423198333964834,-0.9864217341753568,0.00013414469099293225,0.0,0.0,0.15707963267948966
1.1711711711711712,0.1688831948829267,-0.9856360629011749,0.00013414469099293225,0.0,0.0,0.15707963267948966
1.2012012012012012,0.17353064859803274,-0.9848284601910828,0.00013414469099293225,0.0,0.0,0.15707963267948966
1.2312312312312312,0.17817424107424804,-0.9839989440150883,0.00013414469099293225,0.0,0.0,0.15707963267948966
1.2612612612612613,0.182813868986771,-0.9831475328307958,0.00013414469099293225,0.0,0.0,0.15707963267948966
1.2912912912912913,0.18744942909901557,-0.9822742455829973,0.00013414469099293225,0.0,0.0,0.15707963267948966
1.3213213213213213,0.1920808182649085,-0.9813791017032494,0.00013414469099293225,0.0,0.0,0.15707963267948966
1.3513513513513513,0.19670793343118448,-0.9804621211094421,0.00013414469099293225,0.0,0.0,0.15707963267948966
1.3813813813813813,0.2013306716396792,-0.9795233242053544,0.00013414469099293225,0.0,0.0,0.15707963267948966
1.4114114114114114,0.20594893002962028,-0.9785627318802035,0.00013414469099293225,0.0,0.0,0.15707963267948966
1.4414414414414414,0.210562605839916,-0.9775803655081747,0.00013414469099293225,0.0,0.0,0.15707963267948966
1.4714714714714714,0.2151715964114418,-0.9765762469479501,0.00013414469099293225,0.0,0.0,0.15707963267948966
1.5015015015015014,0.21977579918932444,-0.9755503985422203,0.00013414469099293225,0.0,0.0,0.15707963267948966
1.5315315315315314,0.22437511172522448,-0.9745028431171888,0.00013414469099293225,0.0,0.0,0.15707963267948966
1.5615615615615615,0.22896943167961523,-0.9734336039820618,0.00013414469099293225,0.0,0.0,0.15707963267948966
1.5915915915915915,0.23355865682406024,-0.9723427049285313,0.00013414469099293225,0.0,0.0,0.15707963267948966
1.6216216216216217,0.23814268504348785,-0.9712301702302444,0.00013414469099293225,0.0,0.0,0.15707963267948966
1.6516516516516517,0.2427214143384636,-0.9700960246422657,0.00013414469099293225,0.0,0.0,0.15707963267948966
1.6816816816816818,0.24729474282745947,-0.9689402934005232,0.00013414469099293225,0.0,0.0,0.15707963267948966
1.7117117117117118,0.2518625687491212,-0.9677630022212491,0.00013414469099293225,0.0,0.0,0.15707963267948966
1.7417417417417418,0.25642479046453215,-0.9665641773004068,0.00013414469099293225,0.0,0.0,0.15707963267948966
1.7717717717717718,0.26098130645947554,-0.9653438453131079,0.00013414469099293225,0.0,0.0,0.15707963267948966
1.8018018018018018,0.2655320153466924,-0.9641020334130179,0.00013414469099293225,0.0,0.0,0.15707963267948966
1.8318318318318318,0.27007681586813864,-0.9628387692317547,0.00013414469099293225,0.0,0.0,0.15707963267948966
1.8618618618618619,0.2746156068972369,-0.9615540808782704,0.00013414469099293225,0.0,0.0,0.15707963267948966
1.8918918918918919,0.2791482874411273,-0.9602479969382278,0.00013414469099293225,0.0,0.0,0.15707963267948966
1.921921921921922,0.28367475664291525,-0.9589205464733647,0.00013414469099293225,0.0,0.0,0.15707963267948966
1.951951951951952,0.28819491378391443,-0.9575717590208451,0.00013414469099293225,0.0,0.0,0.15707963267948966
1.981981981981982,0.29270865828588905,-0.9562016645926047,0.00013414469099293225,0.0,0.0,0.15707963267948966
2.012012012012012,0.2972158897132908,-0.9548102936746811,0.00013414469099293225,0.0,0.0,0.15707963267948966
2.042042042042042,0.30171650777549425,-0.9533976772265358,0.00013414469099293225,0.0,0.0,0.15707963267948966
2.0720720720720722,0.30621041232902807,-0.9519638466803665,0.00013414469099293225,0.0,0.0,0.15707963267948966
2.1021021021021022,0.3106975033798041,-0.9505088339404062,0.00013414469099293225,0.0,0.0,0.15707963267948966
2.1321321321321323,0.3151776810853413,-0.9490326713822138,0.00013414469099293225,0.0,0.0,0.15707963267948966
2.1621621621621623,0.31965084575698777,-0.9475353918519542,0.00013414469099293225,0.0,0.0,0.15707963267948966
2.1921921921921923,0.3241168978621394,-0.946017028665667,0.00013414469099293225,0.0,0.0,0.15707963267948966
2.2222222222222223,0.32857573802645357,-0.9444776156085252,0.00013414469099293225,0.0,0.0,0.15707963267948966
2.2522522522522523,0.3330272670360615,-0.9429171869340837,0.00013414469099293225,0.0,0.0,0.15707963267948966
2.2822822822822824,0.33747138583977515,-0.9413357773635166,0.00013414469099293225,0.0,0.0,0.15707963267948966
2.3123123123123124,0.3419079955512906,-0.9397334220848446,0.00013414469099293225,0.0,0.0,0.15707963267948966
2.3423423423423424,0.34633699745138996,-0.9381101567521535,0.00013414469099293225,0.0,0.0,0.15707963267948966
2.3723723723723724,0.35075829299013683,-0.9364660174847986,0.00013414469099293225,0.0,0.0,0.15707963267948966
2.4024024024024024,0.3551717837890694,-0.9348010408666033,0.00013414469099293225,0.0,0.0,0.15707963267948966
2.4324324324324325,0.3595773716433894,-0.9331152639450421,0.00013414469099293225,0.0,0.0,0.15707963267948966
2.4624624624624625,0.36397495852414774,-0.9314087242304199,0.00013414469099293225,0.0,0.0,0.15707963267948966
2.4924924924924925,0.368364446580425,-0.9296814596950347,0.00013414469099293225,0.0,0.0,0.15707963267948966
2.5225225225225225,0.3727457381415094,-0.9279335087723335,0.00013414469099293225,0.0,0.0,0.15707963267948966
2.5525525525525525,0.3771187357190693,-0.9261649103560573,0.00013414469099293225,0.0,0.0,0.15707963267948966
2.5825825825825826,0.3814833420093233,-0.9243757037993754,0.00013414469099293225,0.0,0.0,0.15707963267948966
2.6126126126126126,0.3858394598952053,-0.9225659289140096,0.00013414469099293225,0.0,0.0,0.15707963267948966
2.6426426426426426,0.3901869924485242,-0.9207356259693487,0.00013414469099293225,0.0,0.0,0.15707963267948966
2.6726726726726726,0.39452584293212184,-0.9188848356915524,0.00013414469099293225,0.0,0.0,0.15707963267948966
2.7027027027027026,0.3988559148020257,-0.9170135992626456,0.00013414469099293225,0.0,0.0,0.15707963267948966
2.7327327327327327,0.4031771117095963,-0.9151219583196005,0.00013414469099293225,0.0,0.0,0.15707963267948966
2.7627627627627627,0.40748933750367106,-0.9132099549534121,0.00013414469099293225,0.0,0.0,0.15707963267948966
2.7927927927927927,0.41179249623270464,-0.9112776317081595,0.00013414469099293225,0.0,0.0,0.15707963267948966
2.8228228228228227,0.41608649214690263,-0.9093250315800611,0.00013414469099293225,0.0,0.0,0.15707963267948966
2.8528528528528527,0.420371229700354,-0.9073521980165175,0.00013414469099293225,0.0,0.0,0.15707963267948966
2.8828828828828827,0.42464661355315514,-0.9053591749151441,0.00013414469099293225,0.0,0.0,0.15707963267948966
2.9129129129129128,0.42891254857353217,-0.9033460066227949,0.00013414469099293225,0.0,0.0,0.15707963267948966
2.942942942942943,0.4331689398399579,-0.901312737934575,0.00013414469099293225,0.0,0.0,0.15707963267948966
2.972972972972973,0.4374156926432635,-0.899259414092845,0.00013414469099293225,0.0,0.0,0.15707963267948966
3.003003003003003,0.441652712488746,-0.8971860807862132,0.00013414469099293225,0.0,0.0,0.15707963267948966
3.033033033033033,0.445879905098271,-0.8950927841485201,0.00013414469099293225,0.0,0.0,0.15707963267948966
3.063063063063063,0.45009717641237046,-0.8929795707578108,0.00013414469099293225,0.0,0.0,0.15707963267948966
3.093093093093093,0.4543044325923356,-0.8908464876352991,0.00013414469099293225,0.0,0.0,0.15707963267948966
3.123123123123123,0.45850158002230484,-0.8886935822443207,0.00013414469099293225,0.0,0.0,0.15707963267948966
3.153153153153153,0.4626885253113469,-0.8865209024892782,0.00013414469099293225,0.0,0.0,0.15707963267948966
3.183183183183183,0.4668651752955383,-0.8843284967145748,0.00013414469099293225,0.0,0.0,0.15707963267948966
3.2132132132132134,0.47103143704003797,-0.8821164137035374,0.00013414469099293225,0.0,0.0,0.15707963267948966
3.2432432432432434,0.4751872178411532,-0.8798847026773327,0.00013414469099293225,0.0,0.0,0.15707963267948966
3.2732732732732734,0.47933242522840325,-0.8776334132938711,0.00013414469099293225,0.0,0.0,0.15707963267948966
3.3033033033033035,0.4834669669665777,-0.8753625956467022,0.00013414469099293225,0.0,0.0,0.15707963267948966
3.3333333333333335,0.48759075105778726,-0.8730723002638995,0.00013414469099293225,0.0,0.0,0.15707963267948966
3.3633633633633635,0.4917036857435119,-0.8707625781069369,0.00013414469099293225,0.0,0.0,0.15707963267948966
3.3933933933933935,0.49580567950664217,-0.8684334805695542,0.00013414469099293225,0.0,0.0,0.15707963267948966
3.4234234234234235,0.49989664107351545,-0.8660850594766141,0.00013414469099293225,0.0,0.0,0.15707963267948966
3.4534534534534536,0.5039764794159473,-0.8637173670829481,0.00013414469099293225,0.0,0.0,0.15707963267948966
3.4834834834834836,0.5080451037532565,-0.861330456072195,0.00013414469099293225,0.0,0.0,0.15707963267948966
3.5135135135135136,0.5121024235542857,-0.8589243795556276,0.00013414469099293225,0.0,0.0,0.15707963267948966
3.5435435435435436,0.5161483485394147,-0.8564991910709712,0.00013414469099293225,0.0,0.0,0.15707963267948966
3.5735735735735736,0.52018278868257,-0.8540549445812122,0.00013414469099293225,0.0,0.0,0.15707963267948966
3.6036036036036037,0.5242056542132278,-0.8515916944733986,0.00013414469099293225,0.0,0.0,0.15707963267948966
3.6336336336336337,0.5282168556184121,-0.8491094955574281,0.00013414469099293225,0.0,0.0,0.15707963267948966
3.6636636636636637,0.532216303644686,-0.8466084030648289,0.00013414469099293225,0.0,0.0,0.15707963267948966
3.6936936936936937,0.5362039093001364,-0.844088472647532,0.00013414469099293225,0.0,0.0,0.15707963267948966
3.7237237237237237,0.5401795838563567,-0.8415497603766317,0.00013414469099293225,0.0,0.0,0.15707963267948966
3.7537537537537538,0.5441432388504194,-0.8389923227411371,0.00013414469099293225,0.0,0.0,0.15707963267948966
3.7837837837837838,0.5480947860868441,-0.8364162166467177,0.00013414469099293225,0.0,0.0,0.15707963267948966
3.813813813813814,0.5520341376395619,-0.8338214994144357,0.00013414469099293225,0.0,0.0,0.15707963267948966
3.843843843843844,0.5559612058538695,-0.8312082287794701,0.00013414469099293225,0.0,0.0,0.15707963267948966
3.873873873873874,0.5598759033483817,-0.8285764628898327,0.00013414469099293225,0.0,0.0,0.15707963267948966
3.903903903903904,0.5637781430169745,-0.825926260305074,0.00013414469099293225,0.0,0.0,0.15707963267948966
3.933933933933934,0.5676678380307233,-0.8232576799949805,0.00013414469099293225,0.0,0.0,0.15707963267948966
3.963963963963964,0.5715449018398353,-0.8205707813382621,0.00013414469099293225,0.0,0.0,0.15707963267948966
3.993993993993994,0.5754092481755755,-0.8178656241212315,0.00013414469099293225,0.0,0.0,0.15707963267948966
4.024024024024024,0.579260791052186,-0.8151422685364736,0.00013414469099293225,0.0,0.0,0.15707963267948966
4.054054054054054,0.5830994447687993,-0.8124007751815056,0.00013414469099293225,0.0,0.0,0.15707963267948966
4.084084084084084,0.5869251239113449,-0.8096412050574292,0.00013414469099293225,0.0,0.0,0.15707963267948966
4.114114114114114,0.59073774335445,-0.8068636195675734,0.00013414469099293225,0.0,0.0,0.15707963267948966
4.1441441441441444,0.5945372182633343,-0.8040680805161277,0.00013414469099293225,0.0,0.0,0.15707963267948966
4.1741741741741745,0.5983234640956975,-0.8012546501067676,0.00013414469099293225,0.0,0.0,0.15707963267948966
4.2042042042042045,0.6020963966035993,-0.7984233909412696,0.00013414469099293225,0.0,0.0,0.15707963267948966
4.2342342342342345,0.6058559318353354,-0.7955743660181187,0.00013414469099293225,0.0,0.0,0.15707963267948966
4.2642642642642645,0.6096019861373049,-0.7927076387311075,0.00013414469099293225,0.0,0.0,0.15707963267948966
4.2942942942942945,0.6133344761558712,-0.7898232728679232,0.00013414469099293225,0.0,0.0,0.15707963267948966
4.324324324324325,0.6170533188392181,-0.786921332608731,0.00013414469099293225,0.0,0.0,0.15707963267948966
4.354354354354355,0.6207584314391958,-0.7840018825247448,0.00013414469099293225,0.0,0.0,0.15707963267948966
4.384384384384385,0.6244497315131646,-0.7810649875767903,0.00013414469099293225,0.0,0.0,0.15707963267948966
4.414414414414415,0.6281271369258264,-0.7781107131138597,0.00013414469099293225,0.0,0.0,0.15707963267948966
4.444444444444445,0.6317905658510551,-0.7751391248716571,0.00013414469099293225,0.0,0.0,0.15707963267948966
4.474474474474475,0.635439936773716,-0.7721502889711374,0.00013414469099293225,0.0,0.0,0.15707963267948966
4.504504504504505,0.6390751684914792,-0.7691442719170326,0.00013414469099293225,0.0,0.0,0.15707963267948966
4.534534534534535,0.6426961801166279,-0.7661211405963748,0.00013414469099293225,0.0,0.0,0.15707963267948966
4.564564564564565,0.6463028910778554,-0.7630809622770057,0.00013414469099293225,0.0,0.0,0.15707963267948966
4.594594594594595,0.6498952211220617,-0.7600238046060808,0.00013414469099293225,0.0,0.0,0.15707963267948966
4.624624624624625,0.653473090316136,-0.7569497356085636,0.00013414469099293225,0.0,0.0,0.15707963267948966
4.654654654654655,0.657036419048737,-0.7538588236857133,0.00013414469099293225,0.0,0.0,0.15707963267948966
4.684684684684685,0.6605851280320646,-0.7507511376135607,0.00013414469099293225,0.0,0.0,0.15707963267948966
4.714714714714715,0.6641191383036225,-0.7476267465413795,0.00013414469099293225,0.0,0.0,0.15707963267948966
4.744744744744745,0.667638371227977,-0.7444857199901475,0.00013414469099293225,0.0,0.0,0.15707963267948966
4.774774774774775,0.6711427484985044,-0.7413281278509991,0.00013414469099293225,0.0,0.0,0.15707963267948966
4.804804804804805,0.6746321921391364,-0.7381540403836706,0.00013414469099293225,0.0,0.0,0.15707963267948966
4.834834834834835,0.6781066245060933,-0.7349635282149359,0.00013414469099293225,0.0,0.0,0.15707963267948966
4.864864864864865,0.6815659682896111,-0.7317566623370361,0.00013414469099293225,0.0,0.0,0.15707963267948966
4.894894894894895,0.6850101465156638,-0.7285335141061002,0.00013414469099293225,0.0,0.0,0.15707963267948966
4.924924924924925,0.6884390825476744,-0.7252941552405558,0.00013414469099293225,0.0,0.0,0.15707963267948966
4.954954954954955,0.6918527000882202,-0.7220386578195341,0.00013414469099293225,0.0,0.0,0.15707963267948966
4.984984984984985,0.6952509231807319,-0.7187670942812667,0.00013414469099293225,0.0,0.0,0.15707963267948966
5.015015015015015,0.6986336762111822,-0.7154795374214722,0.00013414469099293225,0.0,0.0,0.15707963267948966
5.045045045045045,0.7020008839097692,-0.7121760603917389,0.00013414469099293225,0.0,0.0,0.15707963267948966
5.075075075075075,0.7053524713525912,-0.708856736697894,0.00013414469099293225,0.0,0.0,0.15707963267948966
5.105105105105105,0.7086883639633128,-0.7055216401983705,0.00013414469099293225,0.0,0.0,0.15707963267948966
5.135135135135135,0.7120084875148255,-0.7021708451025621,0.00013414469099293225,0.0,0.0,0.15707963267948966
5.165165165165165,0.7153127681308988,-0.6988044259691739,0.00013414469099293225,0.0,0.0,0.15707963267948966
5.195195195195195,0.7186011322878247,-0.6954224577045611,0.00013414469099293225,0.0,0.0,0.15707963267948966
5.225225225225225,0.7218735068160522,-0.6920250155610641,0.00013414469099293225,0.0,0.0,0.15707963267948966
5.255255255255255,0.7247391838875624,-0.6886122820116692,-0.02379580636720685,0.0,6.283185307179586,0.15707963267948966
5.285285285285285,0.7106341309654928,-0.6852167918447761,-0.15961541304293003,0.0,6.283185307179586,0.15707963267948966
5.315315315315315,0.6712885159035875,-0.6819477435001431,-0.29037734682825195,0.0,6.283185307179586,0.15707963267948966
5.345345345345345,0.608099830601864,-0.6789212482286731,-0.4114371576870482,0.0,6.283185307179586,0.15707963267948966
5.375375375375375,0.5233124338215961,-0.6762448021927889,-0.518494999122407,0.0,6.283185307179586,0.15707963267948966
5.405405405405405,0.4199378352326045,-0.6740134683785464,-0.6077483516921021,0.0,6.283185307179586,0.15707963267948966
5.435435435435435,0.30164773151489654,-0.6723065001138382,-0.6760270822804281,0.0,6.283185307179586,0.15707963267948966
5.465465465465465,0.17264359369739413,-0.6711845261198005,-0.7209060420419414,0.0,6.283185307179586,0.15707963267948966
5.495495495495495,0.03750743777819557,-0.6706873970777922,-0.7407912037222903,0.0,6.283185307179586,0.15707963267948966
5.525525525525525,-0.09896092099011214,-0.6708327701983654,-0.7349762788993703,0.0,6.283185307179586,0.15707963267948966
5.555555555555555,-0.23191434968846567,-0.6716154820660251,-0.7036678041929907,0.0,6.283185307179586,0.15707963267948966
5.585585585585585,-0.3566305599654657,-0.6730077320353017,-0.6479778054219183,0.0,6.283185307179586,0.15707963267948966
5.615615615615615,-0.46867983599664914,-0.674960069664214,-0.5698843002654316,0.0,6.283185307179586,0.15707963267948966
5.645645645645645,-0.5640823707460859,-0.6774031511130928,-0.4721610423102627,0.0,6.283185307179586,0.15707963267948966
5.675675675675675,-0.6394496222036008,-0.6802502021243626,-0.35827900185947537,0.0,6.283185307179586,0.15707963267948966
5.7057057057057055,-0.6921046688552527,-0.6834001001022538,-0.23228308274382703,0.0,6.283185307179586,0.15707963267948966
5.7357357357357355,-0.7201772895575951,-0.686740965822028,-0.09864845395285582,0.0,6.283185307179586,0.15707963267948966
5.7657657657657655,-0.7228708839083482,-0.6901529186114804,-0.03386198649818262,0.0,0.0,0.15707963267948966
5.7957957957957955,-0.7196073291309436,-0.6935550862991424,-0.03386198649818262,0.0,0.0,0.15707963267948966
5.8258258258258255,-0.7163277623359062,-0.6969418216588918,-0.03386198649818262,0.0,0.0,0.15707963267948966
5.8558558558558556,-0.7130322564970356,-0.7003130493323161,-0.03386198649818262,0.0,0.0,0.15707963267948966
5.885885885885886,-0.7097208849427925,-0.7036686943060644,-0.03386198649818262,0.0,0.0,0.15707963267948966
5.915915915915916,-0.7063937213546657,-0.7070086819135172,-0.03386198649818262,0.0,0.0,0.15707963267948966
5.945945945945946,-0.7030508397655344,-0.7103329378364477,-0.03386198649818262,0.0,0.0,0.15707963267948966
5.975975975975976,-0.6996923145580194,-0.7136413881066762,-0.03386198649818262,0.0,0.0,0.15707963267948966
6.006006006006006,-0.6963182204628277,-0.7169339591077151,-0.03386198649818262,0.0,0.0,0.15707963267948966
6.036036036036036,-0.6929286325570907,-0.7202105775764075,-0.03386198649818262,0.0,0.0,0.15707963267948966
6.066066066066066,-0.689523626262694,-0.7234711706045562,-0.03386198649818262,0.0,0.0,0.15707963267948966
6.096096096096096,-0.6861032773445979,-0.7267156656405473,-0.03386198649818262,0.0,0.0,0.15707963267948966
6.126126126126126,-0.6826676619091522,-0.7299439904909646,-0.03386198649818262,0.0,0.0,0.15707963267948966
6.156156156156156,-0.6792168564024031,-0.7331560733221941,-0.03386198649818262,0.0,0.0,0.15707963267948966
6.186186186186186,-0.6757509376083914,-0.736351842662026,-0.03386198649818262,0.0,0.0,0.15707963267948966
6.216216216216216,-0.6722699826474446,-0.739531227401241,-0.03386198649818262,0.0,0.0,0.15707963267948966
6.246246246246246,-0.6687740689744606,-0.742694156795194,-0.03386198649818262,0.0,0.0,0.15707963267948966
6.276276276276276,-0.6652632743771846,-0.7458405604653909,-0.03386198649818262,0.0,0.0,0.15707963267948966
6.306306306306306,-0.6617376769744768,-0.7489703684010502,-0.03386198649818262,0.0,0.0,0.15707963267948966
6.336336336336336,-0.6581973552145773,-0.752083510960663,-0.03386198649818262,0.0,0.0,0.15707963267948966
6.366366366366366,-0.6546423878733569,-0.7551799188735431,-0.03386198649818262,0.0,0.0,0.15707963267948966
6.396396396396396,-0.6510728540525665,-0.7582595232413681,-0.03386198649818262,0.0,0.0,0.15707963267948966
6.426426426426427,-0.647488833178077,-0.7613222555397117,-0.03386198649818262,0.0,0.0,0.15707963267948966
6.456456456456457,-0.6438904049981103,-0.7643680476195681,-0.03386198649818262,0.0,0.0,0.15707963267948966
6.486486486486487,-0.6402776495814675,-0.7673968317088704,-0.03386198649818262,0.0,0.0,0.15707963267948966
6.516516516516517,-0.6366506473157447,-0.7704085404139965,-0.03386198649818262,0.0,0.0,0.15707963267948966
6.546546546546547,-0.6330094789055452,-0.7734031067212699,-0.03386198649818262,0.0,0.0,0.15707963267948966
6.576576576576577,-0.6293542253706838,-0.7763804639984497,-0.03386198649818262,0.0,0.0,0.15707963267948966
6.606606606606607,-0.6256849680443852,-0.7793405459962152,-0.03386198649818262,0.0,0.0,0.15707963267948966
6.636636636636637,-0.6220017885714719,-0.7822832868496377,-0.03386198649818262,0.0,0.0,0.15707963267948966
6.666666666666667,-0.6183047689065491,-0.7852086210796474,-0.03386198649818262,0.0,0.0,0.15707963267948966
6.696696696696697,-0.6145939913121811,-0.7881164835944902,-0.03386198649818262,0.0,0.0,0.15707963267948966
6.726726726726727,-0.6108695383570606,-0.7910068096911765,-0.03386198649818262,0.0,0.0,0.15707963267948966
6.756756756756757,-0.6071314929141715,-0.79387953505692,-0.03386198649818262,0.0,0.0,0.15707963267948966
6.786786786786787,-0.6033799381589434,-0.7967345957705685,-0.03386198649818262,0.0,0.0,0.15707963267948966
6.816816816816817,-0.5996149575674046,-0.7995719283040279,-0.03386198649818262,0.0,0.0,0.15707963267948966
6.846846846846847,-0.5958366349143204,-0.8023914695236739,-0.03386198649818262,0.0,0.0,0.15707963267948966
6.876876876876877,-0.5920450542713318,-0.8051931566917578,-0.03386198649818262,0.0,0.0,0.15707963267948966
6.906906906906907,-0.5882403000050842,-0.8079769274678029,-0.03386198649818262,0.0,0.0,0.15707963267948966
6.936936936936937,-0.584422456775349,-0.8107427199099897,-0.03386198649818262,0.0,0.0,0.15707963267948966
6.966966966966967,-0.5805916095331418,-0.8134904724765362,-0.03386198649818262,0.0,0.0,0.15707963267948966
6.996996996996997,-0.5767478435188301,-0.8162201240270673,-0.03386198649818262,0.0,0.0,0.15707963267948966
7.027027027027027,-0.572891244260239,-0.8189316138239733,-0.03386198649818262,0.0,0.0,0.15707963267948966
7.057057057057057,-0.569021897570745,-0.8216248815337632,-0.03386198649818262,0.0,0.0,0.15707963267948966
7.087087087087087,-0.5651398895473702,-0.8242998672284061,-0.03386198649818262,0.0,0.0,0.15707963267948966
7.117117117117117,-0.5612453065688631,-0.8269565113866658,-0.03386198649818262,0.0,0.0,0.15707963267948966
7.147147147147147,-0.5573382352937792,-0.8295947548954238,-0.03386198649818262,0.0,0.0,0.15707963267948966
7.177177177177177,-0.553418762658551,-0.8322145390509957,-0.03386198649818262,0.0,0.0,0.15707963267948966
7.207207207207207,-0.5494869758755536,-0.8348158055604369,-0.03386198649818262,0.0,0.0,0.15707963267948966
7.237237237237237,-0.5455429624311667,-0.8373984965428403,-0.03386198649818262,0.0,0.0,0.15707963267948966
7.267267267267267,-0.5415868100838248,-0.839962554530623,-0.03386198649818262,0.0,0.0,0.15707963267948966
7.297297297297297,-0.5376186068620656,-0.8425079224708062,-0.03386198649818262,0.0,0.0,0.15707963267948966
7.327327327327327,-0.5336384410625725,-0.8450345437262844,-0.03386198649818262,0.0,0.0,0.15707963267948966
7.357357357357357,-0.5296464012482073,-0.8475423620770853,-0.03386198649818262,0.0,0.0,0.15707963267948966
7.387387387387387,-0.5256425762460418,-0.8500313217216212,-0.03386198649818262,0.0,0.0,0.15707963267948966
7.4174174174174174,-0.5216270551453808,-0.8525013672779299,-0.03386198649818262,0.0,0.0,0.15707963267948966
7.4474474474474475,-0.5175999272957793,-0.8549524437849078,-0.03386198649818262,0.0,0.0,0.15707963267948966
7.4774774774774775,-0.5135612823050552,-0.8573844967035321,-0.03386198649818262,0.0,0.0,0.15707963267948966
7.5075075075075075,-0.5095112100372938,-0.8597974719180755,-0.03386198649818262,0.0,0.0,0.15707963267948966
7.5375375375375375,-0.5054498006108502,-0.8621913157373097,-0.03386198649818262,0.0,0.0,0.15707963267948966
7.5675675675675675,-0.5013771443963425,-0.8645659748956991,-0.03386198649818262,0.0,0.0,0.15707963267948966
7.597597597597598,-0.49729333201464215,-0.8669213965545874,-0.03386198649818262,0.0,0.0,0.15707963267948966
7.627627627627628,-0.49319845433485643,-0.8692575283033733,-0.03386198649818262,0.0,0.0,0.15707963267948966
7.657657657657658,-0.4890926024723079,-0.8715743181606754,-0.03386198649818262,0.0,0.0,0.15707963267948966
7.687687687687688,-0.4849758677865056,-0.8738717145754903,-0.03386198649818262,0.0,0.0,0.15707963267948966
7.717717717717718,-0.48084834187911296,-0.8761496664283387,-0.03386198649818262,0.0,0.0,0.15707963267948966
7.747747747747748,-0.4767101165919095,-0.8784081230324032,-0.03386198649818262,0.0,0.0,0.15707963267948966
7.777777777777778,-0.47256128400474706,-0.8806470341346563,-0.03386198649818262,0.0,0.0,0.15707963267948966
7.807807807807808,-0.46840193643350114,-0.8828663499169782,-0.03386198649818262,0.0,0.0,0.15707963267948966
7.837837837837838,-0.46423216642801646,-0.8850660209972657,-0.03386198649818262,0.0,0.0,0.15707963267948966
7.867867867867868,-0.460052066770048,-0.8872459984305306,-0.03386198649818262,0.0,0.0,0.15707963267948966
7.897897897897898,-0.4558617304711963,-0.8894062337099893,-0.03386198649818262,0.0,0.0,0.15707963267948966
7.927927927927928,-0.451661250770838,-0.8915466787681416,-0.03386198649818262,0.0,0.0,0.15707963267948966
7.957957957957958,-0.44745072113405066,-0.8936672859778404,-0.03386198649818262,0.0,0.0,0.15707963267948966
7.987987987987988,-0.443230235249534,-0.8957680081533523,-0.03386198649818262,0.0,0.0,0.15707963267948966
8.018018018018019,-0.43899988702752407,-0.8978487985514055,-0.03386198649818262,0.0,0.0,0.15707963267948966
8.048048048048049,-0.4347597705977052,-0.8999096108722321,-0.03386198649818262,0.0,0.0,0.15707963267948966
8.078078078078079,-0.4305099803071135,-0.9019503992605968,-0.03386198649818262,0.0,0.0,0.15707963267948966
8.108108108108109,-0.4262506107180394,-0.9039711183068186,-0.03386198649818262,0.0,0.0,0.15707963267948966
8.138138138138139,-0.42198175660592235,-0.9059717230477794,-0.03386198649818262,0.0,0.0,0.15707963267948966
8.168168168168169,-0.4177035129572429,-0.9079521689679256,-0.03386198649818262,0.0,0.0,0.15707963267948966
8.198198198198199,-0.41341597496740795,-0.9099124120002596,-0.03386198649818262,0.0,0.0,0.15707963267948966
8.228228228228229,-0.4091192380386335,-0.9118524085273179,-0.03386198649818262,0.0,0.0,0.15707963267948966
8.258258258258259,-0.4048133977778219,-0.9137721153821435,-0.03386198649818262,0.0,0.0,0.15707963267948966
8.288288288288289,-0.4004985499944337,-0.9156714898492463,-0.03386198649818262,0.0,0.0,0.15707963267948966
8.318318318318319,-0.39617479069835654,-0.9175504896655527,-0.03386198649818262,0.0,0.0,0.15707963267948966
8.348348348348349,-0.39184221609776887,-0.9194090730213463,-0.03386198649818262,0.0,0.0,0.15707963267948966
8.378378378378379,-0.38750092259699825,-0.9212471985611989,-0.03386198649818262,0.0,0.0,0.15707963267948966
8.408408408408409,-0.38315100679437725,-0.9230648253848898,-0.03386198649818262,0.0,0.0,0.15707963267948966
8.438438438438439,-0.37879256548009377,-0.9248619130483157,-0.03386198649818262,0.0,0.0,0.15707963267948966
8.468468468468469,-0.37442569563403727,-0.9266384215643925,-0.03386198649818262,0.0,0.0,0.15707963267948966
8.498498498498499,-0.37005049442364046,-0.9283943114039429,-0.03386198649818262,0.0,0.0,0.15707963267948966
8.528528528528529,-0.36566705920171827,-0.9301295434965763,-0.03386198649818262,0.0,0.0,0.15707963267948966
8.558558558558559,-0.36127548750430083,-0.9318440792315591,-0.03386198649818262,0.0,0.0,0.15707963267948966
8.588588588588589,-0.35687587704846285,-0.9335378804586737,-0.03386198649818262,0.0,0.0,0.15707963267948966
8.618618618618619,-0.35246832573015063,-0.9352109094890665,-0.03386198649818262,0.0,0.0,0.15707963267948966
8.64864864864865,-0.34805293162200274,-0.9368631290960876,-0.03386198649818262,0.0,0.0,0.15707963267948966
8.67867867867868,-0.3436297929711677,-0.9384945025161175,-0.03386198649818262,0.0,0.0,0.15707963267948966
8.70870870870871,-0.3391990081971187,-0.9401049934493877,-0.03386198649818262,0.0,0.0,0.15707963267948966
8.73873873873874,-0.33476067588946234,-0.9416945660607859,-0.03386198649818262,0.0,0.0,0.15707963267948966
8.76876876876877,-0.33031489480574716,-0.9432631849806555,-0.03386198649818262,0.0,0.0,0.15707963267948966
8.7987987987988,-0.32586176386926363,-0.9448108153055802,-0.03386198649818262,0.0,0.0,0.15707963267948966
8.82882882882883,-0.32140138216684455,-0.9463374225991621,-0.03386198649818262,0.0,0.0,0.15707963267948966
8.85885885885886,-0.31693384894665977,-0.9478429728927885,-0.03386198649818262,0.0,0.0,0.15707963267948966
8.88888888888889,-0.31245926361600795,-0.9493274326863863,-0.03386198649818262,0.0,0.0,0.15707963267948966
8.91891891891892,-0.30797772573910487,-0.950790768949169,-0.03386198649818262,0.0,0.0,0.15707963267948966
8.94894894894895,-0.3034893350348674,-0.9522329491203704,-0.03386198649818262,0.0,0.0,0.15707963267948966
8.97897897897898,-0.29899419137469485,-0.9536539411099689,-0.03386198649818262,0.0,0.0,0.15707963267948966
9.00900900900901,-0.2944923947802476,-0.9550537132994033,-0.03386198649818262,0.0,0.0,0.15707963267948966
9.03903903903904,-0.2899840454212198,-0.9564322345422744,-0.03386198649818262,0.0,0.0,0.15707963267948966
9.06906906906907,-0.28546924361311243,-0.9577894741650389,-0.03386198649818262,0.0,0.0,0.15707963267948966
9.0990990990991,-0.2809480898149995,-0.9591254019676922,-0.03386198649818262,0.0,0.0,0.15707963267948966
9.12912912912913,-0.276420684627294,-0.9604399882244402,-0.03386198649818262,0.0,0.0,0.15707963267948966
9.15915915915916,-0.2718871287895087,-0.9617332036843595,-0.03386198649818262,0.0,0.0,0.15707963267948966
9.18918918918919,-0.26734752317801463,-0.9630050195720505,-0.03386198649818262,0.0,0.0,0.15707963267948966
9.21921921921922,-0.2628019688037968,-0.9642554075882761,-0.03386198649818262,0.0,0.0,0.15707963267948966
9.24924924924925,-0.25825056681020636,-0.965484339910592,-0.03386198649818262,0.0,0.0,0.15707963267948966
9.27927927927928,-0.2536934184707102,-0.9666917891939651,-0.03386198649818262,0.0,0.0,0.15707963267948966
9.30930930930931,-0.24913062518663728,-0.9678777285713829,-0.03386198649818262,0.0,0.0,0.15707963267948966
9.33933933933934,-0.24456228848492256,-0.9690421316544509,-0.03386198649818262,0.0,0.0,0.15707963267948966
9.36936936936937,-0.23998851001584795,-0.9701849725339791,-0.03386198649818262,0.0,0.0,0.15707963267948966
9.3993993993994,-0.23540939155078025,-0.9713062257805598,-0.03386198649818262,0.0,0.0,0.15707963267948966
9.42942942942943,-0.23082503497990695,-0.9724058664451324,-0.03386198649818262,0.0,0.0,0.15707963267948966
9.45945945945946,-0.22623554230996865,-0.9734838700595396,-0.03386198649818262,0.0,0.0,0.15707963267948966
9.48948948948949,-0.2216410156619898,-0.97454021263707,-0.03386198649818262,0.0,0.0,0.15707963267948966
9.51951951951952,-0.21704155726900592,-0.9755748706729941,-0.03386198649818262,0.0,0.0,0.15707963267948966
9.54954954954955,-0.21243726947378924,-0.9765878211450852,-0.03386198649818262,0.0,0.0,0.15707963267948966
9.57957957957958,-0.20782825472657093,-0.9775790415141334,-0.03386198649818262,0.0,0.0,0.15707963267948966
9.60960960960961,-0.20321461558276208,-0.9785485097244461,-0.03386198649818262,0.0,0.0,0.15707963267948966
9.63963963963964,-0.19859645470067147,-0.9794962042043389,-0.03386198649818262,0.0,0.0,0.15707963267948966
9.66966966966967,-0.19397387483922118,-0.9804221038666162,-0.03386198649818262,0.0,0.0,0.15707963267948966
9.6996996996997,-0.1893469788556601,-0.9813261881090393,-0.03386198649818262,0.0,0.0,0.15707963267948966
9.72972972972973,-0.18471586970327558,-0.9822084368147862,-0.03386198649818262,0.0,0.0,0.15707963267948966
9.75975975975976,-0.18008065042910232,-0.9830688303528978,-0.03386198649818262,0.0,0.0,0.15707963267948966
9.78978978978979,-0.17544142417162953,-0.9839073495787158,-0.03386198649818262,0.0,0.0,0.15707963267948966
9.81981981981982,-0.170798294158506,-0.9847239758343084,-0.03386198649818262,0.0,0.0,0.15707963267948966
9.84984984984985,-0.16615136370424316,-0.9855186909488852,-0.03386198649818262,0.0,0.0,0.15707963267948966
9.87987987987988,-0.16150073620791625,-0.9862914772392007,-0.03386198649818262,0.0,0.0,0.15707963267948966
9.90990990990991,-0.15684651515086356,-0.9870423175099501,-0.03386198649818262,0.0,0.0,0.15707963267948966
9.93993993993994,-0.15218880409438398,-0.9877711950541505,-0.03386198649818262,0.0,0.0,0.15707963267948966
9.96996996996997,-0.14752770667743242,-0.9884780936535117,-0.03386198649818262,0.0,0.0,0.15707963267948966
10.0,-0.14286332661431386,-0.9891629975787992,-0.03386198649818262,0.0,0.0,0.15707963267948966
10.03003003003003,-0.13819576769237574,-0.9898258915901816,-0.03386198649818262,0.0,0.0,0.15707963267948966
10.06006006006006,-0.13352513376969824,-0.9904667609375729,-0.03386198649818262,0.0,0.0,0.15707963267948966
10.09009009009009,-0.12885152877278366,-0.991085591360958,-0.03386198649818262,0.0,0.0,0.15707963267948966
10.12012012012012,-0.12417505669424378,-0.9916823690907104,-0.03386198649818262,0.0,0.0,0.15707963267948966
10.15015015015015,-0.119495821590486,-0.9922570808479008,-0.03386198649818262,0.0,0.0,0.15707963267948966
10.18018018018018,-0.1148139275793979,-0.9928097138445894,-0.03386198649818262,0.0,0.0,0.15707963267948966
10.21021021021021,-0.11012947883803054,-0.9933402557841128,-0.03386198649818262,0.0,0.0,0.15707963267948966
10.24024024024024,-0.10544257960028035,-0.9938486948613565,-0.03386198649818262,0.0,0.0,0.15707963267948966
10.27027027027027,-0.10075333415456991,-0.994335019763018,-0.03386198649818262,0.0,0.0,0.15707963267948966
10.3003003003003,-0.09606184684152745,-0.9947992196678578,-0.03386198649818262,0.0,0.0,0.15707963267948966
10.33033033033033,-0.091368222051665,-0.9952412842469416,-0.03386198649818262,0.0,0.0,0.15707963267948966
10.36036036036036,-0.08667256422305576,-0.9956612036638688,-0.03386198649818262,0.0,0.0,0.15707963267948966
10.39039039039039,-0.08197497783901019,-0.9960589685749924,-0.03386198649818262,0.0,0.0,0.15707963267948966
10.42042042042042,-0.077275567425751,-0.9964345701296259,-0.03386198649818262,0.0,0.0,0.15707963267948966
10.45045045045045,-0.07257443755008762,-0.9967879999702406,-0.03386198649818262,0.0,0.0,0.15707963267948966
10.48048048048048,-0.06787169281708924,-0.9971192502326522,-0.03386198649818262,0.0,0.0,0.15707963267948966
10.51051051051051,-0.06316743786775733,-0.9974283135461949,-0.03386198649818262,0.0,0.0,0.15707963267948966
10.54054054054054,-0.05846177737669726,-0.9977151830338858,-0.03386198649818262,0.0,0.0,0.15707963267948966
10.57057057057057,-0.053754816049789204,-0.9979798523125788,-0.03386198649818262,0.0,0.0,0.15707963267948966
10.6006006006006,-0.049046658621858245,-0.9982223154931045,-0.03386198649818262,0.0,0.0,0.15707963267948966
10.63063063063063,-0.044337409854344006,-0.9984425671804024,-0.03386198649818262,0.0,0.0,0.15707963267948966
10.66066066066066,-0.03962717453296955,-0.9986406024736417,-0.03386198649818262,0.0,0.0,0.15707963267948966
10.69069069069069,-0.034916057465409815,-0.9988164169663294,-0.03386198649818262,0.0,0.0,0.15707963267948966
10.72072072072072,-0.030204163478959465,-0.9989700067464091,-0.03386198649818262,0.0,0.0,0.15707963267948966
10.75075075075075,-0.025491607273401818,-0.9989305233482887,-0.0385744407829946,6.283185307179586,0.0,0.15707963267948966
10.78078078078078,-0.02082430610433615,-0.9740746161686581,-0.2252664875456209,6.283185307179586,0.0,0.15707963267948966
10.81081081081081,-0.01635644543740031,-0.9146211716531306,-0.40398091422305415,6.283185307179586,0.0,0.15707963267948966
10.84084084084084,-0.012246716376612492,-0.8226818789189768,-0.5683700766545671,6.283185307179586,0.0,0.15707963267948966
10.87087087087087,-0.00864108977703951,-0.7015222712838781,-0.7125951406374863,6.283185307179586,0.0,0.15707963267948966
10.9009009009009,-0.0056676315987499075,-0.5554457398630304,-0.8315334677690703,6.283185307179586,0.0,0.15707963267948966
10.93093093093093,-0.003431954213355152,-0.3896406841546255,-0.9209605631848604,6.283185307179586,0.0,0.15707963267948966
10.96096096096096,-0.002013465225291596,-0.20999622857493838,-0.9777001227074028,6.283185307179586,0.0,0.15707963267948966
10.99099099099099,-0.0014625470435764443,-0.02289305039030766,-0.999736849976009,6.283185307179586,0.0,0.15707963267948966
11.02102102102102,-0.0015814708936503516,0.03369667257168269,-0.9994308546404748,0.0,0.0,0.15707963267948966
11.05105105105105,-0.0017404034887685373,0.033688837740220974,-0.9994308546404748,0.0,0.0,0.15707963267948966
11.08108108108108,-0.0018992973580841607,0.03368025329679441,-0.9994308546404748,0.0,0.0,0.15707963267948966
11.11111111111111,-0.002058148966042017,0.03367091943241581,-0.9994308546404748,0.0,0.0,0.15707963267948966
11.14114114114114,-0.0022169547780272613,0.033660836354773495,-0.9994308546404748,0.0,0.0,0.15707963267948966
11.17117117117117,-0.0023757112604440595,0.03365000428822643,-0.9994308546404748,0.0,0.0,0.15707963267948966
11.2012012012012,-0.002534414880794208,0.03363842347379953,-0.9994308546404748,0.0,0.0,0.15707963267948966
11.23123123123123,-0.0026930621077557422,0.033626094169178035,-0.9994308546404748,0.0,0.0,0.15707963267948966
11.26126126126126,-0.0028516494112615113,0.03361301664870188,-0.9994308546404748,0.0,0.0,0.15707963267948966
11.29129129129129,-0.0030101732625777205,0.03359919120335964,-0.9994308546404748,0.0,0.0,0.15707963267948966
11.32132132132132,-0.0031686301343824544,0.03358461814078196,-0.9994308546404748,0.0,0.0,0.15707963267948966
11.35135135135135,-0.0033270165008441625,0.03356929778523476,-0.9994308546404748,0.0,0.0,0.15707963267948966
11.381381381381381,-0.003485328837700111,0.033553230477612016,-0.9994308546404748,0.0,0.0,0.15707963267948966
11.411411411411411,-0.0036435636223348033,0.0335364165754282,-0.9994308546404748,0.0,0.0,0.15707963267948966
11.441441441441441,-0.0038017173338583603,0.03351885645281022,-0.9994308546404748,0.0,0.0,0.15707963267948966
11.471471471471471,-0.003959786453184865,0.033500550500489244,-0.9994308546404748,0.0,0.0,0.15707963267948966
11.501501501501501,-0.004117767463110666,0.0334814991257919,-0.9994308546404748,0.0,0.0,0.15707963267948966
11.531531531531531,-0.004275656848392636,0.033461702752631245,-0.9994308546404748,0.0,0.0,0.15707963267948966
11.561561561561561,-0.0044334510958263995,0.03344116182149733,-0.9994308546404748,0.0,0.0,0.15707963267948966
11.591591591591591,-0.004591146694324488,0.03341987678944745,-0.9994308546404748,0.0,0.0,0.15707963267948966
11.621621621621621,-0.0047487401349944796,0.03339784813009587,-0.9994308546404748,0.0,0.0,0.15707963267948966
11.651651651651651,-0.004906227911217073,0.033375076333603364,-0.9994308546404748,0.0,0.0,0.15707963267948966
11.681681681681681,-0.0050636065187241106,0.033351561906666244,-0.9994308546404748,0.0,0.0,0.15707963267948966
11.711711711711711,-0.00522087245567655,0.0333273053725052,-0.9994308546404748,0.0,0.0,0.15707963267948966
11.741741741741741,-0.005378022222742392,0.03330230727085356,-0.9994308546404748,0.0,0.0,0.15707963267948966
11.771771771771771,-0.005535052323174535,0.03327656815794527,-0.9994308546404748,0.0,0.0,0.15707963267948966
11.801801801801801,-0.005691959262888589,0.03325008860650261,-0.9994308546404748,0.0,0.0,0.15707963267948966
11.831831831831831,-0.005848739550540615,0.033222869205723336,-0.9994308546404748,0.0,0.0,0.15707963267948966
11.861861861861861,-0.0060053896976048175,0.03319491056126767,-0.9994308546404748,0.0,0.0,0.15707963267948966
11.891891891891891,-0.006161906218451166,0.03316621329524478,-0.9994308546404748,0.0,0.0,0.15707963267948966
11.921921921921921,-0.006318285630422953,0.03313677804619889,-0.9994308546404748,0.0,0.0,0.15707963267948966
11.951951951951951,-0.006474524453914287,0.03310660546909519,-0.9994308546404748,0.0,0.0,0.15707963267948966
11.981981981981981,-0.006630619212447514,0.03307569623530515,-0.9994308546404748,0.0,0.0,0.15707963267948966
12.012012012012011,-0.006786566432750586,0.033044051032591656,-0.9994308546404748,0.0,0.0,0.15707963267948966
12.042042042042041,-0.006942362644834328,0.03301167056509359,-0.9994308546404748,0.0,0.0,0.15707963267948966
12.072072072072071,-0.007098004382069658,0.03297855555331036,-0.9994308546404748,0.0,0.0,0.15707963267948966
12.102102102102101,-0.00725348818126472,0.03294470673408569,-0.9994308546404748,0.0,0.0,0.15707963267948966
12.132132132132131,-0.007408810582741944,0.032910124860591285,-0.9994308546404748,0.0,0.0,0.15707963267948966
12.162162162162161,-0.007563968130415033,0.032874810702310124,-0.9994308546404748,0.0,0.0,0.15707963267948966
12.192192192192191,-0.007718957371865854,0.03283876504501923,-0.9994308546404748,0.0,0.0,0.15707963267948966
12.222222222222221,-0.007873774858421275,0.032801988690772284,-0.9994308546404748,0.0,0.0,0.15707963267948966
12.252252252252251,-0.008028417145229878,0.032764482457881716,-0.9994308546404748,0.0,0.0,0.15707963267948966
12.282282282282281,-0.008182880791338627,0.03272624718090054,-0.9994308546404748,0.0,0.0,0.15707963267948966
12.312312312312311,-0.008337162359769432,0.03268728371060377,-0.9994308546404748,0.0,0.0,0.15707963267948966
12.342342342342342,-0.008491258417595618,0.03264759291396947,-0.9994308546404748,0.0,0.0,0.15707963267948966
12.372372372372372,-0.008645165536018315,0.03260717567415951,-0.9994308546404748,0.0,0.0,0.15707963267948966
12.402402402402402,-0.008798880290442755,0.03256603289049983,-0.9994308546404748,0.0,0.0,0.15707963267948966
12.432432432432432,-0.008952399260554477,0.032524165478460515,-0.9994308546404748,0.0,0.0,0.15707963267948966
12.462462462462462,-0.009105719030395415,0.03248157436963539,-0.9994308546404748,0.0,0.0,0.15707963267948966
12.492492492492492,-0.009258836188439937,0.032438260511721245,-0.9994308546404748,0.0,0.0,0.15707963267948966
12.522522522522522,-0.009411747327670705,0.03239422486849689,-0.9994308546404748,0.0,0.0,0.15707963267948966
12.552552552552552,-0.00956444904565454,0.03234946841980154,-0.9994308546404748,0.0,0.0,0.15707963267948966
12.582582582582582,-0.0097169379446181,0.03230399216151311,-0.9994308546404748,0.0,0.0,0.15707963267948966
12.612612612612612,-0.00986921063152348,0.032257797105526044,-0.9994308546404748,0.0,0.0,0.15707963267948966
12.642642642642642,-0.010021263718143734,0.03221088427972874,-0.9994308546404748,0.0,0.0,0.15707963267948966
12.672672672672672,-0.010173093821138249,0.0321632547279808,-0.9994308546404748,0.0,0.0,0.15707963267948966
12.702702702702702,-0.010324697562128018,0.032114909510089676,-0.9994308546404748,0.0,0.0,0.15707963267948966
12.732732732732732,-0.01047607156777085,0.03206584970178716,-0.9994308546404748,0.0,0.0,0.15707963267948966
12.762762762762762,-0.010627212469836379,0.03201607639470542,-0.9994308546404748,0.0,0.0,0.15707963267948966
12.792792792792792,-0.010778116905281064,0.03196559069635277,-0.9994308546404748,0.0,0.0,0.15707963267948966
12.822822822822824,-0.010928781516322985,0.031914393730088905,-0.9994308546404748,0.0,0.0,0.15707963267948966
12.852852852852854,-0.011079202950516547,0.031862486635099996,-0.9994308546404748,0.0,0.0,0.15707963267948966
12.882882882882884,-0.011229377860827115,0.03180987056637337,-0.9994308546404748,0.0,0.0,0.15707963267948966
12.912912912912914,-0.011379302905705473,0.03175654669467169,-0.9994308546404748,0.0,0.0,0.15707963267948966
12.942942942942944,-0.011528974749162167,0.031702516206507055,-0.9994308546404748,0.0,0.0,0.15707963267948966
12.972972972972974,-0.01167839006084173,0.031647780304114456,-0.9994308546404748,0.0,0.0,0.15707963267948966
13.003003003003004,-0.011827545516096815,0.03159234020542512,-0.9994308546404748,0.0,0.0,0.15707963267948966
13.033033033033034,-0.01197643779606213,0.03153619714403937,-0.9994308546404748,0.0,0.0,0.15707963267948966
13.063063063063064,-0.012125063587728331,0.0314793523691992,-0.9994308546404748,0.0,0.0,0.15707963267948966
13.093093093093094,-0.012273419584015708,0.03142180714576047,-0.9994308546404748,0.0,0.0,0.15707963267948966
13.123123123123124,-0.012421502483847768,0.03136356275416468,-0.9994308546404748,0.0,0.0,0.15707963267948966
13.153153153153154,-0.012569308992224729,0.031304620490410696,-0.9994308546404748,0.0,0.0,0.15707963267948966
13.183183183183184,-0.012716835820296795,0.031244981666025667,-0.9994308546404748,0.0,0.0,0.15707963267948966
13.213213213213214,-0.012864079685437338,0.031184647608035947,-0.9994308546404748,0.0,0.0,0.15707963267948966
13.243243243243244,-0.013011037311315973,0.031123619658937597,-0.9994308546404748,0.0,0.0,0.15707963267948966
13.273273273273274,-0.013157705427971423,0.031061899176666484,-0.9994308546404748,0.0,0.0,0.15707963267948966
13.303303303303304,-0.013304080771884299,0.03099948753456807,-0.9994308546404748,0.0,0.0,0.15707963267948966
13.333333333333334,-0.013450160086049719,0.03093638612136683,-0.9994308546404748,0.0,0.0,0.15707963267948966
13.363363363363364,-0.013595940120049764,0.030872596341135358,-0.9994308546404748,0.0,0.0,0.15707963267948966
13.393393393393394,-0.01374141763012582,0.030808119613263157,-0.9994308546404748,0.0,0.0,0.15707963267948966
13.423423423423424,-0.013886589379250745,0.030742957372425044,-0.9994308546404748,0.0,0.0,0.15707963267948966
13.453453453453454,-0.0140314521372009,0.0306771110685492,-0.9994308546404748,0.0,0.0,0.15707963267948966
13.483483483483484,-0.014176002680628018,0.030610582166784923,-0.9994308546404748,0.0,0.0,0.15707963267948966
13.513513513513514,-0.014320237793130934,0.030543372147470035,-0.9994308546404748,0.0,0.0,0.15707963267948966
13.543543543543544,-0.01446415426532715,0.030475482506097946,-0.9994308546404748,0.0,0.0,0.15707963267948966
13.573573573573574,-0.014607748894924256,0.030406914753284362,-0.9994308546404748,0.0,0.0,0.15707963267948966
13.603603603603604,-0.014751018486791181,0.030337670414733692,-0.9994308546404748,0.0,0.0,0.15707963267948966
13.633633633633634,-0.014893959853029276,0.030267751031205072,-0.9994308546404748,0.0,0.0,0.15707963267948966
13.663663663663664,-0.015036569813043254,0.030197158158478097,-0.9994308546404748,0.0,0.0,0.15707963267948966
13.693693693693694,-0.015178845193611967,0.0301258933673182,-0.9994308546404748,0.0,0.0,0.15707963267948966
13.723723723723724,-0.015320782828959007,0.030053958243441724,-0.9994308546404748,0.0,0.0,0.15707963267948966
13.753753753753754,-0.015462379560823166,0.029981354387480594,-0.9994308546404748,0.0,0.0,0.15707963267948966
13.783783783783784,-0.015603632238528679,0.02990808341494675,-0.9994308546404748,0.0,0.0,0.15707963267948966
13.813813813813814,-0.01574453771905535,0.029834146956196152,-0.9994308546404748,0.0,0.0,0.15707963267948966
13.843843843843844,-0.015885092867108503,0.029759546656392525,-0.9994308546404748,0.0,0.0,0.15707963267948966
13.873873873873874,-0.016025294555188703,0.029684284175470768,-0.9994308546404748,0.0,0.0,0.15707963267948966
13.903903903903904,-0.016165139663661374,0.02960836118810001,-0.9994308546404748,0.0,0.0,0.15707963267948966
13.933933933933934,-0.01630462508082623,0.02953177938364631,-0.9994308546404748,0.0,0.0,0.15707963267948966
13.963963963963964,-0.016443747702986455,0.029454540466135125,-0.9994308546404748,0.0,0.0,0.15707963267948966
13.993993993993994,-0.016582504434517847,0.029376646154213384,-0.9994308546404748,0.0,0.0,0.15707963267948966
14.024024024024024,-0.01672089218793763,0.029298098181111194,-0.9994308546404748,0.0,0.0,0.15707963267948966
14.054054054054054,-0.016858907883973158,0.029218898294603304,-0.9994308546404748,0.0,0.0,0.15707963267948966
14.084084084084084,-0.016996548451630497,0.029139048256970255,-0.9994308546404748,0.0,0.0,0.15707963267948966
14.114114114114114,-0.01713381082826269,0.029058549844959106,-0.9994308546404748,0.0,0.0,0.15707963267948966
14.144144144144144,-0.017270691959637922,0.028977404849743937,-0.9994308546404748,0.0,0.0,0.15707963267948966
14.174174174174174,-0.01740718880000749,0.028895615076885966,-0.9994308546404748,0.0,0.0,0.15707963267948966
14.204204204204204,-0.01754329831217358,0.028813182346293396,-0.9994308546404748,0.0,0.0,0.15707963267948966
14.234234234234235,-0.01767901746755681,0.028730108492180936,-0.9994308546404748,0.0,0.0,0.15707963267948966
14.264264264264265,-0.017814343246263666,0.02864639536302895,-0.9994308546404748,0.0,0.0,0.15707963267948966
14.294294294294295,-0.017949272637153672,0.02856204482154232,-0.9994308546404748,0.0,0.0,0.15707963267948966
14.324324324324325,-0.0180838026379064,0.02847705874460905,-0.9994308546404748,0.0,0.0,0.15707963267948966
14.354354354354355,-0.018217930255088274,0.028391439023258497,-0.9994308546404748,0.0,0.0,0.15707963267948966
14.384384384384385,-0.018351652504219166,0.0283051875626192,-0.9994308546404748,0.0,0.0,0.15707963267948966
14.414414414414415,-0.018484966409838807,0.028218306281876607,-0.9994308546404748,0.0,0.0,0.15707963267948966
14.444444444444445,-0.018617869005573013,0.028130797114230326,-0.9994308546404748,0.0,0.0,0.15707963267948966
14.474474474474475,-0.01875035733419967,0.028042662006851106,-0.9994308546404748,0.0,0.0,0.15707963267948966
14.504504504504505,-0.018882428447714556,0.02795390292083747,-0.9994308546404748,0.0,0.0,0.15707963267948966
14.534534534534535,-0.01901407940739689,0.027864521831172176,-0.9994308546404748,0.0,0.0,0.15707963267948966
14.564564564564565,-0.01914530728387478,0.027774520726678197,-0.9994308546404748,0.0,0.0,0.15707963267948966
14.594594594594595,-0.019276109157190385,0.027683901609974478,-0.9994308546404748,0.0,0.0,0.15707963267948966
14.624624624624625,-0.019406482116864847,0.027592666497431365,-0.9994308546404748,0.0,0.0,0.15707963267948966
14.654654654654655,-0.019536423261963122,0.0275008174191258,-0.9994308546404748,0.0,0.0,0.15707963267948966
14.684684684684685,-0.019665929701158477,0.027408356418796062,-0.9994308546404748,0.0,0.0,0.15707963267948966
14.714714714714715,-0.01979499855279685,0.027315285553796392,-0.9994308546404748,0.0,0.0,0.15707963267948966
14.744744744744745,-0.019923626944960936,0.0272216068950511,-0.9994308546404748,0.0,0.0,0.15707963267948966
14.774774774774775,-0.02005181201553414,0.027127322527008592,-0.9994308546404748,0.0,0.0,0.15707963267948966
14.804804804804805,-0.02017955091226424,0.027032434547594904,-0.9994308546404748,0.0,0.0,0.15707963267948966
14.834834834834835,-0.02030684079282682,0.026936945068167083,-0.9994308546404748,0.0,0.0,0.15707963267948966
14.864864864864865,-0.020433678824888588,0.026840856213466175,-0.9994308546404748,0.0,0.0,0.15707963267948966
14.894894894894895,-0.020560062186170326,0.02674417012156996,-0.9994308546404748,0.0,0.0,0.15707963267948966
14.924924924924925,-0.020685988064509723,0.026646888943845353,-0.9994308546404748,0.0,0.0,0.15707963267948966
14.954954954954955,-0.020811453657923928,0.02654901484490057,-0.9994308546404748,0.0,0.0,0.15707963267948966
14.984984984984985,-0.02093645617467195,0.026450550002536936,-0.9994308546404748,0.0,0.0,0.15707963267948966
15.015015015015015,-0.021060992833316715,0.02635149660770044,-0.9994308546404748,0.0,0.0,0.15707963267948966
15.045045045045045,-0.021185060862786976,0.02625185686443298,-0.9994308546404748,0.0,0.0,0.15707963267948966
15.075075075075075,-0.021308657502438964,0.02615163298982335,-0.9994308546404748,0.0,0.0,0.15707963267948966
15.105105105105105,-0.021431780002117883,0.026050827213957812,-0.9994308546404748,0.0,0.0,0.15707963267948966
15.135135135135135,-0.021554425622218997,0.02594944177987062,-0.9994308546404748,0.0,0.0,0.15707963267948966
15.165165165165165,-0.02167659163374865,0.025847478943493967,-0.9994308546404748,0.0,0.0,0.15707963267948966
15.195195195195195,-0.021798275318384984,0.02574494097360788,-0.9994308546404748,0.0,0.0,0.15707963267948966
15.225225225225225,-0.02191947396853843,0.02564183015178971,-0.9994308546404748,0.0,0.0,0.15707963267948966
15.255255255255255,-0.02204018488741193,0.025538148772363368,-0.9994308546404748,0.0,0.0,0.15707963267948966
15.285285285285285,-0.022160405389060975,0.025433899142348258,-0.9994308546404748,0.0,0.0,0.15707963267948966
15.315315315315315,-0.022280132798453336,0.025329083581407945,-0.9994308546404748,0.0,0.0,0.15707963267948966
15.345345345345345,-0.02239936445152862,0.025223704421798592,-0.9994308546404748,0.0,0.0,0.15707963267948966
15.375375375375375,-0.0225180976952575,0.025117764008316997,-0.9994308546404748,0.0,0.0,0.15707963267948966
15.405405405405405,-0.022636329887700833,0.02501126469824843,-0.9994308546404748,0.0,0.0,0.15707963267948966
15.435435435435435,-0.02275405839806833,0.02490420886131422,-0.9994308546404748,0.0,0.0,0.15707963267948966
15.465465465465465,-0.022871280606777206,0.024796598879618995,-0.9994308546404748,0.0,0.0,0.15707963267948966
15.495495495495495,-0.0229879939055104,0.024688437147597685,-0.9994308546404748,0.0,0.0,0.15707963267948966
15.525525525525525,-0.023104195697274642,0.024579726071962245,-0.9994308546404748,0.0,0.0,0.15707963267948966
15.555555555555555,-0.023219883396458203,0.024470468071648103,-0.9994308546404748,0.0,0.0,0.15707963267948966
15.585585585585585,-0.023335054428888485,0.024360665577760322,-0.9994308546404748,0.0,0.0,0.15707963267948966
15.615615615615615,-0.02344970623188924,0.024250321033519526,-0.9994308546404748,0.0,0.0,0.15707963267948966
15.645645645645645,-0.02356383625433764,0.02413943689420753,-0.9994308546404748,0.0,0.0,0.15707963267948966
15.675675675675675,-0.023677441956721005,0.024028015627112702,-0.9994308546404748,0.0,0.0,0.15707963267948966
15.705705705705705,-0.023790520811193344,0.023916059711475066,-0.9994308546404748,0.0,0.0,0.15707963267948966
15.735735735735735,-0.023903070301631562,0.023803571638431147,-0.9994308546404748,0.0,0.0,0.15707963267948966
15.765765765765765,-0.02401508792369148,0.023690553910958513,-0.9994308546404748,0.0,0.0,0.15707963267948966
15.795795795795796,-0.024126571184863548,0.023577009043820117,-0.9994308546404748,0.0,0.0,0.15707963267948966
15.825825825825826,-0.02423751760452832,0.02346293956350832,-0.9994308546404748,0.0,0.0,0.15707963267948966
15.855855855855856,-0.024347924714011596,0.023348348008188646,-0.9994308546404748,0.0,0.0,0.15707963267948966
15.885885885885886,-0.02445779005663944,0.02323323692764338,-0.9994308546404748,0.0,0.0,0.15707963267948966
15.915915915915916,-0.02456711118779278,0.023117608883214746,-0.9994308546404748,0.0,0.0,0.15707963267948966
15.945945945945946,-0.02467588567496182,0.023001466447747997,-0.9994308546404748,0.0,0.0,0.15707963267948966
15.975975975975976,-0.024784111097800154,0.0228848122055341,-0.9994308546404748,0.0,0.0,0.15707963267948966
16.006006006006007,-0.024891785048178648,0.022767648752252248,-0.9994308546404748,0.0,0.0,0.15707963267948966
16.036036036036037,-0.02499890513023899,0.022649978694912153,-0.9994308546404748,0.0,0.0,0.15707963267948966
16.066066066066067,-0.025105468960447033,0.02253180465179596,-0.9994308546404748,0.0,0.0,0.15707963267948966
16.096096096096097,-0.02521147416764582,0.02241312925240005,-0.9994308546404748,0.0,0.0,0.15707963267948966
16.126126126126128,-0.02531691839310833,0.02229395513737651,-0.9994308546404748,0.0,0.0,0.15707963267948966
16.156156156156158,-0.02542179929058999,0.022174284958474337,-0.9994308546404748,0.0,0.0,0.15707963267948966
16.186186186186188,-0.025526114526380844,0.02205412137848051,-0.9994308546404748,0.0,0.0,0.15707963267948966
16.216216216216218,-0.025629861779357534,0.02193346707116069,-0.9994308546404748,0.0,0.0,0.15707963267948966
16.246246246246248,-0.02573303874103488,0.021812324721199733,-0.9994308546404748,0.0,0.0,0.15707963267948966
16.276276276276278,-0.0258356431156173,0.021690697024141933,-0.9994308546404748,0.0,0.0,0.15707963267948966
16.306306306306308,-0.025937672620049874,0.02156858668633109,-0.9994308546404748,0.0,0.0,0.15707963267948966
16.336336336336338,-0.026039124984069136,0.021445996424850268,-0.9994308546404748,0.0,0.0,0.15707963267948966
16.366366366366368,-0.026139997950253617,0.02132292896746132,-0.9994308546404748,0.0,0.0,0.15707963267948966
16.396396396396398,-0.026240289274074024,0.02119938705254422,-0.9994308546404748,0.0,0.0,0.15707963267948966
16.426426426426428,-0.026339996723943274,0.02107537342903612,-0.9994308546404748,0.0,0.0,0.15707963267948966
16.456456456456458,-0.026439118081266037,0.020950890856370186,-0.9994308546404748,0.0,0.0,0.15707963267948966
16.486486486486488,-0.026537651140488172,0.020825942104414182,-0.9994308546404748,0.0,0.0,0.15707963267948966
16.516516516516518,-0.026635593709145783,0.020700529953408858,-0.9994308546404748,0.0,0.0,0.15707963267948966
16.546546546546548,-0.02673294360791404,0.020574657193906075,-0.9994308546404748,0.0,0.0,0.15707963267948966
16.576576576576578,-0.02682969867065561,0.020448326626706717,-0.9994308546404748,0.0,0.0,0.15707963267948966
16.606606606606608,-0.026925856744468894,0.020321541062798387,-0.9994308546404748,0.0,0.0,0.15707963267948966
16.636636636636638,-0.027021415689735925,0.02019430332329281,-0.9994308546404748,0.0,0.0,0.15707963267948966
16.666666666666668,-0.027116373380169964,0.02006661623936313,-0.9994308546404748,0.0,0.0,0.15707963267948966
16.696696696696698,-0.027210727702862827,0.019938482652180824,-0.9994308546404748,0.0,0.0,0.15707963267948966
16.726726726726728,-0.027304476558331903,0.01980990541285257,-0.9994308546404748,0.0,0.0,0.15707963267948966
16.756756756756758,-0.027397617860566853,0.01968088738235678,-0.9994308546404748,0.0,0.0,0.15707963267948966
16.786786786786788,-0.027490149537076024,0.019551431431479905,-0.9994308546404748,0.0,0.0,0.15707963267948966
16.816816816816818,-0.0275820695289326,0.019421540440752606,-0.9994308546404748,0.0,0.0,0.15707963267948966
16.846846846846848,-0.027673375790820385,0.019291217300385622,-0.9994308546404748,0.0,0.0,0.15707963267948966
16.876876876876878,-0.027764066291079293,0.01916046491020548,-0.9994308546404748,0.0,0.0,0.15707963267948966
16.906906906906908,-0.02785413901175061,0.019029286179589957,-0.9994308546404748,0.0,0.0,0.15707963267948966
16.936936936936938,-0.02794359194862185,0.01889768402740337,-0.9994308546404748,0.0,0.0,0.15707963267948966
16.966966966966968,-0.028032423111271375,0.01876566138193159,-0.9994308546404748,0.0,0.0,0.15707963267948966
16.996996996996998,-0.028120630523112672,0.01863322118081693,-0.9994308546404748,0.0,0.0,0.15707963267948966
17.027027027027028,-0.02820821222143833,0.0185003663709927,-0.9994308546404748,0.0,0.0,0.15707963267948966
17.057057057057058,-0.028295166257463727,0.018367099908617766,-0.9994308546404748,0.0,0.0,0.15707963267948966
17.087087087087088,-0.028381490696370384,0.01823342475901064,-0.9994308546404748,0.0,0.0,0.15707963267948966
17.117117117117118,-0.02846718361734901,0.018099343896583568,-0.9994308546404748,0.0,0.0,0.15707963267948966
17.147147147147148,-0.028552243113642257,0.017964860304776342,-0.9994308546404748,0.0,0.0,0.15707963267948966
17.177177177177178,-0.02863666729258716,0.017829976975989884,-0.9994308546404748,0.0,0.0,0.15707963267948966
17.207207207207208,-0.02872045427565719,0.0176946969115197,-0.9994308546404748,0.0,0.0,0.15707963267948966
17.237237237237238,-0.028803602198504124,0.01755902312148908,-0.9994308546404748,0.0,0.0,0.15707963267948966
17.26726726726727,-0.028886109210999503,0.01742295862478211,-0.9994308546404748,0.0,0.0,0.15707963267948966
17.2972972972973,-0.028967973477275786,0.017286506448976526,-0.9994308546404748,0.0,0.0,0.15707963267948966
17.32732732732733,-0.029049193175767197,0.017149669630276296,-0.9994308546404748,0.0,0.0,0.15707963267948966
17.35735735735736,-0.02912976649925028,0.017012451213444135,-0.9994308546404748,0.0,0.0,0.15707963267948966
17.38738738738739,-0.029209691654884098,0.01687485425173369,-0.9994308546404748,0.0,0.0,0.15707963267948966
17.41741741741742,-0.029288966864250147,0.016736881806821646,-0.9994308546404748,0.0,0.0,0.15707963267948966
17.44744744744745,-0.029367590363391875,0.016598536948739587,-0.9994308546404748,0.0,0.0,0.15707963267948966
17.47747747747748,-0.02944556040285399,0.016459822755805657,-0.9994308546404748,0.0,0.0,0.15707963267948966
17.50750750750751,-0.029522875247721347,0.01632074231455611,-0.9994308546404748,0.0,0.0,0.15707963267948966
17.53753753753754,-0.029599533177657608,0.01618129871967659,-0.9994308546404748,0.0,0.0,0.15707963267948966
17.56756756756757,-0.029675532486943417,0.0160414950739333,-0.9994308546404748,0.0,0.0,0.15707963267948966
17.5975975975976,-0.02975087148451447,0.015901334488103967,-0.9994308546404748,0.0,0.0,0.15707963267948966
17.62762762762763,-0.029825548493999068,0.015760820080908573,-0.9994308546404748,0.0,0.0,0.15707963267948966
17.65765765765766,-0.02989956185375544,0.01561995497894003,-0.9994308546404748,0.0,0.0,0.15707963267948966
17.68768768768769,-0.02997290991690872,0.015478742316594562,-0.9994308546404748,0.0,0.0,0.15707963267948966
17.71771771771772,-0.030045591051387613,0.015337185236001978,-0.9994308546404748,0.0,0.0,0.15707963267948966
17.74774774774775,-0.030117603639960657,0.015195286886955752,-0.9994308546404748,0.0,0.0,0.15707963267948966
17.77777777777778,-0.030188946080272245,0.015053050426842941,-0.9994308546404748,0.0,0.0,0.15707963267948966
17.80780780780781,-0.030259616784878263,0.014910479020573929,-0.9994308546404748,0.0,0.0,0.15707963267948966
17.83783783783784,-0.03032961418128144,0.014767575840512004,-0.9994308546404748,0.0,0.0,0.15707963267948966
17.86786786786787,-0.0303989367119663,0.014624344066402764,-0.9994308546404748,0.0,0.0,0.15707963267948966
17.8978978978979,-0.030467582834433852,0.01448078688530337,-0.9994308546404748,0.0,0.0,0.15707963267948966
17.92792792792793,-0.030535551021235875,0.014336907491511628,-0.9994308546404748,0.0,0.0,0.15707963267948966
17.95795795795796,-0.030602839760008972,0.014192709086494924,-0.9994308546404748,0.0,0.0,0.15707963267948966
17.98798798798799,-0.03066944755350813,0.014048194878818974,-0.9994308546404748,0.0,0.0,0.15707963267948966
18.01801801801802,-0.0307353729196401,0.013903368084076429,-0.9994308546404748,0.0,0.0,0.15707963267948966
18.04804804804805,-0.030800614391496374,0.013758231924815323,-0.9994308546404748,0.0,0.0,0.15707963267948966
18.07807807807808,-0.030865170517385777,0.013612789630467404,-0.9994308546404748,0.0,0.0,0.15707963267948966
18.10810810810811,-0.030929039860866824,0.013467044437276218,-0.9994308546404748,0.0,0.0,0.15707963267948966
18.13813813813814,-0.030992221000779648,0.013320999588225144,-0.9994308546404748,0.0,0.0,0.15707963267948966
18.16816816816817,-0.03105471253127762,0.013174658332965205,-0.9994308546404748,0.0,0.0,0.15707963267948966
18.1981981981982,-0.03111651306185869,0.013028023927742785,-0.9994308546404748,0.0,0.0,0.15707963267948966
18.22822822822823,-0.031177621217396225,0.01288109963532715,-0.9994308546404748,0.0,0.0,0.15707963267948966
18.25825825825826,-0.0312380356381697,0.01273388872493787,-0.9994308546404748,0.0,0.0,0.15707963267948966
18.28828828828829,-0.0312977549798949,0.012586394472172068,-0.9994308546404748,0.0,0.0,0.15707963267948966
18.31831831831832,-0.03135677791375387,0.012438620158931525,-0.9994308546404748,0.0,0.0,0.15707963267948966
18.34834834834835,-0.031415103126424405,0.012290569073349656,-0.9994308546404748,0.0,0.0,0.15707963267948966
18.37837837837838,-0.03147272932010939,0.01214224450971836,-0.9994308546404748,0.0,0.0,0.15707963267948966
18.40840840840841,-0.03152965521256557,0.011993649768414705,-0.9994308546404748,0.0,0.0,0.15707963267948966
18.43843843843844,-0.0315858795371322,0.011844788155827506,-0.9994308546404748,0.0,0.0,0.15707963267948966
18.46846846846847,-0.03164140104275905,0.011695662984283723,-0.9994308546404748,0.0,0.0,0.15707963267948966
18.4984984984985,-0.031696218494034416,0.011546277571974798,-0.9994308546404748,0.0,0.0,0.15707963267948966
18.52852852852853,-0.03175033067121251,0.011396635242882794,-0.9994308546404748,0.0,0.0,0.15707963267948966
18.55855855855856,-0.031803736370240684,0.011246739326706454,-0.9994308546404748,0.0,0.0,0.15707963267948966
18.58858858858859,-0.03185643440278613,0.01109659315878707,-0.9994308546404748,0.0,0.0,0.15707963267948966
18.61861861861862,-0.03190842359626236,0.01094620008003434,-0.9994308546404748,0.0,0.0,0.15707963267948966
18.64864864864865,-0.03195970279385529,0.01079556343685195,-0.9994308546404748,0.0,0.0,0.15707963267948966
18.67867867867868,-0.032010270854549015,0.010644686581063162,-0.9994308546404748,0.0,0.0,0.15707963267948966
18.70870870870871,-0.03206012665315115,0.010493572869836225,-0.9994308546404748,0.0,0.0,0.15707963267948966
18.73873873873874,-0.032109269080317936,0.01034222566560967,-0.9994308546404748,0.0,0.0,0.15707963267948966
18.76876876876877,-0.032157697042578794,0.010190648336017492,-0.9994308546404748,0.0,0.0,0.15707963267948966
18.7987987987988,-0.0322054094623608,0.010038844253814213,-0.9994308546404748,0.0,0.0,0.15707963267948966
18.82882882882883,-0.0322524052780126,0.009886816796799834,-0.9994308546404748,0.0,0.0,0.15707963267948966
18.85885885885886,-0.032298683443827976,0.009734569347744693,-0.9994308546404748,0.0,0.0,0.15707963267948966
18.88888888888889,-0.03234424293006927,0.009582105294314166,-0.9994308546404748,0.0,0.0,0.15707963267948966
18.91891891891892,-0.03238908272299006,0.009429428028993313,-0.9994308546404748,0.0,0.0,0.15707963267948966
18.94894894894895,-0.03243320182485802,0.009276540949011385,-0.9994308546404748,0.0,0.0,0.15707963267948966
18.97897897897898,-0.03247659925397682,0.009123447456266224,-0.9994308546404748,0.0,0.0,0.15707963267948966
19.00900900900901,-0.032519274044708175,0.008970150957248568,-0.9994308546404748,0.0,0.0,0.15707963267948966
19.03903903903904,-0.03256122524749324,0.00881665486296627,-0.9994308546404748,0.0,0.0,0.15707963267948966
19.06906906906907,-0.03260245192887375,0.008662962588868374,-0.9994308546404748,0.0,0.0,0.15707963267948966
19.0990990990991,-0.03264295317151287,0.008509077554769139,-0.9994308546404748,0.0,0.0,0.15707963267948966
19.12912912912913,-0.03268272807421542,0.008355003184771932,-0.9994308546404748,0.0,0.0,0.15707963267948966
19.15915915915916,-0.032721775751948116,0.008200742907193042,-0.9994308546404748,0.0,0.0,0.15707963267948966
19.18918918918919,-0.03276009533585921,0.008046300154485396,-0.9994308546404748,0.0,0.0,0.15707963267948966
19.21921921921922,-0.0327976859732978,0.007891678363162196,-0.9994308546404748,0.0,0.0,0.15707963267948966
19.24924924924925,-0.032834546827832725,0.0077368809737204235,-0.9994308546404748,0.0,0.0,0.15707963267948966
19.27927927927928,-0.03287067707927138,0.007581911430564303,-0.9994308546404748,0.0,0.0,0.15707963267948966
19.30930930930931,-0.03290607592367772,0.0074267731819286755,-0.9994308546404748,0.0,0.0,0.15707963267948966
19.33933933933934,-0.03294074257339039,0.007271469679802245,-0.9994308546404748,0.0,0.0,0.15707963267948966
19.36936936936937,-0.03297467625704006,0.007116004379850782,-0.9994308546404748,0.0,0.0,0.15707963267948966
19.3993993993994,-0.03300787621956671,0.006960380741340226,-0.9994308546404748,0.0,0.0,0.15707963267948966
19.42942942942943,-0.03304034172223634,0.0068046022270597155,-0.9994308546404748,0.0,0.0,0.15707963267948966
19.45945945945946,-0.0330720720426575,0.00664867230324454,-0.9994308546404748,0.0,0.0,0.15707963267948966
19.48948948948949,-0.033103066474797244,0.006492594439499008,-0.9994308546404748,0.0,0.0,0.15707963267948966
19.51951951951952,-0.03313332432899698,0.00633637210871924,-0.9994308546404748,0.0,0.0,0.15707963267948966
19.54954954954955,-0.03316284493198774,0.006180008787015916,-0.9994308546404748,0.0,0.0,0.15707963267948966
19.57957957957958,-0.03319162762690512,0.006023507953636898,-0.9994308546404748,0.0,0.0,0.15707963267948966
19.60960960960961,-0.03321967177330402,0.005866873090889829,-0.9994308546404748,0.0,0.0,0.15707963267948966
19.63963963963964,-0.033246976747172724,0.005710107684064654,-0.9994308546404748,0.0,0.0,0.15707963267948966
19.66966966966967,-0.03327354194094697,0.0055532152213560474,-0.9994308546404748,0.0,0.0,0.15707963267948966
19.6996996996997,-0.033299366763523325,0.0053961991937858216,-0.9994308546404748,0.0,0.0,0.15707963267948966
19.72972972972973,-0.03332445064027243,0.005239063095125231,-0.9994308546404748,0.0,0.0,0.15707963267948966
19.75975975975976,-0.03334879301305169,0.005081810421817243,-0.9994308546404748,0.0,0.0,0.15707963267948966
19.78978978978979,-0.0333723933402178,0.0049244446728987255,-0.9994308546404748,0.0,0.0,0.15707963267948966
19.81981981981982,-0.03339525109663877,0.0047669693499226016,-0.9994308546404748,0.0,0.0,0.15707963267948966
19.84984984984985,-0.033417365773705514,0.0046093879568799324,-0.9994308546404748,0.0,0.0,0.15707963267948966
19.87987987987988,-0.033438736879343296,0.004451704000121946,-0.9994308546404748,0.0,0.0,0.15707963267948966
19.90990990990991,-0.033459363938022596,0.004293920988282028,-0.9994308546404748,0.0,0.0,0.15707963267948966
19.93993993993994,-0.033479246490769714,0.004136042432197637,-0.9994308546404748,0.0,0.0,0.15707963267948966
19.96996996996997,-0.03349838409517703,0.003978071844832188,-0.9994308546404748,0.0,0.0,0.15707963267948966
20.0,-0.03351677632541276,0.0038200127411968992,-0.9994308546404748,0.0,0.0,0.15707963267948966
20.03003003003003,-0.03353442277223049,0.0036618686382725633,-0.9994308546404748,0.0,0.0,0.15707963267948966
20.06006006006006,-0.03355132304297829,0.003503643054931292,-0.9994308546404748,0.0,0.0,0.15707963267948966
20.09009009009009,-0.03356747676160741,0.0033453395118582282,-0.9994308546404748,0.0,0.0,0.15707963267948966
20.12012012012012,-0.03358288356868067,0.003186961531473198,-0.9994308546404748,0.0,0.0,0.15707963267948966
20.15015015015015,-0.033597543121380476,0.003028512637852333,-0.9994308546404748,0.0,0.0,0.15707963267948966
20.18018018018018,-0.033611455093516394,0.0028699963566496643,-0.9994308546404748,0.0,0.0,0.15707963267948966
20.21021021021021,-0.03362461917553247,0.002711416215018663,-0.9994308546404748,0.0,0.0,0.15707963267948966
20.24024024024024,-0.03363703507451406,0.0025527757415337617,-0.9994308546404748,0.0,0.0,0.15707963267948966
20.27027027027027,-0.03364870251419441,0.0023940784661118427,-0.9994308546404748,0.0,0.0,0.15707963267948966
20.3003003003003,-0.03365962123496072,0.0022353279199336887,-0.9994308546404748,0.0,0.0,0.15707963267948966
20.33033033033033,-0.03366979099386001,0.0020765276353654147,-0.9994308546404748,0.0,0.0,0.15707963267948966
20.36036036036036,-0.03367921156460448,0.0019176811458798656,-0.9994308546404748,0.0,0.0,0.15707963267948966
20.39039039039039,-0.03368788273757659,0.0017587919859779941,-0.9994308546404748,0.0,0.0,0.15707963267948966
20.42042042042042,-0.033695804319833614,0.0015998636911102157,-0.9994308546404748,0.0,0.0,0.15707963267948966
20.45045045045045,-0.03370297613511207,0.001440899797597738,-0.9994308546404748,0.0,0.0,0.15707963267948966
20.48048048048048,-0.033709398023831515,0.0012819038425538765,-0.9994308546404748,0.0,0.0,0.15707963267948966
20.51051051051051,-0.033715069843098217,0.0011228793638053502,-0.9994308546404748,0.0,0.0,0.15707963267948966
20.54054054054054,-0.03371999146670822,0.0009638298998135602,-0.9994308546404748,0.0,0.0,0.15707963267948966
20.57057057057057,-0.033724162785150266,0.0008047589895958543,-0.9994308546404748,0.0,0.0,0.15707963267948966
20.6006006006006,-0.03372758370560814,0.0006456701726467822,-0.9994308546404748,0.0,0.0,0.15707963267948966
20.63063063063063,-0.033730254151962756,0.0004865669888593368,-0.9994308546404748,0.0,0.0,0.15707963267948966
20.66066066066066,-0.03373217406479392,0.00032745297844618914,-0.9994308546404748,0.0,0.0,0.15707963267948966
20.69069069069069,-0.03373334340138151,0.00016833168186091313,-0.9994308546404748,0.0,0.0,0.15707963267948966
20.72072072072072,-0.033733762135706606,9.2066397192079e-06,-0.9994308546404748,0.0,0.0,0.15707963267948966
20.75075075075075,-0.03373343025845192,-0.00014991860727988493,-0.9994308546404748,0.0,0.0,0.15707963267948966
20.78078078078078,-0.03373234777700206,-0.00030904051843276537,-0.9994308546404748,0.0,0.0,0.15707963267948966
20.81081081081081,-0.03373051471544337,-0.0004681555531100595,-0.9994308546404748,0.0,0.0,0.15707963267948966
20.84084084084084,-0.03372793111456339,-0.0006272601708354022,-0.9994308546404748,0.0,0.0,0.15707963267948966
20.87087087087087,-0.033724597031849955,-0.0007863508313642165,-0.9994308546404748,0.0,0.0,0.15707963267948966
20.9009009009009,-0.03372051254148989,-0.0009454239947624874,-0.9994308546404748,0.0,0.0,0.15707963267948966
20.93093093093093,-0.03371567773436741,-0.0011044761214855305,-0.9994308546404748,0.0,0.0,0.15707963267948966
20.96096096096096,-0.033710092718062024,-0.0012635036724567483,-0.9994308546404748,0.0,0.0,0.15707963267948966
20.99099099099099,-0.0337037576168462,-0.00142250310914638,-0.9994308546404748,0.0,0.0,0.15707963267948966
21.02102102102102,-0.03369667257168259,-0.0015814708936502356,-0.9994308546404748,0.0,0.0,0.15707963267948966
21.05105105105105,-0.033688837740220905,-0.0017404034887684222,-0.9994308546404748,0.0,0.0,0.15707963267948966
21.08108108108108,-0.033680253296794305,-0.0018992973580840454,-0.9994308546404748,0.0,0.0,0.15707963267948966
21.11111111111111,-0.03367091943241569,-0.0020581489660419006,-0.9994308546404748,0.0,0.0,0.15707963267948966
21.14114114114114,-0.033660836354773314,-0.0022169547780271446,-0.9994308546404748,0.0,0.0,0.15707963267948966
21.17117117117117,-0.03365000428822627,-0.0023757112604439416,-0.9994308546404748,0.0,0.0,0.15707963267948966
21.2012012012012,-0.03363842347379937,-0.0025344148807940896,-0.9994308546404748,0.0,0.0,0.15707963267948966
21.23123123123123,-0.03362609416917787,-0.002693062107755624,-0.9994308546404748,0.0,0.0,0.15707963267948966
21.26126126126126,-0.03361301664870175,-0.002851649411261392,-0.9994308546404748,0.0,0.0,0.15707963267948966
21.29129129129129,-0.03359919120335951,-0.003010173262577601,-0.9994308546404748,0.0,0.0,0.15707963267948966
21.32132132132132,-0.03358461814078184,-0.0031686301343823355,-0.9994308546404748,0.0,0.0,0.15707963267948966
21.35135135135135,-0.03356929778523465,-0.0033270165008440415,-0.9994308546404748,0.0,0.0,0.15707963267948966
21.38138138138138,-0.03355323047761193,-0.003485328837699989,-0.9994308546404748,0.0,0.0,0.15707963267948966
21.41141141141141,-0.0335364165754281,-0.00364356362233468,-0.9994308546404748,0.0,0.0,0.15707963267948966
21.44144144144144,-0.03351885645281013,-0.003801717333858237,-0.9994308546404748,0.0,0.0,0.15707963267948966
21.47147147147147,-0.03350055050048916,-0.003959786453184741,-0.9994308546404748,0.0,0.0,0.15707963267948966
21.5015015015015,-0.03348149912579179,-0.004117767463110544,-0.9994308546404748,0.0,0.0,0.15707963267948966
21.53153153153153,-0.03346170275263114,-0.004275656848392516,-0.9994308546404748,0.0,0.0,0.15707963267948966
21.56156156156156,-0.03344116182149725,-0.004433451095826276,-0.9994308546404748,0.0,0.0,0.15707963267948966
21.59159159159159,-0.03341987678944734,-0.004591146694324362,-0.9994308546404748,0.0,0.0,0.15707963267948966
21.62162162162162,-0.03339784813009576,-0.004748740134994351,-0.9994308546404748,0.0,0.0,0.15707963267948966
21.65165165165165,-0.03337507633360323,-0.004906227911216944,-0.9994308546404748,0.0,0.0,0.15707963267948966
21.68168168168168,-0.033351561906666105,-0.0050636065187239804,-0.9994308546404748,0.0,0.0,0.15707963267948966
21.71171171171171,-0.033327305372505056,-0.005220872455676418,-0.9994308546404748,0.0,0.0,0.15707963267948966
21.74174174174174,-0.0333023072708534,-0.005378022222742259,-0.9994308546404748,0.0,0.0,0.15707963267948966
21.77177177177177,-0.03327656815794513,-0.005535052323174401,-0.9994308546404748,0.0,0.0,0.15707963267948966
21.8018018018018,-0.03325008860650245,-0.005691959262888452,-0.9994308546404748,0.0,0.0,0.15707963267948966
21.83183183183183,-0.033222869205723184,-0.005848739550540476,-0.9994308546404748,0.0,0.0,0.15707963267948966
21.86186186186186,-0.03319491056126751,-0.006005389697604678,-0.9994308546404748,0.0,0.0,0.15707963267948966
21.89189189189189,-0.03316621329524463,-0.0061619062184510255,-0.9994308546404748,0.0,0.0,0.15707963267948966
21.92192192192192,-0.033136778046198766,-0.0063182856304228145,-0.9994308546404748,0.0,0.0,0.15707963267948966
21.95195195195195,-0.033106605469095086,-0.006474524453914148,-0.9994308546404748,0.0,0.0,0.15707963267948966
21.98198198198198,-0.03307569623530506,-0.006630619212447379,-0.9994308546404748,0.0,0.0,0.15707963267948966
22.01201201201201,-0.03304405103259154,-0.006786566432750453,-0.9994308546404748,0.0,0.0,0.15707963267948966
22.04204204204204,-0.033011670565093486,-0.006942362644834195,-0.9994308546404748,0.0,0.0,0.15707963267948966
22.07207207207207,-0.03297855555331025,-0.007098004382069523,-0.9994308546404748,0.0,0.0,0.15707963267948966
22.1021021021021,-0.03294470673408556,-0.007253488181264583,-0.9994308546404748,0.0,0.0,0.15707963267948966
22.13213213213213,-0.03291012486059116,-0.007408810582741807,-0.9994308546404748,0.0,0.0,0.15707963267948966
22.16216216216216,-0.032874810702309985,-0.007563968130414894,-0.9994308546404748,0.0,0.0,0.15707963267948966
22.19219219219219,-0.0328387650450191,-0.007718957371865717,-0.9994308546404748,0.0,0.0,0.15707963267948966
22.22222222222222,-0.032801988690772145,-0.007873774858421136,-0.9994308546404748,0.0,0.0,0.15707963267948966
22.25225225225225,-0.03276448245788158,-0.008028417145229734,-0.9994308546404748,0.0,0.0,0.15707963267948966
22.28228228228228,-0.03272624718090041,-0.008182880791338484,-0.9994308546404748,0.0,0.0,0.15707963267948966
22.31231231231231,-0.032687283710603636,-0.008337162359769282,-0.9994308546404748,0.0,0.0,0.15707963267948966
22.34234234234234,-0.03264759291396934,-0.008491258417595468,-0.9994308546404748,0.0,0.0,0.15707963267948966
22.37237237237237,-0.03260717567415937,-0.008645165536018165,-0.9994308546404748,0.0,0.0,0.15707963267948966
22.4024024024024,-0.03256603289049968,-0.008798880290442611,-0.9994308546404748,0.0,0.0,0.15707963267948966
22.43243243243243,-0.03252416547846036,-0.008952399260554337,-0.9994308546404748,0.0,0.0,0.15707963267948966
22.46246246246246,-0.032481574369635245,-0.009105719030395282,-0.9994308546404748,0.0,0.0,0.15707963267948966
22.49249249249249,-0.032438260511721106,-0.009258836188439796,-0.9994308546404748,0.0,0.0,0.15707963267948966
22.52252252252252,-0.03239422486849675,-0.009411747327670564,-0.9994308546404748,0.0,0.0,0.15707963267948966
22.55255255255255,-0.0323494684198014,-0.009564449045654401,-0.9994308546404748,0.0,0.0,0.15707963267948966
22.58258258258258,-0.032303992161512966,-0.009716937944617959,-0.9994308546404748,0.0,0.0,0.15707963267948966
22.61261261261261,-0.03225779710552588,-0.009869210631523346,-0.9994308546404748,0.0,0.0,0.15707963267948966
22.64264264264264,-0.03221088427972859,-0.010021263718143608,-0.9994308546404748,0.0,0.0,0.15707963267948966
22.67267267267267,-0.03216325472798066,-0.01017309382113812,-0.9994308546404748,0.0,0.0,0.15707963267948966
22.7027027027027,-0.03211490951008952,-0.010324697562127894,-0.9994308546404748,0.0,0.0,0.15707963267948966
22.73273273273273,-0.032065849701787,-0.010476071567770723,-0.9994308546404748,0.0,0.0,0.15707963267948966
22.762762762762762,-0.03201607639470526,-0.010627212469836257,-0.9994308546404748,0.0,0.0,0.15707963267948966
22.792792792792792,-0.0319655906963526,-0.010778116905280943,-0.9994308546404748,0.0,0.0,0.15707963267948966
22.822822822822822,-0.031914393730088766,-0.010928781516322855,-0.9994308546404748,0.0,0.0,0.15707963267948966
22.852852852852852,-0.031862486635099864,-0.011079202950516415,-0.9994308546404748,0.0,0.0,0.15707963267948966
22.882882882882882,-0.031809870566373244,-0.011229377860826983,-0.9994308546404748,0.0,0.0,0.15707963267948966
22.912912912912912,-0.03175654669467156,-0.011379302905705341,-0.9994308546404748,0.0,0.0,0.15707963267948966
22.942942942942942,-0.031702516206506916,-0.011528974749162035,-0.9994308546404748,0.0,0.0,0.15707963267948966
22.972972972972972,-0.031647780304114304,-0.011678390060841598,-0.9994308546404748,0.0,0.0,0.15707963267948966
23.003003003003002,-0.031592340205424965,-0.01182754551609668,-0.9994308546404748,0.0,0.0,0.15707963267948966
23.033033033033032,-0.031536197144039206,-0.011976437796061995,-0.9994308546404748,0.0,0.0,0.15707963267948966
23.063063063063062,-0.03147935236919904,-0.012125063587728191,-0.9994308546404748,0.0,0.0,0.15707963267948966
23.093093093093092,-0.031421807145760296,-0.012273419584015562,-0.9994308546404748,0.0,0.0,0.15707963267948966
23.123123123123122,-0.03136356275416455,-0.012421502483847623,-0.9994308546404748,0.0,0.0,0.15707963267948966
23.153153153153152,-0.031304620490410565,-0.012569308992224587,-0.9994308546404748,0.0,0.0,0.15707963267948966
23.183183183183182,-0.031244981666025514,-0.01271683582029665,-0.9994308546404748,0.0,0.0,0.15707963267948966
23.213213213213212,-0.03118464760803579,-0.012864079685437197,-0.9994308546404748,0.0,0.0,0.15707963267948966
23.243243243243242,-0.031123619658937455,-0.013011037311315829,-0.9994308546404748,0.0,0.0,0.15707963267948966
23.273273273273272,-0.031061899176666363,-0.013157705427971286,-0.9994308546404748,0.0,0.0,0.15707963267948966
23.303303303303302,-0.03099948753456795,-0.013304080771884169,-0.9994308546404748,0.0,0.0,0.15707963267948966
23.333333333333332,-0.030936386121366694,-0.013450160086049589,-0.9994308546404748,0.0,0.0,0.15707963267948966
23.363363363363362,-0.03087259634113522,-0.013595940120049643,-0.9994308546404748,0.0,0.0,0.15707963267948966
23.393393393393392,-0.03080811961326302,-0.013741417630125702,-0.9994308546404748,0.0,0.0,0.15707963267948966
23.423423423423422,-0.030742957372424905,-0.013886589379250627,-0.9994308546404748,0.0,0.0,0.15707963267948966
23.453453453453452,-0.030677111068549055,-0.014031452137200778,-0.9994308546404748,0.0,0.0,0.15707963267948966
23.483483483483482,-0.03061058216678477,-0.014176002680627887,-0.9994308546404748,0.0,0.0,0.15707963267948966
23.513513513513512,-0.030543372147469883,-0.014320237793130793,-0.9994308546404748,0.0,0.0,0.15707963267948966
23.543543543543542,-0.030475482506097804,-0.014464154265327005,-0.9994308546404748,0.0,0.0,0.15707963267948966
23.573573573573572,-0.03040691475328423,-0.014607748894924114,-0.9994308546404748,0.0,0.0,0.15707963267948966
23.603603603603602,-0.030337670414733564,-0.014751018486791036,-0.9994308546404748,0.0,0.0,0.15707963267948966
23.633633633633632,-0.030267751031204944,-0.014893959853029127,-0.9994308546404748,0.0,0.0,0.15707963267948966
23.663663663663662,-0.030197158158477965,-0.015036569813043098,-0.9994308546404748,0.0,0.0,0.15707963267948966
23.693693693693692,-0.03012589336731807,-0.015178845193611807,-0.9994308546404748,0.0,0.0,0.15707963267948966
23.723723723723722,-0.030053958243441592,-0.015320782828958844,-0.9994308546404748,0.0,0.0,0.15707963267948966
23.753753753753752,-0.029981354387480466,-0.015462379560823003,-0.9994308546404748,0.0,0.0,0.15707963267948966
23.783783783783782,-0.02990808341494662,-0.015603632238528516,-0.9994308546404748,0.0,0.0,0.15707963267948966
23.813813813813812,-0.02983414695619602,-0.015744537719055197,-0.9994308546404748,0.0,0.0,0.15707963267948966
23.843843843843842,-0.029759546656392393,-0.01588509286710834,-0.9994308546404748,0.0,0.0,0.15707963267948966
23.873873873873872,-0.02968428417547064,-0.016025294555188547,-0.9994308546404748,0.0,0.0,0.15707963267948966
23.903903903903903,-0.029608361188099876,-0.016165139663661225,-0.9994308546404748,0.0,0.0,0.15707963267948966
23.933933933933933,-0.029531779383646182,-0.016304625080826068,-0.9994308546404748,0.0,0.0,0.15707963267948966
23.963963963963963,-0.029454540466135,-0.016443747702986292,-0.9994308546404748,0.0,0.0,0.15707963267948966
23.993993993993993,-0.02937664615421326,-0.01658250443451768,-0.9994308546404748,0.0,0.0,0.15707963267948966
24.024024024024023,-0.029298098181111072,-0.016720892187937448,-0.9994308546404748,0.0,0.0,0.15707963267948966
24.054054054054053,-0.0292188982946032,-0.01685890788397298,-0.9994308546404748,0.0,0.0,0.15707963267948966
24.084084084084083,-0.029139048256970147,-0.016996548451630327,-0.9994308546404748,0.0,0.0,0.15707963267948966
24.114114114114113,-0.029058549844958988,-0.017133810828262513,-0.9994308546404748,0.0,0.0,0.15707963267948966
24.144144144144143,-0.028977404849743805,-0.017270691959637742,-0.9994308546404748,0.0,0.0,0.15707963267948966
24.174174174174173,-0.02889561507688582,-0.01740718880000731,-0.9994308546404748,0.0,0.0,0.15707963267948966
24.204204204204203,-0.02881318234629326,-0.01754329831217339,-0.9994308546404748,0.0,0.0,0.15707963267948966
24.234234234234233,-0.02873010849218081,-0.017679017467556606,-0.9994308546404748,0.0,0.0,0.15707963267948966
24.264264264264263,-0.02864639536302881,-0.01781434324626346,-0.9994308546404748,0.0,0.0,0.15707963267948966
24.294294294294293,-0.028562044821542194,-0.01794927263715347,-0.9994308546404748,0.0,0.0,0.15707963267948966
24.324324324324323,-0.02847705874460894,-0.0180838026379062,-0.9994308546404748,0.0,0.0,0.15707963267948966
24.354354354354353,-0.028391439023258375,-0.018217930255088062,-0.9994308546404748,0.0,0.0,0.15707963267948966
24.384384384384383,-0.028305187562619082,-0.01835165250421896,-0.9994308546404748,0.0,0.0,0.15707963267948966
24.414414414414413,-0.028218306281876496,-0.018484966409838603,-0.9994308546404748,0.0,0.0,0.15707963267948966
24.444444444444443,-0.02813079711423022,-0.01861786900557281,-0.9994308546404748,0.0,0.0,0.15707963267948966
24.474474474474473,-0.02804266200685099,-0.018750357334199465,-0.9994308546404748,0.0,0.0,0.15707963267948966
24.504504504504503,-0.027953902920837367,-0.018882428447714355,-0.9994308546404748,0.0,0.0,0.15707963267948966
24.534534534534533,-0.027864521831172086,-0.019014079407396692,-0.9994308546404748,0.0,0.0,0.15707963267948966
24.564564564564563,-0.0277745207266781,-0.019145307283874584,-0.9994308546404748,0.0,0.0,0.15707963267948966
24.594594594594593,-0.027683901609974363,-0.019276109157190188,-0.9994308546404748,0.0,0.0,0.15707963267948966
24.624624624624623,-0.027592666497431258,-0.019406482116864653,-0.9994308546404748,0.0,0.0,0.15707963267948966
24.654654654654653,-0.027500817419125686,-0.01953642326196293,-0.9994308546404748,0.0,0.0,0.15707963267948966
24.684684684684683,-0.027408356418795965,-0.019665929701158283,-0.9994308546404748,0.0,0.0,0.15707963267948966
24.714714714714713,-0.02731528555379628,-0.019794998552796643,-0.9994308546404748,0.0,0.0,0.15707963267948966
24.744744744744743,-0.027221606895051,-0.019923626944960738,-0.9994308546404748,0.0,0.0,0.15707963267948966
24.774774774774773,-0.02712732252700848,-0.020051812015533955,-0.9994308546404748,0.0,0.0,0.15707963267948966
24.804804804804803,-0.02703243454759479,-0.02017955091226405,-0.9994308546404748,0.0,0.0,0.15707963267948966
24.834834834834833,-0.026936945068166983,-0.020306840792826644,-0.9994308546404748,0.0,0.0,0.15707963267948966
24.864864864864863,-0.02684085621346609,-0.020433678824888415,-0.9994308546404748,0.0,0.0,0.15707963267948966
24.894894894894893,-0.026744170121569866,-0.020560062186170156,-0.9994308546404748,0.0,0.0,0.15707963267948966
24.924924924924923,-0.02664688894384526,-0.02068598806450955,-0.9994308546404748,0.0,0.0,0.15707963267948966
24.954954954954953,-0.026549014844900482,-0.020811453657923768,-0.9994308546404748,0.0,0.0,0.15707963267948966
24.984984984984983,-0.026450550002536856,-0.0209364561746718,-0.9994308546404748,0.0,0.0,0.15707963267948966
25.015015015015013,-0.026351496607700368,-0.021060992833316562,-0.9994308546404748,0.0,0.0,0.15707963267948966
25.045045045045043,-0.02625185686443294,-0.021185060862786816,-0.9994308546404748,0.0,0.0,0.15707963267948966
25.075075075075073,-0.02615163298982329,-0.021308657502438825,-0.9994308546404748,0.0,0.0,0.15707963267948966
25.105105105105103,-0.02605082721395777,-0.021431780002117727,-0.9994308546404748,0.0,0.0,0.15707963267948966
25.135135135135133,-0.025949441779870575,-0.021554425622218834,-0.9994308546404748,0.0,0.0,0.15707963267948966
25.165165165165163,-0.02584747894349391,-0.021676591633748483,-0.9994308546404748,0.0,0.0,0.15707963267948966
25.195195195195193,-0.025744940973607827,-0.021798275318384817,-0.9994308546404748,0.0,0.0,0.15707963267948966
25.225225225225223,-0.025641830151789672,-0.02191947396853826,-0.9994308546404748,0.0,0.0,0.15707963267948966
25.255255255255253,-0.02553814877236332,-0.02204018488741176,-0.9994308546404748,0.0,0.0,0.15707963267948966
25.285285285285283,-0.025433899142348206,-0.0221604053890608,-0.9994308546404748,0.0,0.0,0.15707963267948966
25.315315315315313,-0.025329083581407914,-0.022280132798453145,-0.9994308546404748,0.0,0.0,0.15707963267948966
25.345345345345343,-0.02522370442179858,-0.022399364451528417,-0.9994308546404748,0.0,0.0,0.15707963267948966
25.375375375375373,-0.02511776400831698,-0.022518097695257304,-0.9994308546404748,0.0,0.0,0.15707963267948966
25.405405405405403,-0.025011264698248423,-0.022636329887700635,-0.9994308546404748,0.0,0.0,0.15707963267948966
25.435435435435434,-0.02490420886131422,-0.022754058398068135,-0.9994308546404748,0.0,0.0,0.15707963267948966
25.465465465465464,-0.024796598879619,-0.022871280606777008,-0.9994308546404748,0.0,0.0,0.15707963267948966
25.495495495495494,-0.024688437147597688,-0.02298799390551021,-0.9994308546404748,0.0,0.0,0.15707963267948966
25.525525525525524,-0.024579726071962245,-0.023104195697274444,-0.9994308546404748,0.0,0.0,0.15707963267948966
25.555555555555554,-0.024470468071648106,-0.023219883396458023,-0.9994308546404748,0.0,0.0,0.15707963267948966
25.585585585585584,-0.02436066557776032,-0.023335054428888304,-0.9994308546404748,0.0,0.0,0.15707963267948966
25.615615615615614,-0.02425032103351953,-0.023449706231889057,-0.9994308546404748,0.0,0.0,0.15707963267948966
25.645645645645647,-0.024139436894207528,-0.023563836254337476,-0.9994308546404748,0.0,0.0,0.15707963267948966
25.675675675675677,-0.024028015627112712,-0.02367744195672084,-0.9994308546404748,0.0,0.0,0.15707963267948966
25.705705705705707,-0.02391605971147508,-0.023790520811193164,-0.9994308546404748,0.0,0.0,0.15707963267948966
25.735735735735737,-0.02380357163843116,-0.023903070301631385,-0.9994308546404748,0.0,0.0,0.15707963267948966
25.765765765765767,-0.02369055391095854,-0.024015087923691298,-0.9994308546404748,0.0,0.0,0.15707963267948966
25.795795795795797,-0.023577009043820145,-0.024126571184863364,-0.9994308546404748,0.0,0.0,0.15707963267948966
25.825825825825827,-0.023462939563508343,-0.024237517604528133,-0.9994308546404748,0.0,0.0,0.15707963267948966
25.855855855855857,-0.023348348008188666,-0.024347924714011412,-0.9994308546404748,0.0,0.0,0.15707963267948966
25.885885885885887,-0.023233236927643404,-0.024457790056639263,-0.9994308546404748,0.0,0.0,0.15707963267948966
25.915915915915917,-0.023117608883214777,-0.024567111187792607,-0.9994308546404748,0.0,0.0,0.15707963267948966
25.945945945945947,-0.023001466447748024,-0.02467588567496164,-0.9994308546404748,0.0,0.0,0.15707963267948966
25.975975975975977,-0.022884812205534132,-0.024784111097799967,-0.9994308546404748,0.0,0.0,0.15707963267948966
26.006006006006007,-0.02276764875225229,-0.024891785048178443,-0.9994308546404748,0.0,0.0,0.15707963267948966
26.036036036036037,-0.02264997869491219,-0.02499890513023878,-0.9994308546404748,0.0,0.0,0.15707963267948966
26.066066066066067,-0.022531804651796012,-0.025105468960446825,-0.9994308546404748,0.0,0.0,0.15707963267948966
26.096096096096097,-0.02241312925240011,-0.025211474167645603,-0.9994308546404748,0.0,0.0,0.15707963267948966
26.126126126126128,-0.022293955137376566,-0.025316918393108123,-0.9994308546404748,0.0,0.0,0.15707963267948966
26.156156156156158,-0.022174284958474393,-0.02542179929058979,-0.9994308546404748,0.0,0.0,0.15707963267948966
26.186186186186188,-0.022054121378480562,-0.025526114526380657,-0.9994308546404748,0.0,0.0,0.15707963267948966
26.216216216216218,-0.02193346707116075,-0.025629861779357346,-0.9994308546404748,0.0,0.0,0.15707963267948966
26.246246246246248,-0.021812324721199785,-0.025733038741034695,-0.9994308546404748,0.0,0.0,0.15707963267948966
26.276276276276278,-0.02169069702414198,-0.025835643115617122,-0.9994308546404748,0.0,0.0,0.15707963267948966
26.306306306306308,-0.02156858668633113,-0.02593767262004968,-0.9994308546404748,0.0,0.0,0.15707963267948966
26.336336336336338,-0.021445996424850306,-0.026039124984068945,-0.9994308546404748,0.0,0.0,0.15707963267948966
26.366366366366368,-0.02132292896746135,-0.026139997950253426,-0.9994308546404748,0.0,0.0,0.15707963267948966
26.396396396396398,-0.021199387052544254,-0.026240289274073833,-0.9994308546404748,0.0,0.0,0.15707963267948966
26.426426426426428,-0.02107537342903615,-0.026339996723943056,-0.9994308546404748,0.0,0.0,0.15707963267948966
26.456456456456458,-0.020950890856370218,-0.026439118081265808,-0.9994308546404748,0.0,0.0,0.15707963267948966
26.486486486486488,-0.020825942104414213,-0.02653765114048792,-0.9994308546404748,0.0,0.0,0.15707963267948966
26.516516516516518,-0.020700529953408896,-0.026635593709145547,-0.9994308546404748,0.0,0.0,0.15707963267948966
26.546546546546548,-0.02057465719390612,-0.026732943607913815,-0.9994308546404748,0.0,0.0,0.15707963267948966
26.576576576576578,-0.020448326626706783,-0.0268296986706554,-0.9994308546404748,0.0,0.0,0.15707963267948966
26.606606606606608,-0.020321541062798452,-0.026925856744468693,-0.9994308546404748,0.0,0.0,0.15707963267948966
26.636636636636638,-0.020194303323292896,-0.027021415689735716,-0.9994308546404748,0.0,0.0,0.15707963267948966
26.666666666666668,-0.02006661623936321,-0.027116373380169763,-0.9994308546404748,0.0,0.0,0.15707963267948966
26.696696696696698,-0.0199384826521809,-0.027210727702862626,-0.9994308546404748,0.0,0.0,0.15707963267948966
26.726726726726728,-0.01980990541285266,-0.027304476558331698,-0.9994308546404748,0.0,0.0,0.15707963267948966
26.756756756756758,-0.01968088738235687,-0.02739761786056665,-0.9994308546404748,0.0,0.0,0.15707963267948966
26.786786786786788,-0.01955143143148,-0.027490149537075844,-0.9994308546404748,0.0,0.0,0.15707963267948966
26.816816816816818,-0.019421540440752696,-0.027582069528932433,-0.9994308546404748,0.0,0.0,0.15707963267948966
26.846846846846848,-0.01929121730038571,-0.027673375790820215,-0.9994308546404748,0.0,0.0,0.15707963267948966
26.876876876876878,-0.01916046491020556,-0.027764066291079137,-0.9994308546404748,0.0,0.0,0.15707963267948966
26.906906906906908,-0.019029286179590037,-0.02785413901175046,-0.9994308546404748,0.0,0.0,0.15707963267948966
26.936936936936938,-0.018897684027403435,-0.027943591948621716,-0.9994308546404748,0.0,0.0,0.15707963267948966
26.966966966966968,-0.018765661381931656,-0.028032423111271243,-0.9994308546404748,0.0,0.0,0.15707963267948966
26.996996996996998,-0.01863322118081698,-0.028120630523112537,-0.9994308546404748,0.0,0.0,0.15707963267948966
27.027027027027028,-0.018500366370992765,-0.028208212221438198,-0.9994308546404748,0.0,0.0,0.15707963267948966
27.057057057057058,-0.01836709990861783,-0.02829516625746358,-0.9994308546404748,0.0,0.0,0.15707963267948966
27.087087087087088,-0.018233424759010703,-0.028381490696370228,-0.9994308546404748,0.0,0.0,0.15707963267948966
27.117117117117118,-0.018099343896583638,-0.028467183617348853,-0.9994308546404748,0.0,0.0,0.15707963267948966
27.147147147147148,-0.017964860304776408,-0.028552243113642104,-0.9994308546404748,0.0,0.0,0.15707963267948966
27.177177177177178,-0.017829976975989963,-0.028636667292587,-0.9994308546404748,0.0,0.0,0.15707963267948966
27.207207207207208,-0.01769469691151978,-0.02872045427565705,-0.9994308546404748,0.0,0.0,0.15707963267948966
27.237237237237238,-0.017559023121489156,-0.028803602198504006,-0.9994308546404748,0.0,0.0,0.15707963267948966
27.26726726726727,-0.01742295862478219,-0.02888610921099938,-0.9994308546404748,0.0,0.0,0.15707963267948966
27.2972972972973,-0.01728650644897659,-0.028967973477275654,-0.9994308546404748,0.0,0.0,0.15707963267948966
27.32732732732733,-0.017149669630276358,-0.029049193175767065,-0.9994308546404748,0.0,0.0,0.15707963267948966
27.35735735735736,-0.017012451213444194,-0.029129766499250143,-0.9994308546404748,0.0,0.0,0.15707963267948966
27.38738738738739,-0.016874854251733767,-0.029209691654883962,-0.9994308546404748,0.0,0.0,0.15707963267948966
27.41741741741742,-0.01673688180682173,-0.02928896686425,-0.9994308546404748,0.0,0.0,0.15707963267948966
27.44744744744745,-0.016598536948739667,-0.02936759036339173,-0.9994308546404748,0.0,0.0,0.15707963267948966
27.47747747747748,-0.016459822755805747,-0.029445560402853843,-0.9994308546404748,0.0,0.0,0.15707963267948966
27.50750750750751,-0.016320742314556196,-0.02952287524772122,-0.9994308546404748,0.0,0.0,0.15707963267948966
27.53753753753754,-0.01618129871967668,-0.029599533177657466,-0.9994308546404748,0.0,0.0,0.15707963267948966
27.56756756756757,-0.016041495073933397,-0.029675532486943282,-0.9994308546404748,0.0,0.0,0.15707963267948966
27.5975975975976,-0.01590133448810405,-0.02975087148451433,-0.9994308546404748,0.0,0.0,0.15707963267948966
27.62762762762763,-0.01576082008090866,-0.029825548493998915,-0.9994308546404748,0.0,0.0,0.15707963267948966
27.65765765765766,-0.015619954978940117,-0.029899561853755297,-0.9994308546404748,0.0,0.0,0.15707963267948966
27.68768768768769,-0.015478742316594648,-0.029972909916908586,-0.9994308546404748,0.0,0.0,0.15707963267948966
27.71771771771772,-0.015337185236002058,-0.03004559105138748,-0.9994308546404748,0.0,0.0,0.15707963267948966
27.74774774774775,-0.015195286886955832,-0.03011760363996052,-0.9994308546404748,0.0,0.0,0.15707963267948966
27.77777777777778,-0.015053050426843023,-0.030188946080272103,-0.9994308546404748,0.0,0.0,0.15707963267948966
27.80780780780781,-0.014910479020574007,-0.03025961678487812,-0.9994308546404748,0.0,0.0,0.15707963267948966
27.83783783783784,-0.014767575840512075,-0.030329614181281293,-0.9994308546404748,0.0,0.0,0.15707963267948966
27.86786786786787,-0.01462434406640283,-0.030398936711966154,-0.9994308546404748,0.0,0.0,0.15707963267948966
27.8978978978979,-0.014480786885303434,-0.030467582834433706,-0.9994308546404748,0.0,0.0,0.15707963267948966
27.92792792792793,-0.014336907491511697,-0.03053555102123575,-0.9994308546404748,0.0,0.0,0.15707963267948966
27.95795795795796,-0.014192709086494995,-0.030602839760008844,-0.9994308546404748,0.0,0.0,0.15707963267948966
27.98798798798799,-0.014048194878819044,-0.030669447553508013,-0.9994308546404748,0.0,0.0,0.15707963267948966
28.01801801801802,-0.013903368084076495,-0.030735372919639986,-0.9994308546404748,0.0,0.0,0.15707963267948966
28.04804804804805,-0.013758231924815402,-0.030800614391496256,-0.9994308546404748,0.0,0.0,0.15707963267948966
28.07807807807808,-0.013612789630467489,-0.030865170517385656,-0.9994308546404748,0.0,0.0,0.15707963267948966
28.10810810810811,-0.013467044437276308,-0.030929039860866696,-0.9994308546404748,0.0,0.0,0.15707963267948966
28.13813813813814,-0.01332099958822523,-0.03099222100077952,-0.9994308546404748,0.0,0.0,0.15707963267948966
28.16816816816817,-0.013174658332965295,-0.031054712531277496,-0.9994308546404748,0.0,0.0,0.15707963267948966
28.1981981981982,-0.013028023927742867,-0.03111651306185856,-0.9994308546404748,0.0,0.0,0.15707963267948966
28.22822822822823,-0.012881099635327235,-0.0311776212173961,-0.9994308546404748,0.0,0.0,0.15707963267948966
28.25825825825826,-0.012733888724937957,-0.031238035638169587,-0.9994308546404748,0.0,0.0,0.15707963267948966
28.28828828828829,-0.012586394472172155,-0.03129775497989481,-0.9994308546404748,0.0,0.0,0.15707963267948966
28.31831831831832,-0.012438620158931605,-0.03135677791375377,-0.9994308546404748,0.0,0.0,0.15707963267948966
28.34834834834835,-0.012290569073349735,-0.03141510312642432,-0.9994308546404748,0.0,0.0,0.15707963267948966
28.37837837837838,-0.012142244509718441,-0.03147272932010931,-0.9994308546404748,0.0,0.0,0.15707963267948966
28.40840840840841,-0.011993649768414789,-0.03152965521256552,-0.9994308546404748,0.0,0.0,0.15707963267948966
28.43843843843844,-0.011844788155827585,-0.031585879537132135,-0.9994308546404748,0.0,0.0,0.15707963267948966
28.46846846846847,-0.011695662984283805,-0.03164140104275899,-0.9994308546404748,0.0,0.0,0.15707963267948966
28.4984984984985,-0.011546277571974881,-0.03169621849403435,-0.9994308546404748,0.0,0.0,0.15707963267948966
28.52852852852853,-0.011396635242882877,-0.03175033067121249,-0.9994308546404748,0.0,0.0,0.15707963267948966
28.55855855855856,-0.011246739326706535,-0.031803736370240664,-0.9994308546404748,0.0,0.0,0.15707963267948966
28.58858858858859,-0.011096593158787155,-0.031856434402786106,-0.9994308546404748,0.0,0.0,0.15707963267948966
28.61861861861862,-0.010946200080034425,-0.03190842359626233,-0.9994308546404748,0.0,0.0,0.15707963267948966
28.64864864864865,-0.010795563436852031,-0.03195970279385527,-0.9994308546404748,0.0,0.0,0.15707963267948966
28.67867867867868,-0.010644686581063245,-0.032010270854548994,-0.9994308546404748,0.0,0.0,0.15707963267948966
28.70870870870871,-0.01049357286983631,-0.03206012665315115,-0.9994308546404748,0.0,0.0,0.15707963267948966
28.73873873873874,-0.010342225665609757,-0.03210926908031793,-0.9994308546404748,0.0,0.0,0.15707963267948966
28.76876876876877,-0.010190648336017582,-0.03215769704257878,-0.9994308546404748,0.0,0.0,0.15707963267948966
28.7987987987988,-0.010038844253814301,-0.032205409462360786,-0.9994308546404748,0.0,0.0,0.15707963267948966
28.82882882882883,-0.009886816796799923,-0.03225240527801255,-0.9994308546404748,0.0,0.0,0.15707963267948966
28.85885885885886,-0.009734569347744776,-0.03229868344382794,-0.9994308546404748,0.0,0.0,0.15707963267948966
28.88888888888889,-0.00958210529431425,-0.0323442429300692,-0.9994308546404748,0.0,0.0,0.15707963267948966
28.91891891891892,-0.009429428028993405,-0.032389082722990035,-0.9994308546404748,0.0,0.0,0.15707963267948966
28.94894894894895,-0.009276540949011477,-0.03243320182485797,-0.9994308546404748,0.0,0.0,0.15707963267948966
28.97897897897898,-0.00912344745626631,-0.03247659925397677,-0.9994308546404748,0.0,0.0,0.15707963267948966
29.00900900900901,-0.008970150957248658,-0.032519274044708155,-0.9994308546404748,0.0,0.0,0.15707963267948966
29.03903903903904,-0.008816654862966357,-0.03256122524749322,-0.9994308546404748,0.0,0.0,0.15707963267948966
29.06906906906907,-0.008662962588868459,-0.03260245192887377,-0.9994308546404748,0.0,0.0,0.15707963267948966
29.0990990990991,-0.008509077554769219,-0.03264295317151284,-0.9994308546404748,0.0,0.0,0.15707963267948966
29.12912912912913,-0.008355003184772005,-0.032682728074215406,-0.9994308546404748,0.0,0.0,0.15707963267948966
29.15915915915916,-0.008200742907193114,-0.03272177575194813,-0.9994308546404748,0.0,0.0,0.15707963267948966
29.18918918918919,-0.00804630015448547,-0.03276009533585924,-0.9994308546404748,0.0,0.0,0.15707963267948966
29.21921921921922,-0.007891678363162265,-0.032797685973297776,-0.9994308546404748,0.0,0.0,0.15707963267948966
29.24924924924925,-0.007736880973720485,-0.03283454682783271,-0.9994308546404748,0.0,0.0,0.15707963267948966
29.27927927927928,-0.007581911430564369,-0.03287067707927134,-0.9994308546404748,0.0,0.0,0.15707963267948966
29.30930930930931,-0.007426773181928744,-0.03290607592367772,-0.9994308546404748,0.0,0.0,0.15707963267948966
29.33933933933934,-0.007271469679802318,-0.03294074257339037,-0.9994308546404748,0.0,0.0,0.15707963267948966
29.36936936936937,-0.007116004379850855,-0.03297467625704005,-0.9994308546404748,0.0,0.0,0.15707963267948966
29.3993993993994,-0.0069603807413403,-0.03300787621956668,-0.9994308546404748,0.0,0.0,0.15707963267948966
29.42942942942943,-0.006804602227059792,-0.033040341722236306,-0.9994308546404748,0.0,0.0,0.15707963267948966
29.45945945945946,-0.006648672303244618,-0.03307207204265744,-0.9994308546404748,0.0,0.0,0.15707963267948966
29.48948948948949,-0.006492594439499085,-0.033103066474797174,-0.9994308546404748,0.0,0.0,0.15707963267948966
29.51951951951952,-0.00633637210871932,-0.03313332432899693,-0.9994308546404748,0.0,0.0,0.15707963267948966
29.54954954954955,-0.006180008787015995,-0.033162844931987685,-0.9994308546404748,0.0,0.0,0.15707963267948966
29.57957957957958,-0.0060235079536369775,-0.03319162762690509,-0.9994308546404748,0.0,0.0,0.15707963267948966
29.60960960960961,-0.00586687309088991,-0.033219671773303976,-0.9994308546404748,0.0,0.0,0.15707963267948966
29.63963963963964,-0.0057101076840647335,-0.03324697674717271,-0.9994308546404748,0.0,0.0,0.15707963267948966
29.66966966966967,-0.005553215221356129,-0.03327354194094697,-0.9994308546404748,0.0,0.0,0.15707963267948966
29.6996996996997,-0.005396199193785903,-0.03329936676352336,-0.9994308546404748,0.0,0.0,0.15707963267948966
29.72972972972973,-0.005239063095125316,-0.033324450640272445,-0.9994308546404748,0.0,0.0,0.15707963267948966
29.75975975975976,-0.005081810421817326,-0.03334879301305173,-0.9994308546404748,0.0,0.0,0.15707963267948966
29.78978978978979,-0.004924444672898807,-0.03337239334021788,-0.9994308546404748,0.0,0.0,0.15707963267948966
29.81981981981982,-0.004766969349922683,-0.03339525109663883,-0.9994308546404748,0.0,0.0,0.15707963267948966
29.84984984984985,-0.004609387956880014,-0.03341736577370558,-0.9994308546404748,0.0,0.0,0.15707963267948966
29.87987987987988,-0.004451704000122031,-0.03343873687934334,-0.9994308546404748,0.0,0.0,0.15707963267948966
29.90990990990991,-0.004293920988282113,-0.03345936393802263,-0.9994308546404748,0.0,0.0,0.15707963267948966
29.93993993993994,-0.00413604243219772,-0.03347924649076975,-0.9994308546404748,0.0,0.0,0.15707963267948966
29.96996996996997,-0.003978071844832274,-0.03349838409517703,-0.9994308546404748,0.0,0.0,0.15707963267948966
30.0,-0.0038200127411969847,-0.033516776325412764,-0.9994308546404748,0.0,0.0,0.15707963267948966
