Time,Sx,Sy,Sz,Hx,Hy,Hz
0.0,0.0,0.0,1.0,0.0,0.0,0.6283185307179586
0.03003003003003003,0.001774759209413365,-0.18755547817346094,0.9822524079058664,6.283185307179586,0.0,0.6283185307179586
0.06006006006006006,0.007035412206143997,-0.36838708528792363,0.9296458779385601,6.283185307179586,0.0,0.6283185307179586
0.09009009009009009,0.015593363825288479,-0.5360119625265816,0.8440663617471154,6.283185307179586,0.0,0.6283185307179586
0.12012012012012012,0.027141810273125552,-0.6844207339841266,0.7285818972687447,6.283185307179586,0.0,0.6283185307179586
0.15015015015015015,0.04126673808715131,-0.8082929239052594,0.5873326191284873,6.283185307179586,0.0,0.6283185307179586
0.18018018018018017,0.05746176657812609,-0.9031876965040723,0.42538233421873956,6.283185307179586,0.0,0.6283185307179586
0.21021021021021022,0.07514630165045588,-0.9657030605642912,0.24853698349544173,6.283185307179586,0.0,0.6283185307179586
0.24024024024024024,0.09368635018384192,-0.993597831312607,0.06313649816158107,6.283185307179586,0.0,0.6283185307179586
0.2702702702702703,0.1124497332567206,-0.993655100985427,0.0021442425529565323,0.0,0.0,0.6283185307179586
0.3003003003003003,0.13117731045858436,-0.9913566035714491,0.0021442425529565323,0.0,0.0,0.6283185307179586
0.3303303303303303,0.14985818763607392,-0.9887051763909696,0.0021442425529565323,0.0,0.0,0.6283185307179586
0.36036036036036034,0.1684857142684819,-0.9857017633702937,0.0021442425529565323,0.0,0.0,0.6283185307179586
0.39039039039039036,0.18705325882826193,-0.9823474337451054,0.0021442425529565323,0.0,0.0,0.6283185307179586
0.42042042042042044,0.20555421114189784,-0.9786433816798119,0.0021442425529565323,0.0,0.0,0.6283185307179586
0.45045045045045046,0.22398198474317108,-0.9745909258424152,0.0021442425529565323,0.0,0.0,0.6283185307179586
0.4804804804804805,0.24233001921798744,-0.9701915089350537,0.0021442425529565323,0.0,0.0,0.6283185307179586
0.5105105105105106,0.2605917825399305,-0.9654466971803923,0.0021442425529565323,0.0,0.0,0.6283185307179586
0.5405405405405406,0.27876077339570665,-0.9603581797640371,0.0021442425529565323,0.0,0.0,0.6283185307179586
0.5705705705705706,0.29683052349965866,-0.9549277682331715,0.0021442425529565323,0.0,0.0,0.6283185307179586
0.6006006006006006,0.31479459989651903,-0.9491573958516353,0.0021442425529565323,0.0,0.0,0.6283185307179586
0.6306306306306306,0.3326466072515864,-0.9430491169116675,0.0021442425529565323,0.0,0.0,0.6283185307179586
0.6606606606606606,0.3503801901275089,-0.9366051060025661,0.0021442425529565323,0.0,0.0,0.6283185307179586
0.6906906906906907,0.36798903524686344,-0.9298276572365172,0.0021442425529565323,0.0,0.0,0.6283185307179586
0.7207207207207207,0.3854668737397256,-0.922719183431877,0.0021442425529565323,0.0,0.0,0.6283185307179586
0.7507507507507507,0.40280748337543093,-0.915282215254191,0.0021442425529565323,0.0,0.0,0.6283185307179586
0.7807807807807807,0.42000469077773167,-0.90751940031526,0.0021442425529565323,0.0,0.0,0.6283185307179586
0.8108108108108109,0.4370523736225607,-0.8994335022305723,0.0021442425529565323,0.0,0.0,0.6283185307179586
0.8408408408408409,0.4539444628176215,-0.8910273996354369,0.0021442425529565323,0.0,0.0,0.6283185307179586
0.8708708708708709,0.47067494466302656,-0.8823040851601698,0.0021442425529565323,0.0,0.0,0.6283185307179586
0.9009009009009009,0.4872378629922161,-0.8732666643646975,0.0021442425529565323,0.0,0.0,0.6283185307179586
0.9309309309309309,0.5036273212923937,-0.8639183546329562,0.0021442425529565323,0.0,0.0,0.6283185307179586
0.960960960960961,0.5198374848037267,-0.854262484027481,0.0021442425529565323,0.0,0.0,0.6283185307179586
0.990990990990991,0.535862582596559,-0.8443024901045911,0.0021442425529565323,0.0,0.0,0.6283185307179586
1.021021021021021,0.5516969096259028,-0.8340419186905991,0.0021442425529565323,0.0,0.0,0.6283185307179586
1.0510510510510511,0.5673348287624737,-0.8234844226194697,0.0021442425529565323,0.0,0.0,0.6283185307179586
1.0810810810810811,0.5827707727995477,-0.8126337604323889,0.0021442425529565323,0.0,0.0,0.6283185307179586
1.1111111111111112,0.5979992464349245,-0.8014937950396932,0.0021442425529565323,0.0,0.0,0.6283185307179586
1.1411411411411412,0.6130148282272937,-0.7900684923456502,0.0021442425529565323,0.0,0.0,0.6283185307179586
1.1711711711711712,0.6278121725263044,-0.7783619198365693,0.0021442425529565323,0.0,0.0,0.6283185307179586
1.2012012012012012,0.6423860113756528,-0.7663782451327465,0.0021442425529565323,0.0,0.0,0.6283185307179586
1.2312312312312312,0.6567311563885133,-0.7541217345047646,0.0021442425529565323,0.0,0.0,0.6283185307179586
1.2612612612612613,0.6708425005946376,-0.7415967513546714,0.0021442425529565323,0.0,0.0,0.6283185307179586
1.2912912912912913,0.6847150202584718,-0.7288077546625784,0.0021442425529565323,0.0,0.0,0.6283185307179586
1.3213213213213213,0.6983437766676412,-0.715759297399233,0.0021442425529565323,0.0,0.0,0.6283185307179586
1.3513513513513513,0.7117239178911661,-0.7024560249051299,0.0021442425529565323,0.0,0.0,0.6283185307179586
1.3813813813813813,0.7248506805067816,-0.6889026732367377,0.0021442425529565323,0.0,0.0,0.6283185307179586
1.4114114114114114,0.7377193912967492,-0.6751040674804303,0.0021442425529565323,0.0,0.0,0.6283185307179586
1.4414414414414414,0.7503254689115552,-0.661065120034723,0.0021442425529565323,0.0,0.0,0.6283185307179586
1.4714714714714714,0.7626644255009005,-0.6467908288614252,0.0021442425529565323,0.0,0.0,0.6283185307179586
1.5015015015015014,0.7747318689973189,-0.6322783448819707,-0.003824363114453111,6.283185307179586,0.0,0.6283185307179586
1.5315315315315314,0.7864463133492933,-0.6056969077358721,-0.12096880663419673,6.283185307179586,0.0,0.6283185307179586
1.5615615615615615,0.7974522259786677,-0.5574011495222316,-0.23102793292793966,6.283185307179586,0.0,0.6283185307179586
1.5915915915915915,0.8073550433381909,-0.48912248010406373,-0.3300561065231665,6.283185307179586,0.0,0.6283185307179586
1.6216216216216217,0.8157997480043426,-0.40330869957886706,-0.4145031531846868,6.283185307179586,0.0,0.6283185307179586
1.6516516516516517,0.8224835961029199,-0.30303624429384,-0.4813416341704576,6.283185307179586,0.0,0.6283185307179586
1.6816816816816818,0.8271669707203706,-0.19189989616132333,-0.528175380344968,6.283185307179586,0.0,0.6283185307179586
1.7117117117117118,0.8296819722045359,-0.07388390921134708,-0.5533253951866236,6.283185307179586,0.0,0.6283185307179586
1.7417417417417418,0.829938437391274,0.04678082648713665,-0.555890047054004,6.283185307179586,0.0,0.6283185307179586
1.7717717717717718,0.8279271719668341,0.16576846284241278,-0.5357773928096035,6.283185307179586,0.0,0.6283185307179586
1.8018018018018018,0.8237202800853243,0.27881327601490535,-0.4937084739945051,6.283185307179586,0.0,0.6283185307179586
1.8318318318318318,0.8174685794244393,0.3818625932290117,-0.43119146738565545,6.283185307179586,0.0,0.6283185307179586
1.8618618618618619,0.8093961943500707,0.47122208167371826,-0.35046761664196774,6.283185307179586,0.0,0.6283185307179586
1.8918918918918919,0.7997925210256238,0.5436881908640593,-0.2544308833975025,6.283185307179586,0.0,0.6283185307179586
1.921921921921922,0.7890018525180303,0.5966630003857526,-0.1465241983215665,6.283185307179586,0.0,0.6283185307179586
1.951951951951952,0.7774110358418852,0.6282473557148867,-0.030616031560113777,6.283185307179586,0.0,0.6283185307179586
1.981981981981982,0.7654356034384577,0.6373089531801545,0.08913829247416072,6.283185307179586,0.0,0.6283185307179586
2.012012012012012,0.7534544926071731,0.6374704045549959,0.16105219926019743,0.0,0.0,0.6283185307179586
2.042042042042042,0.7412930267036525,0.6515725881849088,0.16105219926019743,0.0,0.0,0.6283185307179586
2.0720720720720722,0.7288676553861956,0.6654428074938312,0.16105219926019743,0.0,0.0,0.6283185307179586
2.1021021021021022,0.716182802172417,0.6790761245883311,0.16105219926019743,0.0,0.0,0.6283185307179586
2.1321321321321323,0.70324298295727,0.6924676859137927,0.16105219926019743,0.0,0.0,0.6283185307179586
2.1621621621621623,0.6900528044053565,0.7056127239823167,0.16105219926019743,0.0,0.0,0.6283185307179586
2.1921921921921923,0.6766169623109249,0.7185065590699774,0.16105219926019743,0.0,0.0,0.6283185307179586
2.2222222222222223,0.6629402399261325,0.7311446008828377,0.16105219926019743,0.0,0.0,0.6283185307179586
2.2522522522522523,0.6490275062581762,0.7435223501911253,0.16105219926019743,0.0,0.0,0.6283185307179586
2.2822822822822824,0.6348837143358935,0.7556354004309888,0.16105219926019743,0.0,0.0,0.6283185307179586
2.3123123123123124,0.6205138994464477,0.7674794392732651,0.16105219926019743,0.0,0.0,0.6283185307179586
2.3423423423423424,0.6059231773427328,0.7790502501586978,0.16105219926019743,0.0,0.0,0.6283185307179586
2.3723723723723724,0.5911167424221294,0.7903437137990613,0.16105219926019743,0.0,0.0,0.6283185307179586
2.4024024024024024,0.576099865877264,0.801355809643657,0.16105219926019743,0.0,0.0,0.6283185307179586
2.4324324324324325,0.5608778938194288,0.8120826173106555,0.16105219926019743,0.0,0.0,0.6283185307179586
2.4624624624624625,0.5454562453753284,0.8225203179827792,0.16105219926019743,0.0,0.0,0.6283185307179586
2.4924924924924925,0.5298404107578332,0.8326651957668301,0.16105219926019743,0.0,0.0,0.6283185307179586
2.5225225225225225,0.5140359493114266,0.8425136390165695,0.16105219926019743,0.0,0.0,0.6283185307179586
2.5525525525525525,0.4980484875330405,0.852062141618493,0.16105219926019743,0.0,0.0,0.6283185307179586
2.5825825825825826,0.4818837170689827,0.8613073042400271,0.16105219926019743,0.0,0.0,0.6283185307179586
2.6126126126126126,0.46554739268867174,0.8702458355397177,0.16105219926019743,0.0,0.0,0.6283185307179586
2.6426426426426426,0.44904533023590043,0.8788745533389695,0.16105219926019743,0.0,0.0,0.6283185307179586
2.6726726726726726,0.4323834045583543,0.8871903857549225,0.16105219926019743,0.0,0.0,0.6283185307179586
2.7027027027027026,0.41556754741612617,0.8951903722940653,0.16105219926019743,0.0,0.0,0.6283185307179586
2.7327327327327327,0.3986037453699688,0.9028716649061895,0.16105219926019743,0.0,0.0,0.6283185307179586
2.7627627627627627,0.38149803765003765,0.9102315289983157,0.16105219926019743,0.0,0.0,0.6283185307179586
2.7927927927927927,0.36425651400588344,0.9172673444082281,0.16105219926019743,0.0,0.0,0.6283185307179586
2.8228228228228227,0.34688531253846,0.9239766063372691,0.16105219926019743,0.0,0.0,0.6283185307179586
2.8528528528528527,0.3293906175149177,0.9303569262420649,0.16105219926019743,0.0,0.0,0.6283185307179586
2.8828828828828827,0.311778657166962,0.9364060326848649,0.16105219926019743,0.0,0.0,0.6283185307179586
2.9129129129129128,0.2940557014735597,0.9421217721421872,0.16105219926019743,0.0,0.0,0.6283185307179586
2.942942942942943,0.27622805992878413,0.9475021097714887,0.16105219926019743,0.0,0.0,0.6283185307179586
2.972972972972973,0.25830207929559107,0.952545130135584,0.16105219926019743,0.0,0.0,0.6283185307179586
3.003003003003003,0.24028414134632825,0.9572490378845515,0.16105219926019743,0.0,0.0,0.6283185307179586
3.033033033033033,0.22218066059077965,0.9616121583948939,0.16105219926019743,0.0,0.0,0.6283185307179586
3.063063063063063,0.2039980819925568,0.9656329383657126,0.16105219926019743,0.0,0.0,0.6283185307179586
3.093093093093093,0.18574287867464684,0.9693099463716945,0.16105219926019743,0.0,0.0,0.6283185307179586
3.123123123123123,0.1674215496149365,0.9726418733727106,0.16105219926019743,0.0,0.0,0.6283185307179586
3.153153153153153,0.14904061733253096,0.9756275331798406,0.16105219926019743,0.0,0.0,0.6283185307179586
3.183183183183183,0.13060662556569286,0.9782658628776668,0.16105219926019743,0.0,0.0,0.6283185307179586
3.2132132132132134,0.11212613694222552,0.9805559232026784,0.16105219926019743,0.0,0.0,0.6283185307179586
3.2432432432432434,0.09360573064313377,0.9824968988776549,0.16105219926019743,0.0,0.0,0.6283185307179586
3.2732732732732734,0.07505200006038855,0.984088098901912,0.16105219926019743,0.0,0.0,0.6283185307179586
3.3033033033033035,0.056471550449635394,0.9853289567973011,0.16105219926019743,0.0,0.0,0.6283185307179586
3.3333333333333335,0.0378709965786772,0.9862190308098812,0.16105219926019743,0.0,0.0,0.6283185307179586
3.3633633633633635,0.019256960372571862,0.9867580040671841,0.16105219926019743,0.0,0.0,0.6283185307179586
3.3933933933933935,0.0006360685561812537,0.9869456846910244,0.16105219926019743,0.0,0.0,0.6283185307179586
3.4234234234234235,-0.01798504970498836,0.9867820058658104,0.16105219926019743,0.0,0.0,0.6283185307179586
3.4534534534534536,-0.03659976516481481,0.9862670258623288,0.16105219926019743,0.0,0.0,0.6283185307179586
3.4834834834834836,-0.055201450856617235,0.9854009280170011,0.16105219926019743,0.0,0.0,0.6283185307179586
3.5135135135135136,-0.07378348445240175,0.9841840206666155,0.16105219926019743,0.0,0.0,0.6283185307179586
3.5435435435435436,-0.0923392506204558,0.9826167370385541,0.16105219926019743,0.0,0.0,0.6283185307179586
3.5735735735735736,-0.11086214338045161,0.9806996350965644,0.16105219926019743,0.0,0.0,0.6283185307179586
3.6036036036036037,-0.1293455684552208,0.9784333973421175,0.16105219926019743,0.0,0.0,0.6283185307179586
3.6336336336336337,-0.14778294561836222,0.9758188305714346,0.16105219926019743,0.0,0.0,0.6283185307179586
3.6636636636636637,-0.16616771103684783,0.9728568655882616,0.16105219926019743,0.0,0.0,0.6283185307179586
3.6936936936936937,-0.1844933196077923,0.9695485568724955,0.16105219926019743,0.0,0.0,0.6283185307179586
3.7237237237237237,-0.20275324728855498,0.9658950822047849,0.16105219926019743,0.0,0.0,0.6283185307179586
3.7537537537537538,-0.22094099341934345,0.9618977422472287,0.16105219926019743,0.0,0.0,0.6283185307179586
3.7837837837837838,-0.2390500830374934,0.9575579600803338,0.16105219926019743,0.0,0.0,0.6283185307179586
3.813813813813814,-0.25707406918259984,0.9528772806963878,0.16105219926019743,0.0,0.0,0.6283185307179586
3.843843843843844,-0.2750065351916793,0.9478573704494312,0.16105219926019743,0.0,0.0,0.6283185307179586
3.873873873873874,-0.2928410969835456,0.9425000164620242,0.16105219926019743,0.0,0.0,0.6283185307179586
3.903903903903904,-0.3105714053315875,0.9368071259890185,0.16105219926019743,0.0,0.0,0.6283185307179586
3.933933933933934,-0.32819114812413636,0.9307807257385614,0.16105219926019743,0.0,0.0,0.6283185307179586
3.963963963963964,-0.3456940526116212,0.9244229611505738,0.16105219926019743,0.0,0.0,0.6283185307179586
3.993993993993994,-0.36307388763971127,0.9177360956329594,0.16105219926019743,0.0,0.0,0.6283185307179586
4.024024024024024,-0.3803244658676493,0.9107225097558144,0.16105219926019743,0.0,0.0,0.6283185307179586
4.054054054054054,-0.397439645970987,0.9033847004039302,0.16105219926019743,0.0,0.0,0.6283185307179586
4.084084084084084,-0.4144133348279401,0.8957252798878839,0.16105219926019743,0.0,0.0,0.6283185307179586
4.114114114114114,-0.4312394896885805,0.8877469750140377,0.16105219926019743,0.0,0.0,0.6283185307179586
4.1441441441441444,-0.44791212032609706,0.8794526261137784,0.16105219926019743,0.0,0.0,0.6283185307179586
4.1741741741741745,-0.46442529116935777,0.8708451860323393,0.16105219926019743,0.0,0.0,0.6283185307179586
4.2042042042042045,-0.48077312341601325,0.8619277190775647,0.16105219926019743,0.0,0.0,0.6283185307179586
4.2342342342342345,-0.49694979712539156,0.8527033999289994,0.16105219926019743,0.0,0.0,0.6283185307179586
4.2642642642642645,-0.5129495532904369,0.8431755125076772,0.16105219926019743,0.0,0.0,0.6283185307179586
4.2942942942942945,-0.5287666958879546,0.8333474488070253,0.16105219926019743,0.0,0.0,0.6283185307179586
4.324324324324325,-0.5443955939064371,0.8232227076852897,0.16105219926019743,0.0,0.0,0.6283185307179586
4.354354354354355,-0.5598306833507398,0.8128048936199178,0.16105219926019743,0.0,0.0,0.6283185307179586
4.384384384384385,-0.5750664692229033,0.8020977154243398,0.16105219926019743,0.0,0.0,0.6283185307179586
4.414414414414415,-0.5900975274784112,0.791104984927606,0.16105219926019743,0.0,0.0,0.6283185307179586
4.444444444444445,-0.6049185069571841,0.7798306156173486,0.16105219926019743,0.0,0.0,0.6283185307179586
4.474474474474475,-0.6195241312886333,0.7682786212465541,0.16105219926019743,0.0,0.0,0.6283185307179586
4.504504504504505,-0.6339024644172484,0.7515920938747175,0.1824198180865922,6.283185307179586,0.0,0.6283185307179586
4.534534534534535,-0.6475627335640081,0.6920167227002865,0.3190225095541881,6.283185307179586,0.0,0.6283185307179586
4.564564564564565,-0.6598607725677498,0.6076324527038478,0.4420028995916039,6.283185307179586,0.0,0.6283185307179586
4.594594594594595,-0.6703556949652641,0.5014644720749908,0.5469521235667477,6.283185307179586,0.0,0.6283185307179586
4.624624624624625,-0.6786712562824453,0.3773189181557147,0.6301077367385628,6.283185307179586,0.0,0.6283185307179586
4.654654654654655,-0.6845093424526841,0.23964642687049179,0.688488598440951,6.283185307179586,0.0,0.6283185307179586
4.684684684684685,-0.6876606572489375,0.09338257678965146,0.720001746403485,6.283185307179586,0.0,0.6283185307179586
4.714714714714715,-0.688012225583506,-0.056229052070685424,0.7235174297491709,6.283185307179586,0.0,0.6283185307179586
4.744744744744745,-0.6855514436811408,-0.20382486134470398,0.6989096107255202,6.283185307179586,0.0,0.6283185307179586
4.774774774774775,-0.6803665309261955,-0.34411352008805446,0.647060483176066,6.283185307179586,0.0,0.6283185307179586
4.804804804804805,-0.6726433671850354,-0.47206565975158066,0.5698288457644661,6.283185307179586,0.0,0.6283185307179586
4.834834834834835,-0.6626588289861538,-0.5830941777655856,0.4699834637756481,6.283185307179586,0.0,0.6283185307179586
4.864864864864865,-0.6507708634568885,-0.6732186858252622,0.35110380848299355,6.283185307179586,0.0,0.6283185307179586
4.894894894894895,-0.6374056558675378,-0.7392082073826587,0.2174517325894872,6.283185307179586,0.0,0.6283185307179586
4.924924924924925,-0.6230423508282575,-0.7786970086196054,0.07381868219668442,6.283185307179586,0.0,0.6283185307179586
4.954954954954955,-0.6081958748860224,-0.7902694103446135,-0.07464607722566352,6.283185307179586,0.0,0.6283185307179586
4.984984984984985,-0.5933984763340203,-0.7735105402950551,-0.2226200627456837,6.283185307179586,0.0,0.6283185307179586
5.015015015015015,-0.5790389921838235,-0.7601518203833495,-0.29475931791649773,0.0,0.0,0.6283185307179586
5.045045045045045,-0.5645939051751124,-0.7709414158939019,-0.29475931791649773,0.0,0.0,0.6283185307179586
5.075075075075075,-0.5499478188545458,-0.7814565509601319,-0.29475931791649773,0.0,0.0,0.6283185307179586
5.105105105105105,-0.535105947329546,-0.7916934821216648,-0.29475931791649773,0.0,0.0,0.6283185307179586
5.135135135135135,-0.5200735744084146,-0.8016485649606273,-0.29475931791649773,0.0,0.0,0.6283185307179586
5.165165165165165,-0.5048560517192603,-0.811318255399087,-0.29475931791649773,0.0,0.0,0.6283185307179586
5.195195195195195,-0.4894587968047815,-0.8206991109607675,-0.29475931791649773,0.0,0.0,0.6283185307179586
5.225225225225225,-0.47388729119358475,-0.8297877919965955,-0.29475931791649773,0.0,0.0,0.6283185307179586
5.255255255255255,-0.45814707844872227,-0.8385810628736368,-0.29475931791649773,0.0,0.0,0.6283185307179586
5.285285285285285,-0.44224376219414635,-0.8470757931270054,-0.29475931791649773,0.0,0.0,0.6283185307179586
5.315315315315315,-0.4261830041197796,-0.8552689585743294,-0.29475931791649773,0.0,0.0,0.6283185307179586
5.345345345345345,-0.4099705219659152,-0.8631576423923806,-0.29475931791649773,0.0,0.0,0.6283185307179586
5.375375375375375,-0.3936120874876614,-0.8707390361554854,-0.29475931791649773,0.0,0.0,0.6283185307179586
5.405405405405405,-0.3771135244001579,-0.8780104408353411,-0.29475931791649773,0.0,0.0,0.6283185307179586
5.435435435435435,-0.36048070630529216,-0.8849692677618903,-0.29475931791649773,0.0,0.0,0.6283185307179586
5.465465465465465,-0.34371955460065745,-0.8916130395449051,-0.29475931791649773,0.0,0.0,0.6283185307179586
5.495495495495495,-0.3268360363714946,-0.8979393909559543,-0.29475931791649773,0.0,0.0,0.6283185307179586
5.525525525525525,-0.30983616226636806,-0.9039460697704413,-0.29475931791649773,0.0,0.0,0.6283185307179586
5.555555555555555,-0.2927259843573343,-0.9096309375694125,-0.29475931791649773,0.0,0.0,0.6283185307179586
5.585585585585585,-0.2755115939853626,-0.9149919705008471,-0.29475931791649773,0.0,0.0,0.6283185307179586
5.615615615615615,-0.25819911959177533,-0.9200272600001644,-0.29475931791649773,0.0,0.0,0.6283185307179586
5.645645645645645,-0.2407947245364803,-0.924735013469685,-0.29475931791649773,0.0,0.0,0.6283185307179586
5.675675675675675,-0.2233046049037736,-0.9291135549168075,-0.29475931791649773,0.0,0.0,0.6283185307179586
5.7057057057057055,-0.20573498729649004,-0.9331613255506739,-0.29475931791649773,0.0,0.0,0.6283185307179586
5.7357357357357355,-0.18809212661928978,-0.9368768843371102,-0.29475931791649773,0.0,0.0,0.6283185307179586
5.7657657657657655,-0.17038230385186964,-0.9402589085116437,-0.29475931791649773,0.0,0.0,0.6283185307179586
5.7957957957957955,-0.15261182381289073,-0.9433061940504162,-0.29475931791649773,0.0,0.0,0.6283185307179586
5.8258258258258255,-0.13478701291541995,-0.9460176560988258,-0.29475931791649773,0.0,0.0,0.6283185307179586
5.8558558558558556,-0.11691421691468334,-0.9483923293577421,-0.29475931791649773,0.0,0.0,0.6283185307179586
5.885885885885886,-0.09899979864893355,-0.9504293684271587,-0.29475931791649773,0.0,0.0,0.6283185307179586
5.915915915915916,-0.08105013577423582,-0.9521280481071626,-0.29475931791649773,0.0,0.0,0.6283185307179586
5.945945945945946,-0.06307161849397842,-0.9534877636561083,-0.29475931791649773,0.0,0.0,0.6283185307179586
5.975975975975976,-0.045070647283916396,-0.9545080310059135,-0.29475931791649773,0.0,0.0,0.6283185307179586
6.006006006006006,-0.027053630613558165,-0.9551884869343863,-0.29475931791649773,0.0,0.0,0.6283185307179586
6.036036036036036,-0.00902698266470635,-0.9555288891945384,-0.29475931791649773,0.0,0.0,0.6283185307179586
6.066066066066066,0.009002878952035099,-0.9555291166008248,-0.29475931791649773,0.0,0.0,0.6283185307179586
6.096096096096096,0.027029535481974343,-0.9551891690722871,-0.29475931791649773,0.0,0.0,0.6283185307179586
6.126126126126126,0.04504656931145251,-0.9545091676325828,-0.29475931791649773,0.0,0.0,0.6283185307179586
6.156156156156156,0.06304756625255821,-0.9534893543668996,-0.29475931791649773,0.0,0.0,0.6283185307179586
6.186186186186186,0.08102611782662258,-0.952130092335771,-0.29475931791649773,0.0,0.0,0.6283185307179586
6.216216216216216,0.09897582354568177,-0.9504318654458255,-0.29475931791649773,0.0,0.0,0.6283185307179586
6.246246246246246,0.11689029319109455,-0.9483952782775111,-0.29475931791649773,0.0,0.0,0.6283185307179586
6.276276276276276,0.13476314908850434,-0.9460210558698614,-0.29475931791649773,0.0,0.0,0.6283185307179586
6.306306306306306,0.15258802837833468,-0.9433100434623762,-0.29475931791649773,0.0,0.0,0.6283185307179586
6.336336336336336,0.17035858528101136,-0.9402632061941116,-0.29475931791649773,0.0,0.0,0.6283185307179586
6.366366366366366,0.1880684933561037,-0.9368816287600812,-0.29475931791649773,0.0,0.0,0.6283185307179586
6.396396396396396,0.2057114477545803,-0.933166515025101,-0.29475931791649773,0.0,0.0,0.6283185307179586
6.426426426426427,0.22328116746337948,-0.9291191875952016,-0.29475931791649773,0.0,0.0,0.6283185307179586
6.456456456456457,0.2407713975414911,-0.9247410873467743,-0.29475931791649773,0.0,0.0,0.6283185307179586
6.486486486486487,0.25817591134676154,-0.9200337729136066,-0.29475931791649773,0.0,0.0,0.6283185307179586
6.516516516516517,0.2754885127526193,-0.9149989201320003,-0.29475931791649773,0.0,0.0,0.6283185307179586
6.546546546546547,0.2927030383539386,-0.9096383214441603,-0.29475931791649773,0.0,0.0,0.6283185307179586
6.576576576576577,0.309813359661255,-0.9039538852600737,-0.29475931791649773,0.0,0.0,0.6283185307179586
6.606606606606607,0.32681338528254866,-0.8979476352781033,-0.29475931791649773,0.0,0.0,0.6283185307179586
6.636636636636637,0.343697063091822,-0.8916217097645354,-0.29475931791649773,0.0,0.0,0.6283185307179586
6.666666666666667,0.36045838238369887,-0.8849783607923443,-0.29475931791649773,0.0,0.0,0.6283185307179586
6.696696696696697,0.37709137601327647,-0.8780199534394371,-0.29475931791649773,0.0,0.0,0.6283185307179586
6.726726726726727,0.39359012252047,-0.8707489649466713,-0.29475931791649773,0.0,0.0,0.6283185307179586
6.756756756756757,0.4099487482380928,-0.8631679838359381,-0.29475931791649773,0.0,0.0,0.6283185307179586
6.786786786786787,0.42616142938292323,-0.8552797089886333,-0.29475931791649773,0.0,0.0,0.6283185307179586
6.816816816816817,0.44222239412901065,-0.8470869486848345,-0.29475931791649773,0.0,0.0,0.6283185307179586
6.846846846846847,0.45812592466248525,-0.838592619603536,-0.29475931791649773,0.0,0.0,0.6283185307179586
6.876876876876877,0.47386635921713993,-0.8297997457842887,-0.29475931791649773,0.0,0.0,0.6283185307179586
6.906906906906907,0.48943809409005645,-0.8207114575506247,-0.29475931791649773,0.0,0.0,0.6283185307179586
6.936936936936937,0.5048355856365636,-0.8113309903956374,-0.29475931791649773,0.0,0.0,0.6283185307179586
6.966966966966967,0.5200533522438124,-0.8016616838301247,-0.29475931791649773,0.0,0.0,0.6283185307179586
6.996996996996997,0.5350859762822677,-0.7917069801937013,-0.29475931791649773,0.0,0.0,0.6283185307179586
7.027027027027027,0.5499281060344217,-0.7814704234293013,-0.29475931791649773,0.0,0.0,0.6283185307179586
7.057057057057057,0.5645744576000418,-0.7709556578215091,-0.29475931791649773,0.0,0.0,0.6283185307179586
7.087087087087087,0.5790198167772769,-0.760166426699171,-0.29475931791649773,0.0,0.0,0.6283185307179586
7.117117117117117,0.5932590409189467,-0.7491065711027427,-0.29475931791649773,0.0,0.0,0.6283185307179586
7.147147147147147,0.6072870607633614,-0.7377800284168539,-0.29475931791649773,0.0,0.0,0.6283185307179586
7.177177177177177,0.6210988822390133,-0.7261908309685716,-0.29475931791649773,0.0,0.0,0.6283185307179586
7.207207207207207,0.6346895882425005,-0.7143431045918631,-0.29475931791649773,0.0,0.0,0.6283185307179586
7.237237237237237,0.6480543403890475,-0.7022410671587729,-0.29475931791649773,0.0,0.0,0.6283185307179586
7.267267267267267,0.6611883807350081,-0.6898890270778288,-0.29475931791649773,0.0,0.0,0.6283185307179586
7.297297297297297,0.6740870334717213,-0.6772913817602215,-0.29475931791649773,0.0,0.0,0.6283185307179586
7.327327327327327,0.6867457065901341,-0.6644526160542925,-0.29475931791649773,0.0,0.0,0.6283185307179586
7.357357357357357,0.699159893515587,-0.651377300648901,-0.29475931791649773,0.0,0.0,0.6283185307179586
7.387387387387387,0.7113251747121867,-0.6380700904462242,-0.29475931791649773,0.0,0.0,0.6283185307179586
7.4174174174174174,0.7232372192561898,-0.6245357229045827,-0.29475931791649773,0.0,0.0,0.6283185307179586
7.4474474474474475,0.7348917863778429,-0.6107790163518703,-0.29475931791649773,0.0,0.0,0.6283185307179586
7.4774774774774775,0.7462847269711251,-0.5968048682701983,-0.29475931791649773,0.0,0.0,0.6283185307179586
7.5075075075075075,0.7573781738822796,-0.5680686360242997,-0.32198808439476434,6.283185307179586,0.0,0.6283185307179586
7.5375375375375375,0.7673267455962602,-0.48329028555581643,-0.42147380153457165,6.283185307179586,0.0,0.6283185307179586
7.5675675675675675,0.7755069238778699,-0.3811859089918539,-0.5032755843506724,6.283185307179586,0.0,0.6283185307179586
7.597597597597598,0.781625448161754,-0.2654159628855068,-0.5644608271895125,6.283185307179586,0.0,0.6283185307179586
7.627627627627628,0.7854629684742487,-0.14013081641914768,-0.6028360303144598,6.283185307179586,0.0,0.6283185307179586
7.657657657657658,0.7868819091614179,-0.009821960073607626,-0.6170254371861547,6.283185307179586,0.0,0.6283185307179586
7.687687687687688,0.7858314009959909,0.12083901495014729,-0.6065203555318865,6.283185307179586,0.0,0.6283185307179586
7.717717717717718,0.7823491048464596,0.24716789394600353,-0.5716973940365739,6.283185307179586,0.0,0.6283185307179586
7.747747747747748,0.776559861529538,0.36463576847215856,-0.5138049608673614,6.283185307179586,0.0,0.6283185307179586
7.777777777777778,0.7686712162489686,0.4690313983687156,-0.4349185080616666,6.283185307179586,0.0,0.6283185307179586
7.807807807807808,0.7589659780701803,0.5566121853217821,-0.3378661262737826,6.283185307179586,0.0,0.6283185307179586
7.837837837837838,0.7477920811747076,0.6242383455501342,-0.22612715731905614,6.283185307179586,0.0,0.6283185307179586
7.867867867867868,0.7355501113698497,0.6694854715043705,-0.10370745927047859,6.283185307179586,0.0,0.6283185307179586
7.897897897897898,0.7226789450299893,0.6907314472254943,0.025004204128125707,6.283185307179586,0.0,0.6283185307179586
7.927927927927928,0.7096400153155862,0.6872146014348351,0.15539350127215584,6.283185307179586,0.0,0.6283185307179586
7.957957957957958,0.6969007697281542,0.6590610135587007,0.28278595714647525,6.283185307179586,0.0,0.6283185307179586
7.987987987987988,0.6849179120502464,0.6072799937628479,0.4026145339255519,6.283185307179586,0.0,0.6283185307179586
8.018018018018019,0.6738205248047313,0.5880064981315645,0.44745307967081205,0.0,0.0,0.6283185307179586
8.048048048048049,0.6626064846195439,0.6006150081651294,0.44745307967081205,0.0,0.0,0.6283185307179586
8.078078078078079,0.651156551970377,0.6130096951265269,0.44745307967081205,0.0,0.0,0.6283185307179586
8.108108108108109,0.639474803111973,0.625186146421985,0.44745307967081205,0.0,0.0,0.6283185307179586
8.138138138138139,0.627565396827237,0.6371400271511285,0.44745307967081205,0.0,0.0,0.6283185307179586
8.168168168168169,0.6154325729466847,0.648867081650234,0.44745307967081205,0.0,0.0,0.6283185307179586
8.198198198198199,0.6030806508390314,0.6603631350072758,0.44745307967081205,0.0,0.0,0.6283185307179586
8.228228228228229,0.5905140278734677,0.6716240945482236,0.44745307967081205,0.0,0.0,0.6283185307179586
8.258258258258259,0.5777371778541653,0.6826459512940604,0.44745307967081205,0.0,0.0,0.6283185307179586
8.288288288288289,0.5647546494275728,0.6934247813880088,0.44745307967081205,0.0,0.0,0.6283185307179586
8.318318318318319,0.5515710644630654,0.7039567474924504,0.44745307967081205,0.0,0.0,0.6283185307179586
8.348348348348349,0.5381911164075284,0.7142381001550439,0.44745307967081205,0.0,0.0,0.6283185307179586
8.378378378378379,0.5246195686144577,0.7242651791435567,0.44745307967081205,0.0,0.0,0.6283185307179586
8.408408408408409,0.5108612526481726,0.7340344147489329,0.44745307967081205,0.0,0.0,0.6283185307179586
8.438438438438439,0.4969210665637458,0.7435423290561322,0.44745307967081205,0.0,0.0,0.6283185307179586
8.468468468468469,0.48280397316326334,0.7527855371822938,0.44745307967081205,0.0,0.0,0.6283185307179586
8.498498498498499,0.4685149982290314,0.7617607484817777,0.44745307967081205,0.0,0.0,0.6283185307179586
8.528528528528529,0.45405922873436433,0.770464767717656,0.44745307967081205,0.0,0.0,0.6283185307179586
8.558558558558559,0.4394418110325861,0.7788944961992404,0.44745307967081205,0.0,0.0,0.6283185307179586
8.588588588588589,0.4246679490248942,0.7870469328852363,0.44745307967081205,0.0,0.0,0.6283185307179586
8.618618618618619,0.40974290230773447,0.7949191754521348,0.44745307967081205,0.0,0.0,0.6283185307179586
8.64864864864865,0.39467198430034856,0.8025084213274603,0.44745307967081205,0.0,0.0,0.6283185307179586
8.67867867867868,0.37946056035316084,0.8098119686875049,0.44745307967081205,0.0,0.0,0.6283185307179586
8.70870870870871,0.36411404583767554,0.8168272174191957,0.44745307967081205,0.0,0.0,0.6283185307179586
8.73873873873874,0.34863790421856855,0.8235516700457545,0.44745307967081205,0.0,0.0,0.6283185307179586
8.76876876876877,0.3330376451086553,0.829982932615815,0.44745307967081205,0.0,0.0,0.6283185307179586
8.7987987987988,0.3173188223074316,0.8361187155556871,0.44745307967081205,0.0,0.0,0.6283185307179586
8.82882882882883,0.3014870318238827,0.8419568344844599,0.44745307967081205,0.0,0.0,0.6283185307179586
8.85885885885886,0.2855479098842649,0.8474952109916578,0.44745307967081205,0.0,0.0,0.6283185307179586
8.88888888888889,0.2695071309255711,0.8527318733771677,0.44745307967081205,0.0,0.0,0.6283185307179586
8.91891891891892,0.2533704055753917,0.8576649573531778,0.44745307967081205,0.0,0.0,0.6283185307179586
8.94894894894895,0.23714347861889232,0.8622927067078775,0.44745307967081205,0.0,0.0,0.6283185307179586
8.97897897897898,0.22083212695363044,0.8666134739306804,0.44745307967081205,0.0,0.0,0.6283185307179586
9.00900900900901,0.20444215753294037,0.8706257207987502,0.44745307967081205,0.0,0.0,0.6283185307179586
9.03903903903904,0.18797940529861767,0.8743280189246169,0.44745307967081205,0.0,0.0,0.6283185307179586
9.06906906906907,0.1714497311036402,0.8777190502646944,0.44745307967081205,0.0,0.0,0.6283185307179586
9.0990990990991,0.15485901962566362,0.880797607588512,0.44745307967081205,0.0,0.0,0.6283185307179586
9.12912912912913,0.13821317727203639,0.883562594908497,0.44745307967081205,0.0,0.0,0.6283185307179586
9.15915915915916,0.12151813007707724,0.8860130278701543,0.44745307967081205,0.0,0.0,0.6283185307179586
9.18918918918919,0.10477982159236693,0.888148034102503,0.44745307967081205,0.0,0.0,0.6283185307179586
9.21921921921922,0.08800421077080282,0.8899668535286454,0.44745307967081205,0.0,0.0,0.6283185307179586
9.24924924924925,0.07119726984517066,0.8914688386363616,0.44745307967081205,0.0,0.0,0.6283185307179586
9.27927927927928,0.05436498220198853,0.8926534547086273,0.44745307967081205,0.0,0.0,0.6283185307179586
9.30930930930931,0.03751334025138034,0.8935202800139761,0.44745307967081205,0.0,0.0,0.6283185307179586
9.33933933933934,0.02064834329373643,0.8940690059566401,0.44745307967081205,0.0,0.0,0.6283185307179586
9.36936936936937,0.0037759953839214652,0.8942994371864106,0.44745307967081205,0.0,0.0,0.6283185307179586
9.3993993993994,-0.01309769680621034,0.894211491668186,0.44745307967081205,0.0,0.0,0.6283185307179586
9.42942942942943,-0.029966726126231753,0.8938052007111754,0.44745307967081205,0.0,0.0,0.6283185307179586
9.45945945945946,-0.0468250870857294,0.893080708957753,0.44745307967081205,0.0,0.0,0.6283185307179586
9.48948948948949,-0.06366677799229951,0.8920382743319641,0.44745307967081205,0.0,0.0,0.6283185307179586
9.51951951951952,-0.08048580308819184,0.8906782679477017,0.44745307967081205,0.0,0.0,0.6283185307179586
9.54954954954955,-0.09727617468484054,0.8890011739765886,0.44745307967081205,0.0,0.0,0.6283185307179586
9.57957957957958,-0.11403191529452253,0.8870075894756093,0.44745307967081205,0.0,0.0,0.6283185307179586
9.60960960960961,-0.13074705975838413,0.884698224174552,0.44745307967081205,0.0,0.0,0.6283185307179586
9.63963963963964,-0.1474156573700787,0.8820739002233406,0.44745307967081205,0.0,0.0,0.6283185307179586
9.66966966966967,-0.16403177399425892,0.8791355518993444,0.44745307967081205,0.0,0.0,0.6283185307179586
9.6996996996997,-0.18058949417916992,0.8758842252747678,0.44745307967081205,0.0,0.0,0.6283185307179586
9.72972972972973,-0.19708292326259066,0.872321077844242,0.44745307967081205,0.0,0.0,0.6283185307179586
9.75975975975976,-0.2135061894703742,0.8684473781127495,0.44745307967081205,0.0,0.0,0.6283185307179586
9.78978978978979,-0.22985344600683982,0.8642645051440261,0.44745307967081205,0.0,0.0,0.6283185307179586
9.81981981981982,-0.24611887313627218,0.859773948069607,0.44745307967081205,0.0,0.0,0.6283185307179586
9.84984984984985,-0.26229668025478753,0.854977305558683,0.44745307967081205,0.0,0.0,0.6283185307179586
9.87987987987988,-0.27838110795182847,0.849876285248965,0.44745307967081205,0.0,0.0,0.6283185307179586
9.90990990990991,-0.29436643006055346,0.8444727031387536,0.44745307967081205,0.0,0.0,0.6283185307179586
9.93993993993994,-0.3102469556963919,0.8387684829404292,0.44745307967081205,0.0,0.0,0.6283185307179586
9.96996996996997,-0.3260170312830379,0.8327656553955995,0.44745307967081205,0.0,0.0,0.6283185307179586
10.0,-0.34167104256516256,0.8264663575521405,0.44745307967081205,0.0,0.0,0.6283185307179586
10.03003003003003,-0.3572034166071272,0.8198728320033923,0.44745307967081205,0.0,0.0,0.6283185307179586
10.06006006006006,-0.3726086237769869,0.8129874260897813,0.44745307967081205,0.0,0.0,0.6283185307179586
10.09009009009009,-0.38788117971507774,0.8058125910631497,0.44745307967081205,0.0,0.0,0.6283185307179586
10.12012012012012,-0.4030156472864861,0.7983508812140946,0.44745307967081205,0.0,0.0,0.6283185307179586
10.15015015015015,-0.4180066385167063,0.7906049529626226,0.44745307967081205,0.0,0.0,0.6283185307179586
10.18018018018018,-0.43284881650979634,0.7825775639124442,0.44745307967081205,0.0,0.0,0.6283185307179586
10.21021021021021,-0.4475368973483499,0.7742715718692497,0.44745307967081205,0.0,0.0,0.6283185307179586
10.24024024024024,-0.46206565197460736,0.7656899338233113,0.44745307967081205,0.0,0.0,0.6283185307179586
10.27027027027027,-0.4764299080520359,0.7568357048967728,0.44745307967081205,0.0,0.0,0.6283185307179586
10.3003003003003,-0.4906245518067166,0.747712037256005,0.44745307967081205,0.0,0.0,0.6283185307179586
10.33033033033033,-0.504644529847884,0.7383221789894134,0.44745307967081205,0.0,0.0,0.6283185307179586
10.36036036036036,-0.518484850966967,0.7286694729510969,0.44745307967081205,0.0,0.0,0.6283185307179586
10.39039039039039,-0.5321405879144946,0.718757355570768,0.44745307967081205,0.0,0.0,0.6283185307179586
10.42042042042042,-0.5456068791542293,0.7085893556303605,0.44745307967081205,0.0,0.0,0.6283185307179586
10.45045045045045,-0.5588789305939088,0.6981690930077584,0.44745307967081205,0.0,0.0,0.6283185307179586
10.48048048048048,-0.5719520172919744,0.6875002773880956,0.44745307967081205,0.0,0.0,0.6283185307179586
10.51051051051051,-0.584720688042841,0.6455783868762538,0.4912537667773372,6.283185307179586,0.0,0.6283185307179586
10.54054054054054,-0.5958532344069308,0.5309022453477901,0.602579230418237,6.283185307179586,0.0,0.6283185307179586
10.57057057057057,-0.6046354150002404,0.3971931821323829,0.6904010363513358,6.283185307179586,0.0,0.6283185307179586
10.6006006006006,-0.6107523873881455,0.2492446863352559,0.7515707602303855,6.283185307179586,0.0,0.6283185307179586
10.63063063063063,-0.6139848572326762,0.09236073276322729,0.783895458675689,6.283185307179586,0.0,0.6283185307179586
10.66066066066066,-0.6142169400260047,-0.06783436633330281,0.7862162866089766,6.283185307179586,0.0,0.6283185307179586
10.69069069069069,-0.6114403155666844,-0.2255975936616893,0.7584500420157716,6.283185307179586,0.0,0.6283185307179586
10.72072072072072,-0.6057545262400622,-0.3752731148811797,0.7015921487495504,6.283185307179586,0.0,0.6283185307179586
10.75075075075075,-0.5973634084094809,-0.511495041075714,0.6176809704437374,6.283185307179586,0.0,0.6283185307179586
10.78078078078078,-0.5865677848533992,-0.6293797966416395,0.5097247348829178,6.283185307179586,0.0,0.6283185307179586
10.81081081081081,-0.5737546802256114,-0.7247011961739556,0.3815936886050397,6.283185307179586,0.0,0.6283185307179586
10.84084084084084,-0.5593834461658675,-0.7940419538195949,0.2378813480075998,6.283185307179586,0.0,0.6283185307179586
10.87087087087087,-0.5439692934776645,-0.834916193465681,0.08373982112556572,6.283185307179586,0.0,0.6283185307179586
10.9009009009009,-0.5280648217470005,-0.8458585677549288,-0.07530489618107178,6.283185307179586,0.0,0.6283185307179586
10.93093093093093,-0.5122402085679149,-0.8264767909986984,-0.23355102797192984,6.283185307179586,0.0,0.6283185307179586
10.96096096096096,-0.4970627685939106,-0.7774657026752323,-0.38532542771197353,6.283185307179586,0.0,0.6283185307179586
10.99099099099099,-0.4830766152262114,-0.7005823573346412,-0.525186961388965,6.283185307179586,0.0,0.6283185307179586
11.02102102102102,-0.47026601865868667,-0.678739956984487,-0.564058456622676,0.0,0.0,0.6283185307179586
11.05105105105105,-0.45737631605299095,-0.687491791242768,-0.564058456622676,0.0,0.0,0.6283185307179586
11.08108108108108,-0.44432378433429365,-0.6959988736968241,-0.564058456622676,0.0,0.0,0.6283185307179586
11.11111111111111,-0.43111307029362345,-0.7042581757668145,-0.564058456622676,0.0,0.0,0.6283185307179586
11.14114114114114,-0.41774887703600316,-0.7122667570844186,-0.564058456622676,0.0,0.0,0.6283185307179586
11.17117117117117,-0.40423596230611203,-0.7200217665396287,-0.564058456622676,0.0,0.0,0.6283185307179586
11.2012012012012,-0.3905791367944961,-0.7275204432957623,-0.564058456622676,0.0,0.0,0.6283185307179586
11.23123123123123,-0.37678326242492854,-0.7347601177723406,-0.564058456622676,0.0,0.0,0.6283185307179586
11.26126126126126,-0.3628532506235328,-0.7417382125954766,-0.564058456622676,0.0,0.0,0.6283185307179586
11.29129129129129,-0.3487940605702793,-0.7484522435154386,-0.564058456622676,0.0,0.0,0.6283185307179586
11.32132132132132,-0.3346106974334847,-0.7548998202910593,-0.564058456622676,0.0,0.0,0.6283185307179586
11.35135135135135,-0.32030821058793746,-0.7610786475406799,-0.564058456622676,0.0,0.0,0.6283185307179586
11.381381381381381,-0.3058916918172849,-0.7669865255593196,-0.564058456622676,0.0,0.0,0.6283185307179586
11.411411411411411,-0.29136627350132327,-0.7726213511017861,-0.564058456622676,0.0,0.0,0.6283185307179586
11.441441441441441,-0.27673712678883655,-0.7779811181314471,-0.564058456622676,0.0,0.0,0.6283185307179586
11.471471471471471,-0.26200945975663015,-0.7830639185343917,-0.564058456622676,0.0,0.0,0.6283185307179586
11.501501501501501,-0.2471885155554215,-0.7878679427987312,-0.564058456622676,0.0,0.0,0.6283185307179586
11.531531531531531,-0.23227957054324067,-0.7923914806588002,-0.564058456622676,0.0,0.0,0.6283185307179586
11.561561561561561,-0.21728793240701205,-0.7966329217040204,-0.564058456622676,0.0,0.0,0.6283185307179586
11.591591591591591,-0.20221893827298026,-0.8005907559522198,-0.564058456622676,0.0,0.0,0.6283185307179586
11.621621621621621,-0.1870779528066572,-0.8042635743871958,-0.564058456622676,0.0,0.0,0.6283185307179586
11.651651651651651,-0.17187036630296407,-0.8076500694603344,-0.564058456622676,0.0,0.0,0.6283185307179586
11.681681681681681,-0.15660159276724894,-0.8107490355561073,-0.564058456622676,0.0,0.0,0.6283185307179586
11.711711711711711,-0.1412770679878644,-0.8135593694212797,-0.564058456622676,0.0,0.0,0.6283185307179586
11.741741741741741,-0.12590224760098867,-0.8160800705576734,-0.564058456622676,0.0,0.0,0.6283185307179586
11.771771771771771,-0.11048260514838228,-0.8183102415783545,-0.564058456622676,0.0,0.0,0.6283185307179586
11.801801801801801,-0.0950236301287692,-0.8202490885271063,-0.564058456622676,0.0,0.0,0.6283185307179586
11.831831831831831,-0.07953082604353776,-0.8218959211610861,-0.564058456622676,0.0,0.0,0.6283185307179586
11.861861861861861,-0.06400970843745613,-0.8232501531965539,-0.564058456622676,0.0,0.0,0.6283185307179586
11.891891891891891,-0.04846580293510058,-0.824311302517595,-0.564058456622676,0.0,0.0,0.6283185307179586
11.921921921921921,-0.03290464327369513,-0.825078991347755,-0.564058456622676,0.0,0.0,0.6283185307179586
11.951951951951951,-0.01733176933306305,-0.8255529463845328,-0.564058456622676,0.0,0.0,0.6283185307179586
11.981981981981981,-0.001752725163391547,-0.8257329988966768,-0.564058456622676,0.0,0.0,0.6283185307179586
12.012012012012011,0.013826942988488201,-0.825619084784255,-0.564058456622676,0.0,0.0,0.6283185307179586
12.042042042042041,0.029401688653603077,-0.8252112446014743,-0.564058456622676,0.0,0.0,0.6283185307179586
12.072072072072071,0.044965967115419066,-0.824509623542244,-0.564058456622676,0.0,0.0,0.6283185307179586
12.102102102102101,0.060514237383798526,-0.8235144713884845,-0.564058456622676,0.0,0.0,0.6283185307179586
12.132132132132131,0.07604096416763076,-0.8222261424212041,-0.564058456622676,0.0,0.0,0.6283185307179586
12.162162162162161,0.09154061984543352,-0.8206450952943727,-0.564058456622676,0.0,0.0,0.6283185307179586
12.192192192192191,0.10700768643322467,-0.8187718928716379,-0.564058456622676,0.0,0.0,0.6283185307179586
12.222222222222221,0.12243665754896196,-0.8166072020259398,-0.564058456622676,0.0,0.0,0.6283185307179586
12.252252252252251,0.13782204037285323,-0.8141517934021025,-0.564058456622676,0.0,0.0,0.6283185307179586
12.282282282282281,0.15315835760283786,-0.8114065411424765,-0.564058456622676,0.0,0.0,0.6283185307179586
12.312312312312311,0.16844014940454388,-0.80837242257574,-0.564058456622676,0.0,0.0,0.6283185307179586
12.342342342342342,0.18366197535502687,-0.8050505178689629,-0.564058456622676,0.0,0.0,0.6283185307179586
12.372372372372372,0.1988184163795975,-0.8014420096430583,-0.564058456622676,0.0,0.0,0.6283185307179586
12.402402402402402,0.21390407668104966,-0.7975481825517647,-0.564058456622676,0.0,0.0,0.6283185307179586
12.432432432432432,0.22891358566060135,-0.7933704228242959,-0.564058456622676,0.0,0.0,0.6283185307179586
12.462462462462462,0.24384159982986467,-0.7889102177718372,-0.564058456622676,0.0,0.0,0.6283185307179586
12.492492492492492,0.2586828047131645,-0.7841691552580519,-0.564058456622676,0.0,0.0,0.6283185307179586
12.522522522522522,0.2734319167395284,-0.7791489231337896,-0.564058456622676,0.0,0.0,0.6283185307179586
12.552552552552552,0.28808368512367355,-0.7738513086362007,-0.564058456622676,0.0,0.0,0.6283185307179586
12.582582582582582,0.30263289373532376,-0.7682781977524682,-0.564058456622676,0.0,0.0,0.6283185307179586
12.612612612612612,0.3170743629561871,-0.7624315745483818,-0.564058456622676,0.0,0.0,0.6283185307179586
12.642642642642642,0.3314029515239344,-0.7563135204619982,-0.564058456622676,0.0,0.0,0.6283185307179586
12.672672672672672,0.3456135583625265,-0.7499262135626336,-0.564058456622676,0.0,0.0,0.6283185307179586
12.702702702702702,0.35970112439822965,-0.7432719277754579,-0.564058456622676,0.0,0.0,0.6283185307179586
12.732732732732732,0.3736606343606824,-0.73635303207196,-0.564058456622676,0.0,0.0,0.6283185307179586
12.762762762762762,0.38748711856836593,-0.7291719896265777,-0.564058456622676,0.0,0.0,0.6283185307179586
12.792792792792792,0.40117565469784444,-0.7217313569397916,-0.564058456622676,0.0,0.0,0.6283185307179586
12.822822822822824,0.4147213695361469,-0.7140337829279928,-0.564058456622676,0.0,0.0,0.6283185307179586
12.852852852852854,0.428119440715662,-0.7060820079804511,-0.564058456622676,0.0,0.0,0.6283185307179586
12.882882882882884,0.4413650984309382,-0.6978788629837167,-0.564058456622676,0.0,0.0,0.6283185307179586
12.912912912912914,0.4544536271367643,-0.6894272683138052,-0.564058456622676,0.0,0.0,0.6283185307179586
12.942942942942944,0.46738036722693654,-0.6807302327965246,-0.564058456622676,0.0,0.0,0.6283185307179586
12.972972972972974,0.48014071669311087,-0.6717908526363117,-0.564058456622676,0.0,0.0,0.6283185307179586
13.003003003003004,0.4927301327631492,-0.6626123103139621,-0.564058456622676,0.0,0.0,0.6283185307179586
13.033033033033034,0.5051441335183778,-0.6531978734536454,-0.564058456622676,0.0,0.0,0.6283185307179586
13.063063063063064,0.5173782994891807,-0.6435508936596088,-0.564058456622676,0.0,0.0,0.6283185307179586
13.093093093093094,0.5294282752283617,-0.6336748053229821,-0.564058456622676,0.0,0.0,0.6283185307179586
13.123123123123124,0.5412897708617137,-0.6235731243991123,-0.564058456622676,0.0,0.0,0.6283185307179586
13.153153153153154,0.5529585636152428,-0.6132494471558573,-0.564058456622676,0.0,0.0,0.6283185307179586
13.183183183183184,0.5644304993185049,-0.6027074488932919,-0.564058456622676,0.0,0.0,0.6283185307179586
13.213213213213214,0.5757014938835195,-0.5919508826352746,-0.564058456622676,0.0,0.0,0.6283185307179586
13.243243243243244,0.5867675347587329,-0.5809835777933451,-0.564058456622676,0.0,0.0,0.6283185307179586
13.273273273273274,0.5976246823575138,-0.5698094388034279,-0.564058456622676,0.0,0.0,0.6283185307179586
13.303303303303304,0.6082690714606739,-0.5584324437358262,-0.564058456622676,0.0,0.0,0.6283185307179586
13.333333333333334,0.6186969125925114,-0.5468566428790014,-0.564058456622676,0.0,0.0,0.6283185307179586
13.363363363363364,0.6289044933698912,-0.5350861572976429,-0.564058456622676,0.0,0.0,0.6283185307179586
13.393393393393394,0.6388881798238792,-0.5231251773655403,-0.564058456622676,0.0,0.0,0.6283185307179586
13.423423423423424,0.6486444176934595,-0.5109779612737817,-0.564058456622676,0.0,0.0,0.6283185307179586
13.453453453453454,0.6581697336908755,-0.4986488335148089,-0.564058456622676,0.0,0.0,0.6283185307179586
13.483483483483484,0.6674607367381451,-0.4861421833428672,-0.564058456622676,0.0,0.0,0.6283185307179586
13.513513513513514,0.6763060448833327,-0.4239080860601216,-0.602421835782088,6.283185307179586,0.0,0.6283185307179586
13.543543543543544,0.6830674920964458,-0.2906374843667782,-0.6700363079132172,6.283185307179586,0.0,0.6283185307179586
13.573573573573574,0.6872081764818881,-0.14694748714870998,-0.7114431517676381,6.283185307179586,0.0,0.6283185307179586
13.603603603603604,0.6885796539102005,0.00201059857247298,-0.7251579260507607,6.283185307179586,0.0,0.6283185307179586
13.633633633633634,0.6871327567187535,0.1508966040462862,-0.7106889541362915,6.283185307179586,0.0,0.6283185307179586
13.663663663663664,0.6829193563795087,0.29437294460945773,-0.6685549507438449,6.283185307179586,0.0,0.6283185307179586
13.693693693693694,0.6760905038993048,0.42729597286211807,-0.6002664259418062,6.283185307179586,0.0,0.6283185307179586
13.723723723723724,0.6668910146195839,0.5449003791652642,-0.5082715331445997,6.283185307179586,0.0,0.6283185307179586
13.753753753753754,0.6556506915512684,0.6429700286751998,-0.3958683024614432,6.283185307179586,0.0,0.6283185307179586
13.783783783783784,0.6427725018894864,0.7179891103827516,-0.26708640584362087,6.283185307179586,0.0,0.6283185307179586
13.813813813813814,0.6287181305817964,0.7672681794425111,-0.12654269276672198,6.283185307179586,0.0,0.6283185307179586
13.843843843843844,0.6139914288565607,0.7890405741565132,0.02072432448563577,6.283185307179586,0.0,0.6283185307179586
13.873873873873874,0.5991203510840977,0.7825257510496447,0.16943510221026525,6.283185307179586,0.0,0.6283185307179586
13.903903903903904,0.5846380275367391,0.7479572674652473,0.3142583376838498,6.283185307179586,0.0,0.6283185307179586
13.933933933933934,0.5710636515920555,0.6865744085008387,0.45000209713068573,6.283185307179586,0.0,0.6283185307179586
13.963963963963964,0.5588838665757593,0.600577758459514,0.5717999472936471,6.283185307179586,0.0,0.6283185307179586
13.993993993993994,0.5485353195286389,0.4930503095868683,0.6752854177648515,6.283185307179586,0.0,0.6283185307179586
14.024024024024024,0.5395735215219906,0.4774870675856027,0.6934453945054384,0.0,0.0,0.6283185307179586
14.054054054054054,0.5304685815455821,0.48758237133038146,0.6934453945054384,0.0,0.0,0.6283185307179586
14.084084084084084,0.5211747911071434,0.49750409239881155,0.6934453945054384,0.0,0.0,0.6283185307179586
14.114114114114114,0.5116954588599658,0.5072486985899802,0.6934453945054384,0.0,0.0,0.6283185307179586
14.144144144144144,0.5020339595115004,0.516812720757089,0.6934453945054384,0.0,0.0,0.6283185307179586
14.174174174174174,0.4921937326219383,0.5261927540424928,0.6934453945054384,0.0,0.0,0.6283185307179586
14.204204204204204,0.4821782813797046,0.5353854590898541,0.6934453945054384,0.0,0.0,0.6283185307179586
14.234234234234235,0.4719911713542982,0.5443875632329759,0.6934453945054384,0.0,0.0,0.6283185307179586
14.264264264264265,0.46163602922692476,0.5531958616608929,0.6934453945054384,0.0,0.0,0.6283185307179586
14.294294294294295,0.4511165414993741,0.5618072185588071,0.6934453945054384,0.0,0.0,0.6283185307179586
14.324324324324325,0.44043645318159935,0.5702185682244597,0.6934453945054384,0.0,0.0,0.6283185307179586
14.354354354354355,0.42959956645846764,0.5784269161595412,0.6934453945054384,0.0,0.0,0.6283185307179586
14.384384384384385,0.4186097393361564,0.5864293401357534,0.6934453945054384,0.0,0.0,0.6283185307179586
14.414414414414415,0.4074708842686771,0.5942229912351441,0.6934453945054384,0.0,0.0,0.6283185307179586
14.444444444444445,0.396186966765014,0.6018050948643404,0.6934453945054384,0.0,0.0,0.6283185307179586
14.474474474474475,0.3847620039773758,0.6091729517423224,0.6934453945054384,0.0,0.0,0.6283185307179586
14.504504504504505,0.3732000632710622,0.6163239388613874,0.6934453945054384,0.0,0.0,0.6283185307179586
14.534534534534535,0.3615052607764535,0.6232555104209577,0.6934453945054384,0.0,0.0,0.6283185307179586
14.564564564564565,0.3496817599236406,0.6299651987339027,0.6934453945054384,0.0,0.0,0.6283185307179586
14.594594594594595,0.33773376996021376,0.6364506151050541,0.6934453945054384,0.0,0.0,0.6283185307179586
14.624624624624625,0.3256655444527435,0.6427094506815956,0.6934453945054384,0.0,0.0,0.6283185307179586
14.654654654654655,0.31348137977247964,0.6487394772750322,0.6934453945054384,0.0,0.0,0.6283185307179586
14.684684684684685,0.3011856135658156,0.6545385481544403,0.6934453945054384,0.0,0.0,0.6283185307179586
14.714714714714715,0.28878262321005477,0.6601045988107181,0.6934453945054384,0.0,0.0,0.6283185307179586
14.744744744744745,0.2762768242550352,0.665435647691564,0.6934453945054384,0.0,0.0,0.6283185307179586
14.774774774774775,0.2636726688511629,0.6705297969069266,0.6934453945054384,0.0,0.0,0.6283185307179586
14.804804804804805,0.25097464416441573,0.6753852329046617,0.6934453945054384,0.0,0.0,0.6283185307179586
14.834834834834835,0.23818727077888185,0.6800002271161727,0.6934453945054384,0.0,0.0,0.6283185307179586
14.864864864864865,0.22531510108740033,0.6843731365717922,0.6934453945054384,0.0,0.0,0.6283185307179586
14.894894894894895,0.21236271767087841,0.68850240448569,0.6934453945054384,0.0,0.0,0.6283185307179586
14.924924924924925,0.19933473166686044,0.6923865608101005,0.6934453945054384,0.0,0.0,0.6283185307179586
14.954954954954955,0.1862357811279321,0.6960242227586677,0.6934453945054384,0.0,0.0,0.6283185307179586
14.984984984984985,0.1730705293705413,0.6994140952987284,0.6934453945054384,0.0,0.0,0.6283185307179586
15.015015015015015,0.1598436633148253,0.7025549716123536,0.6934453945054384,0.0,0.0,0.6283185307179586
15.045045045045045,0.14655989181603546,0.7054457335259814,0.6934453945054384,0.0,0.0,0.6283185307179586
15.075075075075075,0.13322394398815202,0.7080853519084969,0.6934453945054384,0.0,0.0,0.6283185307179586
15.105105105105105,0.119840567520287,0.710472887037608,0.6934453945054384,0.0,0.0,0.6283185307179586
15.135135135135135,0.1064145269864744,0.7126074889343941,0.6934453945054384,0.0,0.0,0.6283185307179586
15.165165165165165,0.09295060214944904,0.7144883976659047,0.6934453945054384,0.0,0.0,0.6283185307179586
15.195195195195195,0.07945358625901812,0.7161149436157004,0.6934453945054384,0.0,0.0,0.6283185307179586
15.225225225225225,0.06592828434563126,0.7174865477222405,0.6934453945054384,0.0,0.0,0.6283185307179586
15.255255255255255,0.0523795115097569,0.718602721685033,0.6934453945054384,0.0,0.0,0.6283185307179586
15.285285285285285,0.0388120912076731,0.7194630681384729,0.6934453945054384,0.0,0.0,0.6283185307179586
15.315315315315315,0.025230853534284167,0.7200672807933084,0.6934453945054384,0.0,0.0,0.6283185307179586
15.345345345345345,0.011640633503573534,0.7204151445456801,0.6934453945054384,0.0,0.0,0.6283185307179586
15.375375375375375,-0.001953730672694345,0.7205065355537007,0.6934453945054384,0.0,0.0,0.6283185307179586
15.405405405405405,-0.015547399307410743,0.7203414212815432,0.6934453945054384,0.0,0.0,0.6283185307179586
15.435435435435435,-0.029135532961084495,0.7199198605110234,0.6934453945054384,0.0,0.0,0.6283185307179586
15.465465465465465,-0.042713294164715726,0.7192420033206738,0.6934453945054384,0.0,0.0,0.6283185307179586
15.495495495495495,-0.05627584914196817,0.718308091032315,0.6934453945054384,0.0,0.0,0.6283185307179586
15.525525525525525,-0.06981836953002657,0.7171184561251415,0.6934453945054384,0.0,0.0,0.6283185307179586
15.555555555555555,-0.08333603409852723,0.7156735221173599,0.6934453945054384,0.0,0.0,0.6283185307179586
15.585585585585585,-0.09682403046594909,0.7139738034154104,0.6934453945054384,0.0,0.0,0.6283185307179586
15.615615615615615,-0.11027755681285469,0.7120199051308369,0.6934453945054384,0.0,0.0,0.6283185307179586
15.645645645645645,-0.12369182359137072,0.7098125228648619,0.6934453945054384,0.0,0.0,0.6283185307179586
15.675675675675675,-0.13706205523030038,0.7073524424607475,0.6934453945054384,0.0,0.0,0.6283185307179586
15.705705705705705,-0.15038349183525904,0.7046405397240307,0.6934453945054384,0.0,0.0,0.6283185307179586
15.735735735735735,-0.16365139088322975,0.7016777801107309,0.6934453945054384,0.0,0.0,0.6283185307179586
15.765765765765765,-0.17686102891093386,0.6984652183836392,0.6934453945054384,0.0,0.0,0.6283185307179586
15.795795795795796,-0.1900077031964167,0.6950039982368167,0.6934453945054384,0.0,0.0,0.6283185307179586
15.825825825825826,-0.20308673343324832,0.6912953518884325,0.6934453945054384,0.0,0.0,0.6283185307179586
15.855855855855856,-0.21609346339674557,0.6873405996420828,0.6934453945054384,0.0,0.0,0.6283185307179586
15.885885885885886,-0.22902326260161943,0.6831411494167573,0.6934453945054384,0.0,0.0,0.6283185307179586
15.915915915915916,-0.24187152795045982,0.6786984962456074,0.6934453945054384,0.0,0.0,0.6283185307179586
15.945945945945946,-0.2546336853724702,0.6740142217437052,0.6934453945054384,0.0,0.0,0.6283185307179586
15.975975975975976,-0.2673051914518675,0.6690899935449783,0.6934453945054384,0.0,0.0,0.6283185307179586
16.006006006006007,-0.27988153504537117,0.6639275647085199,0.6934453945054384,0.0,0.0,0.6283185307179586
16.036036036036037,-0.29235823888819745,0.6585287730944871,0.6934453945054384,0.0,0.0,0.6283185307179586
16.066066066066067,-0.30473086118800086,0.652895540709812,0.6934453945054384,0.0,0.0,0.6283185307179586
16.096096096096097,-0.3169949972061805,0.6470298730239529,0.6934453945054384,0.0,0.0,0.6283185307179586
16.126126126126128,-0.32914628082599695,0.6409338582549318,0.6934453945054384,0.0,0.0,0.6283185307179586
16.156156156156158,-0.341180386106941,0.6346096666259168,0.6934453945054384,0.0,0.0,0.6283185307179586
16.186186186186188,-0.35309302882479754,0.6280595495926078,0.6934453945054384,0.0,0.0,0.6283185307179586
16.216216216216218,-0.36487996799685884,0.6212858390417005,0.6934453945054384,0.0,0.0,0.6283185307179586
16.246246246246248,-0.37653700739174367,0.614290946460721,0.6934453945054384,0.0,0.0,0.6283185307179586
16.276276276276278,-0.388059997023285,0.6070773620795185,0.6934453945054384,0.0,0.0,0.6283185307179586
16.306306306306308,-0.39944483462795277,0.5996476539837257,0.6934453945054384,0.0,0.0,0.6283185307179586
16.336336336336338,-0.41068746712528825,0.5920044672005051,0.6934453945054384,0.0,0.0,0.6283185307179586
16.366366366366368,-0.42178389206082867,0.5841505227568986,0.6934453945054384,0.0,0.0,0.6283185307179586
16.396396396396398,-0.4327301590310085,0.5760886167111245,0.6934453945054384,0.0,0.0,0.6283185307179586
16.426426426426428,-0.44352237108953035,0.5678216191571608,0.6934453945054384,0.0,0.0,0.6283185307179586
16.456456456456458,-0.45415668613470417,0.5593524732029731,0.6934453945054384,0.0,0.0,0.6283185307179586
16.486486486486488,-0.4646293182772624,0.5506841939227469,0.6934453945054384,0.0,0.0,0.6283185307179586
16.516516516516518,-0.47455331809192147,0.4670545136329327,0.7460959922040824,6.283185307179586,0.0,0.6283185307179586
16.546546546546548,-0.4819048194471892,0.3098476145396404,0.8196110057567596,6.283185307179586,0.0,0.6283185307179586
16.576576576576578,-0.4861760427950659,0.14153263399802815,0.8623232392355262,6.283185307179586,0.0,0.6283185307179586
16.606606606606608,-0.4872138641655551,-0.031856311784146496,0.872701452940419,6.283185307179586,0.0,0.6283185307179586
16.636636636636638,-0.48498107751358455,-0.20410320421707334,0.8503735864207125,6.283185307179586,0.0,0.6283185307179586
16.666666666666668,-0.47955772856106044,-0.3690329674874118,0.7961400968954705,6.283185307179586,0.0,0.6283185307179586
16.696696696696698,-0.47113824514625036,-0.5207328459124014,0.7119452627473687,6.283185307179586,0.0,0.6283185307179586
16.726726726726728,-0.460024466957878,-0.653764377079644,0.6008074808636465,6.283185307179586,0.0,0.6283185307179586
16.756756756756758,-0.44661482453896534,-0.7633583615050773,0.4667110566745207,6.283185307179586,0.0,0.6283185307179586
16.786786786786788,-0.4313900554946846,-0.8455858391189184,0.31446336623171395,6.283185307179586,0.0,0.6283185307179586
16.816816816816818,-0.4148959699802213,-0.8974989430480225,0.14952251108708126,6.283185307179586,0.0,0.6283185307179586
16.846846846846848,-0.39772388332838027,-0.9172365810663403,-0.022198355431331696,6.283185307179586,0.0,0.6283185307179586
16.876876876876878,-0.3804894173100424,-0.9040911560183132,-0.194543015614711,6.283185307179586,0.0,0.6283185307179586
16.906906906906908,-0.3638104300053303,-0.8585339332784484,-0.3613328886618316,6.283185307179586,0.0,0.6283185307179586
16.936936936936938,-0.34828486550276494,-0.7821981458200112,-0.5165885336874858,6.283185307179586,0.0,0.6283185307179586
16.966966966966968,-0.334469317517879,-0.677820442578543,-0.654744013536344,6.283185307179586,0.0,0.6283185307179586
16.996996996996998,-0.3228590754286377,-0.5491427791947789,-0.7708464344287563,6.283185307179586,0.0,0.6283185307179586
17.027027027027028,-0.3127031672155124,-0.5404972802935923,-0.7810758088742379,0.0,0.0,0.6283185307179586
17.057057057057058,-0.3024497780543479,-0.5463009358826494,-0.7810758088742379,0.0,0.0,0.6283185307179586
17.087087087087088,-0.2920887146928375,-0.5519101045826842,-0.7810758088742379,0.0,0.0,0.6283185307179586
17.117117117117118,-0.2816236657407707,-0.5573227894910756,-0.7810758088742379,0.0,0.0,0.6283185307179586
17.147147147147148,-0.2710583568275224,-0.5625370636547842,-0.7810758088742379,0.0,0.0,0.6283185307179586
17.177177177177178,-0.2603965492757027,-0.5675510707563591,-0.7810758088742379,0.0,0.0,0.6283185307179586
17.207207207207208,-0.24964203876210064,-0.5723630257748007,-0.7810758088742379,0.0,0.0,0.6283185307179586
17.237237237237238,-0.23879865396639682,-0.57697121562104,-0.7810758088742379,0.0,0.0,0.6283185307179586
17.26726726726727,-0.22787025520812737,-0.5813739997478098,-0.7810758088742379,0.0,0.0,0.6283185307179586
17.2972972972973,-0.21686073307238357,-0.585569810733692,-0.7810758088742379,0.0,0.0,0.6283185307179586
17.32732732732733,-0.20577400702473683,-0.5895571548411294,-0.7810758088742379,0.0,0.0,0.6283185307179586
17.35735735735736,-0.19461402401588185,-0.5933346125482055,-0.7810758088742379,0.0,0.0,0.6283185307179586
17.38738738738739,-0.18338475707649546,-0.5969008390540076,-0.7810758088742379,0.0,0.0,0.6283185307179586
17.41741741741742,-0.17209020390280969,-0.6002545647573809,-0.7810758088742379,0.0,0.0,0.6283185307179586
17.44744744744745,-0.16073438543340515,-0.6033945957089185,-0.7810758088742379,0.0,0.0,0.6283185307179586
17.47747747747748,-0.14932134441772885,-0.606319814036013,-0.7810758088742379,0.0,0.0,0.6283185307179586
17.50750750750751,-0.1378551439768475,-0.6090291783408297,-0.7810758088742379,0.0,0.0,0.6283185307179586
17.53753753753754,-0.12633986615694887,-0.6115217240710489,-0.7810758088742379,0.0,0.0,0.6283185307179586
17.56756756756757,-0.11477961047610497,-0.6137965638632537,-0.7810758088742379,0.0,0.0,0.6283185307179586
17.5975975975976,-0.1031784924648156,-0.615852887858839,-0.7810758088742379,0.0,0.0,0.6283185307179586
17.62762762762763,-0.09154064220085108,-0.617689963992325,-0.7810758088742379,0.0,0.0,0.6283185307179586
17.65765765765766,-0.07987020283891619,-0.6193071382519777,-0.7810758088742379,0.0,0.0,0.6283185307179586
17.68768768768769,-0.06817132913565875,-0.6207038349126428,-0.7810758088742379,0.0,0.0,0.6283185307179586
17.71771771771772,-0.05644818597054744,-0.6218795567407069,-0.7810758088742379,0.0,0.0,0.6283185307179586
17.74774774774775,-0.04470494686314632,-0.6228338851711162,-0.7810758088742379,0.0,0.0,0.6283185307179586
17.77777777777778,-0.032945792487313004,-0.6235664804563881,-0.7810758088742379,0.0,0.0,0.6283185307179586
17.80780780780781,-0.021174909182850105,-0.6240770817875638,-0.7810758088742379,0.0,0.0,0.6283185307179586
17.83783783783784,-0.009396487465139481,-0.6243655073870602,-0.7810758088742379,0.0,0.0,0.6283185307179586
17.86786786786787,0.0023852794667100934,-0.6244316545733803,-0.7810758088742379,0.0,0.0,0.6283185307179586
17.8978978978979,0.014166197222670592,-0.6242754997976712,-0.7810758088742379,0.0,0.0,0.6283185307179586
17.92792792792793,0.025942071715026452,-0.6238970986521064,-0.7810758088742379,0.0,0.0,0.6283185307179586
17.95795795795796,0.037708710651498625,-0.6232965858500952,-0.7810758088742379,0.0,0.0,0.6283185307179586
17.98798798798799,0.04946192502772945,-0.6224741751783238,-0.7810758088742379,0.0,0.0,0.6283185307179586
18.01801801801802,0.06119753061859701,-0.6214301594206457,-0.7810758088742379,0.0,0.0,0.6283185307179586
18.04804804804805,0.07291134946782804,-0.620164910253848,-0.7810758088742379,0.0,0.0,0.6283185307179586
18.07807807807808,0.0845992113753791,-0.618678878115333,-0.7810758088742379,0.0,0.0,0.6283185307179586
18.10810810810811,0.09625695538205636,-0.6169725920427582,-0.7810758088742379,0.0,0.0,0.6283185307179586
18.13813813813814,0.10788043125084593,-0.6150466594856965,-0.7810758088742379,0.0,0.0,0.6283185307179586
18.16816816816817,0.11946550094442637,-0.612901766089379,-0.7810758088742379,0.0,0.0,0.6283185307179586
18.1981981981982,0.13100804009833888,-0.6105386754506015,-0.7810758088742379,0.0,0.0,0.6283185307179586
18.22822822822823,0.14250393948928908,-0.6079582288458771,-0.7810758088742379,0.0,0.0,0.6283185307179586
18.25825825825826,0.15394910649805887,-0.6051613449319382,-0.7810758088742379,0.0,0.0,0.6283185307179586
18.28828828828829,0.16533946656650694,-0.6021490194186869,-0.7810758088742379,0.0,0.0,0.6283185307179586
18.31831831831832,0.17667096464813958,-0.5989223247147154,-0.7810758088742379,0.0,0.0,0.6283185307179586
18.34834834834835,0.18793956665173506,-0.5954824095455226,-0.7810758088742379,0.0,0.0,0.6283185307179586
18.37837837837838,0.19914126087750794,-0.5918304985445579,-0.7810758088742379,0.0,0.0,0.6283185307179586
18.40840840840841,0.21027205944530164,-0.5879678918172445,-0.7810758088742379,0.0,0.0,0.6283185307179586
18.43843843843844,0.22132799971430106,-0.5838959644781337,-0.7810758088742379,0.0,0.0,0.6283185307179586
18.46846846846847,0.2323051456937602,-0.5796161661613526,-0.7810758088742379,0.0,0.0,0.6283185307179586
18.4984984984985,0.24319958944424208,-0.5751300205045253,-0.7810758088742379,0.0,0.0,0.6283185307179586
18.52852852852853,0.25400745246887146,-0.5704391246063489,-0.7810758088742379,0.0,0.0,0.6283185307179586
18.55855855855856,0.26472488709410735,-0.5655451484580132,-0.7810758088742379,0.0,0.0,0.6283185307179586
18.58858858858859,0.27534807783953974,-0.5604498343486728,-0.7810758088742379,0.0,0.0,0.6283185307179586
18.61861861861862,0.2858732427762283,-0.5551549962451816,-0.7810758088742379,0.0,0.0,0.6283185307179586
18.64864864864865,0.29629663487309466,-0.5496625191463065,-0.7810758088742379,0.0,0.0,0.6283185307179586
18.67867867867868,0.306614543330891,-0.5439743584116561,-0.7810758088742379,0.0,0.0,0.6283185307179586
18.70870870870871,0.3168232949032701,-0.5380925390655584,-0.7810758088742379,0.0,0.0,0.6283185307179586
18.73873873873874,0.3269192552044864,-0.5320191550761383,-0.7810758088742379,0.0,0.0,0.6283185307179586
18.76876876876877,0.3368988300032624,-0.5257563686098505,-0.7810758088742379,0.0,0.0,0.6283185307179586
18.7987987987988,0.34675846650235953,-0.5193064092617344,-0.7810758088742379,0.0,0.0,0.6283185307179586
18.82882882882883,0.3564946546033989,-0.5126715732616619,-0.7810758088742379,0.0,0.0,0.6283185307179586
18.85885885885886,0.36610392815647963,-0.5058542226568632,-0.7810758088742379,0.0,0.0,0.6283185307179586
18.88888888888889,0.3755828661941524,-0.4988567844710237,-0.7810758088742379,0.0,0.0,0.6283185307179586
18.91891891891892,0.3849280941493076,-0.4916817498402455,-0.7810758088742379,0.0,0.0,0.6283185307179586
18.94894894894895,0.3941362850565445,-0.48433167312618564,-0.7810758088742379,0.0,0.0,0.6283185307179586
18.97897897897898,0.40320416073659304,-0.4768091710066866,-0.7810758088742379,0.0,0.0,0.6283185307179586
19.00900900900901,0.412128492963369,-0.4691169215442208,-0.7810758088742379,0.0,0.0,0.6283185307179586
19.03903903903904,0.42090610461324457,-0.46125766323248074,-0.7810758088742379,0.0,0.0,0.6283185307179586
19.06906906906907,0.4295338707961256,-0.4532341940214589,-0.7810758088742379,0.0,0.0,0.6283185307179586
19.0990990990991,0.4380087199679349,-0.44504937032135605,-0.7810758088742379,0.0,0.0,0.6283185307179586
19.12912912912913,0.4463276350241019,-0.4367061059856804,-0.7810758088742379,0.0,0.0,0.6283185307179586
19.15915915915916,0.4544876543736742,-0.42820737127389585,-0.7810758088742379,0.0,0.0,0.6283185307179586
19.18918918918919,0.4624858729936622,-0.4195561917939892,-0.7810758088742379,0.0,0.0,0.6283185307179586
19.21921921921922,0.47031944346324916,-0.4107556474253323,-0.7810758088742379,0.0,0.0,0.6283185307179586
19.24924924924925,0.4779855769774919,-0.4018088712222252,-0.7810758088742379,0.0,0.0,0.6283185307179586
19.27927927927928,0.4854815443401539,-0.39271904829850524,-0.7810758088742379,0.0,0.0,0.6283185307179586
19.30930930930931,0.49280467693531915,-0.38348941469362646,-0.7810758088742379,0.0,0.0,0.6283185307179586
19.33933933933934,0.49995236767743684,-0.37412325622060644,-0.7810758088742379,0.0,0.0,0.6283185307179586
19.36936936936937,0.5069220719394623,-0.36462390729625427,-0.7810758088742379,0.0,0.0,0.6283185307179586
19.3993993993994,0.5137113084587603,-0.3549947497540957,-0.7810758088742379,0.0,0.0,0.6283185307179586
19.42942942942943,0.5203176602204538,-0.3452392116404167,-0.7810758088742379,0.0,0.0,0.6283185307179586
19.45945945945946,0.5267387753178974,-0.33536076599385567,-0.7810758088742379,0.0,0.0,0.6283185307179586
19.48948948948949,0.5329723677899705,-0.3253629296089776,-0.7810758088742379,0.0,0.0,0.6283185307179586
19.51951951951952,0.5384196877991625,-0.21729584149512618,-0.8141785781136145,6.283185307179586,0.0,0.6283185307179586
19.54954954954955,0.5409546629852084,-0.05059877237075252,-0.8395283299740759,6.283185307179586,0.0,0.6283185307179586
19.57957957957958,0.5403177033848432,0.11791227000468003,-0.8331587339704243,6.283185307179586,0.0,0.6283185307179586
19.60960960960961,0.5365316440911514,0.28219614057853404,-0.795298141033508,6.283185307179586,0.0,0.6283185307179586
19.63963963963964,0.5297322158731597,0.4363632390139117,-0.7273038588535925,6.283185307179586,0.0,0.6283185307179586
19.66966966966967,0.5201631792082876,0.5748866527069649,-0.6316134922048717,6.283185307179586,0.0,0.6283185307179586
19.6996996996997,0.5081675854342489,0.6928002973969262,-0.5116575544644878,6.283185307179586,0.0,0.6283185307179586
19.72972972972973,0.4941754783093637,0.7858769519995517,-0.3717364832156361,6.283185307179586,0.0,0.6283185307179586
19.75975975975976,0.47868847688210436,0.8507798050896542,-0.21686646894304218,6.283185307179586,0.0,0.6283185307179586
19.78978978978979,0.4622617923762199,0.8851820800695683,-0.052599623884195035,6.283185307179586,0.0,0.6283185307179586
19.81981981981982,0.44548432378868386,0.8878504504441,0.11517506199116362,6.283185307179586,0.0,0.6283185307179586
19.84984984984985,0.42895754577613987,0.8586892547523777,0.2804428421166009,6.283185307179586,0.0,0.6283185307179586
19.87987987987988,0.41327394570214093,0.7987439260449516,0.43727884285659097,6.283185307179586,0.0,0.6283185307179586
19.90990990990991,0.39899578288013565,0.710163512958901,0.5800604710766444,6.283185307179586,0.0,0.6283185307179586
19.93993993993994,0.38663493149639083,0.5961236360157762,0.7036689849140919,6.283185307179586,0.0,0.6283185307179586
19.96996996996997,0.3766345298469532,0.4607126411701615,0.8036730014084674,6.283185307179586,0.0,0.6283185307179586
20.0,0.3693530937661401,0.3087850396947777,0.8764873595129545,0.0,0.0,0.6283185307179586
20.03003003003003,0.36346140625379475,0.3156987688549235,0.8764873607231398,0.0,0.0,0.6283185307179586
20.06006006006006,0.35744032398200665,0.32250011051802574,0.8764873607231398,0.0,0.0,0.6283185307179586
20.09009009009009,0.3512919904974593,0.3291866399245779,0.8764873607231398,0.0,0.0,0.6283185307179586
20.12012012012012,0.3450185946491434,0.33575597662414114,0.8764873607231398,0.0,0.0,0.6283185307179586
20.15015015015015,0.3386223698091111,0.3422057818876857,0.8764873607231398,0.0,0.0,0.6283185307179586
20.18018018018018,0.33210559307737975,0.3485337595401952,0.8764873607231398,0.0,0.0,0.6283185307179586
20.21021021021021,0.325470584471269,0.35473765677811997,0.8764873607231398,0.0,0.0,0.6283185307179586
20.24024024024024,0.318719706099459,0.36081526497139116,0.8764873607231398,0.0,0.0,0.6283185307179586
20.27027027027027,0.31185536132106206,0.3667644204497085,0.8764873607231398,0.0,0.0,0.6283185307179586
20.3003003003003,0.3048799938900127,0.3725830052728203,0.8764873607231398,0.0,0.0,0.6283185307179586
20.33033033033033,0.29779608708507205,0.3782689479845269,0.8764873607231398,0.0,0.0,0.6283185307179586
20.36036036036036,0.2906061628257652,0.38382022435013197,0.8764873607231398,0.0,0.0,0.6283185307179586
20.39039039039039,0.2833127807745594,0.3892348580770836,0.8764873607231398,0.0,0.0,0.6283185307179586
20.42042042042042,0.27591853742560724,0.39451092151854905,0.8764873607231398,0.0,0.0,0.6283185307179586
20.45045045045045,0.2684260651803767,0.3996465363596702,0.8764873607231398,0.0,0.0,0.6283185307179586
20.48048048048048,0.2608380314104983,0.4046398742862557,0.8764873607231398,0.0,0.0,0.6283185307179586
20.51051051051051,0.2531571375081624,0.4094891576356746,0.8764873607231398,0.0,0.0,0.6283185307179586
20.54054054054054,0.2453861179244046,0.4141926600297151,0.8764873607231398,0.0,0.0,0.6283185307179586
20.57057057057057,0.23752773919562284,0.41874870698918853,0.8764873607231398,0.0,0.0,0.6283185307179586
20.6006006006006,0.2295847989586715,0.4231556765300538,0.8764873607231398,0.0,0.0,0.6283185307179586
20.63063063063063,0.22156012495488303,0.4274119997408563,0.8764873607231398,0.0,0.0,0.6283185307179586
20.66066066066066,0.21345657402337287,0.4315161613412707,0.8764873607231398,0.0,0.0,0.6283185307179586
20.69069069069069,0.20527703108398498,0.43546670022155065,0.8764873607231398,0.0,0.0,0.6283185307179586
20.72072072072072,0.19702440811024058,0.4392622099626947,0.8764873607231398,0.0,0.0,0.6283185307179586
20.75075075075075,0.18870164309265547,0.44290133933714093,0.8764873607231398,0.0,0.0,0.6283185307179586
20.78078078078078,0.18031169899279548,0.4463827927898124,0.8764873607231398,0.0,0.0,0.6283185307179586
20.81081081081081,0.17185756268844138,0.44970533089934506,0.8764873607231398,0.0,0.0,0.6283185307179586
20.84084084084084,0.16334224391024027,0.4528677708193293,0.8764873607231398,0.0,0.0,0.6283185307179586
20.87087087087087,0.15476877417022045,0.4558689866994118,0.8764873607231398,0.0,0.0,0.6283185307179586
20.9009009009009,0.14614020568255237,0.45870791008610523,0.8764873607231398,0.0,0.0,0.6283185307179586
20.93093093093093,0.13745961027693954,0.4613835303031666,0.8764873607231398,0.0,0.0,0.6283185307179586
20.96096096096096,0.1287300783050259,0.46389489481140345,0.8764873607231398,0.0,0.0,0.6283185307179586
20.99099099099099,0.11995471754020945,0.4662411095477851,0.8764873607231398,0.0,0.0,0.6283185307179586
21.02102102102102,0.11113665207125356,0.4684213392437351,0.8764873607231398,0.0,0.0,0.6283185307179586
21.05105105105105,0.10227902119008986,0.47043480772249235,0.8764873607231398,0.0,0.0,0.6283185307179586
21.08108108108108,0.0933849782742087,0.4722807981754358,0.8764873607231398,0.0,0.0,0.6283185307179586
21.11111111111111,0.0844576896640352,0.47395865341727295,0.8764873607231398,0.0,0.0,0.6283185307179586
21.14114114114114,0.07550033353569015,0.47546777612000224,0.8764873607231398,0.0,0.0,0.6283185307179586
21.17117117117117,0.06651609876953751,0.4768076290255666,0.8764873607231398,0.0,0.0,0.6283185307179586
21.2012012012012,0.057508183814921184,0.4779777351371195,0.8764873607231398,0.0,0.0,0.6283185307179586
21.23123123123123,0.0484797955514949,0.47897767788884094,0.8764873607231398,0.0,0.0,0.6283185307179586
21.26126126126126,0.03943414814755107,0.47980710129423687,0.8764873607231398,0.0,0.0,0.6283185307179586
21.29129129129129,0.03037446191575482,0.48046571007287225,0.8764873607231398,0.0,0.0,0.6283185307179586
21.32132132132132,0.021303962166690504,0.4809532697554942,0.8764873607231398,0.0,0.0,0.6283185307179586
21.35135135135135,0.012225878060628977,0.4812696067675037,0.8764873607231398,0.0,0.0,0.6283185307179586
21.38138138138138,0.003143441457924286,0.48141460849074924,0.8764873607231398,0.0,0.0,0.6283185307179586
21.41141141141141,-0.00594011423155075,0.4813882233036211,0.8764873607231398,0.0,0.0,0.6283185307179586
21.44144144144144,-0.015021555199520753,0.48119046059942683,0.8764873607231398,0.0,0.0,0.6283185307179586
21.47147147147147,-0.024097648390565718,0.480821390783049,0.8764873607231398,0.0,0.0,0.6283185307179586
21.5015015015015,-0.033165162653111036,0.4802811452458793,0.8764873607231398,0.0,0.0,0.6283185307179586
21.53153153153153,-0.042220869889739554,0.47956991631904355,0.8764873607231398,0.0,0.0,0.6283185307179586
21.56156156156156,-0.05126154620641657,0.4786879572049293,0.8764873607231398,0.0,0.0,0.6283185307179586
21.59159159159159,-0.06028397306021824,0.47763558188704447,0.8764873607231398,0.0,0.0,0.6283185307179586
21.62162162162162,-0.06928493840515491,0.4764131650182377,0.8764873607231398,0.0,0.0,0.6283185307179586
21.65165165165165,-0.07826123783568163,0.47502114178731836,0.8764873607231398,0.0,0.0,0.6283185307179586
21.68168168168168,-0.0872096757274887,0.473460007764127,0.8764873607231398,0.0,0.0,0.6283185307179586
21.71171171171171,-0.09612706637516552,0.4717303187231082,0.8764873607231398,0.0,0.0,0.6283185307179586
21.74174174174174,-0.10501023512633403,0.46983269044545284,0.8764873607231398,0.0,0.0,0.6283185307179586
21.77177177177177,-0.11385601951184657,0.46776779849987415,0.8764873607231398,0.0,0.0,0.6283185307179586
21.8018018018018,-0.12266127037164665,0.46553637800210046,0.8764873607231398,0.0,0.0,0.6283185307179586
21.83183183183183,-0.13142285297589162,0.4631392233531705,0.8764873607231398,0.0,0.0,0.6283185307179586
21.86186186186186,-0.14013764814093793,0.4605771879566197,0.8764873607231398,0.0,0.0,0.6283185307179586
21.89189189189189,-0.1488025533397923,0.4578511839146634,0.8764873607231398,0.0,0.0,0.6283185307179586
21.92192192192192,-0.15741448380663203,0.45496218170348224,0.8764873607231398,0.0,0.0,0.6283185307179586
21.95195195195195,-0.1659703736350036,0.45191120982772504,0.8764873607231398,0.0,0.0,0.6283185307179586
21.98198198198198,-0.17446717686930585,0.44869935445435516,0.8764873607231398,0.0,0.0,0.6283185307179586
22.01201201201201,-0.18290186858917146,0.44532775902596744,0.8764873607231398,0.0,0.0,0.6283185307179586
22.04204204204204,-0.19127144598635915,0.4417976238537141,0.8764873607231398,0.0,0.0,0.6283185307179586
22.07207207207207,-0.1995729294337743,0.4381102056899866,0.8764873607231398,0.0,0.0,0.6283185307179586
22.1021021021021,-0.20780336354623635,0.4342668172810022,0.8764873607231398,0.0,0.0,0.6283185307179586
22.13213213213213,-0.21595981823261667,0.4302688268994581,0.8764873607231398,0.0,0.0,0.6283185307179586
22.16216216216216,-0.22403938973897072,0.4261176578574163,0.8764873607231398,0.0,0.0,0.6283185307179586
22.19219219219219,-0.23203920168229492,0.4218147879995955,0.8764873607231398,0.0,0.0,0.6283185307179586
22.22222222222222,-0.2399564060745382,0.41736174917724755,0.8764873607231398,0.0,0.0,0.6283185307179586
22.25225225225225,-0.24778818433650582,0.41276012670280815,0.8764873607231398,0.0,0.0,0.6283185307179586
22.28228228228228,-0.25553174830129255,0.4080115587855146,0.8764873607231398,0.0,0.0,0.6283185307179586
22.31231231231231,-0.2631843412068896,0.40311773594819184,0.8764873607231398,0.0,0.0,0.6283185307179586
22.34234234234234,-0.2707432386776103,0.3980804004254154,0.8764873607231398,0.0,0.0,0.6283185307179586
22.37237237237237,-0.2782057496939874,0.3929013455432634,0.8764873607231398,0.0,0.0,0.6283185307179586
22.4024024024024,-0.2855692175507941,0.38758241508088015,0.8764873607231398,0.0,0.0,0.6283185307179586
22.43243243243243,-0.2928310208028489,0.38212550261407824,0.8764873607231398,0.0,0.0,0.6283185307179586
22.46246246246246,-0.29998857419826896,0.3765325508412124,0.8764873607231398,0.0,0.0,0.6283185307179586
22.49249249249249,-0.30703932959883695,0.3708055508915654,0.8764873607231398,0.0,0.0,0.6283185307179586
22.52252252252252,-0.3130872530016112,0.23765224928816217,0.9195095325313914,6.283185307179586,0.0,0.6283185307179586
22.55255255255255,-0.31585707777621663,0.05506112422079564,0.9472077802774458,6.283185307179586,0.0,0.6283185307179586
22.58258258258258,-0.31515265631160516,-0.12950395005185783,0.9401635656313315,6.283185307179586,0.0,0.6283185307179586
22.61261261261261,-0.3109992422183766,-0.3094262891296877,0.8986294246990463,6.283185307179586,0.0,0.6283185307179586
22.64264264264264,-0.303545735987841,-0.4782556513356097,0.8240943623936903,6.283185307179586,0.0,0.6283185307179586
22.67267267267267,-0.293059346888036,-0.6299394798053807,0.7192304713956402,6.283185307179586,0.0,0.6283185307179586
22.7027027027027,-0.27991601347312,-0.7590398875198001,0.5877971372464785,6.283185307179586,0.0,0.6283185307179586
22.73273273273273,-0.2645869261322529,-0.8609286063347557,0.4345062638378074,6.283185307179586,0.0,0.6283185307179586
22.762762762762762,-0.247621634846524,-0.9319529110584038,0.26485335098051876,6.283185307179586,0.0,0.6283185307179586
22.792792792792792,-0.22962834774326177,-0.9695665701735107,0.08492047994789675,6.283185307179586,0.0,0.6283185307179586
22.822822822822822,-0.21125212674738375,-0.972421128602762,-0.09884173001088309,6.283185307179586,0.0,0.6283185307179586
22.852852852852852,-0.19315176201881373,-0.9404142500168027,-0.2798453772965839,6.283185307179586,0.0,0.6283185307179586
22.882882882882882,-0.17597615423070342,-0.8746933856063345,-0.4516014551776875,6.283185307179586,0.0,0.6283185307179586
22.912912912912912,-0.16034105138717472,-0.7776146377922519,-0.6079524836129747,6.283185307179586,0.0,0.6283185307179586
22.942942942942942,-0.14680697416900432,-0.6526582936157252,-0.7432932557946789,6.283185307179586,0.0,0.6283185307179586
22.972972972972972,-0.1358591211867758,-0.5043040559483081,-0.8527717856169638,6.283185307179586,0.0,0.6283185307179586
23.003003003003002,-0.12787345300158748,-0.3554033728295387,-0.9259248471656543,0.0,0.0,0.6283185307179586
23.033033033033032,-0.12114518733078224,-0.3577527372190895,-0.9259248471656543,0.0,0.0,0.6283185307179586
23.063063063063062,-0.11437379314040759,-0.3599747391746211,-0.9259248471656543,0.0,0.0,0.6283185307179586
23.093093093093092,-0.107561681093349,-0.36206858764816074,-0.9259248471656543,0.0,0.0,0.6283185307179586
23.123123123123122,-0.10071127634832885,-0.3640335372152567,-0.9259248471656543,0.0,0.0,0.6283185307179586
23.153153153153152,-0.09382501769653326,-0.3658688883403538,-0.9259248471656543,0.0,0.0,0.6283185307179586
23.183183183183182,-0.08690535669338567,-0.3675739876258336,-0.9259248471656543,0.0,0.0,0.6283185307179586
23.213213213213212,-0.07995475678577617,-0.36914822804462766,-0.9259248471656543,0.0,0.0,0.6283185307179586
23.243243243243242,-0.07297569243505775,-0.37059104915632396,-0.9259248471656543,0.0,0.0,0.6283185307179586
23.273273273273272,-0.06597064823612062,-0.3719019373066871,-0.9259248471656543,0.0,0.0,0.6283185307179586
23.303303303303302,-0.058942118032859675,-0.37308042581052336,-0.9259248471656543,0.0,0.0,0.6283185307179586
23.333333333333332,-0.0518926040303488,-0.3741260951178231,-0.9259248471656543,0.0,0.0,0.6283185307179586
23.363363363363362,-0.04482461590403869,-0.37503857296312376,-0.9259248471656543,0.0,0.0,0.6283185307179586
23.393393393393392,-0.0377406699062951,-0.37581753449803923,-0.9259248471656543,0.0,0.0,0.6283185307179586
23.423423423423422,-0.030643287970595724,-0.37646270240690766,-0.9259248471656543,0.0,0.0,0.6283185307179586
23.453453453453452,-0.02353499681370457,-0.37697384700551806,-0.9259248471656543,0.0,0.0,0.6283185307179586
23.483483483483482,-0.01641832703614338,-0.37735078632287905,-0.9259248471656543,0.0,0.0,0.6283185307179586
23.513513513513512,-0.00929581222128043,-0.37759338616600197,-0.9259248471656543,0.0,0.0,0.6283185307179586
23.543543543543542,-0.002169988033357501,-0.377701560167675,-0.9259248471656543,0.0,0.0,0.6283185307179586
23.573573573573572,0.004956608685224085,-0.37767526981720984,-0.9259248471656543,0.0,0.0,0.6283185307179586
23.603603603603602,0.01208144081703678,-0.377514524474152,-0.9259248471656543,0.0,0.0,0.6283185307179586
23.633633633633632,0.019201971872858055,-0.3772193813649488,-0.9259248471656543,0.0,0.0,0.6283185307179586
23.663663663663662,0.026315666894677993,-0.37678994556257595,-0.9259248471656543,0.0,0.0,0.6283185307179586
23.693693693693692,0.033419993358161815,-0.3762263699491317,-0.9259248471656543,0.0,0.0,0.6283185307179586
23.723723723723722,0.04051242207424588,-0.3755288551614092,-0.9259248471656543,0.0,0.0,0.6283185307179586
23.753753753753752,0.047590428089546416,-0.37469764951946827,-0.9259248471656543,0.0,0.0,0.6283185307179586
23.783783783783782,0.05465149158526034,-0.3737330489382318,-0.9259248471656543,0.0,0.0,0.6283185307179586
23.813813813813812,0.06169309877423796,-0.37263539682213864,-0.9259248471656543,0.0,0.0,0.6283185307179586
23.843843843843842,0.06871274279590857,-0.3714050839428884,-0.9259248471656543,0.0,0.0,0.6283185307179586
23.873873873873872,0.0757079246087401,-0.37004254830032435,-0.9259248471656543,0.0,0.0,0.6283185307179586
23.903903903903903,0.08267615387991481,-0.3685482749665031,-0.9259248471656543,0.0,0.0,0.6283185307179586
23.933933933933933,0.08961494987190527,-0.3669227959130047,-0.9259248471656543,0.0,0.0,0.6283185307179586
23.963963963963963,0.09652184232563371,-0.365166689821547,-0.9259248471656543,0.0,0.0,0.6283185307179586
23.993993993993993,0.1033943723399014,-0.3632805818779725,-0.9259248471656543,0.0,0.0,0.6283185307179586
24.024024024024023,0.11023009324677421,-0.361265143549676,-0.9259248471656543,0.0,0.0,0.6283185307179586
24.054054054054053,0.11702657148261336,-0.3591210923465584,-0.9259248471656543,0.0,0.0,0.6283185307179586
24.084084084084083,0.12378138745444073,-0.3568491915655887,-0.9259248471656543,0.0,0.0,0.6283185307179586
24.114114114114113,0.13049213640133067,-0.35445025001906416,-0.9259248471656543,0.0,0.0,0.6283185307179586
24.144144144144143,0.13715642925052127,-0.3519251217466683,-0.9259248471656543,0.0,0.0,0.6283185307179586
24.174174174174173,0.1437718934679409,-0.34927470571142655,-0.9259248471656543,0.0,0.0,0.6283185307179586
24.204204204204203,0.15033617390284634,-0.34649994547966917,-0.9259248471656543,0.0,0.0,0.6283185307179586
24.234234234234233,0.15684693362627306,-0.3436018288851152,-0.9259248471656543,0.0,0.0,0.6283185307179586
24.264264264264263,0.16292612700315212,-0.25633668227026174,-0.9527573576007314,6.283185307179586,0.0,0.6283185307179586
24.294294294294293,0.16601403168387174,-0.06999117949720293,-0.9836364044079277,6.283185307179586,0.0,0.6283185307179586
24.324324324324323,0.16555157310236762,0.11886351710545492,-0.9790118185928864,6.283185307179586,0.0,0.6283185307179586
24.354354354354353,0.16155533046515538,0.30345693956145536,-0.9390493922207644,6.283185307179586,0.0,0.6283185307179586
24.384384384384383,0.15416856964429076,0.4771713871842465,-0.8651817840121182,6.283185307179586,0.0,0.6283185307179586
24.414414414414413,0.14365610707529583,0.6337791720963183,-0.7600571583221699,6.283185307179586,0.0,0.6283185307179586
24.444444444444443,0.1303948160499412,0.7676658827333639,-0.6274442480686243,6.283185307179586,0.0,0.6283185307179586
24.474474474474473,0.11486011575464994,0.874031661304599,-0.47209724511571094,6.283185307179586,0.0,0.6283185307179586
24.504504504504503,0.09762164107693733,0.9402053135938139,-0.32631883715669435,0.0,0.0,0.6283185307179586
24.534534534534533,0.07986512387769867,0.9418798110717715,-0.32631883715669435,0.0,0.0,0.6283185307179586
24.564564564564563,0.06208017414528254,0.9432189928615132,-0.32631883715669435,0.0,0.0,0.6283185307179586
24.594594594594593,0.04427312344406617,0.9442223822051149,-0.32631883715669435,0.0,0.0,0.6283185307179586
24.624624624624623,0.0264503112065236,0.9448896218890719,-0.32631883715669435,0.0,0.0,0.6283185307179586
24.654654654654653,0.008618082476344203,0.9452204743714696,-0.32631883715669435,0.0,0.0,0.6283185307179586
24.684684684684683,-0.009217214350446552,0.9452148218665495,-0.32631883715669435,0.0,0.0,0.6283185307179586
24.714714714714713,-0.027049229785559712,0.9448726663866425,-0.32631883715669435,0.0,0.0,0.6283185307179586
24.744744744744743,-0.04487161550890429,0.9441941297414513,-0.32631883715669435,0.0,0.0,0.6283185307179586
24.774774774774773,-0.06267802662863295,0.9431794534946866,-0.32631883715669435,0.0,0.0,0.6283185307179586
24.804804804804803,-0.08046212393996702,0.9418289988780683,-0.32631883715669435,0.0,0.0,0.6283185307179586
24.834834834834833,-0.098217576181997,0.9401432466627245,-0.32631883715669435,0.0,0.0,0.6283185307179586
24.864864864864863,-0.11593806229165507,0.9381227969880334,-0.32631883715669435,0.0,0.0,0.6283185307179586
24.894894894894893,-0.13361727365405696,0.93576836914797,-0.32631883715669435,0.0,0.0,0.6283185307179586
24.924924924924923,-0.15124891634841195,0.9330808013350321,-0.32631883715669435,0.0,0.0,0.6283185307179586
24.954954954954953,-0.16882671338870256,0.9300610503418383,-0.32631883715669435,0.0,0.0,0.6283185307179586
24.984984984984983,-0.18634440695833396,0.9267101912205034,-0.32631883715669435,0.0,0.0,0.6283185307179586
25.015015015015013,-0.2037957606379605,0.9230294168999117,-0.32631883715669435,0.0,0.0,0.6283185307179586
25.045045045045043,-0.22117456162569313,0.9190200377610263,-0.32631883715669435,0.0,0.0,0.6283185307179586
25.075075075075073,-0.23847462294890004,0.9146834811703859,-0.32631883715669435,0.0,0.0,0.6283185307179586
25.105105105105103,-0.2556897856668112,0.910021290971951,-0.32631883715669435,0.0,0.0,0.6283185307179586
25.135135135135133,-0.27281392106314406,0.9050351269374842,-0.32631883715669435,0.0,0.0,0.6283185307179586
25.165165165165163,-0.28984093282796797,0.8997267641756633,-0.32631883715669435,0.0,0.0,0.6283185307179586
25.195195195195193,-0.3067647592280329,0.8940980925001256,-0.32631883715669435,0.0,0.0,0.6283185307179586
25.225225225225223,-0.32357937526478886,0.8881511157566853,-0.32631883715669435,0.0,0.0,0.6283185307179586
25.255255255255253,-0.3402787948193249,0.881887951109949,-0.32631883715669435,0.0,0.0,0.6283185307179586
25.285285285285283,-0.3568570727834701,0.8753108282895904,-0.32631883715669435,0.0,0.0,0.6283185307179586
25.315315315315313,-0.37330830717629293,0.8684220887965519,-0.32631883715669435,0.0,0.0,0.6283185307179586
25.345345345345343,-0.38962664124524615,0.861224185069453,-0.32631883715669435,0.0,0.0,0.6283185307179586
25.375375375375373,-0.40580626555121224,0.8537196796115073,-0.32631883715669435,0.0,0.0,0.6283185307179586
25.405405405405403,-0.421841420036702,0.8459112440782512,-0.32631883715669435,0.0,0.0,0.6283185307179586
25.435435435435434,-0.43772639607647634,0.8378016583264178,-0.32631883715669435,0.0,0.0,0.6283185307179586
25.465465465465464,-0.4534555385098549,0.8293938094242886,-0.32631883715669435,0.0,0.0,0.6283185307179586
25.495495495495494,-0.46902324765399295,0.8206906906238775,-0.32631883715669435,0.0,0.0,0.6283185307179586
25.525525525525524,-0.4844239812974059,0.8116954002953114,-0.32631883715669435,0.0,0.0,0.6283185307179586
25.555555555555554,-0.49965225667303603,0.8024111408237908,-0.32631883715669435,0.0,0.0,0.6283185307179586
25.585585585585584,-0.5147026524101546,0.7928412174695174,-0.32631883715669435,0.0,0.0,0.6283185307179586
25.615615615615614,-0.5295698104644065,0.7829890371909991,-0.32631883715669435,0.0,0.0,0.6283185307179586
25.645645645645647,-0.5442484380253143,0.7728581074321476,-0.32631883715669435,0.0,0.0,0.6283185307179586
25.675675675675677,-0.558733309400546,0.7624520348736106,-0.32631883715669435,0.0,0.0,0.6283185307179586
25.705705705705707,-0.5730192678763093,0.7517745241487598,-0.32631883715669435,0.0,0.0,0.6283185307179586
25.735735735735737,-0.5871012275531706,0.7408293765248218,-0.32631883715669435,0.0,0.0,0.6283185307179586
25.765765765765767,-0.6009741751566704,0.7296204885495988,-0.32631883715669435,0.0,0.0,0.6283185307179586
25.795795795795797,-0.6146331718220848,0.7181518506642726,-0.32631883715669435,0.0,0.0,0.6283185307179586
25.825825825825827,-0.6280733548526947,0.7064275457827769,-0.32631883715669435,0.0,0.0,0.6283185307179586
25.855855855855857,-0.6412899394509387,0.6944517478382555,-0.32631883715669435,0.0,0.0,0.6283185307179586
25.885885885885887,-0.6542782204218351,0.6822287202971105,-0.32631883715669435,0.0,0.0,0.6283185307179586
25.915915915915917,-0.6670335738480638,0.6697628146411807,-0.32631883715669435,0.0,0.0,0.6283185307179586
25.945945945945947,-0.6795514587361107,0.657058468818583,-0.32631883715669435,0.0,0.0,0.6283185307179586
25.975975975975977,-0.6918274186328948,0.6441202056637738,-0.32631883715669435,0.0,0.0,0.6283185307179586
26.006006006006007,-0.703857083212295,0.6309526312873874,-0.32631883715669435,0.0,0.0,0.6283185307179586
26.036036036036037,-0.7156361698310166,0.6175604334364293,-0.32631883715669435,0.0,0.0,0.6283185307179586
26.066066066066067,-0.7271604850532408,0.6039483798254068,-0.32631883715669435,0.0,0.0,0.6283185307179586
26.096096096096097,-0.7384259261435188,0.5901213164389887,-0.32631883715669435,0.0,0.0,0.6283185307179586
26.126126126126128,-0.7494284825273714,0.5760841658068023,-0.32631883715669435,0.0,0.0,0.6283185307179586
26.156156156156158,-0.7601642372190834,0.5618419252509793,-0.32631883715669435,0.0,0.0,0.6283185307179586
26.186186186186188,-0.7706293682161756,0.5473996651070738,-0.32631883715669435,0.0,0.0,0.6283185307179586
26.216216216216218,-0.7808201498600642,0.5327625269189878,-0.32631883715669435,0.0,0.0,0.6283185307179586
26.246246246246248,-0.7907329541624223,0.5179357216085476,-0.32631883715669435,0.0,0.0,0.6283185307179586
26.276276276276278,-0.8003642520967672,0.5029245276203788,-0.32631883715669435,0.0,0.0,0.6283185307179586
26.306306306306308,-0.8097106148548181,0.487734289042744,-0.32631883715669435,0.0,0.0,0.6283185307179586
26.336336336336338,-0.8187687150671771,0.4723704137050106,-0.32631883715669435,0.0,0.0,0.6283185307179586
26.366366366366368,-0.8275353279878931,0.45683837125242616,-0.32631883715669435,0.0,0.0,0.6283185307179586
26.396396396396398,-0.8360073326424952,0.4411436911988874,-0.32631883715669435,0.0,0.0,0.6283185307179586
26.426426426426428,-0.8441817129390818,0.42529196095839544,-0.32631883715669435,0.0,0.0,0.6283185307179586
26.456456456456458,-0.852055558742067,0.4092888238558972,-0.32631883715669435,0.0,0.0,0.6283185307179586
26.486486486486488,-0.8596260669082121,0.3931399771182235,-0.32631883715669435,0.0,0.0,0.6283185307179586
26.516516516516518,-0.8668905422845627,0.37685116984583733,-0.32631883715669435,0.0,0.0,0.6283185307179586
26.546546546546548,-0.8738463986679412,0.36042820096611394,-0.32631883715669435,0.0,0.0,0.6283185307179586
26.576576576576578,-0.8804911597256528,0.3438769171688834,-0.32631883715669435,0.0,0.0,0.6283185307179586
26.606606606606608,-0.8868224598770779,0.3272032108249685,-0.32631883715669435,0.0,0.0,0.6283185307179586
26.636636636636638,-0.8928380451358345,0.3104130178884602,-0.32631883715669435,0.0,0.0,0.6283185307179586
26.666666666666668,-0.8985357739122135,0.2935123157834773,-0.32631883715669435,0.0,0.0,0.6283185307179586
26.696696696696698,-0.903913617775598,0.2765071212761627,-0.32631883715669435,0.0,0.0,0.6283185307179586
26.726726726726728,-0.9089696621765997,0.2594034883326724,-0.32631883715669435,0.0,0.0,0.6283185307179586
26.756756756756758,-0.9137021071286514,0.2422075059639229,-0.32631883715669435,0.0,0.0,0.6283185307179586
26.786786786786788,-0.9181092678488142,0.22492529605786055,-0.32631883715669435,0.0,0.0,0.6283185307179586
26.816816816816818,-0.9221895753575723,0.20756301120002796,-0.32631883715669435,0.0,0.0,0.6283185307179586
26.846846846846848,-0.9259415770373999,0.19012683248320134,-0.32631883715669435,0.0,0.0,0.6283185307179586
26.876876876876878,-0.9293639371499043,0.17262296730687848,-0.32631883715669435,0.0,0.0,0.6283185307179586
26.906906906906908,-0.932455437311356,0.15505764716740222,-0.32631883715669435,0.0,0.0,0.6283185307179586
26.936936936936938,-0.9352149769264434,0.13743712543950476,-0.32631883715669435,0.0,0.0,0.6283185307179586
26.966966966966968,-0.9376415735800919,0.11976767515006308,-0.32631883715669435,0.0,0.0,0.6283185307179586
26.996996996996998,-0.9397343633872098,0.10205558674485886,-0.32631883715669435,0.0,0.0,0.6283185307179586
27.027027027027028,-0.9414926013002375,0.08430716584913582,-0.32631883715669435,0.0,0.0,0.6283185307179586
27.057057057057058,-0.9429156613743902,0.0665287310227542,-0.32631883715669435,0.0,0.0,0.6283185307179586
27.087087087087088,-0.9440030369904978,0.048726611510739856,-0.32631883715669435,0.0,0.0,0.6283185307179586
27.117117117117118,-0.9447543410353653,0.030907144990029632,-0.32631883715669435,0.0,0.0,0.6283185307179586
27.147147147147148,-0.9451693060395869,0.013076675313214672,-0.32631883715669435,0.0,0.0,0.6283185307179586
27.177177177177178,-0.945247784272769,-0.004758449749914639,-0.32631883715669435,0.0,0.0,0.6283185307179586
27.207207207207208,-0.9449897477961205,-0.022591880772218388,-0.32631883715669435,0.0,0.0,0.6283185307179586
27.237237237237238,-0.9443952884724013,-0.040417268929646824,-0.32631883715669435,0.0,0.0,0.6283185307179586
27.26726726726727,-0.9434646179332177,-0.058228268261465405,-0.32631883715669435,0.0,0.0,0.6283185307179586
27.2972972972973,-0.9421980675036797,-0.07601853792946044,-0.32631883715669435,0.0,0.0,0.6283185307179586
27.32732732732733,-0.9405960880844484,-0.09378174447532106,-0.32631883715669435,0.0,0.0,0.6283185307179586
27.35735735735736,-0.9386592499912101,-0.11151156407539395,-0.32631883715669435,0.0,0.0,0.6283185307179586
27.38738738738739,-0.9363882427516423,-0.12920168479200797,-0.32631883715669435,0.0,0.0,0.6283185307179586
27.41741741741742,-0.9337838748599354,-0.1468458088205675,-0.32631883715669435,0.0,0.0,0.6283185307179586
27.44744744744745,-0.930847073488964,-0.164437654731614,-0.32631883715669435,0.0,0.0,0.6283185307179586
27.47747747747748,-0.9275788841602068,-0.18197095970705848,-0.32631883715669435,0.0,0.0,0.6283185307179586
27.50750750750751,-0.923980470371534,-0.19943948176978704,-0.32631883715669435,0.0,0.0,0.6283185307179586
27.53753753753754,-0.9200531131829935,-0.21683700200584843,-0.32631883715669435,0.0,0.0,0.6283185307179586
27.56756756756757,-0.9157982107607453,-0.23415732677842976,-0.32631883715669435,0.0,0.0,0.6283185307179586
27.5975975975976,-0.9112172778793042,-0.25139428993283375,-0.32631883715669435,0.0,0.0,0.6283185307179586
27.62762762762763,-0.9063119453822702,-0.2685417549916723,-0.32631883715669435,0.0,0.0,0.6283185307179586
27.65765765765766,-0.9010839596017372,-0.28559361733949473,-0.32631883715669435,0.0,0.0,0.6283185307179586
27.68768768768769,-0.8955351817365851,-0.30254380639607303,-0.32631883715669435,0.0,0.0,0.6283185307179586
27.71771771771772,-0.8896675871898821,-0.31938628777756917,-0.32631883715669435,0.0,0.0,0.6283185307179586
27.74774774774775,-0.8834832648656276,-0.33611506544481884,-0.32631883715669435,0.0,0.0,0.6283185307179586
27.77777777777778,-0.8769844164250855,-0.352724183837961,-0.32631883715669435,0.0,0.0,0.6283185307179586
27.80780780780781,-0.8701733555029811,-0.3692077299966591,-0.32631883715669435,0.0,0.0,0.6283185307179586
27.83783783783784,-0.8630525068838291,-0.3855598356651553,-0.32631883715669435,0.0,0.0,0.6283185307179586
27.86786786786787,-0.8556244056386938,-0.4017746793814102,-0.32631883715669435,0.0,0.0,0.6283185307179586
27.8978978978979,-0.8478916962226875,-0.41784648854958273,-0.32631883715669435,0.0,0.0,0.6283185307179586
27.92792792792793,-0.8398571315335249,-0.4337695414951147,-0.32631883715669435,0.0,0.0,0.6283185307179586
27.95795795795796,-0.8315235719314734,-0.44953816950168546,-0.32631883715669435,0.0,0.0,0.6283185307179586
27.98798798798799,-0.822893984221045,-0.46514675882931455,-0.32631883715669435,0.0,0.0,0.6283185307179586
28.01801801801802,-0.8139714405947939,-0.4805897527128914,-0.32631883715669435,0.0,0.0,0.6283185307179586
28.04804804804805,-0.8047591175395934,-0.4958616533404221,-0.32631883715669435,0.0,0.0,0.6283185307179586
28.07807807807808,-0.7952602947057865,-0.5109570238102881,-0.32631883715669435,0.0,0.0,0.6283185307179586
28.10810810810811,-0.785478353739607,-0.5258704900668205,-0.32631883715669435,0.0,0.0,0.6283185307179586
28.13813813813814,-0.7754167770792904,-0.5405967428135015,-0.32631883715669435,0.0,0.0,0.6283185307179586
28.16816816816817,-0.7650791467153015,-0.555130539403109,-0.32631883715669435,0.0,0.0,0.6283185307179586
28.1981981981982,-0.7544691429151217,-0.5694667057041365,-0.32631883715669435,0.0,0.0,0.6283185307179586
28.22822822822823,-0.7435905429130486,-0.5836001379428191,-0.32631883715669435,0.0,0.0,0.6283185307179586
28.25825825825826,-0.7324472195654733,-0.5975258045201117,-0.32631883715669435,0.0,0.0,0.6283185307179586
28.28828828828829,-0.7210431399721188,-0.6112387478029733,-0.32631883715669435,0.0,0.0,0.6283185307179586
28.31831831831832,-0.7093823640637239,-0.6247340858893173,-0.32631883715669435,0.0,0.0,0.6283185307179586
28.34834834834835,-0.6974690431566805,-0.638007014346005,-0.32631883715669435,0.0,0.0,0.6283185307179586
28.37837837837838,-0.6853074184751361,-0.6510528079192528,-0.32631883715669435,0.0,0.0,0.6283185307179586
28.40840840840841,-0.6729018196410893,-0.6638668222168582,-0.32631883715669435,0.0,0.0,0.6283185307179586
28.43843843843844,-0.6602566631330141,-0.6764444953616346,-0.32631883715669435,0.0,0.0,0.6283185307179586
28.46846846846847,-0.6473764507135631,-0.6887813496154702,-0.32631883715669435,0.0,0.0,0.6283185307179586
28.4984984984985,-0.6342657678269106,-0.7008729929734341,-0.32631883715669435,0.0,0.0,0.6283185307179586
28.52852852852853,-0.6209292819663005,-0.7127151207273592,-0.32631883715669435,0.0,0.0,0.6283185307179586
28.55855855855856,-0.6073717410123879,-0.7243035169983509,-0.32631883715669435,0.0,0.0,0.6283185307179586
28.58858858858859,-0.5935979715429617,-0.7356340562376655,-0.32631883715669435,0.0,0.0,0.6283185307179586
28.61861861861862,-0.5796128771146482,-0.746702704695436,-0.32631883715669435,0.0,0.0,0.6283185307179586
28.64864864864865,-0.5654214365172119,-0.7575055218567132,-0.32631883715669435,0.0,0.0,0.6283185307179586
28.67867867867868,-0.5510287020010732,-0.7680386618443186,-0.32631883715669435,0.0,0.0,0.6283185307179586
28.70870870870871,-0.5364397974786701,-0.778298374788,-0.32631883715669435,0.0,0.0,0.6283185307179586
28.73873873873874,-0.5216599167003122,-0.7882810081594142,-0.32631883715669435,0.0,0.0,0.6283185307179586
28.76876876876877,-0.506694321405169,-0.797983008072449,-0.32631883715669435,0.0,0.0,0.6283185307179586
28.7987987987988,-0.4915483394480546,-0.8074009205484344,-0.32631883715669435,0.0,0.0,0.6283185307179586
28.82882882882883,-0.4762273629026757,-0.8165313927457793,-0.32631883715669435,0.0,0.0,0.6283185307179586
28.85885885885886,-0.4607368461420146,-0.82537117415361,-0.32631883715669435,0.0,0.0,0.6283185307179586
28.88888888888889,-0.4450823038965363,-0.8339171177489704,-0.32631883715669435,0.0,0.0,0.6283185307179586
28.91891891891892,-0.4292693092909062,-0.8421661811171874,-0.32631883715669435,0.0,0.0,0.6283185307179586
28.94894894894895,-0.4133034918599191,-0.8501154275349887,-0.32631883715669435,0.0,0.0,0.6283185307179586
28.97897897897898,-0.39719053554434597,-0.8577620270159982,-0.32631883715669435,0.0,0.0,0.6283185307179586
29.00900900900901,-0.3809361766674129,-0.86510325731823,-0.32631883715669435,0.0,0.0,0.6283185307179586
29.03903903903904,-0.3645462018926295,-0.8721365049132255,-0.32631883715669435,0.0,0.0,0.6283185307179586
29.06906906906907,-0.3480264461636976,-0.878859265916486,-0.32631883715669435,0.0,0.0,0.6283185307179586
29.0990990990991,-0.33138279062723086,-0.8852691469788758,-0.32631883715669435,0.0,0.0,0.6283185307179586
29.12912912912913,-0.31462116053902633,-0.8913638661386685,-0.32631883715669435,0.0,0.0,0.6283185307179586
29.15915915915916,-0.29774752315463254,-0.8971412536339411,-0.32631883715669435,0.0,0.0,0.6283185307179586
29.18918918918919,-0.2807678856049656,-0.9025992526750255,-0.32631883715669435,0.0,0.0,0.6283185307179586
29.21921921921922,-0.2636882927577287,-0.9077359201767393,-0.32631883715669435,0.0,0.0,0.6283185307179586
29.24924924924925,-0.24651482506539896,-0.9125494274501372,-0.32631883715669435,0.0,0.0,0.6283185307179586
29.27927927927928,-0.22925359640054327,-0.9170380608535365,-0.32631883715669435,0.0,0.0,0.6283185307179586
29.30930930930931,-0.21191075187923827,-0.921200222402586,-0.32631883715669435,0.0,0.0,0.6283185307179586
29.33933933933934,-0.1944924656733664,-0.925034430339159,-0.32631883715669435,0.0,0.0,0.6283185307179586
29.36936936936937,-0.17700493881256868,-0.9285393196588698,-0.32631883715669435,0.0,0.0,0.6283185307179586
29.3993993993994,-0.15945439697663522,-0.9317136425970243,-0.32631883715669435,0.0,0.0,0.6283185307179586
29.42942942942943,-0.14184708827912054,-0.9345562690728328,-0.32631883715669435,0.0,0.0,0.6283185307179586
29.45945945945946,-0.12418928104297221,-0.937066187091727,-0.32631883715669435,0.0,0.0,0.6283185307179586
29.48948948948949,-0.1064872615689645,-0.9392425031056362,-0.32631883715669435,0.0,0.0,0.6283185307179586
29.51951951951952,-0.08874733189773262,-0.9410844423310969,-0.32631883715669435,0.0,0.0,0.6283185307179586
29.54954954954955,-0.07097580756620242,-0.9425913490250815,-0.32631883715669435,0.0,0.0,0.6283185307179586
29.57957957957958,-0.053179015359216195,-0.9437626867184472,-0.32631883715669435,0.0,0.0,0.6283185307179586
29.60960960960961,-0.035363291057153474,-0.9445980384069217,-0.32631883715669435,0.0,0.0,0.6283185307179586
29.63963963963964,-0.0175349771803499,-0.9450971066995613,-0.32631883715669435,0.0,0.0,0.6283185307179586
29.66966966966967,0.0002995792688837899,-0.9452597139246224,-0.32631883715669435,0.0,0.0,0.6283185307179586
29.6996996996997,0.01813402906583813,-0.945085802192815,-0.32631883715669435,0.0,0.0,0.6283185307179586
29.72972972972973,0.0359620230237726,-0.9445754334179108,-0.32631883715669435,0.0,0.0,0.6283185307179586
29.75975975975976,0.05377721425426975,-0.9437287892947033,-0.32631883715669435,0.0,0.0,0.6283185307179586
29.78978978978979,0.07157326042677115,-0.942546171234321,-0.32631883715669435,0.0,0.0,0.6283185307179586
29.81981981981982,0.08934382602649066,-0.9410280002569233,-0.32631883715669435,0.0,0.0,0.6283185307179586
29.84984984984985,0.10708258460990103,-0.9391748168418164,-0.32631883715669435,0.0,0.0,0.6283185307179586
29.87987987987988,0.12478322105699183,-0.9369872807350363,-0.32631883715669435,0.0,0.0,0.6283185307179586
29.90990990990991,0.142439433819495,-0.9344661707144766,-0.32631883715669435,0.0,0.0,0.6283185307179586
29.93993993993994,0.16004493716427964,-0.9316123843126377,-0.32631883715669435,0.0,0.0,0.6283185307179586
29.96996996996997,0.1775934634111162,-0.9284269374970979,-0.32631883715669435,0.0,0.0,0.6283185307179586
30.0,0.1950787651640138,-0.9249109643088241,-0.32631883715669435,0.0,0.0,0.6283185307179586
