Time,Sx,Sy,Sz,Hx,Hy,Hz
0.0,0.0,0.0,1.0,0.0,0.0,0.5026548245743669
0.04504504504504504,0.003182688572077743,-0.27923887515432505,0.960216392849028,6.283185307179586,0.0,0.5026548245743669
0.09009009009009009,0.012475896750662928,-0.536117310677919,0.8440512906167132,6.283185307179586,0.0,0.5026548245743669
0.13513513513513514,0.0271354573639025,-0.750065372190523,0.6608067829512185,6.283185307179586,0.0,0.5026548245743669
0.18018018018018017,0.045987484757614994,-0.9039508572492652,0.4251564405298124,6.283185307179586,0.0,0.5026548245743669
0.2252252252252252,0.06752237539772664,-0.9854511616463454,0.15597030752841634,6.283185307179586,0.0,0.5026548245743669
0.2702702702702703,0.09004223178021632,-0.995937002090723,0.0013727208647929534,0.0,0.0,0.5026548245743669
0.3153153153153153,0.11256733965684568,-0.9936431500694801,0.0013727208647929534,0.0,0.0,0.5026548245743669
0.36036036036036034,0.13503474065136245,-0.9908399136362234,0.0013727208647929534,0.0,0.0,0.5026548245743669
0.4054054054054054,0.15743291700324633,-0.9875287298510702,0.0013727208647929534,0.0,0.0,0.5026548245743669
0.4504504504504504,0.17975038643952004,-0.9837112961698986,0.0013727208647929534,0.0,0.0,0.5026548245743669
0.4954954954954955,0.20197570806105816,-0.9793895695741573,0.0013727208647929534,0.0,0.0,0.5026548245743669
0.5405405405405406,0.2240974882076869,-0.9745657655676322,0.0013727208647929534,0.0,0.0,0.5026548245743669
0.5855855855855856,0.24610438629906628,-0.9692423570406831,0.0013727208647929534,0.0,0.0,0.5026548245743669
0.6306306306306306,0.2679851206483615,-0.9634220730025354,0.0013727208647929534,0.0,0.0,0.5026548245743669
0.6756756756756757,0.28972847424572346,-0.9571078971822691,0.0013727208647929534,0.0,0.0,0.5026548245743669
0.7207207207207207,0.31132330050861223,-0.9503030664992322,0.0013727208647929534,0.0,0.0,0.5026548245743669
0.7657657657657657,0.33275852899601716,-0.9430110694036562,0.0013727208647929534,0.0,0.0,0.5026548245743669
0.8108108108108107,0.35402317108364334,-0.9352356440883235,0.0013727208647929534,0.0,0.0,0.5026548245743669
0.8558558558558558,0.37510632559715473,-0.9269807765722121,0.0013727208647929534,0.0,0.0,0.5026548245743669
0.9009009009009008,0.39599718440058795,-0.9182506986570862,0.0013727208647929534,0.0,0.0,0.5026548245743669
0.9459459459459459,0.4166850379370689,-0.9090498857580938,0.0013727208647929534,0.0,0.0,0.5026548245743669
0.990990990990991,0.4371592807189951,-0.8993830546094753,0.0013727208647929534,0.0,0.0,0.5026548245743669
1.036036036036036,0.4574094167648662,-0.8892551608465616,0.0013727208647929534,0.0,0.0,0.5026548245743669
1.0810810810810811,0.4774250649799782,-0.8786713964653016,0.0013727208647929534,0.0,0.0,0.5026548245743669
1.1261261261261262,0.49719596447822106,-0.8676371871606192,0.0013727208647929534,0.0,0.0,0.5026548245743669
1.1711711711711712,0.5167119798422514,-0.85615818954497,0.0013727208647929534,0.0,0.0,0.5026548245743669
1.2162162162162162,0.5359631063193467,-0.844240288248516,0.0013727208647929534,0.0,0.0,0.5026548245743669
1.2612612612612613,0.5549394749502728,-0.8318895929024092,0.0013727208647929534,0.0,0.0,0.5026548245743669
1.3063063063063063,0.5736313576285395,-0.8191124350067327,0.0013727208647929534,0.0,0.0,0.5026548245743669
1.3513513513513513,0.5920291720874483,-0.8059153646846985,0.0013727208647929534,0.0,0.0,0.5026548245743669
1.3963963963963963,0.6101234868123752,-0.7923051473247726,0.0013727208647929534,0.0,0.0,0.5026548245743669
1.4414414414414414,0.6279050258757742,-0.7782887601124427,0.0013727208647929534,0.0,0.0,0.5026548245743669
1.4864864864864864,0.6453646736924177,-0.7638733884534139,0.0013727208647929534,0.0,0.0,0.5026548245743669
1.5315315315315314,0.6624934796924383,-0.7490664222900566,0.0013727208647929534,0.0,0.0,0.5026548245743669
1.5765765765765765,0.6792826629097802,-0.7338754523130057,0.0013727208647929534,0.0,0.0,0.5026548245743669
1.6216216216216215,0.6957236164837002,-0.7183082660698414,0.0013727208647929534,0.0,0.0,0.5026548245743669
1.6666666666666665,0.7118079120710155,-0.7023728439728589,0.0013727208647929534,0.0,0.0,0.5026548245743669
1.7117117117117115,0.7275273041668395,-0.6860773552079612,0.0013727208647929534,0.0,0.0,0.5026548245743669
1.7567567567567566,0.7428737343315808,-0.6694301535467853,0.0013727208647929534,0.0,0.0,0.5026548245743669
1.8018018018018016,0.757839335322049,-0.652439773064193,0.0013727208647929534,0.0,0.0,0.5026548245743669
1.8468468468468469,0.7724164351245436,-0.6351149237633394,0.0013727208647929534,0.0,0.0,0.5026548245743669
1.8918918918918919,0.7865975608878585,-0.6174644871105484,0.0013727208647929534,0.0,0.0,0.5026548245743669
1.936936936936937,0.8003754427541905,-0.5994975114822864,0.0013727208647929534,0.0,0.0,0.5026548245743669
1.981981981981982,0.8137430175859807,-0.5812232075265775,0.0013727208647929534,0.0,0.0,0.5026548245743669
2.0270270270270268,0.8266934325867847,-0.5626509434412243,0.0013727208647929534,0.0,0.0,0.5026548245743669
2.072072072072072,0.8392200488143126,-0.5437902401712666,0.0013727208647929534,0.0,0.0,0.5026548245743669
2.117117117117117,0.8513164445838362,-0.5246507665281329,0.0013727208647929534,0.0,0.0,0.5026548245743669
2.1621621621621623,0.8629764187602236,-0.5052423342329898,0.0013727208647929534,0.0,0.0,0.5026548245743669
2.2072072072072073,0.8741939939369083,-0.48557489288683126,0.0013727208647929534,0.0,0.0,0.5026548245743669
2.2522522522522523,0.8849634195001663,-0.46565852486988096,0.0013727208647929534,0.0,0.0,0.5026548245743669
2.2972972972972974,0.895279174577129,-0.44550344017292987,0.0013727208647929534,0.0,0.0,0.5026548245743669
2.3423423423423424,0.9051359708660209,-0.4251199711632538,0.0013727208647929534,0.0,0.0,0.5026548245743669
2.3873873873873874,0.9145287553471732,-0.40451856728779484,0.0013727208647929534,0.0,0.0,0.5026548245743669
2.4324324324324325,0.9234527128734176,-0.3837097897163243,0.0013727208647929534,0.0,0.0,0.5026548245743669
2.4774774774774775,0.9319032686385397,-0.3627043059273299,0.0013727208647929534,0.0,0.0,0.5026548245743669
2.5225225225225225,0.9398760905225235,-0.3415128842394059,0.0013727208647929534,0.0,0.0,0.5026548245743669
2.5675675675675675,0.9473670913123815,-0.3201463882909473,0.0013727208647929534,0.0,0.0,0.5026548245743669
2.6126126126126126,0.9543724307974387,-0.2986157714709803,0.0013727208647929534,0.0,0.0,0.5026548245743669
2.6576576576576576,0.9608885177379883,-0.27693207130398045,0.0013727208647929534,0.0,0.0,0.5026548245743669
2.7027027027027026,0.9669120117063177,-0.2551064037915615,0.0013727208647929534,0.0,0.0,0.5026548245743669
2.7477477477477477,0.9724398247991558,-0.23314995771393332,0.0013727208647929534,0.0,0.0,0.5026548245743669
2.7927927927927927,0.9428276480284415,-0.21132154329810282,-0.2577192880854241,0.0,6.283185307179586,0.5026548245743669
2.8378378378378377,0.8378339864202615,-0.19102604600245085,-0.5114130042810736,0.0,6.283185307179586,0.5026548245743669
2.8828828828828827,0.6657495488200552,-0.17388860956708643,-0.7256309597231281,0.0,6.283185307179586,0.5026548245743669
2.9279279279279278,0.44035424705030407,-0.16128153915937954,-0.8832193398194642,0.0,6.283185307179586,0.5026548245743669
2.972972972972973,0.1796969379797768,-0.15421436429275198,-0.9715590256523078,0.0,6.283185307179586,0.5026548245743669
3.018018018018018,-0.09534986496168397,-0.1532529992814455,-0.9835760882936387,0.0,6.283185307179586,0.5026548245743669
3.063063063063063,-0.36276138867754665,-0.15847442682807847,-0.9183082439607272,0.0,6.283185307179586,0.5026548245743669
3.108108108108108,-0.6011242661689836,-0.1694605335216796,-0.7809819102907131,0.0,6.283185307179586,0.5026548245743669
3.153153153153153,-0.7913512430660455,-0.18533159087766682,-0.5825936933408733,0.0,6.283185307179586,0.5026548245743669
3.198198198198198,-0.918209617304245,-0.20481670087675993,-0.33902981835220963,0.0,6.283185307179586,0.5026548245743669
3.243243243243243,-0.971541019914698,-0.22635556497376058,-0.06979401713970029,0.0,6.283185307179586,0.5026548245743669
3.288288288288288,-0.9682537775899956,-0.24833760586660633,-0.02851413149869203,0.0,0.0,0.5026548245743669
3.333333333333333,-0.9623831864651261,-0.2701953861820827,-0.02851413149869203,0.0,0.0,0.5026548245743669
3.378378378378378,-0.9560192361362656,-0.2919146526680122,-0.02851413149869203,0.0,0.0,0.5026548245743669
3.423423423423423,-0.9491651890393253,-0.3134842710899487,-0.02851413149869203,0.0,0.0,0.5026548245743669
3.468468468468468,-0.9418245588549972,-0.33489318392951034,-0.02851413149869203,0.0,0.0,0.5026548245743669
3.513513513513513,-0.9340011087074871,-0.35613041605294016,-0.02851413149869203,0.0,0.0,0.5026548245743669
3.558558558558558,-0.9256988492353755,-0.37718508033743436,-0.02851413149869203,0.0,0.0,0.5026548245743669
3.603603603603603,-0.9169220365355919,-0.3980463832523517,-0.02851413149869203,0.0,0.0,0.5026548245743669
3.6486486486486487,-0.907675169981554,-0.418703630392444,-0.02851413149869203,0.0,0.0,0.5026548245743669
3.6936936936936937,-0.897962989916596,-0.4391462319602692,-0.02851413149869203,0.0,0.0,0.5026548245743669
3.7387387387387387,-0.8877904752238626,-0.4593637081949812,-0.02851413149869203,0.0,0.0,0.5026548245743669
3.7837837837837838,-0.8771628407739182,-0.4793456947447062,-0.02851413149869203,0.0,0.0,0.5026548245743669
3.828828828828829,-0.8660855347513812,-0.4990819479797577,-0.02851413149869203,0.0,0.0,0.5026548245743669
3.873873873873874,-0.8545642358619459,-0.5185623502439646,-0.02851413149869203,0.0,0.0,0.5026548245743669
3.918918918918919,-0.8426048504212345,-0.5377769150414178,-0.02851413149869203,0.0,0.0,0.5026548245743669
3.963963963963964,-0.8302135093269652,-0.5567157921559804,-0.02851413149869203,0.0,0.0,0.5026548245743669
4.0090090090090085,-0.8173965649159871,-0.5753692727009324,-0.02851413149869203,0.0,0.0,0.5026548245743669
4.0540540540540535,-0.804160587707799,-0.5937277940961685,-0.02851413149869203,0.0,0.0,0.5026548245743669
4.0990990990990985,-0.7905123630362176,-0.6117819449703878,-0.02851413149869203,0.0,0.0,0.5026548245743669
4.144144144144144,-0.7764588875709213,-0.6295224699857683,-0.02851413149869203,0.0,0.0,0.5026548245743669
4.189189189189189,-0.7620073657306558,-0.6469402745826559,-0.02851413149869203,0.0,0.0,0.5026548245743669
4.234234234234234,-0.7471652059899367,-0.6640264296418256,-0.02851413149869203,0.0,0.0,0.5026548245743669
4.279279279279279,-0.7319400170811472,-0.6807721760619373,-0.02851413149869203,0.0,0.0,0.5026548245743669
4.324324324324325,-0.7163396040939701,-0.6971689292498264,-0.02851413149869203,0.0,0.0,0.5026548245743669
4.36936936936937,-0.7003719644741654,-0.7132082835213384,-0.02851413149869203,0.0,0.0,0.5026548245743669
4.414414414414415,-0.6840452839237311,-0.7288820164104459,-0.02851413149869203,0.0,0.0,0.5026548245743669
4.45945945945946,-0.6673679322045597,-0.74418209288444,-0.02851413149869203,0.0,0.0,0.5026548245743669
4.504504504504505,-0.6503484588477372,-0.7591006694630359,-0.02851413149869203,0.0,0.0,0.5026548245743669
4.54954954954955,-0.632995588770682,-0.7736300982392772,-0.02851413149869203,0.0,0.0,0.5026548245743669
4.594594594594595,-0.615318217804378,-0.7877629308001867,-0.02851413149869203,0.0,0.0,0.5026548245743669
4.63963963963964,-0.5973254081329856,-0.8014919220451425,-0.02851413149869203,0.0,0.0,0.5026548245743669
4.684684684684685,-0.5790263836481758,-0.8148100339000318,-0.02851413149869203,0.0,0.0,0.5026548245743669
4.72972972972973,-0.5604305252205621,-0.8277104389252689,-0.02851413149869203,0.0,0.0,0.5026548245743669
4.774774774774775,-0.5415473658906633,-0.8401865238158375,-0.02851413149869203,0.0,0.0,0.5026548245743669
4.81981981981982,-0.5223865859818546,-0.8522318927915568,-0.02851413149869203,0.0,0.0,0.5026548245743669
4.864864864864865,-0.5029580081378157,-0.8638403708758338,-0.02851413149869203,0.0,0.0,0.5026548245743669
4.90990990990991,-0.48327159228701816,-0.8750060070612239,-0.02851413149869203,0.0,0.0,0.5026548245743669
4.954954954954955,-0.4633374305368375,-0.885723077360175,-0.02851413149869203,0.0,0.0,0.5026548245743669
5.0,-0.4431657419999006,-0.8959860877393881,-0.02851413149869203,0.0,0.0,0.5026548245743669
5.045045045045045,-0.4227668675553294,-0.9057897769363001,-0.02851413149869203,0.0,0.0,0.5026548245743669
5.09009009009009,-0.4021512645475577,-0.9151291191562305,-0.02851413149869203,0.0,0.0,0.5026548245743669
5.135135135135135,-0.3813295014254452,-0.9239993266488236,-0.02851413149869203,0.0,0.0,0.5026548245743669
5.18018018018018,-0.36031225232443415,-0.9323958521624555,-0.02851413149869203,0.0,0.0,0.5026548245743669
5.225225225225225,-0.3391102915945257,-0.9403143912753505,-0.02851413149869203,0.0,0.0,0.5026548245743669
5.27027027027027,-0.317734488276884,-0.9477508846022166,-0.02851413149869203,0.0,0.0,0.5026548245743669
5.315315315315315,-0.29619580053189426,-0.9547015198752579,-0.02851413149869203,0.0,0.0,0.5026548245743669
5.36036036036036,-0.27450527002153696,-0.9611627338985108,-0.02851413149869203,0.0,0.0,0.5026548245743669
5.405405405405405,-0.25267401624895536,-0.967131214374492,-0.02851413149869203,0.0,0.0,0.5026548245743669
5.45045045045045,-0.23071323085811715,-0.9726039016022229,-0.02851413149869203,0.0,0.0,0.5026548245743669
5.495495495495495,-0.20863417189649414,-0.9775779900457668,-0.02851413149869203,0.0,0.0,0.5026548245743669
5.54054054054054,-0.18644815804370102,-0.9820509297724673,-0.02851413149869203,0.0,0.0,0.5026548245743669
5.585585585585585,-0.1641665628090512,-0.986020427760155,-0.02851413149869203,0.0,0.0,0.5026548245743669
5.63063063063063,-0.14180080870100395,-0.9894844490726462,-0.02851413149869203,0.0,0.0,0.5026548245743669
5.675675675675675,-0.1193623613714937,-0.9924412179029435,-0.02851413149869203,0.0,0.0,0.5026548245743669
5.7207207207207205,-0.0968627237381409,-0.9948892184835881,-0.02851413149869203,0.0,0.0,0.5026548245743669
5.7657657657657655,-0.07431343008735979,-0.9968271958637102,-0.02851413149869203,0.0,0.0,0.5026548245743669
5.8108108108108105,-0.05172604016138453,-0.9982541565523677,-0.02851413149869203,0.0,0.0,0.5026548245743669
5.8558558558558556,-0.029112133232246113,-0.9991693690278567,-0.02851413149869203,0.0,0.0,0.5026548245743669
5.900900900900901,-0.006483302165737107,-0.9995723641127165,-0.02851413149869203,0.0,0.0,0.5026548245743669
5.945945945945946,0.016148852521592292,-0.9994629352142548,-0.02851413149869203,0.0,0.0,0.5026548245743669
5.990990990990991,0.03877272860936024,-0.9988411384304524,-0.02851413149869203,0.0,0.0,0.5026548245743669
6.036036036036036,0.061376728121152704,-0.9977072925212082,-0.02851413149869203,0.0,0.0,0.5026548245743669
6.081081081081081,0.08394926327014741,-0.9960619787449259,-0.02851413149869203,0.0,0.0,0.5026548245743669
6.126126126126126,0.10647876239951382,-0.9939060405605376,-0.02851413149869203,0.0,0.0,0.5026548245743669
6.171171171171171,0.1289536759145447,-0.9912405831951111,-0.02851413149869203,0.0,0.0,0.5026548245743669
6.216216216216216,0.15136248220347714,-0.9880669730772603,-0.02851413149869203,0.0,0.0,0.5026548245743669
6.261261261261261,0.17369369354396894,-0.9843868371366569,-0.02851413149869203,0.0,0.0,0.5026548245743669
6.306306306306306,0.1959358619922007,-0.9802020619699948,-0.02851413149869203,0.0,0.0,0.5026548245743669
6.351351351351351,0.21807758525158735,-0.9755147928738409,-0.02851413149869203,0.0,0.0,0.5026548245743669
6.396396396396396,0.24010751251808765,-0.970327432744861,-0.02851413149869203,0.0,0.0,0.5026548245743669
6.441441441441441,0.26201435029911646,-0.9646426408479918,-0.02851413149869203,0.0,0.0,0.5026548245743669
6.486486486486486,0.2837868682030779,-0.9584633314531885,-0.02851413149869203,0.0,0.0,0.5026548245743669
6.531531531531531,0.30541390469654833,-0.9517926723414417,-0.02851413149869203,0.0,0.0,0.5026548245743669
6.576576576576576,0.3268843728261608,-0.9446340831808384,-0.02851413149869203,0.0,0.0,0.5026548245743669
6.621621621621621,0.34818726590225774,-0.9369912337734895,-0.02851413149869203,0.0,0.0,0.5026548245743669
6.666666666666666,0.3693116631413934,-0.9288680421742334,-0.02851413149869203,0.0,0.0,0.5026548245743669
6.711711711711711,0.3902467352648014,-0.9202686726820702,-0.02851413149869203,0.0,0.0,0.5026548245743669
6.756756756756756,0.41098175004994897,-0.9111975337053636,-0.02851413149869203,0.0,0.0,0.5026548245743669
6.801801801801801,0.43150607783234013,-0.9016592755018972,-0.02851413149869203,0.0,0.0,0.5026548245743669
6.846846846846846,0.45180919695473937,-0.8916587877949551,-0.02851413149869203,0.0,0.0,0.5026548245743669
6.891891891891891,0.4718806991610281,-0.881201197266637,-0.02851413149869203,0.0,0.0,0.5026548245743669
6.936936936936936,0.491710294931927,-0.8702918649296986,-0.02851413149869203,0.0,0.0,0.5026548245743669
6.981981981981981,0.5112878187598476,-0.8589363833792657,-0.02851413149869203,0.0,0.0,0.5026548245743669
7.027027027027026,0.5306032343601711,-0.847140573925828,-0.02851413149869203,0.0,0.0,0.5026548245743669
7.072072072072071,0.5496466398162806,-0.8349104836109842,-0.02851413149869203,0.0,0.0,0.5026548245743669
7.117117117117116,0.5684082726557138,-0.822252382107467,-0.02851413149869203,0.0,0.0,0.5026548245743669
7.162162162162161,0.5868785148548245,-0.8091727585050379,-0.02851413149869203,0.0,0.0,0.5026548245743669
7.207207207207206,0.6050478977693994,-0.7956783179838988,-0.02851413149869203,0.0,0.0,0.5026548245743669
7.252252252252252,0.6229071069886961,-0.7817759783773282,-0.02851413149869203,0.0,0.0,0.5026548245743669
7.297297297297297,0.6404469871104084,-0.7674728666253009,-0.02851413149869203,0.0,0.0,0.5026548245743669
7.342342342342342,0.6576585464341235,-0.752776315120908,-0.02851413149869203,0.0,0.0,0.5026548245743669
7.387387387387387,0.6745329615708555,-0.7376938579514594,-0.02851413149869203,0.0,0.0,0.5026548245743669
7.4324324324324325,0.6910615819662961,-0.7222332270361815,-0.02851413149869203,0.0,0.0,0.5026548245743669
7.4774774774774775,0.7072359343354632,-0.7064023481625048,-0.02851413149869203,0.0,0.0,0.5026548245743669
7.5225225225225225,0.7230477270064719,-0.6902093369229588,-0.02851413149869203,0.0,0.0,0.5026548245743669
7.5675675675675675,0.7384888541712036,-0.6736624945547726,-0.02851413149869203,0.0,0.0,0.5026548245743669
7.612612612612613,0.7535514000406939,-0.6567703036842986,-0.02851413149869203,0.0,0.0,0.5026548245743669
7.657657657657658,0.7682276429031085,-0.6395414239784545,-0.02851413149869203,0.0,0.0,0.5026548245743669
7.702702702702703,0.7825100590822258,-0.6219846877054023,-0.02851413149869203,0.0,0.0,0.5026548245743669
7.747747747747748,0.7963913267943982,-0.6041090952067457,-0.02851413149869203,0.0,0.0,0.5026548245743669
7.792792792792793,0.8098643299020156,-0.5859238102835678,-0.02851413149869203,0.0,0.0,0.5026548245743669
7.837837837837838,0.8229221615615436,-0.567438155498669,-0.02851413149869203,0.0,0.0,0.5026548245743669
7.882882882882883,0.835558127764272,-0.5486616073974193,-0.02851413149869203,0.0,0.0,0.5026548245743669
7.927927927927928,0.8477657507679502,-0.5296037916496718,-0.02851413149869203,0.0,0.0,0.5026548245743669
7.972972972972973,0.8595387724175607,-0.510274478115228,-0.02851413149869203,0.0,0.0,0.5026548245743669
8.018018018018017,0.8708711573535168,-0.49068357583538624,-0.02851413149869203,0.0,0.0,0.5026548245743669
8.063063063063062,0.8817570961056524,-0.47084112795313715,-0.02851413149869203,0.0,0.0,0.5026548245743669
8.108108108108107,0.8921910080714036,-0.4507573065646168,-0.02851413149869203,0.0,0.0,0.5026548245743669
8.153153153153152,0.9021675443766682,-0.43044240750445045,-0.02851413149869203,0.0,0.0,0.5026548245743669
8.198198198198197,0.9116815906178711,-0.40990684506766106,-0.02851413149869203,0.0,0.0,0.5026548245743669
8.243243243243242,0.9207282694838261,-0.38916114667085366,-0.02851413149869203,0.0,0.0,0.5026548245743669
8.288288288288287,0.8958865379187689,-0.36845265142759015,-0.24825381131390423,0.0,6.283185307179586,0.5026548245743669
8.333333333333332,0.7989256137848688,-0.3491356432009323,-0.4897164141471259,0.0,6.283185307179586,0.5026548245743669
8.378378378378377,0.6379895582317388,-0.3327580746480087,-0.6944360210586699,0.0,6.283185307179586,0.5026548245743669
8.423423423423422,0.4259655601621454,-0.32063140340945884,-0.8460194115405425,0.0,6.283185307179586,0.5026548245743669
8.468468468468467,0.17983174983814498,-0.3137266903359778,-0.9323283249590555,0.0,6.283185307179586,0.5026548245743669
8.513513513513512,-0.08070234961257634,-0.31259684037724567,-0.9464514494432056,0.0,6.283185307179586,0.5026548245743669
8.558558558558557,-0.3347740909498227,-0.3173323279132885,-0.8872578552426708,0.0,6.283185307179586,0.5026548245743669
8.603603603603602,-0.5620383096657761,-0.32755395188680464,-0.75948755557372,0.0,6.283185307179586,0.5026548245743669
8.64864864864865,-0.7442964926468586,-0.3424432008797846,-0.5733719431614712,0.0,6.283185307179586,0.5026548245743669
8.693693693693694,-0.8669540506005615,-0.3608077966067097,-0.3438144965749093,0.0,6.283185307179586,0.5026548245743669
8.73873873873874,-0.9201890010365896,-0.38117716733371754,-0.08919736248731358,0.0,6.283185307179586,0.5026548245743669
8.783783783783784,-0.9153277266167718,-0.4019942269530551,-0.023995715929208405,0.0,0.0,0.5026548245743669
8.82882882882883,-0.9059918888480214,-0.4226143667205442,-0.023995715929208405,0.0,0.0,0.5026548245743669
8.873873873873874,-0.8961916004909911,-0.44301785610335,-0.023995715929208405,0.0,0.0,0.5026548245743669
8.91891891891892,-0.8859318855969429,-0.4631942353912215,-0.023995715929208405,0.0,0.0,0.5026548245743669
8.963963963963964,-0.875218003739033,-0.48313316130035605,-0.023995715929208405,0.0,0.0,0.5026548245743669
9.00900900900901,-0.8640554473160261,-0.5028244122758121,-0.023995715929208405,0.0,0.0,0.5026548245743669
9.054054054054054,-0.8524499387366561,-0.5222578937315211,-0.023995715929208405,0.0,0.0,0.5026548245743669
9.0990990990991,-0.8404074274860716,-0.5414236432252078,-0.023995715929208405,0.0,0.0,0.5026548245743669
9.144144144144144,-0.8279340870758712,-0.5603118355655687,-0.023995715929208405,0.0,0.0,0.5026548245743669
9.18918918918919,-0.8150363118792973,-0.5789127878490911,-0.023995715929208405,0.0,0.0,0.5026548245743669
9.234234234234235,-0.8017207138532019,-0.5972169644239239,-0.023995715929208405,0.0,0.0,0.5026548245743669
9.27927927927928,-0.7879941191484732,-0.6152149817782693,-0.023995715929208405,0.0,0.0,0.5026548245743669
9.324324324324325,-0.7738635646106545,-0.6328976133507741,-0.023995715929208405,0.0,0.0,0.5026548245743669
9.36936936936937,-0.7593362941725545,-0.6502557942604639,-0.023995715929208405,0.0,0.0,0.5026548245743669
9.414414414414415,-0.7444197551406933,-0.6672806259537925,-0.023995715929208405,0.0,0.0,0.5026548245743669
9.45945945945946,-0.7291215943774912,-0.6839633807664262,-0.023995715929208405,0.0,0.0,0.5026548245743669
9.504504504504505,-0.713449654381159,-0.7002955063974202,-0.023995715929208405,0.0,0.0,0.5026548245743669
9.54954954954955,-0.6974119692652906,-0.7162686302934982,-0.023995715929208405,0.0,0.0,0.5026548245743669
9.594594594594595,-0.681016760640232,-0.7318745639411851,-0.023995715929208405,0.0,0.0,0.5026548245743669
9.63963963963964,-0.6642724333983273,-0.747105307064593,-0.023995715929208405,0.0,0.0,0.5026548245743669
9.684684684684685,-0.6471875714052095,-0.761953051726707,-0.023995715929208405,0.0,0.0,0.5026548245743669
9.72972972972973,-0.6297709330993381,-0.7764101863320724,-0.023995715929208405,0.0,0.0,0.5026548245743669
9.774774774774775,-0.612031447002046,-0.7904692995288277,-0.023995715929208405,0.0,0.0,0.5026548245743669
9.81981981981982,-0.5939782071403933,-0.8041231840080835,-0.023995715929208405,0.0,0.0,0.5026548245743669
9.864864864864865,-0.5756204683851773,-0.8173648401986982,-0.023995715929208405,0.0,0.0,0.5026548245743669
9.90990990990991,-0.5569676417064836,-0.8301874798555643,-0.023995715929208405,0.0,0.0,0.5026548245743669
9.954954954954955,-0.5380292893492187,-0.8425845295395528,-0.023995715929208405,0.0,0.0,0.5026548245743669
10.0,-0.5188151199310884,-0.8545496339873448,-0.023995715929208405,0.0,0.0,0.5026548245743669
10.045045045045045,-0.4993349834655405,-0.8660766593694132,-0.023995715929208405,0.0,0.0,0.5026548245743669
10.09009009009009,-0.4795988663122251,-0.8771596964344877,-0.023995715929208405,0.0,0.0,0.5026548245743669
10.135135135135135,-0.45961688605755185,-0.8877930635388935,-0.023995715929208405,0.0,0.0,0.5026548245743669
10.18018018018018,-0.4393992863279795,-0.8979713095592068,-0.023995715929208405,0.0,0.0,0.5026548245743669
10.225225225225225,-0.4189564315386908,-0.9076892166867359,-0.023995715929208405,0.0,0.0,0.5026548245743669
10.27027027027027,-0.3982988015803452,-0.916941803102397,-0.023995715929208405,0.0,0.0,0.5026548245743669
10.315315315315315,-0.37743698644663276,-0.9257243255306074,-0.023995715929208405,0.0,0.0,0.5026548245743669
10.36036036036036,-0.35638168080538746,-0.9340322816708962,-0.023995715929208405,0.0,0.0,0.5026548245743669
10.405405405405405,-0.33514367851603777,-0.941861412505976,-0.023995715929208405,0.0,0.0,0.5026548245743669
10.45045045045045,-0.31373386709620793,-0.9492077044850996,-0.023995715929208405,0.0,0.0,0.5026548245743669
10.495495495495495,-0.29216322214030593,-0.9560673915815807,-0.023995715929208405,0.0,0.0,0.5026548245743669
10.54054054054054,-0.2704428016929594,-0.9624369572234208,-0.023995715929208405,0.0,0.0,0.5026548245743669
10.585585585585585,-0.24858374058018465,-0.9683131360960553,-0.023995715929208405,0.0,0.0,0.5026548245743669
10.63063063063063,-0.22659724470119355,-0.9736929158162966,-0.023995715929208405,0.0,0.0,0.5026548245743669
10.675675675675675,-0.2044945852837651,-0.9785735384766109,-0.023995715929208405,0.0,0.0,0.5026548245743669
10.72072072072072,-0.18228709310612737,-0.982952502058941,-0.023995715929208405,0.0,0.0,0.5026548245743669
10.765765765765765,-0.15998615268831096,-0.9868275617173486,-0.023995715929208405,0.0,0.0,0.5026548245743669
10.81081081081081,-0.13760319645595212,-0.990196730928819,-0.023995715929208405,0.0,0.0,0.5026548245743669
10.855855855855856,-0.11514969887953723,-0.9930582825116396,-0.023995715929208405,0.0,0.0,0.5026548245743669
10.9009009009009,-0.09263717059209364,-0.9954107495108271,-0.023995715929208405,0.0,0.0,0.5026548245743669
10.945945945945946,-0.0700771524883419,-0.9972529259501525,-0.023995715929208405,0.0,0.0,0.5026548245743669
10.99099099099099,-0.04748120980833423,-0.998583867450377,-0.023995715929208405,0.0,0.0,0.5026548245743669
11.036036036036036,-0.024860926208612806,-0.9994028917133794,-0.023995715929208405,0.0,0.0,0.5026548245743669
11.08108108108108,-0.0022278978239270763,-0.9997095788719342,-0.023995715929208405,0.0,0.0,0.5026548245743669
11.126126126126126,0.0204062726774461,-0.9995037717049535,-0.023995715929208405,0.0,0.0,0.5026548245743669
11.17117117117117,0.0430299820417315,-0.998785575718083,-0.023995715929208405,0.0,0.0,0.5026548245743669
11.216216216216216,0.06563163237798482,-0.9975553590896172,-0.023995715929208405,0.0,0.0,0.5026548245743669
11.26126126126126,0.08819963710367257,-0.9958137524817556,-0.023995715929208405,0.0,0.0,0.5026548245743669
11.306306306306306,0.11072242688445505,-0.9935616487172959,-0.023995715929208405,0.0,0.0,0.5026548245743669
11.35135135135135,0.13318845556512687,-0.9908002023219367,-0.023995715929208405,0.0,0.0,0.5026548245743669
11.396396396396396,0.15558620608867527,-0.9875308289324173,-0.023995715929208405,0.0,0.0,0.5026548245743669
11.441441441441441,0.17790419640042082,-0.983755204570799,-0.023995715929208405,0.0,0.0,0.5026548245743669
11.486486486486486,0.20013098533421508,-0.9794752647852676,-0.023995715929208405,0.0,0.0,0.5026548245743669
11.531531531531531,0.22225517847767645,-0.9746932036578845,-0.023995715929208405,0.0,0.0,0.5026548245743669
11.576576576576576,0.2442654340134584,-0.9694114726798065,-0.023995715929208405,0.0,0.0,0.5026548245743669
11.621621621621621,0.26615046853355534,-0.9636327794945454,-0.023995715929208405,0.0,0.0,0.5026548245743669
11.666666666666666,0.28789906282366445,-0.957360086509914,-0.023995715929208405,0.0,0.0,0.5026548245743669
11.711711711711711,0.30950006761464044,-0.9505966093793661,-0.023995715929208405,0.0,0.0,0.5026548245743669
11.756756756756756,0.33094240929809227,-0.9433458153535154,-0.023995715929208405,0.0,0.0,0.5026548245743669
11.801801801801801,0.35221509560319314,-0.9356114215026711,-0.023995715929208405,0.0,0.0,0.5026548245743669
11.846846846846846,0.37330722123179394,-0.927397392811308,-0.023995715929208405,0.0,0.0,0.5026548245743669
11.891891891891891,0.39420797344894953,-0.9187079401454452,-0.023995715929208405,0.0,0.0,0.5026548245743669
11.936936936936936,0.414906637625995,-0.9095475180939729,-0.023995715929208405,0.0,0.0,0.5026548245743669
11.981981981981981,0.43539260273332614,-0.8999208226850377,-0.023995715929208405,0.0,0.0,0.5026548245743669
12.027027027027026,0.45565536678007235,-0.8898327889786557,-0.023995715929208405,0.0,0.0,0.5026548245743669
12.072072072072071,0.47568454219787043,-0.8792885885367882,-0.023995715929208405,0.0,0.0,0.5026548245743669
12.117117117117116,0.495469861165982,-0.8682936267721749,-0.023995715929208405,0.0,0.0,0.5026548245743669
12.162162162162161,0.5150011808750204,-0.8568535401772864,-0.023995715929208405,0.0,0.0,0.5026548245743669
12.207207207207206,0.5342684887265946,-0.8449741934348145,-0.023995715929208405,0.0,0.0,0.5026548245743669
12.252252252252251,0.5532619074661986,-0.8326616764111808,-0.023995715929208405,0.0,0.0,0.5026548245743669
12.297297297297296,0.5719717002467202,-0.8199223010346111,-0.023995715929208405,0.0,0.0,0.5026548245743669
12.342342342342342,0.5903882756199677,-0.806762598059365,-0.023995715929208405,0.0,0.0,0.5026548245743669
12.387387387387387,0.6085021924536627,-0.7931893137177916,-0.023995715929208405,0.0,0.0,0.5026548245743669
12.432432432432432,0.6263041647713702,-0.7792094062619186,-0.023995715929208405,0.0,0.0,0.5026548245743669
12.477477477477477,0.643785066512894,-0.7648300423963508,-0.023995715929208405,0.0,0.0,0.5026548245743669
12.522522522522522,0.6609359362126874,-0.7500585936043086,-0.023995715929208405,0.0,0.0,0.5026548245743669
12.567567567567567,0.6777479815938882,-0.7349026323686869,-0.023995715929208405,0.0,0.0,0.5026548245743669
12.612612612612612,0.6942125840756196,-0.7193699282900737,-0.023995715929208405,0.0,0.0,0.5026548245743669
12.657657657657657,0.7103213031912479,-0.7034684441037152,-0.023995715929208405,0.0,0.0,0.5026548245743669
12.702702702702702,0.7260658809153295,-0.6872063315974763,-0.023995715929208405,0.0,0.0,0.5026548245743669
12.747747747747747,0.7414382458970326,-0.6705919274328808,-0.023995715929208405,0.0,0.0,0.5026548245743669
12.792792792792792,0.7564305175978585,-0.6536337488713776,-0.023995715929208405,0.0,0.0,0.5026548245743669
12.837837837837837,0.7710350103315479,-0.6363404894080252,-0.023995715929208405,0.0,0.0,0.5026548245743669
12.882882882882882,0.7852442372040951,-0.6187210143148311,-0.023995715929208405,0.0,0.0,0.5026548245743669
12.927927927927927,0.7990509139518545,-0.6007843560960293,-0.023995715929208405,0.0,0.0,0.5026548245743669
12.972972972972972,0.8124479626757665,-0.5825397098576294,-0.023995715929208405,0.0,0.0,0.5026548245743669
13.018018018018017,0.8254285154697958,-0.5639964285936073,-0.023995715929208405,0.0,0.0,0.5026548245743669
13.063063063063062,0.8379859179417168,-0.5451640183911564,-0.023995715929208405,0.0,0.0,0.5026548245743669
13.108108108108107,0.8501137326244436,-0.5260521335574557,-0.023995715929208405,0.0,0.0,0.5026548245743669
13.153153153153152,0.8618057422761518,-0.5066705716704564,-0.023995715929208405,0.0,0.0,0.5026548245743669
13.198198198198197,0.8730559530675056,-0.4870292685562196,-0.023995715929208405,0.0,0.0,0.5026548245743669
13.243243243243242,0.8838585976543546,-0.4671382931953822,-0.023995715929208405,0.0,0.0,0.5026548245743669
13.288288288288287,0.8942081381343235,-0.44700784256136267,-0.023995715929208405,0.0,0.0,0.5026548245743669
13.333333333333332,0.9040992688857798,-0.4266482363929517,-0.023995715929208405,0.0,0.0,0.5026548245743669
13.378378378378377,0.9135269192877249,-0.40606991190396774,-0.023995715929208405,0.0,0.0,0.5026548245743669
13.423423423423422,0.9224862563192135,-0.38528341843269154,-0.023995715929208405,0.0,0.0,0.5026548245743669
13.468468468468467,0.9309726870369683,-0.364299412033818,-0.023995715929208405,0.0,0.0,0.5026548245743669
13.513513513513512,0.9389818609299223,-0.3431286500157034,-0.023995715929208405,0.0,0.0,0.5026548245743669
13.558558558558557,0.9465096721494776,-0.3217819854257037,-0.023995715929208405,0.0,0.0,0.5026548245743669
13.603603603603602,0.9535522616143417,-0.30027036148643327,-0.023995715929208405,0.0,0.0,0.5026548245743669
13.648648648648647,0.9601060189888595,-0.2786048059857967,-0.023995715929208405,0.0,0.0,0.5026548245743669
13.693693693693692,0.9661675845338259,-0.2567964256236677,-0.023995715929208405,0.0,0.0,0.5026548245743669
13.738738738738737,0.9717338508288347,-0.23485640031811578,-0.023995715929208405,0.0,0.0,0.5026548245743669
13.783783783783782,0.9498788574953838,-0.21296299396086837,-0.22886004300983198,0.0,6.283185307179586,0.5026548245743669
13.828828828828827,0.8526981701856816,-0.1924177109701266,-0.48567608039410437,0.0,6.283185307179586,0.5026548245743669
13.873873873873872,0.6872364357330164,-0.17486595491200266,-0.7050730311206532,0.0,6.283185307179586,0.5026548245743669
13.918918918918918,0.46674324336549483,-0.161713208200732,-0.8694823650115371,0.0,6.283185307179586,0.5026548245743669
13.963963963963963,0.20887490640612025,-0.15401269617401656,-0.965738765345481,0.0,6.283185307179586,0.5026548245743669
14.009009009009008,-0.06571939271662143,-0.1523810485410612,-0.9861343607574241,0.0,6.283185307179586,0.5026548245743669
14.054054054054053,-0.3350511158081354,-0.1569489218610587,-0.9290359442574553,0.0,6.283185307179586,0.5026548245743669
14.099099099099098,-0.5775531331095967,-0.1673505370290324,-0.7990157546577838,0.0,6.283185307179586,0.5026548245743669
14.144144144144143,-0.7738067426059432,-0.18275296957008547,-0.6064853478946205,0.0,6.283185307179586,0.5026548245743669
14.189189189189188,-0.9080966508550894,-0.2019228472791117,-0.3668618765317926,0.0,6.283185307179586,0.5026548245743669
14.234234234234233,-0.9696693979850775,-0.22332511429538396,-0.09933353882838947,0.0,6.283185307179586,0.5026548245743669
14.279279279279278,-0.9694367885895063,-0.24532241312389103,-0.003037523382023677,0.0,0.0,0.5026548245743669
14.324324324324323,-0.963634158723592,-0.2672077498740234,-0.003037523382023677,0.0,0.0,0.5026548245743669
14.369369369369368,-0.9573375283512554,-0.2889561043860699,-0.003037523382023677,0.0,0.0,0.5026548245743669
14.414414414414413,-0.9505501253972886,-0.3105563275138058,-0.003037523382023677,0.0,0.0,0.5026548245743669
14.45945945945946,-0.943275429377716,-0.3319973460495551,-0.003037523382023677,0.0,0.0,0.5026548245743669
14.504504504504505,-0.9355171696160433,-0.35326816840079245,-0.003037523382023677,0.0,0.0,0.5026548245743669
14.54954954954955,-0.9272793233314411,-0.37435789022491234,-0.003037523382023677,0.0,0.0,0.5026548245743669
14.594594594594595,-0.9185661135998564,-0.3952557000192641,-0.003037523382023677,0.0,0.0,0.5026548245743669
14.63963963963964,-0.9093820071890777,-0.41595088466359526,-0.003037523382023677,0.0,0.0,0.5026548245743669
14.684684684684685,-0.8997317122688767,-0.4364328349120612,-0.003037523382023677,0.0,0.0,0.5026548245743669
14.72972972972973,-0.8896201759973993,-0.45669105083198114,-0.003037523382023677,0.0,0.0,0.5026548245743669
14.774774774774775,-0.8790525819850374,-0.4767151471865583,-0.003037523382023677,0.0,0.0,0.5026548245743669
14.81981981981982,-0.8680343476370858,-0.49649485875880106,-0.003037523382023677,0.0,0.0,0.5026548245743669
14.864864864864865,-0.8565711213765466,-0.5160200456139168,-0.003037523382023677,0.0,0.0,0.5026548245743669
14.90990990990991,-0.8446687797485032,-0.5352806982974797,-0.003037523382023677,0.0,0.0,0.5026548245743669
14.954954954954955,-0.8323334244075504,-0.5542669429667111,-0.003037523382023677,0.0,0.0,0.5026548245743669
15.0,-0.8195713789898212,-0.5729690464522369,-0.003037523382023677,0.0,0.0,0.5026548245743669
15.045045045045045,-0.8063891858712188,-0.5913774212477307,-0.003037523382023677,0.0,0.0,0.5026548245743669
15.09009009009009,-0.7927936028135113,-0.6094826304248839,-0.003037523382023677,0.0,0.0,0.5026548245743669
15.135135135135135,-0.7787915995000116,-0.6272753924711831,-0.003037523382023677,0.0,0.0,0.5026548245743669
15.18018018018018,-0.7643903539626159,-0.6447465860480148,-0.003037523382023677,0.0,0.0,0.5026548245743669
15.225225225225225,-0.749597248902035,-0.6618872546666571,-0.003037523382023677,0.0,0.0,0.5026548245743669
15.27027027027027,-0.7344198679031029,-0.6786886112797625,-0.003037523382023677,0.0,0.0,0.5026548245743669
15.315315315315315,-0.718865991547103,-0.6951420427859792,-0.003037523382023677,0.0,0.0,0.5026548245743669
15.36036036036036,-0.7029435934231065,-0.7112391144453974,-0.003037523382023677,0.0,0.0,0.5026548245743669
15.405405405405405,-0.6866608360403663,-0.7269715742035641,-0.003037523382023677,0.0,0.0,0.5026548245743669
15.45045045045045,-0.6700260666438619,-0.7423313569218388,-0.003037523382023677,0.0,0.0,0.5026548245743669
15.495495495495495,-0.6530478129351394,-0.7573105885119354,-0.003037523382023677,0.0,0.0,0.5026548245743669
15.54054054054054,-0.6357347787006463,-0.7719015899725196,-0.003037523382023677,0.0,0.0,0.5026548245743669
15.585585585585585,-0.6180958393497917,-0.7860968813257945,-0.003037523382023677,0.0,0.0,0.5026548245743669
15.63063063063063,-0.6001400373650291,-0.7998891854520632,-0.003037523382023677,0.0,0.0,0.5026548245743669
15.675675675675675,-0.5818765776662899,-0.8132714318202933,-0.003037523382023677,0.0,0.0,0.5026548245743669
15.72072072072072,-0.5633148228921415,-0.8262367601127775,-0.003037523382023677,0.0,0.0,0.5026548245743669
15.765765765765765,-0.5444642886000973,-0.8387785237420269,-0.003037523382023677,0.0,0.0,0.5026548245743669
15.81081081081081,-0.5253346383885285,-0.8508902932581016,-0.003037523382023677,0.0,0.0,0.5026548245743669
15.855855855855856,-0.5059356789426864,-0.8625658596446224,-0.003037523382023677,0.0,0.0,0.5026548245743669
15.9009009009009,-0.4862773550073723,-0.8737992375017829,-0.003037523382023677,0.0,0.0,0.5026548245743669
15.945945945945946,-0.4663697442888313,-0.8845846681147225,-0.003037523382023677,0.0,0.0,0.5026548245743669
15.99099099099099,-0.4462230522884853,-0.8949166224056916,-0.003037523382023677,0.0,0.0,0.5026548245743669
16.036036036036034,-0.4258476070711513,-0.9047898037684982,-0.003037523382023677,0.0,0.0,0.5026548245743669
16.08108108108108,-0.405253853970427,-0.9141991507837771,-0.003037523382023677,0.0,0.0,0.5026548245743669
16.126126126126124,-0.38445235023396873,-0.9231398398136879,-0.003037523382023677,0.0,0.0,0.5026548245743669
16.17117117117117,-0.36345375961137905,-0.9316072874747262,-0.003037523382023677,0.0,0.0,0.5026548245743669
16.216216216216214,-0.3422688468875207,-0.9395971529873589,-0.003037523382023677,0.0,0.0,0.5026548245743669
16.26126126126126,-0.32090847236400927,-0.9471053404012998,-0.003037523382023677,0.0,0.0,0.5026548245743669
16.306306306306304,-0.299383586291767,-0.9541280006952652,-0.003037523382023677,0.0,0.0,0.5026548245743669
16.35135135135135,-0.27770522325743746,-0.9606615337501551,-0.003037523382023677,0.0,0.0,0.5026548245743669
16.396396396396394,-0.255884496526593,-0.9667025901946243,-0.003037523382023677,0.0,0.0,0.5026548245743669
16.44144144144144,-0.23393259234658167,-0.9722480731221184,-0.003037523382023677,0.0,0.0,0.5026548245743669
16.486486486486484,-0.21186076421198624,-0.9772951396784788,-0.003037523382023677,0.0,0.0,0.5026548245743669
16.53153153153153,-0.18968032709558358,-0.981841202519316,-0.003037523382023677,0.0,0.0,0.5026548245743669
16.576576576576574,-0.1674026516478144,-0.985883931136391,-0.003037523382023677,0.0,0.0,0.5026548245743669
16.62162162162162,-0.14503915836768275,-0.9894212530523379,-0.003037523382023677,0.0,0.0,0.5026548245743669
16.666666666666664,-0.12260131174812818,-0.9924513548831009,-0.003037523382023677,0.0,0.0,0.5026548245743669
16.71171171171171,-0.10010061439881779,-0.9949726832675577,-0.003037523382023677,0.0,0.0,0.5026548245743669
16.756756756756754,-0.07754860114942551,-0.9969839456638369,-0.003037523382023677,0.0,0.0,0.5026548245743669
16.8018018018018,-0.05495683313636576,-0.9984841110119317,-0.003037523382023677,0.0,0.0,0.5026548245743669
16.846846846846844,-0.03233689187606976,-0.999472410262265,-0.003037523382023677,0.0,0.0,0.5026548245743669
16.89189189189189,-0.009700373327785314,-0.9999483367699394,-0.003037523382023677,0.0,0.0,0.5026548245743669
16.936936936936934,0.012941118050998462,-0.9999116465544623,-0.003037523382023677,0.0,0.0,0.5026548245743669
16.98198198198198,0.03557597525351183,-0.9993623584248247,-0.003037523382023677,0.0,0.0,0.5026548245743669
17.027027027027025,0.05819259467394336,-0.9983007539698546,-0.003037523382023677,0.0,0.0,0.5026548245743669
17.07207207207207,0.0807793820559638,-0.9967273774138656,-0.003037523382023677,0.0,0.0,0.5026548245743669
17.117117117117115,0.10332475843642872,-0.9946430353376632,-0.003037523382023677,0.0,0.0,0.5026548245743669
17.16216216216216,0.12581716608126933,-0.9920487962650549,-0.003037523382023677,0.0,0.0,0.5026548245743669
17.207207207207205,0.14824507441047255,-0.9889459901150819,-0.003037523382023677,0.0,0.0,0.5026548245743669
17.25225225225225,0.17059698590916825,-0.9853362075202419,-0.003037523382023677,0.0,0.0,0.5026548245743669
17.2972972972973,0.1928614420217401,-0.9812212990110644,-0.003037523382023677,0.0,0.0,0.5026548245743669
17.34234234234234,0.21502702902598128,-0.9766033740674486,-0.003037523382023677,0.0,0.0,0.5026548245743669
17.38738738738739,0.2370823838842673,-0.9714848000372516,-0.003037523382023677,0.0,0.0,0.5026548245743669
17.43243243243243,0.25901620006872766,-0.965868200922684,-0.003037523382023677,0.0,0.0,0.5026548245743669
17.47747747747748,0.28081723335747405,-0.9597564560351337,-0.003037523382023677,0.0,0.0,0.5026548245743669
17.52252252252252,0.30247430759886157,-0.9531526985191069,-0.003037523382023677,0.0,0.0,0.5026548245743669
17.56756756756757,0.3239763204408793,-0.9460603137460394,-0.003037523382023677,0.0,0.0,0.5026548245743669
17.61261261261261,0.3453122490226832,-0.9384829375788151,-0.003037523382023677,0.0,0.0,0.5026548245743669
17.65765765765766,0.36647115562540356,-0.9304244545078587,-0.003037523382023677,0.0,0.0,0.5026548245743669
17.7027027027027,0.38744219327927953,-0.9218889956597847,-0.003037523382023677,0.0,0.0,0.5026548245743669
17.74774774774775,0.40821461132429737,-0.9128809366795966,-0.003037523382023677,0.0,0.0,0.5026548245743669
17.792792792792792,0.4287777609214303,-0.9034048954875489,-0.003037523382023677,0.0,0.0,0.5026548245743669
17.83783783783784,0.44912110051170656,-0.8934657299117958,-0.003037523382023677,0.0,0.0,0.5026548245743669
17.882882882882882,0.46923420122025467,-0.8830685351980639,-0.003037523382023677,0.0,0.0,0.5026548245743669
17.92792792792793,0.4891067522026085,-0.8722186413976031,-0.003037523382023677,0.0,0.0,0.5026548245743669
17.972972972972972,0.5087285659304798,-0.860921610634779,-0.003037523382023677,0.0,0.0,0.5026548245743669
18.01801801801802,0.5280895834143352,-0.8491832342556808,-0.003037523382023677,0.0,0.0,0.5026548245743669
18.063063063063062,0.5471798793600602,-0.8370095298592327,-0.003037523382023677,0.0,0.0,0.5026548245743669
18.10810810810811,0.5659896672571035,-0.8244067382123086,-0.003037523382023677,0.0,0.0,0.5026548245743669
18.153153153153152,0.584509304395453,-0.8113813200504484,-0.003037523382023677,0.0,0.0,0.5026548245743669
18.1981981981982,0.6027292968089193,-0.7979399527658019,-0.003037523382023677,0.0,0.0,0.5026548245743669
18.243243243243242,0.6206403041421392,-0.7840895269840154,-0.003037523382023677,0.0,0.0,0.5026548245743669
18.28828828828829,0.6382331444388593,-0.7698371430317911,-0.003037523382023677,0.0,0.0,0.5026548245743669
18.333333333333332,0.65549879884899,-0.7551901072969611,-0.003037523382023677,0.0,0.0,0.5026548245743669
18.37837837837838,0.6724284162520697,-0.7401559284829097,-0.003037523382023677,0.0,0.0,0.5026548245743669
18.423423423423422,0.6890133177947205,-0.7247423137592949,-0.003037523382023677,0.0,0.0,0.5026548245743669
18.46846846846847,0.705245001339815,-0.7089571648110127,-0.003037523382023677,0.0,0.0,0.5026548245743669
18.513513513513512,0.7211151458250269,-0.6928085737874602,-0.003037523382023677,0.0,0.0,0.5026548245743669
18.55855855855856,0.7366156155285797,-0.676304819154142,-0.003037523382023677,0.0,0.0,0.5026548245743669
18.603603603603602,0.7517384642399569,-0.659454361448778,-0.003037523382023677,0.0,0.0,0.5026548245743669
18.64864864864865,0.7664759393334842,-0.6422658389440605,-0.003037523382023677,0.0,0.0,0.5026548245743669
18.693693693693692,0.7808204857426508,-0.6247480632193078,-0.003037523382023677,0.0,0.0,0.5026548245743669
18.73873873873874,0.79476474983317,-0.6069100146432617,-0.003037523382023677,0.0,0.0,0.5026548245743669
18.783783783783782,0.8083015831727641,-0.5887608377703704,-0.003037523382023677,0.0,0.0,0.5026548245743669
18.82882882882883,0.8214240461957669,-0.5703098366528844,-0.003037523382023677,0.0,0.0,0.5026548245743669
18.873873873873872,0.8341254117606355,-0.5515664700712101,-0.003037523382023677,0.0,0.0,0.5026548245743669
18.91891891891892,0.8463991685985837,-0.5325403466849168,-0.003037523382023677,0.0,0.0,0.5026548245743669
18.963963963963963,0.8582390246515305,-0.5132412201069352,-0.003037523382023677,0.0,0.0,0.5026548245743669
19.00900900900901,0.8696389102976884,-0.4936789839034217,-0.003037523382023677,0.0,0.0,0.5026548245743669
19.054054054054053,0.8805929814631084,-0.47386366652190176,-0.003037523382023677,0.0,0.0,0.5026548245743669
19.0990990990991,0.8910956226176091,-0.45380542615024116,-0.003037523382023677,0.0,0.0,0.5026548245743669
19.144144144144143,0.901141449653536,-0.433514545509133,-0.003037523382023677,0.0,0.0,0.5026548245743669
19.18918918918919,0.9107253126458922,-0.4130014265807185,-0.003037523382023677,0.0,0.0,0.5026548245743669
19.234234234234233,0.9198422984924075,-0.39227658527609316,-0.003037523382023677,0.0,0.0,0.5026548245743669
19.27927927927928,0.9123271108340275,-0.3714313495629733,-0.1723310633606966,0.0,6.283185307179586,0.5026548245743669
19.324324324324323,0.8359750609431853,-0.3515046766270055,-0.42141447506029633,0.0,6.283185307179586,0.5026548245743669
19.36936936936937,0.6926810912236884,-0.33408146931907073,-0.6392045664094813,0.0,6.283185307179586,0.5026548245743669
19.414414414414413,0.4939196748758338,-0.32055691632512345,-0.8082614788338236,0.0,6.283185307179586,0.5026548245743669
19.45945945945946,0.2556069216256095,-0.3120140159121403,-0.9150477339961113,0.0,6.283185307179586,0.5026548245743669
19.504504504504503,-0.0031739279285729095,-0.30913685326551693,-0.951012267078904,0.0,6.283185307179586,0.5026548245743669
19.54954954954955,-0.2617006205840071,-0.31215582137210435,-0.9132751657465616,0.0,6.283185307179586,0.5026548245743669
19.594594594594593,-0.4992712551215208,-0.3208291719664356,-0.8048582833174228,0.0,6.283185307179586,0.5026548245743669
19.63963963963964,-0.6968620171789027,-0.3344623738749665,-0.6344432594607872,0.0,6.283185307179586,0.5026548245743669
19.684684684684683,-0.838650538876389,-0.351963728610734,-0.4156763252636899,0.0,6.283185307179586,0.5026548245743669
19.72972972972973,-0.9132828979553791,-0.37193178971875673,-0.16607556141340807,0.0,6.283185307179586,0.5026548245743669
19.774774774774773,-0.9183334741707166,-0.39276652880535223,-0.048970236549221224,0.0,0.0,0.5026548245743669
19.81981981981982,-0.9092057826614109,-0.4134570844807415,-0.048970236549221224,0.0,0.0,0.5026548245743669
19.864864864864863,-0.8996119929829913,-0.43393568418998946,-0.048970236549221224,0.0,0.0,0.5026548245743669
19.90990990990991,-0.8895570233265739,-0.45419182971804983,-0.048970236549221224,0.0,0.0,0.5026548245743669
19.954954954954953,-0.8790460283040602,-0.47421513688949496,-0.048970236549221224,0.0,0.0,0.5026548245743669
20.0,-0.8680843963056558,-0.49399534089190594,-0.048970236549221224,0.0,0.0,0.5026548245743669
20.045045045045043,-0.856677746737555,-0.5135223015380457,-0.048970236549221224,0.0,0.0,0.5026548245743669
20.09009009009009,-0.8448319271411818,-0.5327860084641701,-0.048970236549221224,0.0,0.0,0.5026548245743669
20.135135135135133,-0.8325530101954972,-0.5517765862617608,-0.048970236549221224,0.0,0.0,0.5026548245743669
20.18018018018018,-0.8198472906038723,-0.5704842995400972,-0.048970236549221224,0.0,0.0,0.5026548245743669
20.225225225225223,-0.8067212818671604,-0.5888995579170282,-0.048970236549221224,0.0,0.0,0.5026548245743669
20.27027027027027,-0.7931817129445857,-0.6070129209354265,-0.048970236549221224,0.0,0.0,0.5026548245743669
20.315315315315313,-0.7792355248041972,-0.6248151029027651,-0.048970236549221224,0.0,0.0,0.5026548245743669
20.36036036036036,-0.7648898668646191,-0.6422969776513746,-0.048970236549221224,0.0,0.0,0.5026548245743669
20.405405405405403,-0.7501520933299612,-0.6594495832169,-0.048970236549221224,0.0,0.0,0.5026548245743669
20.45045045045045,-0.735029759419723,-0.6762641264326023,-0.048970236549221224,0.0,0.0,0.5026548245743669
20.495495495495494,-0.7195306174956748,-0.6927319874371036,-0.048970236549221224,0.0,0.0,0.5026548245743669
20.54054054054054,-0.7036626130876507,-0.7088447240933134,-0.048970236549221224,0.0,0.0,0.5026548245743669
20.585585585585584,-0.687433880820337,-0.724594076316221,-0.048970236549221224,0.0,0.0,0.5026548245743669
20.63063063063063,-0.6708527402431012,-0.7399719703073822,-0.048970236549221224,0.0,0.0,0.5026548245743669
20.675675675675674,-0.6539276915650434,-0.7549705226938869,-0.048970236549221224,0.0,0.0,0.5026548245743669
20.72072072072072,-0.6366674112974094,-0.7695820445697273,-0.048970236549221224,0.0,0.0,0.5026548245743669
20.765765765765764,-0.6190807478056495,-0.7837990454374537,-0.048970236549221224,0.0,0.0,0.5026548245743669
20.81081081081081,-0.6011767167733493,-0.7976142370481368,-0.048970236549221224,0.0,0.0,0.5026548245743669
20.855855855855854,-0.5829644965804167,-0.8110205371376283,-0.048970236549221224,0.0,0.0,0.5026548245743669
20.9009009009009,-0.5644534235978315,-0.824011073057245,-0.048970236549221224,0.0,0.0,0.5026548245743669
20.945945945945944,-0.5456529874014339,-0.8365791852969786,-0.048970236549221224,0.0,0.0,0.5026548245743669
20.99099099099099,-0.5265728259071433,-0.8487184308994542,-0.048970236549221224,0.0,0.0,0.5026548245743669
21.036036036036034,-0.5072227204301588,-0.860422586762862,-0.048970236549221224,0.0,0.0,0.5026548245743669
21.08108108108108,-0.4876125906706241,-0.8716856528311956,-0.048970236549221224,0.0,0.0,0.5026548245743669
21.126126126126124,-0.46775248962837046,-0.8825018551701332,-0.048970236549221224,0.0,0.0,0.5026548245743669
21.17117117117117,-0.44765259844930333,-0.8928656489270108,-0.048970236549221224,0.0,0.0,0.5026548245743669
21.216216216216214,-0.4273232212061194,-0.9027717211733487,-0.048970236549221224,0.0,0.0,0.5026548245743669
21.26126126126126,-0.4067747796159812,-0.9122149936284945,-0.048970236549221224,0.0,0.0,0.5026548245743669
21.306306306306304,-0.3860178076979072,-0.9211906252629617,-0.048970236549221224,0.0,0.0,0.5026548245743669
21.35135135135135,-0.3650629463725655,-0.9296940147801568,-0.048970236549221224,0.0,0.0,0.5026548245743669
21.396396396396394,-0.3439209380072916,-0.9377208029751979,-0.048970236549221224,0.0,0.0,0.5026548245743669
21.44144144144144,-0.3226026209090732,-0.9452668749696362,-0.048970236549221224,0.0,0.0,0.5026548245743669
21.486486486486484,-0.30111892376837895,-0.9523283623209163,-0.048970236549221224,0.0,0.0,0.5026548245743669
21.53153153153153,-0.2794808600566264,-0.9589016450055105,-0.048970236549221224,0.0,0.0,0.5026548245743669
21.576576576576574,-0.2576995223802144,-0.9649833532746952,-0.048970236549221224,0.0,0.0,0.5026548245743669
21.62162162162162,-0.23578607679395897,-0.9705703693820349,-0.048970236549221224,0.0,0.0,0.5026548245743669
21.666666666666664,-0.21375175707690666,-0.9756598291816682,-0.048970236549221224,0.0,0.0,0.5026548245743669
21.71171171171171,-0.19160785897339871,-0.9802491235965972,-0.048970236549221224,0.0,0.0,0.5026548245743669
21.756756756756754,-0.1693657344023991,-0.9843358999562104,-0.048970236549221224,0.0,0.0,0.5026548245743669
21.8018018018018,-0.14703678563799602,-0.9879180632023653,-0.048970236549221224,0.0,0.0,0.5026548245743669
21.846846846846844,-0.12463245946411788,-0.9909937769634034,-0.048970236549221224,0.0,0.0,0.5026548245743669
21.89189189189189,-0.10216424130640295,-0.9935614644955558,-0.048970236549221224,0.0,0.0,0.5026548245743669
21.936936936936934,-0.07964364934428822,-0.9956198094912491,-0.048970236549221224,0.0,0.0,0.5026548245743669
21.98198198198198,-0.057082228606278644,-0.9971677567539015,-0.048970236549221224,0.0,0.0,0.5026548245743669
22.027027027027025,-0.034491545051480915,-0.9982045127388622,-0.048970236549221224,0.0,0.0,0.5026548245743669
22.07207207207207,-0.011883179640378877,-0.9987295459602176,-0.048970236549221224,0.0,0.0,0.5026548245743669
22.117117117117115,0.010731277602052919,-0.9987425872632527,-0.048970236549221224,0.0,0.0,0.5026548245743669
22.16216216216216,0.03334023352791113,-0.998243629962432,-0.048970236549221224,0.0,0.0,0.5026548245743669
22.207207207207205,0.05593209780949784,-0.9972329298448268,-0.048970236549221224,0.0,0.0,0.5026548245743669
22.25225225225225,0.07849528888103768,-0.9957110050389876,-0.048970236549221224,0.0,0.0,0.5026548245743669
22.297297297297295,0.1010182398758744,-0.9936786357493296,-0.048970236549221224,0.0,0.0,0.5026548245743669
22.34234234234234,0.1234894045561609,-0.9911368638561647,-0.048970236549221224,0.0,0.0,0.5026548245743669
22.387387387387385,0.14589726323194557,-0.98808699238159,-0.048970236549221224,0.0,0.0,0.5026548245743669
22.43243243243243,0.168230328666677,-0.9845305848215027,-0.048970236549221224,0.0,0.0,0.5026548245743669
22.477477477477475,0.19047715196604365,-0.9804694643440833,-0.048970236549221224,0.0,0.0,0.5026548245743669
22.52252252252252,0.21262632844718607,-0.9759057128551601,-0.048970236549221224,0.0,0.0,0.5026548245743669
22.567567567567565,0.23466650348521595,-0.970841669930938,-0.048970236549221224,0.0,0.0,0.5026548245743669
22.61261261261261,0.2565863783341014,-0.9652799316186256,-0.048970236549221224,0.0,0.0,0.5026548245743669
22.657657657657655,0.2783747159188784,-0.9592233491055943,-0.048970236549221224,0.0,0.0,0.5026548245743669
22.7027027027027,0.30002034659627497,-0.9526750272577318,-0.048970236549221224,0.0,0.0,0.5026548245743669
22.747747747747745,0.32151217388073894,-0.9456383230277583,-0.048970236549221224,0.0,0.0,0.5026548245743669
22.792792792792792,0.3428391801329898,-0.938116843734302,-0.048970236549221224,0.0,0.0,0.5026548245743669
22.837837837837835,0.3639904322081233,-0.9301144452126382,-0.048970236549221224,0.0,0.0,0.5026548245743669
22.882882882882882,0.3849550870604263,-0.9216352298380148,-0.048970236549221224,0.0,0.0,0.5026548245743669
22.927927927927925,0.4057223973019784,-0.9126835444226035,-0.048970236549221224,0.0,0.0,0.5026548245743669
22.972972972972972,0.4262817167122399,-0.9032639779871308,-0.048970236549221224,0.0,0.0,0.5026548245743669
23.018018018018015,0.4466225056957518,-0.8933813594083535,-0.048970236549221224,0.0,0.0,0.5026548245743669
23.063063063063062,0.4667343366852009,-0.8830407549435619,-0.048970236549221224,0.0,0.0,0.5026548245743669
23.10810810810811,0.4866068994870292,-0.8722474656334007,-0.048970236549221224,0.0,0.0,0.5026548245743669
23.153153153153152,0.5062300065668898,-0.8610070245843275,-0.048970236549221224,0.0,0.0,0.5026548245743669
23.1981981981982,0.5255935982722226,-0.849325194132099,-0.048970236549221224,0.0,0.0,0.5026548245743669
23.243243243243242,0.5446877479892552,-0.8372079628877548,-0.048970236549221224,0.0,0.0,0.5026548245743669
23.28828828828829,0.5635026672318262,-0.8246615426675893,-0.048970236549221224,0.0,0.0,0.5026548245743669
23.333333333333332,0.582028710659375,-0.8116923653087147,-0.048970236549221224,0.0,0.0,0.5026548245743669
23.37837837837838,0.6002563810215706,-0.7983070793718149,-0.048970236549221224,0.0,0.0,0.5026548245743669
23.423423423423422,0.6181763340270029,-0.7845125467328143,-0.048970236549221224,0.0,0.0,0.5026548245743669
23.46846846846847,0.6357793831334789,-0.7703158390651744,-0.048970236549221224,0.0,0.0,0.5026548245743669
23.513513513513512,0.6530565042574326,-0.755724234214659,-0.048970236549221224,0.0,0.0,0.5026548245743669
23.55855855855856,0.6699988404000695,-0.7407452124683851,-0.048970236549221224,0.0,0.0,0.5026548245743669
23.603603603603602,0.6865977061878362,-0.7253864527201153,-0.048970236549221224,0.0,0.0,0.5026548245743669
23.64864864864865,0.7028445923249298,-0.7096558285337153,-0.048970236549221224,0.0,0.0,0.5026548245743669
23.693693693693692,0.7187311699555188,-0.6935614041068329,-0.048970236549221224,0.0,0.0,0.5026548245743669
23.73873873873874,0.7342492949334861,-0.6771114301368344,-0.048970236549221224,0.0,0.0,0.5026548245743669
23.783783783783782,0.7493910119974585,-0.6603143395911489,-0.048970236549221224,0.0,0.0,0.5026548245743669
23.82882882882883,0.7641485588490301,-0.6431787433841557,-0.048970236549221224,0.0,0.0,0.5026548245743669
23.873873873873872,0.778514370132038,-0.6257134259628667,-0.048970236549221224,0.0,0.0,0.5026548245743669
23.91891891891892,0.7924810813109029,-0.6079273408036306,-0.048970236549221224,0.0,0.0,0.5026548245743669
23.963963963963963,0.8060415324460003,-0.5898296058222033,-0.048970236549221224,0.0,0.0,0.5026548245743669
24.00900900900901,0.819188771864161,-0.5714294986994987,-0.048970236549221224,0.0,0.0,0.5026548245743669
24.054054054054053,0.8319160597223916,-0.5527364521254617,-0.048970236549221224,0.0,0.0,0.5026548245743669
24.0990990990991,0.8442168714630179,-0.5337600489634524,-0.048970236549221224,0.0,0.0,0.5026548245743669
24.144144144144143,0.8560849011584468,-0.5145100173376661,-0.048970236549221224,0.0,0.0,0.5026548245743669
24.18918918918919,0.8675140647438652,-0.49499622564606516,-0.048970236549221224,0.0,0.0,0.5026548245743669
24.234234234234233,0.878498503136186,-0.47522867750142517,-0.048970236549221224,0.0,0.0,0.5026548245743669
24.27927927927928,0.8890325852376769,-0.45521750660303706,-0.048970236549221224,0.0,0.0,0.5026548245743669
24.324324324324323,0.8991109108226945,-0.4349729715417483,-0.048970236549221224,0.0,0.0,0.5026548245743669
24.36936936936937,0.908728313306081,-0.4145054505409531,-0.048970236549221224,0.0,0.0,0.5026548245743669
24.414414414414413,0.9178798623917745,-0.3938254361362796,-0.048970236549221224,0.0,0.0,0.5026548245743669
24.45945945945946,0.9265608666002955,-0.3729435297966491,-0.048970236549221224,0.0,0.0,0.5026548245743669
24.504504504504503,0.9347668756737958,-0.35187043648951954,-0.048970236549221224,0.0,0.0,0.5026548245743669
24.54954954954955,0.9424936828574615,-0.3306169591930419,-0.048970236549221224,0.0,0.0,0.5026548245743669
24.594594594594593,0.9497373270560695,-0.30919399335800074,-0.048970236549221224,0.0,0.0,0.5026548245743669
24.63963963963964,0.9564940948646213,-0.2876125213223226,-0.048970236549221224,0.0,0.0,0.5026548245743669
24.684684684684683,0.9627605224719917,-0.2658836066810673,-0.048970236549221224,0.0,0.0,0.5026548245743669
24.72972972972973,0.9685333974366298,-0.2440183886147387,-0.048970236549221224,0.0,0.0,0.5026548245743669
24.774774774774773,0.9544660623779628,-0.22212425428494598,-0.19913651454975345,0.0,6.283185307179586,0.5026548245743669
24.81981981981982,0.8656063311467366,-0.20137956386985242,-0.4584451447384226,0.0,6.283185307179586,0.5026548245743669
24.864864864864863,0.707431912994816,-0.183450501541391,-0.6825584238441895,0.0,6.283185307179586,0.5026548245743669
24.90990990990991,0.492608854690274,-0.16977276306258882,-0.8535301548292167,0.0,6.283185307179586,0.5026548245743669
24.954954954954953,0.23833942531775165,-0.16144161325109951,-0.957669527472834,0.0,6.283185307179586,0.5026548245743669
25.0,-0.03501538045779655,-0.15912418105468232,-0.9866374299280489,0.0,6.283185307179586,0.5026548245743669
25.045045045045043,-0.3055662786756857,-0.16300603822965998,-0.9381142152408285,0.0,6.283185307179586,0.5026548245743669
25.09009009009009,-0.5516485123542871,-0.17277633941241613,-0.8159854504563776,0.0,6.283185307179586,0.5026548245743669
25.135135135135133,-0.7535566884408321,-0.18765271351434293,-0.6300307741822928,0.0,6.283185307179586,0.5026548245743669
25.18018018018018,-0.8951227158429155,-0.20644391322556643,-0.3951407777919984,0.0,6.283185307179586,0.5026548245743669
25.225225225225223,-0.9650104888564555,-0.22764520587722475,-0.13012461964626937,0.0,6.283185307179586,0.5026548245743669
25.27027027027027,-0.9681250654877092,-0.2495990661587521,0.020836596340171598,0.0,0.0,0.5026548245743669
25.315315315315313,-0.9622259476732314,-0.2714536090702297,0.020836596340171598,0.0,0.0,0.5026548245743669
25.36036036036036,-0.9558335512621613,-0.2931689931327441,0.020836596340171598,0.0,0.0,0.5026548245743669
25.405405405405403,-0.9489511532731014,-0.3147340861021446,0.020836596340171598,0.0,0.0,0.5026548245743669
25.45045045045045,-0.9415822819206348,-0.3361378327799945,0.020836596340171598,0.0,0.0,0.5026548245743669
25.495495495495494,-0.9337307148066117,-0.35736926068093156,0.020836596340171598,0.0,0.0,0.5026548245743669
25.54054054054054,-0.9254004769835834,-0.3784174856576505,0.020836596340171598,0.0,0.0,0.5026548245743669
25.585585585585584,-0.9165958388913921,-0.399271717480574,0.020836596340171598,0.0,0.0,0.5026548245743669
25.63063063063063,-0.9073213141679526,-0.4199212653694041,0.020836596340171598,0.0,0.0,0.5026548245743669
25.675675675675674,-0.897581657335373,-0.44035554347366523,0.020836596340171598,0.0,0.0,0.5026548245743669
25.72072072072072,-0.887381861362575,-0.4605640762994809,0.020836596340171598,0.0,0.0,0.5026548245743669
25.765765765765764,-0.8767271551056877,-0.48053650407975196,0.020836596340171598,0.0,0.0,0.5026548245743669
25.81081081081081,-0.865623000627505,-0.500262588085034,0.020836596340171598,0.0,0.0,0.5026548245743669
25.855855855855854,-0.8540750903974021,-0.5197322158723386,0.020836596340171598,0.0,0.0,0.5026548245743669
25.9009009009009,-0.8420893443731224,-0.5389354064692227,0.020836596340171598,0.0,0.0,0.5026548245743669
25.945945945945944,-0.8296719069659598,-0.5578623154904523,0.020836596340171598,0.0,0.0,0.5026548245743669
25.99099099099099,-0.8168291438908596,-0.5765032401846734,0.020836596340171598,0.0,0.0,0.5026548245743669
26.036036036036034,-0.8035676389030849,-0.5948486244084485,0.020836596340171598,0.0,0.0,0.5026548245743669
26.08108108108108,-0.7898941904230931,-0.6128890635251603,0.020836596340171598,0.0,0.0,0.5026548245743669
26.126126126126124,-0.7758158080513791,-0.6306153092262247,0.020836596340171598,0.0,0.0,0.5026548245743669
26.17117117117117,-0.7613397089750422,-0.6480182742721832,0.020836596340171598,0.0,0.0,0.5026548245743669
26.216216216216214,-0.746473314267954,-0.6650890371512046,0.020836596340171598,0.0,0.0,0.5026548245743669
26.26126126126126,-0.7312242450863862,-0.6818188466526466,0.020836596340171598,0.0,0.0,0.5026548245743669
26.306306306306304,-0.7156003187620839,-0.6981991263532948,0.020836596340171598,0.0,0.0,0.5026548245743669
26.35135135135135,-0.6996095447947565,-0.7142214790140198,0.020836596340171598,0.0,0.0,0.5026548245743669
26.396396396396394,-0.683260120746071,-0.7298776908845512,0.020836596340171598,0.0,0.0,0.5026548245743669
26.44144144144144,-0.6665604280372177,-0.7451597359142141,0.020836596340171598,0.0,0.0,0.5026548245743669
26.486486486486484,-0.6495190276522403,-0.7600597798664185,0.020836596340171598,0.0,0.0,0.5026548245743669
26.53153153153153,-0.6321446557492987,-0.7745701843348355,0.020836596340171598,0.0,0.0,0.5026548245743669
26.576576576576574,-0.6144462191821438,-0.7886835106591679,0.020836596340171598,0.0,0.0,0.5026548245743669
26.62162162162162,-0.5964327909340701,-0.8023925237385359,0.020836596340171598,0.0,0.0,0.5026548245743669
26.666666666666664,-0.578113605466724,-0.8156901957404947,0.020836596340171598,0.0,0.0,0.5026548245743669
26.71171171171171,-0.5594980539861075,-0.8285697097038127,0.020836596340171598,0.0,0.0,0.5026548245743669
26.756756756756754,-0.5405956796282525,-0.8410244630331324,0.020836596340171598,0.0,0.0,0.5026548245743669
26.8018018018018,-0.5214161725669848,-0.8530480708837558,0.020836596340171598,0.0,0.0,0.5026548245743669
26.846846846846844,-0.5019693650463346,-0.8646343694347807,0.020836596340171598,0.0,0.0,0.5026548245743669
26.89189189189189,-0.4822652263400903,-0.8757774190489511,0.020836596340171598,0.0,0.0,0.5026548245743669
26.936936936936934,-0.4623138576411316,-0.8864715073175651,0.020836596340171598,0.0,0.0,0.5026548245743669
26.98198198198198,-0.4421254868831085,-0.8967111519889083,0.020836596340171598,0.0,0.0,0.5026548245743669
27.027027027027025,-0.42171046349717245,-0.9064911037786861,0.020836596340171598,0.0,0.0,0.5026548245743669
27.07207207207207,-0.40107925310639925,-0.915806349061041,0.020836596340171598,0.0,0.0,0.5026548245743669
27.117117117117115,-0.3802424321606712,-0.9246521124387473,0.020836596340171598,0.0,0.0,0.5026548245743669
27.16216216216216,-0.35921068251471816,-0.9330238591912913,0.020836596340171598,0.0,0.0,0.5026548245743669
27.207207207207205,-0.33799478595215077,-0.9409172975995604,0.020836596340171598,0.0,0.0,0.5026548245743669
27.25225225225225,-0.31660561865823916,-0.9483283811459687,0.020836596340171598,0.0,0.0,0.5026548245743669
27.297297297297295,-0.29505414564432375,-0.9552533105888713,0.020836596340171598,0.0,0.0,0.5026548245743669
27.34234234234234,-0.2733514151266633,-0.9616885359102242,0.020836596340171598,0.0,0.0,0.5026548245743669
27.387387387387385,-0.25150855286265494,-0.9676307581354744,0.020836596340171598,0.0,0.0,0.5026548245743669
27.43243243243243,-0.22953675644727722,-0.9730769310247589,0.020836596340171598,0.0,0.0,0.5026548245743669
27.477477477477475,-0.20744728957273265,-0.978024262634535,0.020836596340171598,0.0,0.0,0.5026548245743669
27.52252252252252,-0.1852514762541782,-0.9824702167488572,0.020836596340171598,0.0,0.0,0.5026548245743669
27.567567567567565,-0.16296069502456026,-0.9864125141795449,0.020836596340171598,0.0,0.0,0.5026548245743669
27.61261261261261,-0.14058637310147262,-0.9898491339345973,0.020836596340171598,0.0,0.0,0.5026548245743669
27.657657657657655,-0.11813998052908524,-0.992778314254238,0.020836596340171598,0.0,0.0,0.5026548245743669
27.7027027027027,-0.09563302429808992,-0.9951985535140718,0.020836596340171598,0.0,0.0,0.5026548245743669
27.747747747747745,-0.07307704244673381,-0.9971086109948802,0.020836596340171598,0.0,0.0,0.5026548245743669
27.792792792792792,-0.050483598145908165,-0.9985075075186681,0.020836596340171598,0.0,0.0,0.5026548245743669
27.837837837837835,-0.027864273771381662,-0.9993945259506344,0.020836596340171598,0.0,0.0,0.5026548245743669
27.882882882882882,-0.0052306649661599,-0.9997692115668054,0.020836596340171598,0.0,0.0,0.5026548245743669
27.927927927927925,0.017405625303928068,-0.999631372287144,0.020836596340171598,0.0,0.0,0.5026548245743669
27.972972972972972,0.04003299269842554,-0.9989810787740213,0.020836596340171598,0.0,0.0,0.5026548245743669
28.018018018018015,0.06263983745112033,-0.9978186643959903,0.020836596340171598,0.0,0.0,0.5026548245743669
28.063063063063062,0.08521457031660012,-0.9961447250568854,0.020836596340171598,0.0,0.0,0.5026548245743669
28.108108108108105,0.10774561851138659,-0.9939601188903404,0.020836596340171598,0.0,0.0,0.5026548245743669
28.153153153153152,0.130221431646658,-0.991265965819868,0.020836596340171598,0.0,0.0,0.5026548245743669
28.198198198198195,0.152630487649464,-0.9880636469847416,0.020836596340171598,0.0,0.0,0.5026548245743669
28.243243243243242,0.1749612986694513,-0.984354804031961,0.020836596340171598,0.0,0.0,0.5026548245743669
28.288288288288285,0.197202416968019,-0.9801413382746759,0.020836596340171598,0.0,0.0,0.5026548245743669
28.333333333333332,0.21934244078693751,-0.9754254097174884,0.020836596340171598,0.0,0.0,0.5026548245743669
28.378378378378375,0.24137002019336876,-0.9702094359491429,0.020836596340171598,0.0,0.0,0.5026548245743669
28.423423423423422,0.2632738628983454,-0.9644960909031641,0.020836596340171598,0.0,0.0,0.5026548245743669
28.468468468468465,0.28504274004567365,-0.9582883034870854,0.020836596340171598,0.0,0.0,0.5026548245743669
28.513513513513512,0.30666549196834214,-0.9515892560809607,0.020836596340171598,0.0,0.0,0.5026548245743669
28.558558558558556,0.32813103390943754,-0.944402382905944,0.020836596340171598,0.0,0.0,0.5026548245743669
28.603603603603602,0.3494283617046818,-0.9367313682637533,0.020836596340171598,0.0,0.0,0.5026548245743669
28.648648648648646,0.3705465574236293,-0.9285801446479448,0.020836596340171598,0.0,0.0,0.5026548245743669
28.693693693693692,0.3914747949666845,-0.91995289072794,0.020836596340171598,0.0,0.0,0.5026548245743669
28.738738738738736,0.41220234561501284,-0.9108540292068663,0.020836596340171598,0.0,0.0,0.5026548245743669
28.783783783783782,0.43271858353056025,-0.9012882245542807,0.020836596340171598,0.0,0.0,0.5026548245743669
28.828828828828826,0.4530129912033031,-0.8912603806149682,0.020836596340171598,0.0,0.0,0.5026548245743669
28.873873873873872,0.473075164842992,-0.8807756380950136,0.020836596340171598,0.0,0.0,0.5026548245743669
28.91891891891892,0.4928948197125721,-0.8698393719264572,0.020836596340171598,0.0,0.0,0.5026548245743669
28.963963963963963,0.512461795400589,-0.8584571885118722,0.020836596340171598,0.0,0.0,0.5026548245743669
29.00900900900901,0.5317660610298589,-0.8466349228502753,0.020836596340171598,0.0,0.0,0.5026548245743669
29.054054054054053,0.5507977203997197,-0.8343786355458631,0.020836596340171598,0.0,0.0,0.5026548245743669
29.0990990990991,0.5695470170592617,-0.8216946097010742,0.020836596340171598,0.0,0.0,0.5026548245743669
29.144144144144143,0.5880043393088961,-0.8085893476956102,0.020836596340171598,0.0,0.0,0.5026548245743669
29.18918918918919,0.6061602251277368,-0.7950695678530242,0.020836596340171598,0.0,0.0,0.5026548245743669
29.234234234234233,0.6240053670242323,-0.7811422009966281,0.020836596340171598,0.0,0.0,0.5026548245743669
29.27927927927928,0.6415306168075969,-0.7668143868964428,0.020836596340171598,0.0,0.0,0.5026548245743669
29.324324324324323,0.6587269902775583,-0.7520934706090545,0.020836596340171598,0.0,0.0,0.5026548245743669
29.36936936936937,0.6755856718300594,-0.7369869987122097,0.020836596340171598,0.0,0.0,0.5026548245743669
29.414414414414413,0.6920980189765037,-0.7215027154361252,0.020836596340171598,0.0,0.0,0.5026548245743669
29.45945945945946,0.7082555667742815,-0.7056485586934503,0.020836596340171598,0.0,0.0,0.5026548245743669
29.504504504504503,0.7240500321662551,-0.6894326560099596,0.020836596340171598,0.0,0.0,0.5026548245743669
29.54954954954955,0.7394733182270204,-0.6728633203580217,0.020836596340171598,0.0,0.0,0.5026548245743669
29.594594594594593,0.7545175183137316,-0.6559490458950219,0.020836596340171598,0.0,0.0,0.5026548245743669
29.63963963963964,0.7691749201193977,-0.6386985036088781,0.020836596340171598,0.0,0.0,0.5026548245743669
29.684684684684683,0.7834380096265341,-0.6211205368729293,0.020836596340171598,0.0,0.0,0.5026548245743669
29.72972972972973,0.7972994749591827,-0.6032241569124304,0.020836596340171598,0.0,0.0,0.5026548245743669
29.774774774774773,0.8107522101312874,-0.5850185381850175,0.020836596340171598,0.0,0.0,0.5026548245743669
29.81981981981982,0.8237893186895345,-0.5665130136774745,0.020836596340171598,0.0,0.0,0.5026548245743669
29.864864864864863,0.8364041172487687,-0.5477170701212539,0.020836596340171598,0.0,0.0,0.5026548245743669
29.90990990990991,0.848590138918191,-0.5286403431291529,0.020836596340171598,0.0,0.0,0.5026548245743669
29.954954954954953,0.8603411366165583,-0.5092926122556971,0.020836596340171598,0.0,0.0,0.5026548245743669
30.0,0.8716510862747161,-0.48968379598370565,0.020836596340171598,0.0,0.0,0.5026548245743669
30.045045045045043,0.8825141899237877,-0.46982394663965915,0.020836596340171598,0.0,0.0,0.5026548245743669
30.09009009009009,0.8929248786674718,-0.4497232452404318,0.020836596340171598,0.0,0.0,0.5026548245743669
30.135135135135133,0.9028778155368924,-0.42939199627407376,0.020836596340171598,0.0,0.0,0.5026548245743669
30.18018018018018,0.9123678982265658,-0.4088406224172743,0.020836596340171598,0.0,0.0,0.5026548245743669
30.225225225225223,0.9213902617100564,-0.388079659192258,0.020836596340171598,0.0,0.0,0.5026548245743669
30.27027027027027,0.9250751950888869,-0.3671317654305086,-0.09721188324009339,0.0,6.283185307179586,0.5026548245743669
30.315315315315313,0.8690928823909392,-0.34668232536846705,-0.35282988401561105,0.0,6.283185307179586,0.5026548245743669
30.36036036036036,0.7435166921064674,-0.32830223977276163,-0.5825809539619291,0.0,6.283185307179586,0.5026548245743669
30.405405405405403,0.5584023204579661,-0.31346332075104716,-0.7680674417333615,0.0,6.283185307179586,0.5026548245743669
30.45045045045045,0.3285730702028397,-0.3033538163431308,-0.8944362468323175,0.0,6.283185307179586,0.5026548245743669
30.495495495495494,0.07243285308879936,-0.2987832598296104,-0.9515682032513233,0.0,6.283185307179586,0.5026548245743669
30.54054054054054,-0.18950753016772892,-0.3001176451760891,-0.9348883864203413,0.0,6.283185307179586,0.5026548245743669
30.585585585585584,-0.43627282210380985,-0.3072501195336505,-0.8457324569508233,0.0,6.283185307179586,0.5026548245743669
30.63063063063063,-0.6481029327825387,-0.3196095396362696,-0.6912397056680871,0.0,6.283185307179586,0.5026548245743669
30.675675675675674,-0.8080352577568685,-0.3362062069291754,-0.4837813645067636,0.0,6.283185307179586,0.5026548245743669
30.72072072072072,-0.9032629833111585,-0.3557111191212128,-0.23996996210629612,0.0,6.283185307179586,0.5026548245743669
30.765765765765764,-0.9236597390571527,-0.3765464733258007,-0.07117190366086618,0.0,0.0,0.5026548245743669
30.81081081081081,-0.9148979071996227,-0.3973617741189714,-0.07117190366086618,0.0,0.0,0.5026548245743669
30.855855855855854,-0.9056670591439951,-0.4179733700975376,-0.07117190366086618,0.0,0.0,0.5026548245743669
30.9009009009009,-0.8959719270218284,-0.4383706948668192,-0.07117190366086618,0.0,0.0,0.5026548245743669
30.945945945945944,-0.8858174809767562,-0.4585432918768091,-0.07117190366086618,0.0,0.0,0.5026548245743669
30.99099099099099,-0.875208926616573,-0.4784808197826667,-0.07117190366086618,0.0,0.0,0.5026548245743669
31.036036036036034,-0.8641517023446192,-0.49817305774612447,-0.07117190366086618,0.0,0.0,0.5026548245743669
31.08108108108108,-0.8526514765718152,-0.5176099106751442,-0.07117190366086618,0.0,0.0,0.5026548245743669
31.126126126126124,-0.8407141448107948,-0.5367814143990844,-0.07117190366086618,0.0,0.0,0.5026548245743669
31.17117117117117,-0.8283458266536043,-0.5556777407767781,-0.07117190366086618,0.0,0.0,0.5026548245743669
31.216216216216214,-0.8155528626345429,-0.5742892027348495,-0.07117190366086618,0.0,0.0,0.5026548245743669
31.26126126126126,-0.802341810979723,-0.5926062592337386,-0.07117190366086618,0.0,0.0,0.5026548245743669
31.306306306306304,-0.7887194442450474,-0.6106195201588384,-0.07117190366086618,0.0,0.0,0.5026548245743669
31.35135135135135,-0.7746927458442961,-0.628319751134286,-0.07117190366086618,0.0,0.0,0.5026548245743669
31.396396396396394,-0.7602689064691371,-0.6456978782568891,-0.07117190366086618,0.0,0.0,0.5026548245743669
31.44144144144144,-0.7454553204028564,-0.6627449927478142,-0.07117190366086618,0.0,0.0,0.5026548245743669
31.486486486486484,-0.7302595817297386,-0.6794523555195999,-0.07117190366086618,0.0,0.0,0.5026548245743669
31.53153153153153,-0.7146894804420022,-0.6958114016562009,-0.07117190366086618,0.0,0.0,0.5026548245743669
31.576576576576574,-0.6987529984463213,-0.7118137448037238,-0.07117190366086618,0.0,0.0,0.5026548245743669
31.62162162162162,-0.682458305471948,-0.7274511814696455,-0.07117190366086618,0.0,0.0,0.5026548245743669
31.666666666666664,-0.665813754882563,-0.7427156952282667,-0.07117190366086618,0.0,0.0,0.5026548245743669
31.71171171171171,-0.6488278793939735,-0.7575994608302892,-0.07117190366086618,0.0,0.0,0.5026548245743669
31.756756756756754,-0.6315093866998824,-0.7720948482143655,-0.07117190366086618,0.0,0.0,0.5026548245743669
31.8018018018018,-0.613867155007938,-0.7861944264186088,-0.07117190366086618,0.0,0.0,0.5026548245743669
31.846846846846844,-0.595910228488394,-0.7998909673900159,-0.07117190366086618,0.0,0.0,0.5026548245743669
31.89189189189189,-0.5776478126376633,-0.8131774496898866,-0.07117190366086618,0.0,0.0,0.5026548245743669
31.936936936936934,-0.5590892695591952,-0.8260470620933112,-0.07117190366086618,0.0,0.0,0.5026548245743669
31.98198198198198,-0.5402441131640461,-0.8384932070809038,-0.07117190366086618,0.0,0.0,0.5026548245743669
32.027027027027025,-0.5211220042936472,-0.8505095042209689,-0.07117190366086618,0.0,0.0,0.5026548245743669
32.07207207207207,-0.5017327457672311,-0.8620897934403942,-0.07117190366086618,0.0,0.0,0.5026548245743669
32.11711711711712,-0.4820862773564858,-0.8732281381825664,-0.07117190366086618,0.0,0.0,0.5026548245743669
32.16216216216216,-0.46219267069000847,-0.8839188284507029,-0.07117190366086618,0.0,0.0,0.5026548245743669
32.207207207207205,-0.44206212409013584,-0.8941563837350507,-0.07117190366086618,0.0,0.0,0.5026548245743669
32.25225225225225,-0.42170495734485397,-0.9039355558224272,-0.07117190366086618,0.0,0.0,0.5026548245743669
32.2972972972973,-0.40113160641742523,-0.913251331486684,-0.07117190366086618,0.0,0.0,0.5026548245743669
32.34234234234234,-0.38035261809647397,-0.9220989350586974,-0.07117190366086618,0.0,0.0,0.5026548245743669
32.387387387387385,-0.35937864458922747,-0.9304738308745899,-0.07117190366086618,0.0,0.0,0.5026548245743669
32.43243243243243,-0.3382204380607485,-0.9383717256009052,-0.07117190366086618,0.0,0.0,0.5026548245743669
32.47747747747748,-0.31688884512190274,-0.9457885704355555,-0.07117190366086618,0.0,0.0,0.5026548245743669
32.52252252252252,-0.295394801268932,-0.9527205631834098,-0.07117190366086618,0.0,0.0,0.5026548245743669
32.567567567567565,-0.27374932527742574,-0.9591641502054687,-0.07117190366086618,0.0,0.0,0.5026548245743669
32.61261261261261,-0.2519635135536336,-0.9651160282406113,-0.07117190366086618,0.0,0.0,0.5026548245743669
32.65765765765766,-0.23004853444596235,-0.9705731460989886,-0.07117190366086618,0.0,0.0,0.5026548245743669
32.7027027027027,-0.2080156225196109,-0.9755327062261946,-0.07117190366086618,0.0,0.0,0.5026548245743669
32.747747747747745,-0.18587607279722626,-0.9799921661374159,-0.07117190366086618,0.0,0.0,0.5026548245743669
32.79279279279279,-0.16364123496860086,-0.983949239720818,-0.07117190366086618,0.0,0.0,0.5026548245743669
32.83783783783784,-0.14132250757232384,-0.9874018984095054,-0.07117190366086618,0.0,0.0,0.5026548245743669
32.88288288288288,-0.11893133215241233,-0.9903483722214507,-0.07117190366086618,0.0,0.0,0.5026548245743669
32.927927927927925,-0.09647918739285984,-0.9927871506668675,-0.07117190366086618,0.0,0.0,0.5026548245743669
32.97297297297297,-0.07397758323318143,-0.9947169835225501,-0.07117190366086618,0.0,0.0,0.5026548245743669
33.01801801801802,-0.05143805496791404,-0.996136881472793,-0.07117190366086618,0.0,0.0,0.5026548245743669
33.06306306306306,-0.028872157333140504,-0.9970461166165555,-0.07117190366086618,0.0,0.0,0.5026548245743669
33.108108108108105,-0.00629145858301112,-0.9974442228406166,-0.07117190366086618,0.0,0.0,0.5026548245743669
33.15315315315315,0.01629246544062897,-0.9973309960585249,-0.07117190366086618,0.0,0.0,0.5026548245743669
33.1981981981982,0.03886803724252364,-0.9967064943152208,-0.07117190366086618,0.0,0.0,0.5026548245743669
33.24324324324324,0.061423683609115855,-0.9955710377572818,-0.07117190366086618,0.0,0.0,0.5026548245743669
33.288288288288285,0.0839478415414983,-0.9939252084687998,-0.07117190366086618,0.0,0.0,0.5026548245743669
33.33333333333333,0.106428964183092,-0.9917698501729814,-0.07117190366086618,0.0,0.0,0.5026548245743669
33.37837837837838,0.12885552673907114,-0.9891060677996165,-0.07117190366086618,0.0,0.0,0.5026548245743669
33.42342342342342,0.15121603238445647,-0.9859352269186482,-0.07117190366086618,0.0,0.0,0.5026548245743669
33.468468468468465,0.17349901815790608,-0.9822589530401168,-0.07117190366086618,0.0,0.0,0.5026548245743669
33.51351351351351,0.19569306083811025,-0.9780791307808565,-0.07117190366086618,0.0,0.0,0.5026548245743669
33.55855855855856,0.21778678279983518,-0.9733979028983584,-0.07117190366086618,0.0,0.0,0.5026548245743669
33.6036036036036,0.2397688578465721,-0.9682176691923025,-0.07117190366086618,0.0,0.0,0.5026548245743669
33.648648648648646,0.2616280170168549,-0.962541085274313,-0.07117190366086618,0.0,0.0,0.5026548245743669
33.69369369369369,0.2833530543612033,-0.9563710612065807,-0.07117190366086618,0.0,0.0,0.5026548245743669
33.73873873873874,0.3049328326867836,-0.9497107600100355,-0.07117190366086618,0.0,0.0,0.5026548245743669
33.78378378378378,0.32635628926680105,-0.9425635960428506,-0.07117190366086618,0.0,0.0,0.5026548245743669
33.828828828828826,0.3476124415117527,-0.9349332332500881,-0.07117190366086618,0.0,0.0,0.5026548245743669
33.87387387387387,0.3686903925995627,-0.9268235832854097,-0.07117190366086618,0.0,0.0,0.5026548245743669
33.91891891891892,0.3895793370617717,-0.9182388035057857,-0.07117190366086618,0.0,0.0,0.5026548245743669
33.96396396396396,0.4102685663228731,-0.909183294840265,-0.07117190366086618,0.0,0.0,0.5026548245743669
34.009009009009006,0.43074747419001186,-0.8996616995338587,-0.07117190366086618,0.0,0.0,0.5026548245743669
34.05405405405405,0.45100556229016336,-0.8896788987677291,-0.07117190366086618,0.0,0.0,0.5026548245743669
34.0990990990991,0.4710324454520599,-0.879240010156884,-0.07117190366086618,0.0,0.0,0.5026548245743669
34.14414414414414,0.49081785703006625,-0.8683503851266717,-0.07117190366086618,0.0,0.0,0.5026548245743669
34.189189189189186,0.5103516541673229,-0.8570156061693991,-0.07117190366086618,0.0,0.0,0.5026548245743669
34.23423423423423,0.5296238229954028,-0.8452414839825129,-0.07117190366086618,0.0,0.0,0.5026548245743669
34.27927927927928,0.5486244837678556,-0.8330340544897791,-0.07117190366086618,0.0,0.0,0.5026548245743669
34.32432432432432,0.567343895924984,-0.820399575747018,-0.07117190366086618,0.0,0.0,0.5026548245743669
34.369369369369366,0.5857724630872916,-0.8073445247339411,-0.07117190366086618,0.0,0.0,0.5026548245743669
34.41441441441441,0.603900737974991,-0.79387559403378,-0.07117190366086618,0.0,0.0,0.5026548245743669
34.45945945945946,0.6217194272510914,-0.7799996884023744,-0.07117190366086618,0.0,0.0,0.5026548245743669
34.5045045045045,0.6392193962855548,-0.7657239212285043,-0.07117190366086618,0.0,0.0,0.5026548245743669
34.549549549549546,0.6563916738381198,-0.7510556108872479,-0.07117190366086618,0.0,0.0,0.5026548245743669
34.5945945945946,0.6732274566573362,-0.7360022769882715,-0.07117190366086618,0.0,0.0,0.5026548245743669
34.63963963963964,0.6897181139934857,-0.7205716365209601,-0.07117190366086618,0.0,0.0,0.5026548245743669
34.68468468468468,0.7058551920230932,-0.7047715998983417,-0.07117190366086618,0.0,0.0,0.5026548245743669
34.729729729729726,0.7216304181827106,-0.6886102669018752,-0.07117190366086618,0.0,0.0,0.5026548245743669
34.77477477477478,0.7370357054097951,-0.6720959225291516,-0.07117190366086618,0.0,0.0,0.5026548245743669
34.81981981981982,0.7520631562884786,-0.6552370327466519,-0.07117190366086618,0.0,0.0,0.5026548245743669
34.86486486486486,0.766705067098138,-0.638042240149714,-0.07117190366086618,0.0,0.0,0.5026548245743669
34.909909909909906,0.7809539317626449,-0.6205203595319748,-0.07117190366086618,0.0,0.0,0.5026548245743669
34.95495495495496,0.7948024456983099,-0.602680373366521,-0.07117190366086618,0.0,0.0,0.5026548245743669
35.0,0.8082435095585195,-0.5845314272010963,-0.07117190366086618,0.0,0.0,0.5026548245743669
35.04504504504504,0.8212702328731813,-0.5660828249696809,-0.07117190366086618,0.0,0.0,0.5026548245743669
35.09009009009009,0.8338759375810652,-0.5473440242229048,-0.07117190366086618,0.0,0.0,0.5026548245743669
35.13513513513514,0.8460541614532728,-0.528324631279693,-0.07117190366086618,0.0,0.0,0.5026548245743669
35.18018018018018,0.8577986614060475,-0.5090343963026637,-0.07117190366086618,0.0,0.0,0.5026548245743669
35.22522522522522,0.8691034167012599,-0.4894832082997546,-0.07117190366086618,0.0,0.0,0.5026548245743669
35.27027027027027,0.87996263203289,-0.46968109005470243,-0.07117190366086618,0.0,0.0,0.5026548245743669
35.31531531531532,0.8903707404979561,-0.4496381929889259,-0.07117190366086618,0.0,0.0,0.5026548245743669
35.36036036036036,0.9003224064503427,-0.4293647919574795,-0.07117190366086618,0.0,0.0,0.5026548245743669
35.4054054054054,0.9098125282360927,-0.40887127998170125,-0.07117190366086618,0.0,0.0,0.5026548245743669
35.45045045045045,0.9188362408087305,-0.3881681629213126,-0.07117190366086618,0.0,0.0,0.5026548245743669
35.4954954954955,0.9273889182232965,-0.36726605408865476,-0.07117190366086618,0.0,0.0,0.5026548245743669
35.54054054054054,0.9354661760078008,-0.3461756688078591,-0.07117190366086618,0.0,0.0,0.5026548245743669
35.585585585585584,0.9430638734109037,-0.3249078189216901,-0.07117190366086618,0.0,0.0,0.5026548245743669
35.63063063063063,0.9501781155246344,-0.30347340724893945,-0.07117190366086618,0.0,0.0,0.5026548245743669
35.67567567567568,0.9568052552810953,-0.2818834219951644,-0.07117190366086618,0.0,0.0,0.5026548245743669
35.72072072072072,0.9629418953221002,-0.26014893111967186,-0.07117190366086618,0.0,0.0,0.5026548245743669
35.765765765765764,0.9568041735211765,-0.23832151794856543,-0.1665191508958893,0.0,6.283185307179586,0.5026548245743669
35.81081081081081,0.8773206974984726,-0.2174166612146859,-0.4278298600693835,0.0,6.283185307179586,0.5026548245743669
35.85585585585586,0.7275844896182985,-0.19912438813216135,-0.6564832736009409,0.0,6.283185307179586,0.5026548245743669
35.9009009009009,0.5195858946788459,-0.1849094790938389,-0.8341696365799716,0.0,6.283185307179586,0.5026548245743669
35.945945945945944,0.26998070292723386,-0.17591021363181195,-0.9466604548553079,0.0,6.283185307179586,0.5026548245743669
35.99099099099099,-0.0012435865881843303,-0.17284722102704975,-0.9849478624148353,0.0,6.283185307179586,0.5026548245743669
36.03603603603604,-0.2723682940974623,-0.1759657748707921,-0.9459659393680558,0.0,6.283185307179586,0.5026548245743669
36.08108108108108,-0.5216827140046177,-0.18501615242471434,-0.8328362199440285,0.0,6.283185307179586,0.5026548245743669
36.126126126126124,-0.7292226312400258,-0.19927363153269115,-0.6546177310943173,0.0,6.283185307179586,0.5026548245743669
36.17117117117117,-0.878368984841341,-0.2175965238023347,-0.42558157772377314,0.0,6.283185307179586,0.5026548245743669
36.21621621621622,-0.9571786634503807,-0.23851759696482988,-0.16406816319258366,0.0,6.283185307179586,0.5026548245743669
36.26126126126126,-0.9646438788669267,-0.26037429986108906,0.040833943433623066,0.0,0.0,0.5026548245743669
36.306306306306304,-0.9585017001831083,-0.28214726617437363,0.040833943433623066,0.0,0.0,0.5026548245743669
36.35135135135135,-0.9518681521128781,-0.3037755916080106,0.040833943433623066,0.0,0.0,0.5026548245743669
36.3963963963964,-0.9447466352995979,-0.32524818854787074,0.040833943433623066,0.0,0.0,0.5026548245743669
36.44144144144144,-0.9371408005404941,-0.34655404921296873,0.040833943433623066,0.0,0.0,0.5026548245743669
36.486486486486484,-0.9290545469150956,-0.36768225129854853,0.040833943433623066,0.0,0.0,0.5026548245743669
36.53153153153153,-0.920492019786402,-0.3886219635753145,0.040833943433623066,0.0,0.0,0.5026548245743669
36.57657657657658,-0.9114576086757867,-0.4093624514419948,0.040833943433623066,0.0,0.0,0.5026548245743669
36.62162162162162,-0.9019559450127463,-0.4298930824283485,0.040833943433623066,0.0,0.0,0.5026548245743669
36.666666666666664,-0.8919918997606208,-0.45020333164584886,0.040833943433623066,0.0,0.0,0.5026548245743669
36.71171171171171,-0.8815705809195321,-0.4702827871831819,0.040833943433623066,0.0,0.0,0.5026548245743669
36.75675675675676,-0.8706973309078007,-0.4901211554438507,0.040833943433623066,0.0,0.0,0.5026548245743669
36.8018018018018,-0.8593777238231967,-0.509708266423103,0.040833943433623066,0.0,0.0,0.5026548245743669
36.846846846846844,-0.8476175625854073,-0.529034078921535,0.040833943433623066,0.0,0.0,0.5026548245743669
36.89189189189189,-0.8354228759612153,-0.5480886856926313,0.040833943433623066,0.0,0.0,0.5026548245743669
36.93693693693694,-0.82279991547389,-0.5668623185216535,0.040833943433623066,0.0,0.0,0.5026548245743669
36.98198198198198,-0.8097551521983923,-0.5853453532332371,0.040833943433623066,0.0,0.0,0.5026548245743669
37.027027027027025,-0.796295273444014,-0.6035283146251776,0.040833943433623066,0.0,0.0,0.5026548245743669
37.07207207207207,-0.7824271793261781,-0.6214018813258174,0.040833943433623066,0.0,0.0,0.5026548245743669
37.11711711711712,-0.7681579792291391,-0.6389568905725874,0.040833943433623066,0.0,0.0,0.5026548245743669
37.16216216216216,-0.7534949881614142,-0.6561843429092268,0.040833943433623066,0.0,0.0,0.5026548245743669
37.207207207207205,-0.7384457230057806,-0.6730754067993074,0.040833943433623066,0.0,0.0,0.5026548245743669
37.25225225225225,-0.7230178986658046,-0.6896214231536512,0.040833943433623066,0.0,0.0,0.5026548245743669
37.2972972972973,-0.7072194241108457,-0.7058139097693575,0.040833943433623066,0.0,0.0,0.5026548245743669
37.34234234234234,-0.6910583983215849,-0.721644565678138,0.040833943433623066,0.0,0.0,0.5026548245743669
37.387387387387385,-0.6745431061381243,-0.7371052754017663,0.040833943433623066,0.0,0.0,0.5026548245743669
37.43243243243243,-0.6576820140128298,-0.7521881131124124,0.040833943433623066,0.0,0.0,0.5026548245743669
37.47747747747748,-0.6404837656700543,-0.7668853466957696,0.040833943433623066,0.0,0.0,0.5026548245743669
37.52252252252252,-0.6229571776750054,-0.7811894417148605,0.040833943433623066,0.0,0.0,0.5026548245743669
37.567567567567565,-0.605111234913975,-0.7950930652725302,0.040833943433623066,0.0,0.0,0.5026548245743669
37.61261261261261,-0.5869550859883089,-0.808589089770596,0.040833943433623066,0.0,0.0,0.5026548245743669
37.65765765765766,-0.5684980385244334,-0.8216705965637662,0.040833943433623066,0.0,0.0,0.5026548245743669
37.7027027027027,-0.5497495544023756,-0.8343308795064304,0.040833943433623066,0.0,0.0,0.5026548245743669
37.747747747747745,-0.5307192449051769,-0.8465634483905287,0.040833943433623066,0.0,0.0,0.5026548245743669
37.79279279279279,-0.5114168657917466,-0.8583620322727067,0.040833943433623066,0.0,0.0,0.5026548245743669
37.83783783783784,-0.4918523122956318,-0.869720582689075,0.040833943433623066,0.0,0.0,0.5026548245743669
37.88288288288288,-0.47203561405230504,-0.8806332767559082,0.040833943433623066,0.0,0.0,0.5026548245743669
37.927927927927925,-0.45197692995752137,-0.8910945201547131,0.040833943433623066,0.0,0.0,0.5026548245743669
37.97297297297297,-0.4316865429594428,-0.901098950000115,0.040833943433623066,0.0,0.0,0.5026548245743669
38.01801801801802,-0.41117485478714744,-0.9106414375891059,0.040833943433623066,0.0,0.0,0.5026548245743669
38.06306306306306,-0.3904523806182667,-0.9197170910302327,0.040833943433623066,0.0,0.0,0.5026548245743669
38.108108108108105,-0.3695297436884323,-0.9283212577514031,0.040833943433623066,0.0,0.0,0.5026548245743669
38.15315315315315,-0.3484176698453586,-0.9364495268849872,0.040833943433623066,0.0,0.0,0.5026548245743669
38.1981981981982,-0.327126982050304,-0.9440977315290218,0.040833943433623066,0.0,0.0,0.5026548245743669
38.24324324324324,-0.3056685948297659,-0.9512619508833415,0.040833943433623066,0.0,0.0,0.5026548245743669
38.288288288288285,-0.28405350868020324,-0.9579385122595555,0.040833943433623066,0.0,0.0,0.5026548245743669
38.33333333333333,-0.2622928044287197,-0.9641239929638212,0.040833943433623066,0.0,0.0,0.5026548245743669
38.37837837837838,-0.24039763755254714,-0.9698152220514685,0.040833943433623066,0.0,0.0,0.5026548245743669
38.42342342342342,-0.21837923246027835,-0.9750092819525589,0.040833943433623066,0.0,0.0,0.5026548245743669
38.468468468468465,-0.19624887673773037,-0.9797035099675631,0.040833943433623066,0.0,0.0,0.5026548245743669
38.51351351351351,-0.17401791536145403,-0.9838954996323734,0.040833943433623066,0.0,0.0,0.5026548245743669
38.55855855855856,-0.15169774488280166,-0.9875831019519605,0.040833943433623066,0.0,0.0,0.5026548245743669
38.6036036036036,-0.12929980758557663,-0.9907644265020403,0.040833943433623066,0.0,0.0,0.5026548245743669
38.648648648648646,-0.10683558562020298,-0.9934378423981904,0.040833943433623066,0.0,0.0,0.5026548245743669
38.69369369369369,-0.08431659511749326,-0.9956019791319098,0.040833943433623066,0.0,0.0,0.5026548245743669
38.73873873873874,-0.061754380284975145,-0.9972557272732014,0.040833943433623066,0.0,0.0,0.5026548245743669
38.78378378378378,-0.03916050748884603,-0.998398239039312,0.040833943433623066,0.0,0.0,0.5026548245743669
38.828828828828826,-0.0165465593245327,-0.9990289287293446,0.040833943433623066,0.0,0.0,0.5026548245743669
38.87387387387387,0.0060758713210333605,-0.9991474730245142,0.040833943433623066,0.0,0.0,0.5026548245743669
38.91891891891892,0.028695187212437863,-0.998753811153893,0.040833943433623066,0.0,0.0,0.5026548245743669
38.96396396396396,0.051299792711013335,-0.9978481449255642,0.040833943433623066,0.0,0.0,0.5026548245743669
39.009009009009006,0.07387809971928604,-0.996430938623169,0.040833943433623066,0.0,0.0,0.5026548245743669
39.05405405405405,0.09641853362152103,-0.994502918767893,0.040833943433623066,0.0,0.0,0.5026548245743669
39.0990990990991,0.11890953921737757,-0.9920650737460188,0.040833943433623066,0.0,0.0,0.5026548245743669
39.14414414414414,0.14133958664558968,-0.9891186533022399,0.040833943433623066,0.0,0.0,0.5026548245743669
39.189189189189186,0.16369717729469288,-0.9856651678989843,0.040833943433623066,0.0,0.0,0.5026548245743669
39.23423423423423,0.18597084969769448,-0.9817063879420878,0.040833943433623066,0.0,0.0,0.5026548245743669
39.27927927927928,0.20814918540772445,-0.9772443428732056,0.040833943433623066,0.0,0.0,0.5026548245743669
39.32432432432432,0.23022081485161044,-0.9722813201294381,0.040833943433623066,0.0,0.0,0.5026548245743669
39.369369369369366,0.25217442315843286,-0.9668198639706852,0.040833943433623066,0.0,0.0,0.5026548245743669
39.41441441441441,0.2739987559600033,-0.9608627741753516,0.040833943433623066,0.0,0.0,0.5026548245743669
39.45945945945946,0.2956826251603461,-0.9544131046050597,0.040833943433623066,0.0,0.0,0.5026548245743669
39.5045045045045,0.31721491467118684,-0.9474741616391101,0.040833943433623066,0.0,0.0,0.5026548245743669
39.549549549549546,0.3385845861105594,-0.9400495024794833,0.040833943433623066,0.0,0.0,0.5026548245743669
39.59459459459459,0.35978068446154415,-0.9321429333272692,0.040833943433623066,0.0,0.0,0.5026548245743669
39.63963963963964,0.38079234368828985,-0.9237585074314403,0.040833943433623066,0.0,0.0,0.5026548245743669
39.68468468468468,0.4016087923063993,-0.9149005230109873,0.040833943433623066,0.0,0.0,0.5026548245743669
39.729729729729726,0.4222193589048778,-0.9055735210514589,0.040833943433623066,0.0,0.0,0.5026548245743669
39.77477477477477,0.4426134776167464,-0.8957822829770599,0.040833943433623066,0.0,0.0,0.5026548245743669
39.81981981981982,0.46278069353556894,-0.8855318281994846,0.040833943433623066,0.0,0.0,0.5026548245743669
39.86486486486486,0.4827106680750748,-0.8748274115447561,0.040833943433623066,0.0,0.0,0.5026548245743669
39.909909909909906,0.5023931842691846,-0.8636745205593671,0.040833943433623066,0.0,0.0,0.5026548245743669
39.95495495495495,0.5218181520096562,-0.8520788726971299,0.040833943433623066,0.0,0.0,0.5026548245743669
40.0,0.5409756132187151,-0.8400464123881604,0.040833943433623066,0.0,0.0,0.5026548245743669
40.04504504504504,0.5598557469539855,-0.8275833079915148,0.040833943433623066,0.0,0.0,0.5026548245743669
40.09009009009009,0.5784488744431454,-0.8146959486330112,0.040833943433623066,0.0,0.0,0.5026548245743669
40.13513513513513,0.596745464045673,-0.8013909409298927,0.040833943433623066,0.0,0.0,0.5026548245743669
40.18018018018018,0.6147361361391822,-0.787675105603988,0.040833943433623066,0.0,0.0,0.5026548245743669
40.22522522522522,0.6324116679278127,-0.7735554739851221,0.040833943433623066,0.0,0.0,0.5026548245743669
40.27027027027027,0.6497629981702484,-0.7590392844065413,0.040833943433623066,0.0,0.0,0.5026548245743669
40.31531531531531,0.6667812318248915,-0.7441339784942388,0.040833943433623066,0.0,0.0,0.5026548245743669
40.36036036036036,0.6834576446098505,-0.7288471973520501,0.040833943433623066,0.0,0.0,0.5026548245743669
40.4054054054054,0.6997836874753732,-0.7131867776445044,0.040833943433623066,0.0,0.0,0.5026548245743669
40.45045045045045,0.715750990986474,-0.6971607475793965,0.040833943433623066,0.0,0.0,0.5026548245743669
40.4954954954955,0.7313513696134613,-0.6807773227921863,0.040833943433623066,0.0,0.0,0.5026548245743669
40.54054054054054,0.7465768259281851,-0.6640449021343201,0.040833943433623066,0.0,0.0,0.5026548245743669
40.585585585585584,0.7614195547038803,-0.6469720633675977,0.040833943433623066,0.0,0.0,0.5026548245743669
40.63063063063063,0.7758719469164528,-0.629567558766853,0.040833943433623066,0.0,0.0,0.5026548245743669
40.67567567567568,0.7899265936451981,-0.6118403106331551,0.040833943433623066,0.0,0.0,0.5026548245743669
40.72072072072072,0.8035762898709261,-0.5937994067198609,0.040833943433623066,0.0,0.0,0.5026548245743669
40.765765765765764,0.8168140381695784,-0.5754540955738245,0.040833943433623066,0.0,0.0,0.5026548245743669
40.81081081081081,0.8296330522994008,-0.5568137817942022,0.040833943433623066,0.0,0.0,0.5026548245743669
40.85585585585586,0.8420267606798689,-0.5378880212112445,0.040833943433623066,0.0,0.0,0.5026548245743669
40.9009009009009,0.8539888097605568,-0.5186865159875755,0.040833943433623066,0.0,0.0,0.5026548245743669
40.945945945945944,0.8655130672782513,-0.49921910964442795,0.040833943433623066,0.0,0.0,0.5026548245743669
40.99099099099099,0.8765936254006094,-0.4794957820154396,0.040833943433623066,0.0,0.0,0.5026548245743669
41.03603603603604,0.8872248037547712,-0.45952664413055516,0.040833943433623066,0.0,0.0,0.5026548245743669
41.08108108108108,0.8974011523393575,-0.4393219330326859,0.040833943433623066,0.0,0.0,0.5026548245743669
41.126126126126124,0.9071174543183862,-0.41889200652974196,0.040833943433623066,0.0,0.0,0.5026548245743669
41.17117117117117,0.9163687286956415,-0.39824733788478406,0.040833943433623066,0.0,0.0,0.5026548245743669
41.21621621621622,0.92515023286815,-0.37739851044697026,0.040833943433623066,0.0,0.0,0.5026548245743669
41.26126126126126,0.9340119974104685,-0.356352438899547,-0.025189838895407157,0.0,6.283185307179586,0.5026548245743669
41.306306306306304,0.897542426422514,-0.3354768794240104,-0.2861343323396158,0.0,6.283185307179586,0.5026548245743669
41.35135135135135,0.789200839199301,-0.31625183816765506,-0.526447348044057,0.0,6.283185307179586,0.5026548245743669
41.3963963963964,0.6176628460369009,-0.30021678829255294,-0.7268854714828329,0.0,6.283185307179586,0.5026548245743669
41.44144144144144,0.39666460142410115,-0.28865575975766067,-0.8713983281689875,0.0,6.283185307179586,0.5026548245743669
41.486486486486484,0.14390286147756137,-0.28249451875084014,-0.9484138407542457,0.0,6.283185307179586,0.5026548245743669
41.53153153153153,-0.12038210956306644,-0.2822264356138549,-0.9517648799665606,0.0,6.283185307179586,0.5026548245743669
41.57657657657658,-0.3750273079553934,-0.2878729774941154,-0.8811831064633041,0.0,6.283185307179586,0.5026548245743669
41.62162162162162,-0.5996416487831281,-0.29898198933159803,-0.7423204584947702,0.0,6.283185307179586,0.5026548245743669
41.666666666666664,-0.7762388117617232,-0.31466390083342743,-0.5462965647219025,0.0,6.283185307179586,0.5026548245743669
41.71171171171171,-0.8906775220154172,-0.333662960109911,-0.3088083237658589,0.0,6.283185307179586,0.5026548245743669
41.75675675675676,-0.9308779718652878,-0.35445236208034736,-0.08848573055324838,0.0,0.0,0.5026548245743669
41.8018018018018,-0.9226145043555961,-0.3754367481228319,-0.08848573055324838,0.0,0.0,0.5026548245743669
41.846846846846844,-0.9138780647866858,-0.39622866906637455,-0.08848573055324838,0.0,0.0,0.5026548245743669
41.89189189189189,-0.9046731318349645,-0.41681746607392334,-0.08848573055324838,0.0,0.0,0.5026548245743669
41.93693693693694,-0.8950044243467866,-0.43719258443853576,-0.08848573055324838,0.0,0.0,0.5026548245743669
41.98198198198198,-0.8848768989193792,-0.4573435789941642,-0.08848573055324838,0.0,0.0,0.5026548245743669
42.027027027027025,-0.8742957473598651,-0.47726011947031965,-0.08848573055324838,0.0,0.0,0.5026548245743669
42.07207207207207,-0.8632663940237231,-0.49693199578780073,-0.08848573055324838,0.0,0.0,0.5026548245743669
42.11711711711712,-0.8517944930340273,-0.5163491232928288,-0.08848573055324838,0.0,0.0,0.5026548245743669
42.16216216216216,-0.8398859253829064,-0.5355015479268639,-0.08848573055324838,0.0,0.0,0.5026548245743669
42.207207207207205,-0.8275467959166806,-0.5543794513295055,-0.08848573055324838,0.0,0.0,0.5026548245743669
42.25225225225225,-0.8147834302062639,-0.5729731558717933,-0.08848573055324838,0.0,0.0,0.5026548245743669
42.2972972972973,-0.8016023713043954,-0.5912731296173861,-0.08848573055324838,0.0,0.0,0.5026548245743669
42.34234234234234,-0.788010376391399,-0.6092699912090315,-0.08848573055324838,0.0,0.0,0.5026548245743669
42.387387387387385,-0.7740144133111481,-0.6269545146778729,-0.08848573055324838,0.0,0.0,0.5026548245743669
42.43243243243243,-0.759621656999054,-0.6443176341730678,-0.08848573055324838,0.0,0.0,0.5026548245743669
42.47747747747748,-0.7448394858038816,-0.6613504486093406,-0.08848573055324838,0.0,0.0,0.5026548245743669
42.52252252252252,-0.7296754777052974,-0.6780442262300538,-0.08848573055324838,0.0,0.0,0.5026548245743669
42.567567567567565,-0.7141374064290568,-0.694390409083497,-0.08848573055324838,0.0,0.0,0.5026548245743669
42.61261261261261,-0.6982332374618637,-0.7103806174100544,-0.08848573055324838,0.0,0.0,0.5026548245743669
42.65765765765766,-0.6819711239679148,-0.7260066539380367,-0.08848573055324838,0.0,0.0,0.5026548245743669
42.7027027027027,-0.6653594026092451,-0.7412605080859449,-0.08848573055324838,0.0,0.0,0.5026548245743669
42.747747747747745,-0.6484065892719788,-0.7561343600690581,-0.08848573055324838,0.0,0.0,0.5026548245743669
42.79279279279279,-0.6311213747007296,-0.7706205849081804,-0.08848573055324838,0.0,0.0,0.5026548245743669
42.83783783783784,-0.6135126200433424,-0.7847117563385418,-0.08848573055324838,0.0,0.0,0.5026548245743669
42.88288288288288,-0.5955893523082977,-0.7984006506168116,-0.08848573055324838,0.0,0.0,0.5026548245743669
42.927927927927925,-0.5773607597370621,-0.8116802502243154,-0.08848573055324838,0.0,0.0,0.5026548245743669
42.97297297297297,-0.5588361870938078,-0.8245437474645114,-0.08848573055324838,0.0,0.0,0.5026548245743669
43.01801801801802,-0.5400251308748771,-0.83698454795291,-0.08848573055324838,0.0,0.0,0.5026548245743669
43.06306306306306,-0.5209372344404813,-0.8489962739976352,-0.08848573055324838,0.0,0.0,0.5026548245743669
43.108108108108105,-0.5015822830710791,-0.8605727678689165,-0.08848573055324838,0.0,0.0,0.5026548245743669
43.15315315315315,-0.48197019895102994,-0.8717080949557989,-0.08848573055324838,0.0,0.0,0.5026548245743669
43.1981981981982,-0.46211103608204884,-0.8823965468084852,-0.08848573055324838,0.0,0.0,0.5026548245743669
43.24324324324324,-0.4420149751291024,-0.8926326440647252,-0.08848573055324838,0.0,0.0,0.5026548245743669
43.288288288288285,-0.42169231820134195,-0.9024111392587868,-0.08848573055324838,0.0,0.0,0.5026548245743669
43.33333333333333,-0.4011534835708089,-0.9117270195115251,-0.08848573055324838,0.0,0.0,0.5026548245743669
43.37837837837838,-0.3804090003315726,-0.9205755091002029,-0.08848573055324838,0.0,0.0,0.5026548245743669
43.42342342342342,-0.3594695030020744,-0.92895207190673,-0.08848573055324838,0.0,0.0,0.5026548245743669
43.468468468468465,-0.3383457260733956,-0.9368524137430781,-0.08848573055324838,0.0,0.0,0.5026548245743669
43.51351351351351,-0.3170484985063046,-0.9442724845526649,-0.08848573055324838,0.0,0.0,0.5026548245743669
43.55855855855856,-0.2955887381798587,-0.9512084804865881,-0.08848573055324838,0.0,0.0,0.5026548245743669
43.6036036036036,-0.2739774462944405,-0.9576568458536399,-0.08848573055324838,0.0,0.0,0.5026548245743669
43.648648648648646,-0.25222570173204645,-0.9636142749431131,-0.08848573055324838,0.0,0.0,0.5026548245743669
43.69369369369369,-0.23034465537678803,-0.9690777137194487,-0.08848573055324838,0.0,0.0,0.5026548245743669
43.73873873873874,-0.2083455243984583,-0.9740443613878664,-0.08848573055324838,0.0,0.0,0.5026548245743669
43.78378378378378,-0.1862395865021414,-0.9785116718301707,-0.08848573055324838,0.0,0.0,0.5026548245743669
43.828828828828826,-0.16403817414675195,-0.9824773549100072,-0.08848573055324838,0.0,0.0,0.5026548245743669
43.87387387387387,-0.14175266873554077,-0.9859393776468793,-0.08848573055324838,0.0,0.0,0.5026548245743669
43.91891891891892,-0.11939449478148938,-0.9888959652583462,-0.08848573055324838,0.0,0.0,0.5026548245743669
43.96396396396396,-0.0969751140506246,-0.9913456020698492,-0.08848573055324838,0.0,0.0,0.5026548245743669
44.009009009009006,-0.07450601968620116,-0.9932870322917154,-0.08848573055324838,0.0,0.0,0.5026548245743669
44.05405405405405,-0.051998730316833795,-0.9947192606629278,-0.08848573055324838,0.0,0.0,0.5026548245743669
44.0990990990991,-0.02946478415154371,-0.9956415529613389,-0.08848573055324838,0.0,0.0,0.5026548245743669
44.14414414414414,-0.006915733064788026,-0.9960534363800675,-0.08848573055324838,0.0,0.0,0.5026548245743669
44.189189189189186,0.01563686332555135,-0.9959546997698755,-0.08848573055324838,0.0,0.0,0.5026548245743669
44.23423423423423,0.03818144358411316,-0.9953453937474155,-0.08848573055324838,0.0,0.0,0.5026548245743669
44.27927927927928,0.06050455600706243,-0.9612539396936391,-0.26894248850962893,6.283185307179586,0.0,0.5026548245743669
44.32432432432432,0.0811067492954238,-0.8463162143987357,-0.5264699046141453,6.283185307179586,0.0,0.5026548245743669
44.369369369369366,0.09831646061173009,-0.6636084863599235,-0.7415912960679741,6.283185307179586,0.0,0.5026548245743669
44.41441441441441,0.11075559727231862,-0.4277613428445401,-0.8970805043253312,6.283185307179586,0.0,0.5026548245743669
44.45945945945946,0.11742807730300872,-0.15766058716252077,-0.9804865047089574,6.283185307179586,0.0,0.5026548245743669
44.5045045045045,0.11783122651531026,0.09713696296938867,-0.9882713253367619,0.0,0.0,0.5026548245743669
44.549549549549546,0.11560182602186259,0.09977978421218277,-0.9882713253367619,0.0,0.0,0.5026548245743669
44.59459459459459,0.11331316303747763,0.10237145402630934,-0.9882713253367619,0.0,0.0,0.5026548245743669
44.63963963963964,0.11096641082968924,0.10491064380984125,-0.9882713253367619,0.0,0.0,0.5026548245743669
44.68468468468468,0.10856277244507828,0.1073960518643814,-0.9882713253367619,0.0,0.0,0.5026548245743669
44.729729729729726,0.10610348009253662,0.10982640406237221,-0.9882713253367619,0.0,0.0,0.5026548245743669
44.77477477477477,0.10358979451158518,0.11220045450026635,-0.9882713253367619,0.0,0.0,0.5026548245743669
44.81981981981982,0.10102300432606352,0.11451698613723182,-0.9882713253367619,0.0,0.0,0.5026548245743669
44.86486486486486,0.09840442538352724,0.11677481141905822,-0.9882713253367619,0.0,0.0,0.5026548245743669
44.909909909909906,0.09573540008068547,0.11897277288695038,-0.9882713253367619,0.0,0.0,0.5026548245743669
44.95495495495495,0.09301729667523144,0.12110974377089052,-0.9882713253367619,0.0,0.0,0.5026548245743669
45.0,0.09025150858441412,0.12318462856726972,-0.9882713253367619,0.0,0.0,0.5026548245743669
