Time,Sx,Sy,Sz,Hx,Hy,Hz
0.0,0.0,0.0,1.0,0.0,0.0,0.3141592653589793
0.03003003003003003,0.0008873993618851091,-0.18756384498827777,0.9822520127622978,6.283185307179586,0.0,0.3141592653589793
0.06006006006006006,0.0035180199585285008,-0.3684533024757246,0.92963960082943,6.283185307179586,0.0,0.3141592653589793
0.09009009009009009,0.007798251887734854,-0.5362314516839374,0.844034962245303,6.283185307179586,0.0,0.3141592653589793
0.12012012012012012,0.013575784286897246,-0.6849279538426908,0.7284843142620552,6.283185307179586,0.0,0.3141592653589793
0.15015015015015015,0.02064502527267607,-0.8092514852842442,0.5870994945464785,6.283185307179586,0.0,0.3141592653589793
0.18018018018018017,0.02875441787098003,-0.9047780277242161,0.42491164258039943,6.283185307179586,0.0,0.3141592653589793
0.21021021021021022,0.03761539160191582,-0.9681082957216455,0.2476921679616842,6.283185307179586,0.0,0.3141592653589793
0.24024024024024024,0.04691263118004597,-0.9969886993058585,0.061747376399081344,6.283185307179586,0.0,0.3141592653589793
0.2702702702702703,0.056332258982488254,-0.9984119334524832,0.0005364117787690637,0.0,0.0,0.3141592653589793
0.3003003003003003,0.06574884238415994,-0.9978360596749041,0.0005364117787690637,0.0,0.0,0.3141592653589793
0.3303303303303303,0.07515957389564278,-0.9971713747968408,0.0005364117787690637,0.0,0.0,0.3141592653589793
0.36036036036036034,0.08456361592702029,-0.9964179379777061,0.0005364117787690637,0.0,0.0,0.3141592653589793
0.39039039039039036,0.09396013148376442,-0.9955758162761638,0.0005364117787690637,0.0,0.0,0.3141592653589793
0.42042042042042044,0.10334828424123123,-0.9946450846441607,0.0005364117787690637,0.0,0.0,0.3141592653589793
0.45045045045045046,0.11272723861909685,-0.993625825920255,0.0005364117787690637,0.0,0.0,0.3141592653589793
0.4804804804804805,0.12209615985572726,-0.9925181308222437,0.0005364117787690637,0.0,0.0,0.3141592653589793
0.5105105105105106,0.13145421408247515,-0.9913220979390881,0.0005364117787690637,0.0,0.0,0.3141592653589793
0.5405405405405406,0.14080056839789712,-0.9900378337221386,0.0005364117787690637,0.0,0.0,0.3141592653589793
0.5705705705705706,0.15013439094188533,-0.9886654524756618,0.0005364117787690637,0.0,0.0,0.3141592653589793
0.6006006006006006,0.15945485096970577,-0.987205076346665,0.0005364117787690637,0.0,0.0,0.3141592653589793
0.6306306306306306,0.16876111892593798,-0.985656835314026,0.0005364117787690637,0.0,0.0,0.3141592653589793
0.6606606606606606,0.1780523665183084,-0.9840208671769239,0.0005364117787690637,0.0,0.0,0.3141592653589793
0.6906906906906907,0.18732776679141142,-0.9822973175425748,0.0005364117787690637,0.0,0.0,0.3141592653589793
0.7207207207207207,0.19658649420031113,-0.9804863398132716,0.0005364117787690637,0.0,0.0,0.3141592653589793
0.7507507507507507,0.20582772468401855,-0.9785880951727318,0.0005364117787690637,0.0,0.0,0.3141592653589793
0.7807807807807807,0.21505063573883565,-0.9766027525717496,0.0005364117787690637,0.0,0.0,0.3141592653589793
0.8108108108108109,0.2242544064915616,-0.9745304887131611,0.0005364117787690637,0.0,0.0,0.3141592653589793
0.8408408408408409,0.2334382177725526,-0.9723714880361153,0.0005364117787690637,0.0,0.0,0.3141592653589793
0.8708708708708709,0.24260125218863235,-0.9701259426996595,0.0005364117787690637,0.0,0.0,0.3141592653589793
0.9009009009009009,0.25174269419584205,-0.9677940525656343,0.0005364117787690637,0.0,0.0,0.3141592653589793
0.9309309309309309,0.26086173017202735,-0.9653760251808885,0.0005364117787690637,0.0,0.0,0.3141592653589793
0.960960960960961,0.2699575484892533,-0.9628720757588041,0.0005364117787690637,0.0,0.0,0.3141592653589793
0.990990990990991,0.2790293395860427,-0.9602824271601416,0.0005364117787690637,0.0,0.0,0.3141592653589793
1.021021021021021,0.2880762960394298,-0.9576073098732057,0.0005364117787690637,0.0,0.0,0.3141592653589793
1.0510510510510511,0.2970976126368238,-0.9548469619933317,0.0005364117787690637,0.0,0.0,0.3141592653589793
1.0810810810810811,0.3060924864476761,-0.9520016292016912,0.0005364117787690637,0.0,0.0,0.3141592653589793
1.1111111111111112,0.31506011689494406,-0.9490715647434284,0.0005364117787690637,0.0,0.0,0.3141592653589793
1.1411411411411412,0.3239997058263449,-0.9460570294051187,0.0005364117787690637,0.0,0.0,0.3141592653589793
1.1711711711711712,0.33291045758539434,-0.9429582914915584,0.0005364117787690637,0.0,0.0,0.3141592653589793
1.2012012012012012,0.3417915790822238,-0.9397756268018848,0.0005364117787690637,0.0,0.0,0.3141592653589793
1.2312312312312312,0.3506422798641673,-0.9365093186050287,0.0005364117787690637,0.0,0.0,0.3141592653589793
1.2612612612612613,0.3594617721861144,-0.9331596576145017,0.0005364117787690637,0.0,0.0,0.3141592653589793
1.2912912912912913,0.36824927108062394,-0.9297269419625236,0.0005364117787690637,0.0,0.0,0.3141592653589793
1.3213213213213213,0.3770039944277876,-0.9262114771734852,0.0005364117787690637,0.0,0.0,0.3141592653589793
1.3513513513513513,0.3857251630248424,-0.922613576136757,0.0005364117787690637,0.0,0.0,0.3141592653589793
1.3813813813813813,0.39441200065552184,-0.9189335590788408,0.0005364117787690637,0.0,0.0,0.3141592653589793
1.4114114114114114,0.4030637341591428,-0.9151717535348678,0.0005364117787690637,0.0,0.0,0.3141592653589793
1.4414414414414414,0.41167959349941907,-0.9113284943194466,0.0005364117787690637,0.0,0.0,0.3141592653589793
1.4714714714714714,0.4202588118329977,-0.9074041234968647,0.0005364117787690637,0.0,0.0,0.3141592653589793
1.5015015015015014,0.4288006255777111,-0.9033989903506423,0.0005364117787690637,0.0,0.0,0.3141592653589793
1.5315315315315314,0.43730427448053816,-0.899313451352445,0.0005364117787690637,0.0,0.0,0.3141592653589793
1.5615615615615615,0.44576900168527006,-0.8951478701303571,0.0005364117787690637,0.0,0.0,0.3141592653589793
1.5915915915915915,0.454194053799873,-0.8909026174365161,0.0005364117787690637,0.0,0.0,0.3141592653589793
1.6216216216216217,0.46257868096354304,-0.8865780711141157,0.0005364117787690637,0.0,0.0,0.3141592653589793
1.6516516516516517,0.4709221369134465,-0.8821746160637761,0.0005364117787690637,0.0,0.0,0.3141592653589793
1.6816816816816818,0.4792236790511397,-0.8776926442092859,0.0005364117787690637,0.0,0.0,0.3141592653589793
1.7117117117117118,0.48748256850866395,-0.8731325544627194,0.0005364117787690637,0.0,0.0,0.3141592653589793
1.7417417417417418,0.49569807021430595,-0.8684947526889332,0.0005364117787690637,0.0,0.0,0.3141592653589793
1.7717717717717718,0.5038694529580235,-0.8637796516694407,0.0005364117787690637,0.0,0.0,0.3141592653589793
1.8018018018018018,0.5119959894565251,-0.8589876710656748,0.0005364117787690637,0.0,0.0,0.3141592653589793
1.8318318318318318,0.5200769564180004,-0.8541192373816356,0.0005364117787690637,0.0,0.0,0.3141592653589793
1.8618618618618619,0.5281116346064972,-0.8491747839259308,0.0005364117787690637,0.0,0.0,0.3141592653589793
1.8918918918918919,0.5360993089059352,-0.8441547507732073,0.0005364117787690637,0.0,0.0,0.3141592653589793
1.921921921921922,0.5440392683837539,-0.839059584724987,0.0005364117787690637,0.0,0.0,0.3141592653589793
1.951951951951952,0.5519308063541885,-0.8338897392698947,0.0005364117787690637,0.0,0.0,0.3141592653589793
1.981981981981982,0.5597732204411668,-0.8286456745433013,0.0005364117787690637,0.0,0.0,0.3141592653589793
2.012012012012012,0.5675658126408252,-0.8233278572863653,0.0005364117787690637,0.0,0.0,0.3141592653589793
2.042042042042042,0.5753078893836318,-0.8179367608044945,0.0005364117787690637,0.0,0.0,0.3141592653589793
2.0720720720720722,0.5829987615961165,-0.8124728649252182,0.0005364117787690637,0.0,0.0,0.3141592653589793
2.1021021021021022,0.590637744762203,-0.8069366559554819,0.0005364117787690637,0.0,0.0,0.3141592653589793
2.1321321321321323,0.5982241589841317,-0.8013286266383635,0.0005364117787690637,0.0,0.0,0.3141592653589793
2.1621621621621623,0.6057573290429732,-0.7956492761092167,0.0005364117787690637,0.0,0.0,0.3141592653589793
2.1921921921921923,0.6132365844587254,-0.789899109851248,0.0005364117787690637,0.0,0.0,0.3141592653589793
2.2222222222222223,0.6206612595499895,-0.784078639650525,0.0005364117787690637,0.0,0.0,0.3141592653589793
2.2522522522522523,0.6280306934932169,-0.7781883835504264,0.0005364117787690637,0.0,0.0,0.3141592653589793
2.2822822822822824,0.6353442303815263,-0.7722288658055347,0.0005364117787690637,0.0,0.0,0.3141592653589793
2.3123123123123124,0.6426012192830802,-0.7662006168349746,0.0005364117787690637,0.0,0.0,0.3141592653589793
2.3423423423423424,0.6498010142990216,-0.7601041731752034,0.0005364117787690637,0.0,0.0,0.3141592653589793
2.3723723723723724,0.6569429746209609,-0.7539400774322585,0.0005364117787690637,0.0,0.0,0.3141592653589793
2.4024024024024024,0.66402646458801,-0.7477088782334637,0.0005364117787690637,0.0,0.0,0.3141592653589793
2.4324324324324325,0.6710508537433585,-0.7414111301785978,0.0005364117787690637,0.0,0.0,0.3141592653589793
2.4624624624624625,0.678015516890387,-0.7350473937905344,0.0005364117787690637,0.0,0.0,0.3141592653589793
2.4924924924924925,0.6849198341483124,-0.7286182354653528,0.0005364117787690637,0.0,0.0,0.3141592653589793
2.5225225225225225,0.6917631910073583,-0.7221242274219255,0.0005364117787690637,0.0,0.0,0.3141592653589793
2.5525525525525525,0.6985449783834492,-0.715565947650992,0.0005364117787690637,0.0,0.0,0.3141592653589793
2.5825825825825826,0.7052645926724217,-0.7089439798637119,0.0005364117787690637,0.0,0.0,0.3141592653589793
2.6126126126126126,0.7119214358037472,-0.7022589134397137,0.0005364117787690637,0.0,0.0,0.3141592653589793
2.6426426426426426,0.7185149152937618,-0.6955113433746386,0.0005364117787690637,0.0,0.0,0.3141592653589793
2.6726726726726726,0.7250444442984008,-0.6887018702271828,0.0005364117787690637,0.0,0.0,0.3141592653589793
2.7027027027027026,0.7315094416654286,-0.6818311000656458,0.0005364117787690637,0.0,0.0,0.3141592653589793
2.7327327327327327,0.7379093319861645,-0.6748996444139882,0.0005364117787690637,0.0,0.0,0.3141592653589793
2.7627627627627627,0.7442435456466956,-0.6679081201974042,0.0005364117787690637,0.0,0.0,0.3141592653589793
2.7927927927927927,0.7505115188785749,-0.6608571496874115,0.0005364117787690637,0.0,0.0,0.3141592653589793
2.8228228228228227,0.7567126938089985,-0.6537473604464685,0.0005364117787690637,0.0,0.0,0.3141592653589793
2.8528528528528527,0.7628465185104579,-0.6465793852721178,0.0005364117787690637,0.0,0.0,0.3141592653589793
2.8828828828828827,0.7689124470498646,-0.6393538621406651,0.0005364117787690637,0.0,0.0,0.3141592653589793
2.9129129129129128,0.7749099395371403,-0.6320714341503987,0.0005364117787690637,0.0,0.0,0.3141592653589793
2.942942942942943,0.7808384621732669,-0.624732749464348,0.0005364117787690637,0.0,0.0,0.3141592653589793
2.972972972972973,0.7866974872977996,-0.6173384612525971,0.0005364117787690637,0.0,0.0,0.3141592653589793
3.003003003003003,0.7924864934358286,-0.60988922763415,0.0005364117787690637,0.0,0.0,0.3141592653589793
3.033033033033033,0.7982049653443933,-0.6023857116183547,0.0005364117787690637,0.0,0.0,0.3141592653589793
3.063063063063063,0.8038523940583401,-0.5948285810458934,0.0005364117787690637,0.0,0.0,0.3141592653589793
3.093093093093093,0.8094282769356224,-0.587218508529342,0.0005364117787690637,0.0,0.0,0.3141592653589793
3.123123123123123,0.8149321177020381,-0.5795561713933057,0.0005364117787690637,0.0,0.0,0.3141592653589793
3.153153153153153,0.8203634264953997,-0.5718422516141338,0.0005364117787690637,0.0,0.0,0.3141592653589793
3.183183183183183,0.8257217199091327,-0.5640774357592221,0.0005364117787690637,0.0,0.0,0.3141592653589793
3.2132132132132134,0.831006521035302,-0.5562624149259048,0.0005364117787690637,0.0,0.0,0.3141592653589793
3.2432432432432434,0.8362173595070581,-0.5483978846799453,0.0005364117787690637,0.0,0.0,0.3141592653589793
3.2732732732732734,0.8413537715405012,-0.540484544993628,0.0005364117787690637,0.0,0.0,0.3141592653589793
3.3033033033033035,0.8464152999759597,-0.5325231001834577,0.0005364117787690637,0.0,0.0,0.3141592653589793
3.3333333333333335,0.8514014943186793,-0.5245142588474736,0.0005364117787690637,0.0,0.0,0.3141592653589793
3.3633633633633635,0.8563119107789189,-0.5164587338021803,0.0005364117787690637,0.0,0.0,0.3141592653589793
3.3933933933933935,0.861146112311449,-0.508357242019106,0.0005364117787690637,0.0,0.0,0.3141592653589793
3.4234234234234235,0.8659036686544507,-0.5002105045609878,0.0005364117787690637,0.0,0.0,0.3141592653589793
3.4534534534534536,0.87058415636781,-0.49201924651759604,0.0005364117787690637,0.0,0.0,0.3141592653589793
3.4834834834834836,0.8751871588708069,-0.48378419694119745,0.0005364117787690637,0.0,0.0,0.3141592653589793
3.5135135135135136,0.8797122664791912,-0.4755060887816669,0.0005364117787690637,0.0,0.0,0.3141592653589793
3.5435435435435436,0.8841590764416465,-0.4671856588212533,0.0005364117787690637,0.0,0.0,0.3141592653589793
3.5735735735735736,0.8885271929756368,-0.4588236476090017,0.0005364117787690637,0.0,0.0,0.3141592653589793
3.6036036036036037,0.8928162273026318,-0.45042079939484253,0.0005364117787690637,0.0,0.0,0.3141592653589793
3.6336336336336337,0.8970257976827108,-0.4419778620633503,0.0005364117787690637,0.0,0.0,0.3141592653589793
3.6636636636636637,0.9011555294485382,-0.4334955870671798,0.0005364117787690637,0.0,0.0,0.3141592653589793
3.6936936936936937,0.9052050550387094,-0.4249747293601829,0.0005364117787690637,0.0,0.0,0.3141592653589793
3.7237237237237237,0.9091740140304678,-0.4164160473302158,0.0005364117787690637,0.0,0.0,0.3141592653589793
3.7537537537537538,0.913062053171781,-0.40782030273163905,0.0005364117787690637,0.0,0.0,0.3141592653589793
3.7837837837837838,0.9168688264127824,-0.39918826061751916,0.0005364117787690637,0.0,0.0,0.3141592653589793
3.813813813813814,0.920593994936572,-0.3905206892715361,0.0005364117787690637,0.0,0.0,0.3141592653589793
3.843843843843844,0.9242372271893714,-0.38181836013960246,0.0005364117787690637,0.0,0.0,0.3141592653589793
3.873873873873874,0.9277981989100331,-0.3730820477612021,0.0005364117787690637,0.0,0.0,0.3141592653589793
3.903903903903904,0.931276593158901,-0.3643125297004541,0.0005364117787690637,0.0,0.0,0.3141592653589793
3.933933933933934,0.9346721003460198,-0.3555105864769058,0.0005364117787690637,0.0,0.0,0.3141592653589793
3.963963963963964,0.9379844182586892,-0.3466770014960639,0.0005364117787690637,0.0,0.0,0.3141592653589793
3.993993993993994,0.9412132520883617,-0.3378125609796691,0.0005364117787690637,0.0,0.0,0.3141592653589793
4.024024024024024,0.9443583144568835,-0.3289180538957182,0.0005364117787690637,0.0,0.0,0.3141592653589793
4.054054054054054,0.9474193254420689,-0.31999427188824425,0.0005364117787690637,0.0,0.0,0.3141592653589793
4.084084084084084,0.9503960126026172,-0.31104200920685665,0.0005364117787690637,0.0,0.0,0.3141592653589793
4.114114114114114,0.95328811100236,-0.30206206263604973,0.0005364117787690637,0.0,0.0,0.3141592653589793
4.1441441441441444,0.9560953632338407,-0.2930552314242867,0.0005364117787690637,0.0,0.0,0.3141592653589793
4.1741741741741745,0.9588175194412272,-0.2840223172128634,0.0005364117787690637,0.0,0.0,0.3141592653589793
4.2042042042042045,0.9614543373425464,-0.2749641239645593,0.0005364117787690637,0.0,0.0,0.3141592653589793
4.2342342342342345,0.9640055822512514,-0.2658814578920811,0.0005364117787690637,0.0,0.0,0.3141592653589793
4.2642642642642645,0.9664710270971076,-0.2567751273863075,0.0005364117787690637,0.0,0.0,0.3141592653589793
4.2942942942942945,0.968850452446404,-0.24764594294433953,0.0005364117787690637,0.0,0.0,0.3141592653589793
4.324324324324325,0.9711436465214824,-0.2384947170973632,0.0005364117787690637,0.0,0.0,0.3141592653589793
4.354354354354355,0.9733504052195869,-0.2293222643383308,0.0005364117787690637,0.0,0.0,0.3141592653589793
4.384384384384385,0.9754705321310306,-0.22012940104946835,0.0005364117787690637,0.0,0.0,0.3141592653589793
4.414414414414415,0.9775038385566754,-0.21091694542961476,0.0005364117787690637,0.0,0.0,0.3141592653589793
4.444444444444445,0.9794501435247279,-0.20168571742139849,0.0005364117787690637,0.0,0.0,0.3141592653589793
4.474474474474475,0.9813092738068464,-0.19243653863826032,0.0005364117787690637,0.0,0.0,0.3141592653589793
4.504504504504505,0.9830810639335581,-0.18317023229132637,0.0005364117787690637,0.0,0.0,0.3141592653589793
4.534534534534535,0.9847653562089876,-0.17388762311613915,0.0005364117787690637,0.0,0.0,0.3141592653589793
4.564564564564565,0.9863620007248921,-0.16458953729925324,0.0005364117787690637,0.0,0.0,0.3141592653589793
4.594594594594595,0.9878708553740037,-0.15527680240470174,0.0005364117787690637,0.0,0.0,0.3141592653589793
4.624624624624625,0.9892917858626765,-0.14595024730033976,0.0005364117787690637,0.0,0.0,0.3141592653589793
4.654654654654655,0.9906246657228415,-0.136610702084072,0.0005364117787690637,0.0,0.0,0.3141592653589793
4.684684684684685,0.9918693763232602,-0.12725899800997148,0.0005364117787690637,0.0,0.0,0.3141592653589793
4.714714714714715,0.9930258068800846,-0.1178959674142944,0.0005364117787690637,0.0,0.0,0.3141592653589793
4.744744744744745,0.994093854466717,-0.10852244364139924,0.0005364117787690637,0.0,0.0,0.3141592653589793
4.774774774774775,0.9950734240229722,-0.09913926096957613,0.0005364117787690637,0.0,0.0,0.3141592653589793
4.804804804804805,0.9959644283635352,-0.08974725453679303,0.0005364117787690637,0.0,0.0,0.3141592653589793
4.834834834834835,0.9967667881857244,-0.080347260266365,0.0005364117787690637,0.0,0.0,0.3141592653589793
4.864864864864865,0.9974804320765471,-0.07094011479255447,0.0005364117787690637,0.0,0.0,0.3141592653589793
4.894894894894895,0.9981052965190569,-0.06152665538610732,0.0005364117787690637,0.0,0.0,0.3141592653589793
4.924924924924925,0.9986413258980076,-0.05210771987973272,0.0005364117787690637,0.0,0.0,0.3141592653589793
4.954954954954955,0.9990884725048013,-0.042684146593533104,0.0005364117787690637,0.0,0.0,0.3141592653589793
4.984984984984985,0.9994466965417358,-0.03325677426039041,0.0005364117787690637,0.0,0.0,0.3141592653589793
5.015015015015015,0.9997159661255468,-0.023826441951315815,0.0005364117787690637,0.0,0.0,0.3141592653589793
5.045045045045045,0.9998962572902453,-0.014393989000769299,0.0005364117787690637,0.0,0.0,0.3141592653589793
5.075075075075075,0.9999875539892508,-0.004960254931955783,0.0005364117787690637,0.0,0.0,0.3141592653589793
5.105105105105105,0.9999898480968186,0.004473920617895538,0.0005364117787690637,0.0,0.0,0.3141592653589793
5.135135135135135,0.9999031394087661,0.013907697972262038,0.0005364117787690637,0.0,0.0,0.3141592653589793
5.165165165165165,0.9997274356424865,0.023340237490061953,0.0005364117787690637,0.0,0.0,0.3141592653589793
5.195195195195195,0.9994627524362643,0.03277069964038557,0.0005364117787690637,0.0,0.0,0.3141592653589793
5.225225225225225,0.9991091133478852,0.04219824507721656,0.0005364117787690637,0.0,0.0,0.3141592653589793
5.255255255255255,0.9981398532170654,0.05162174971893265,-0.03243498690860713,0.0,6.283185307179586,0.3141592653589793
5.285285285285285,0.9738128384714199,0.06095142487377649,-0.21902849000548402,0.0,6.283185307179586,0.3141592653589793
5.315315315315315,0.9148329647455891,0.06988695963626936,-0.39773918525534163,0.0,6.283185307179586,0.3141592653589793
5.345345345345345,0.8232990144402024,0.0781103854874058,-0.5622077022780712,0.0,6.283185307179586,0.3141592653589793
5.375375375375375,0.7024681977156951,0.0853290741057101,-0.7065814746441571,0.0,6.283185307179586,0.3141592653589793
5.405405405405405,0.5566402455747802,0.09128615046465806,-0.825723001823116,0.0,6.283185307179586,0.3141592653589793
5.435435435435435,0.39100440513073276,0.0957696336590432,-0.9153926657108188,0.0,6.283185307179586,0.3141592653589793
5.465465465465465,0.2114547816923117,0.09861998018652378,-0.9723995962604313,0.0,6.283185307179586,0.3141592653589793
5.495495495495495,0.02438059866585804,0.09973576125877491,-0.9947152177054542,0.0,6.283185307179586,0.3141592653589793
5.525525525525525,-0.16356116118238664,0.09907727211670737,-0.9815454348641037,0.0,6.283185307179586,0.3141592653589793
5.555555555555555,-0.3456826426063034,0.0966679449132756,-0.9333588907954686,0.0,6.283185307179586,0.3141592653589793
5.585585585585585,-0.5155031033485283,0.09259351488683268,-0.85187029026661,0.0,6.283185307179586,0.3141592653589793
5.615615615615615,-0.6669795295509899,0.08699896949652172,-0.7399793824603914,0.0,6.283185307179586,0.3141592653589793
5.645645645645645,-0.7947216747221189,0.08008338908387228,-0.6016677742074024,0.0,6.283185307179586,0.3141592653589793
5.675675675675675,-0.8941838701588914,0.07209286265422321,-0.44185724561442097,0.0,6.283185307179586,0.3141592653589793
5.7057057057057055,-0.9618267813032009,0.0633117308679202,-0.2662346098883606,0.0,6.283185307179586,0.3141592653589793
5.7357357357357355,-0.9952433539776019,0.054052467857009866,-0.08104934967015404,0.0,6.283185307179586,0.3141592653589793
5.7657657657657655,-0.9989683582544929,0.04463442470244218,0.008365843518682747,0.0,0.0,0.3141592653589793
5.7957957957957955,-0.9993449867012739,0.03520809874482919,0.008365843518682747,0.0,0.0,0.3141592653589793
5.8258258258258255,-0.9996326697474832,0.025778639136186887,0.008365843518682747,0.0,0.0,0.3141592653589793
5.8558558558558556,-0.9998313817882658,0.01634688513330169,0.008365843518682747,0.0,0.0,0.3141592653589793
5.885885885885886,-0.9999411051375152,0.006913676197169595,0.008365843518682747,0.0,0.0,0.3141592653589793
5.915915915915916,-0.9999618300294469,-0.0025201480817189726,0.008365843518682747,0.0,0.0,0.3141592653589793
5.945945945945946,-0.9998935546194695,-0.011953748058105795,0.008365843518682747,0.0,0.0,0.3141592653589793
5.975975975975976,-0.9997362849843462,-0.021386284106696407,0.008365843518682747,0.0,0.0,0.3141592653589793
6.006006006006006,-0.9994900351216571,-0.03081691669688984,0.008365843518682747,0.0,0.0,0.3141592653589793
6.036036036036036,-0.9991548269485505,-0.04024480646749998,0.008365843518682747,0.0,0.0,0.3141592653589793
6.066066066066066,-0.9987306902997937,-0.049669114301461814,0.008365843518682747,0.0,0.0,0.3141592653589793
6.096096096096096,-0.9982176629251174,-0.059089001400515935,0.008365843518682747,0.0,0.0,0.3141592653589793
6.126126126126126,-0.9976157904858562,-0.06850362935986466,0.008365843518682747,0.0,0.0,0.3141592653589793
6.156156156156156,-0.9969251265508831,-0.07791216024279324,0.008365843518682747,0.0,0.0,0.3141592653589793
6.186186186186186,-0.9961457325918435,-0.08731375665524926,0.008365843518682747,0.0,0.0,0.3141592653589793
6.216216216216216,-0.995277677977683,-0.09670758182037378,0.008365843518682747,0.0,0.0,0.3141592653589793
6.246246246246246,-0.9943210399684731,-0.10609279965297777,0.008365843518682747,0.0,0.0,0.3141592653589793
6.276276276276276,-0.9932759037085355,-0.11546857483395642,0.008365843518682747,0.0,0.0,0.3141592653589793
6.306306306306306,-0.9921423622188633,-0.12483407288463608,0.008365843518682747,0.0,0.0,0.3141592653589793
6.336336336336336,-0.9909205163888423,-0.13418846024104553,0.008365843518682747,0.0,0.0,0.3141592653589793
6.366366366366366,-0.9896104749672711,-0.14353090432810653,0.008365843518682747,0.0,0.0,0.3141592653589793
6.396396396396396,-0.9882123545526826,-0.15286057363373598,0.008365843518682747,0.0,0.0,0.3141592653589793
6.426426426426427,-0.986726279582966,-0.1621766377828538,0.008365843518682747,0.0,0.0,0.3141592653589793
6.456456456456457,-0.9851523823242898,-0.17147826761128848,0.008365843518682747,0.0,0.0,0.3141592653589793
6.486486486486487,-0.9834908028593331,-0.18076463523957698,0.008365843518682747,0.0,0.0,0.3141592653589793
6.516516516516517,-0.981741689074814,-0.19003491414664855,0.008365843518682747,0.0,0.0,0.3141592653589793
6.546546546546547,-0.9799051966483301,-0.19928827924338824,0.008365843518682747,0.0,0.0,0.3141592653589793
6.576576576576577,-0.9779814890345004,-0.2085239069460724,0.008365843518682747,0.0,0.0,0.3141592653589793
6.606606606606607,-0.9759707374504194,-0.21774097524967134,0.008365843518682747,0.0,0.0,0.3141592653589793
6.636636636636637,-0.9738731208604154,-0.22693866380101038,0.008365843518682747,0.0,0.0,0.3141592653589793
6.666666666666667,-0.971688825960125,-0.23611615397178456,0.008365843518682747,0.0,0.0,0.3141592653589793
6.696696696696697,-0.9694180471598739,-0.2452726289314196,0.008365843518682747,0.0,0.0,0.3141592653589793
6.726726726726727,-0.9670609865673756,-0.2544072737197726,0.008365843518682747,0.0,0.0,0.3141592653589793
6.756756756756757,-0.964617853969742,-0.26351927531966685,0.008365843518682747,0.0,0.0,0.3141592653589793
6.786786786786787,-0.9620888668148121,-0.2726078227292528,0.008365843518682747,0.0,0.0,0.3141592653589793
6.816816816816817,-0.9594742501917977,-0.28167210703419093,0.008365843518682747,0.0,0.0,0.3141592653589793
6.846846846846847,-0.95677423681125,-0.2907113214796479,0.008365843518682747,0.0,0.0,0.3141592653589793
6.876876876876877,-0.9539890669843479,-0.2997246615421003,0.008365843518682747,0.0,0.0,0.3141592653589793
6.906906906906907,-0.9511189886015089,-0.30871132500094034,0.008365843518682747,0.0,0.0,0.3141592653589793
6.936936936936937,-0.948164257110326,-0.3176705120098772,0.008365843518682747,0.0,0.0,0.3141592653589793
6.966966966966967,-0.9451251354928314,-0.32660142516812557,0.008365843518682747,0.0,0.0,0.3141592653589793
6.996996996996997,-0.942001894242092,-0.33550326959137705,0.008365843518682747,0.0,0.0,0.3141592653589793
7.027027027027027,-0.9387948113381323,-0.3443752529825487,0.008365843518682747,0.0,0.0,0.3141592653589793
7.057057057057057,-0.9355041722231939,-0.35321658570229925,0.008365843518682747,0.0,0.0,0.3141592653589793
7.087087087087087,-0.9321302697763315,-0.3620264808393115,0.008365843518682747,0.0,0.0,0.3141592653589793
7.117117117117117,-0.9286734042873435,-0.3708041542803285,0.008365843518682747,0.0,0.0,0.3141592653589793
7.147147147147147,-0.9251338834300457,-0.379548824779944,0.008365843518682747,0.0,0.0,0.3141592653589793
7.177177177177177,-0.9215120222348872,-0.3882597140301354,0.008365843518682747,0.0,0.0,0.3141592653589793
7.207207207207207,-0.9178081430609129,-0.3969360467295362,0.008365843518682747,0.0,0.0,0.3141592653589793
7.237237237237237,-0.9140225755670702,-0.40557705065244115,0.008365843518682747,0.0,0.0,0.3141592653589793
7.267267267267267,-0.9101556566828704,-0.4141819567175361,0.008365843518682747,0.0,0.0,0.3141592653589793
7.297297297297297,-0.9062077305783974,-0.4227499990563506,0.008365843518682747,0.0,0.0,0.3141592653589793
7.327327327327327,-0.9021791486336797,-0.43128041508142145,0.008365843518682747,0.0,0.0,0.3141592653589793
7.357357357357357,-0.8980702694074119,-0.4397724455541669,0.008365843518682747,0.0,0.0,0.3141592653589793
7.387387387387387,-0.893881458605045,-0.4482253346524616,0.008365843518682747,0.0,0.0,0.3141592653589793
7.4174174174174174,-0.8896130890462356,-0.45663833003790705,0.008365843518682747,0.0,0.0,0.3141592653589793
7.4474474474474475,-0.8852655406316638,-0.4650106829227924,0.008365843518682747,0.0,0.0,0.3141592653589793
7.4774774774774775,-0.8808392003092211,-0.47334164813674034,0.008365843518682747,0.0,0.0,0.3141592653589793
7.5075075075075075,-0.8763344620395702,-0.481630484193029,0.008365843518682747,0.0,0.0,0.3141592653589793
7.5375375375375375,-0.8717517267610801,-0.48987645335458774,0.008365843518682747,0.0,0.0,0.3141592653589793
7.5675675675675675,-0.8670914023541436,-0.4980788216996576,0.008365843518682747,0.0,0.0,0.3141592653589793
7.597597597597598,-0.8623539036048721,-0.5062368591871141,0.008365843518682747,0.0,0.0,0.3141592653589793
7.627627627627628,-0.8575396521681793,-0.5143498397214425,0.008365843518682747,0.0,0.0,0.3141592653589793
7.657657657657658,-0.8526490765302513,-0.5224170412173642,0.008365843518682747,0.0,0.0,0.3141592653589793
7.687687687687688,-0.8476826119704117,-0.5304377456641037,0.008365843518682747,0.0,0.0,0.3141592653589793
7.717717717717718,-0.8426407005223777,-0.5384112391892955,0.008365843518682747,0.0,0.0,0.3141592653589793
7.747747747747748,-0.8375237909349191,-0.5463368121225203,0.008365843518682747,0.0,0.0,0.3141592653589793
7.777777777777778,-0.832332338631918,-0.5542137590584688,0.008365843518682747,0.0,0.0,0.3141592653589793
7.807807807807808,-0.8270668056718331,-0.5620413789197262,0.008365843518682747,0.0,0.0,0.3141592653589793
7.837837837837838,-0.8217276607065758,-0.5698189750191683,0.008365843518682747,0.0,0.0,0.3141592653589793
7.867867867867868,-0.8163153789397983,-0.5775458551219721,0.008365843518682747,0.0,0.0,0.3141592653589793
7.897897897897898,-0.8108304420845998,-0.5852213315072249,0.008365843518682747,0.0,0.0,0.3141592653589793
7.927927927927928,-0.8052733383206493,-0.5928447210291357,0.008365843518682747,0.0,0.0,0.3141592653589793
7.957957957957958,-0.7996445622507391,-0.6004153451778366,0.008365843518682747,0.0,0.0,0.3141592653589793
7.987987987987988,-0.7939446148567604,-0.6079325301397736,0.008365843518682747,0.0,0.0,0.3141592653589793
8.018018018018019,-0.788174003455117,-0.6153956068576775,0.008365843518682747,0.0,0.0,0.3141592653589793
8.048048048048049,-0.7823332416515705,-0.6228039110901133,0.008365843518682747,0.0,0.0,0.3141592653589793
8.078078078078079,-0.7764228492955269,-0.6301567834705996,0.008365843518682747,0.0,0.0,0.3141592653589793
8.108108108108109,-0.7704433524337697,-0.6374535695662947,0.008365843518682747,0.0,0.0,0.3141592653589793
8.138138138138139,-0.7643952832636388,-0.6446936199362443,0.008365843518682747,0.0,0.0,0.3141592653589793
8.168168168168169,-0.7582791800856634,-0.6518762901891827,0.008365843518682747,0.0,0.0,0.3141592653589793
8.198198198198199,-0.7520955872556503,-0.6590009410408879,0.008365843518682747,0.0,0.0,0.3141592653589793
8.228228228228229,-0.745845055136236,-0.666066938371079,0.008365843518682747,0.0,0.0,0.3141592653589793
8.258258258258259,-0.7395281400479009,-0.6730736532798546,0.008365843518682747,0.0,0.0,0.3141592653589793
8.288288288288289,-0.7331454042194553,-0.6800204621436691,0.008365843518682747,0.0,0.0,0.3141592653589793
8.318318318318319,-0.7266974157379988,-0.6869067466708362,0.008365843518682747,0.0,0.0,0.3141592653589793
8.348348348348349,-0.7201847484983583,-0.693731893956559,0.008365843518682747,0.0,0.0,0.3141592653589793
8.378378378378379,-0.71360798215201,-0.7004952965374817,0.008365843518682747,0.0,0.0,0.3141592653589793
8.408408408408409,-0.7069677020554872,-0.707196352445756,0.008365843518682747,0.0,0.0,0.3141592653589793
8.438438438438439,-0.700264499218282,-0.7138344652626172,0.008365843518682747,0.0,0.0,0.3141592653589793
8.468468468468469,-0.6934989702502435,-0.7204090441714692,0.008365843518682747,0.0,0.0,0.3141592653589793
8.498498498498499,-0.6866717173084762,-0.7269195040104688,0.008365843518682747,0.0,0.0,0.3141592653589793
8.528528528528529,-0.6797833480437476,-0.7333652653246067,0.008365843518682747,0.0,0.0,0.3141592653589793
8.558558558558559,-0.6728344755464037,-0.739745754417282,0.008365843518682747,0.0,0.0,0.3141592653589793
8.588588588588589,-0.6658257182918015,-0.7460604034013629,0.008365843518682747,0.0,0.0,0.3141592653589793
8.618618618618619,-0.6587577000852636,-0.7523086502497309,0.008365843518682747,0.0,0.0,0.3141592653589793
8.64864864864865,-0.6516310500065559,-0.7584899388453027,0.008365843518682747,0.0,0.0,0.3141592653589793
8.67867867867868,-0.6444464023538983,-0.7646037190305284,0.008365843518682747,0.0,0.0,0.3141592653589793
8.70870870870871,-0.6372043965875094,-0.7706494466563549,0.008365843518682747,0.0,0.0,0.3141592653589793
8.73873873873874,-0.6299056772726913,-0.7766265836306594,0.008365843518682747,0.0,0.0,0.3141592653589793
8.76876876876877,-0.6225508940224626,-0.7825345979661409,0.008365843518682747,0.0,0.0,0.3141592653589793
8.7987987987988,-0.6151407014397394,-0.7883729638276689,0.008365843518682747,0.0,0.0,0.3141592653589793
8.82882882882883,-0.6076757590590732,-0.7941411615790838,0.008365843518682747,0.0,0.0,0.3141592653589793
8.85885885885886,-0.60015673128795,-0.7998386778294485,0.008365843518682747,0.0,0.0,0.3141592653589793
8.88888888888889,-0.5925842873476553,-0.8054650054787406,0.008365843518682747,0.0,0.0,0.3141592653589793
8.91891891891892,-0.5849591012137123,-0.811019643762987,0.008365843518682747,0.0,0.0,0.3141592653589793
8.94894894894895,-0.577281851555893,-0.8165020982988324,0.008365843518682747,0.0,0.0,0.3141592653589793
8.97897897897898,-0.5695532216778166,-0.8219118811275421,0.008365843518682747,0.0,0.0,0.3141592653589793
9.00900900900901,-0.5617738994561329,-0.8272485107584335,0.008365843518682747,0.0,0.0,0.3141592653589793
9.03903903903904,-0.5539445772792957,-0.8325115122117278,0.008365843518682747,0.0,0.0,0.3141592653589793
9.06906906906907,-0.5460659519859414,-0.8377004170608272,0.008365843518682747,0.0,0.0,0.3141592653589793
9.0990990990991,-0.538138724802865,-0.8428147634740047,0.008365843518682747,0.0,0.0,0.3141592653589793
9.12912912912913,-0.5301636012826101,-0.8478540962555112,0.008365843518682747,0.0,0.0,0.3141592653589793
9.15915915915916,-0.5221412912406713,-0.852817966886088,0.008365843518682747,0.0,0.0,0.3141592653589793
9.18918918918919,-0.5140725086923186,-0.8577059335628864,0.008365843518682747,0.0,0.0,0.3141592653589793
9.21921921921922,-0.5059579717890464,-0.8625175612387908,0.008365843518682747,0.0,0.0,0.3141592653589793
9.24924924924925,-0.4977984027546567,-0.8672524216611389,0.008365843518682747,0.0,0.0,0.3141592653589793
9.27927927927928,-0.4895945278209766,-0.8719100934098382,0.008365843518682747,0.0,0.0,0.3141592653589793
9.30930930930931,-0.48134707716322295,-0.8764901619348731,0.008365843518682747,0.0,0.0,0.3141592653589793
9.33933933933934,-0.47305678483501334,-0.8809922195932024,0.008365843518682747,0.0,0.0,0.3141592653589793
9.36936936936937,-0.4647243887030322,-0.8854158656850412,0.008365843518682747,0.0,0.0,0.3141592653589793
9.3993993993994,-0.4563506303813582,-0.8897607064895228,0.008365843518682747,0.0,0.0,0.3141592653589793
9.42942942942943,-0.4479362551654578,-0.8940263552997436,0.008365843518682747,0.0,0.0,0.3141592653589793
9.45945945945946,-0.439482011965852,-0.89821243245718,0.008365843518682747,0.0,0.0,0.3141592653589793
9.48948948948949,-0.4309886532414588,-0.9023185653854799,0.008365843518682747,0.0,0.0,0.3141592653589793
9.51951951951952,-0.4224569349326234,-0.9063443886236231,0.008365843518682747,0.0,0.0,0.3141592653589793
9.54954954954955,-0.41388761639383553,-0.9102895438584503,0.008365843518682747,0.0,0.0,0.3141592653589793
9.57957957957958,-0.4052814603261448,-0.9141536799565507,0.008365843518682747,0.0,0.0,0.3141592653589793
9.60960960960961,-0.39663923270927687,-0.9179364529955177,0.008365843518682747,0.0,0.0,0.3141592653589793
9.63963963963964,-0.38796170273345865,-0.9216375262945579,0.008365843518682747,0.0,0.0,0.3141592653589793
9.66966966966967,-0.3792496427309576,-0.9252565704444564,0.008365843518682747,0.0,0.0,0.3141592653589793
9.6996996996997,-0.37050382810734145,-0.9287932633368966,0.008365843518682747,0.0,0.0,0.3141592653589793
9.72972972972973,-0.3617250372724641,-0.9322472901931282,0.008365843518682747,0.0,0.0,0.3141592653589793
9.75975975975976,-0.3529140515711843,-0.9356183435919838,0.008365843518682747,0.0,0.0,0.3141592653589793
9.78978978978979,-0.3440716552138228,-0.938906123497241,0.008365843518682747,0.0,0.0,0.3141592653589793
9.81981981981982,-0.33519863520636484,-0.9421103372843264,0.008365843518682747,0.0,0.0,0.3141592653589793
9.84984984984985,-0.32629578128041425,-0.945230699766359,0.008365843518682747,0.0,0.0,0.3141592653589793
9.87987987987988,-0.31736388582290326,-0.9482669332195357,0.008365843518682747,0.0,0.0,0.3141592653589793
9.90990990990991,-0.30840374380556895,-0.9512187674078477,0.008365843518682747,0.0,0.0,0.3141592653589793
9.93993993993994,-0.2994161527141953,-0.9540859396071328,0.008365843518682747,0.0,0.0,0.3141592653589793
9.96996996996997,-0.29040191247763647,-0.9568681946284595,0.008365843518682747,0.0,0.0,0.3141592653589793
10.0,-0.2813618253966187,-0.9595652848408379,0.008365843518682747,0.0,0.0,0.3141592653589793
10.03003003003003,-0.2722966960723331,-0.962176970193263,0.008365843518682747,0.0,0.0,0.3141592653589793
10.06006006006006,-0.26320733133482294,-0.9647030182360768,0.008365843518682747,0.0,0.0,0.3141592653589793
10.09009009009009,-0.2540945401711735,-0.9671432041416593,0.008365843518682747,0.0,0.0,0.3141592653589793
10.12012012012012,-0.24495913365350777,-0.9694973107244385,0.008365843518682747,0.0,0.0,0.3141592653589793
10.15015015015015,-0.23580192486679952,-0.9717651284602198,0.008365843518682747,0.0,0.0,0.3141592653589793
10.18018018018018,-0.22662372883650475,-0.9739464555048364,0.008365843518682747,0.0,0.0,0.3141592653589793
10.21021021021021,-0.21742536245602204,-0.9760410977121113,0.008365843518682747,0.0,0.0,0.3141592653589793
10.24024024024024,-0.20820764441398554,-0.9780488686511403,0.008365843518682747,0.0,0.0,0.3141592653589793
10.27027027027027,-0.19897139512139916,-0.9799695896228823,0.008365843518682747,0.0,0.0,0.3141592653589793
10.3003003003003,-0.18971743663861623,-0.9818030896760657,0.008365843518682747,0.0,0.0,0.3141592653589793
10.33033033033033,-0.18044659260217386,-0.9835492056224034,0.008365843518682747,0.0,0.0,0.3141592653589793
10.36036036036036,-0.17115968815148594,-0.9852077820511173,0.008365843518682747,0.0,0.0,0.3141592653589793
10.39039039039039,-0.16185754985540232,-0.9867786713427698,0.008365843518682747,0.0,0.0,0.3141592653589793
10.42042042042042,-0.1525410056386417,-0.9882617336824026,0.008365843518682747,0.0,0.0,0.3141592653589793
10.45045045045045,-0.1432108847081029,-0.9896568370719817,0.008365843518682747,0.0,0.0,0.3141592653589793
10.48048048048048,-0.13386801747906257,-0.9909638573421445,0.008365843518682747,0.0,0.0,0.3141592653589793
10.51051051051051,-0.12451323550126488,-0.9921826781632519,0.008365843518682747,0.0,0.0,0.3141592653589793
10.54054054054054,-0.115147371384911,-0.9933131910557425,0.008365843518682747,0.0,0.0,0.3141592653589793
10.57057057057057,-0.10577125872655321,-0.9943552953997865,0.008365843518682747,0.0,0.0,0.3141592653589793
10.6006006006006,-0.09638573203490204,-0.9953088984442426,0.008365843518682747,0.0,0.0,0.3141592653589793
10.63063063063063,-0.08699162665655177,-0.9961739153149127,0.008365843518682747,0.0,0.0,0.3141592653589793
10.66066066066066,-0.07758977870163157,-0.9969502690220952,0.008365843518682747,0.0,0.0,0.3141592653589793
10.69069069069069,-0.06818102496938852,-0.9976378904674379,0.008365843518682747,0.0,0.0,0.3141592653589793
10.72072072072072,-0.058766202873709414,-0.998236718450089,0.008365843518682747,0.0,0.0,0.3141592653589793
10.75075075075075,-0.04934614658844723,-0.998775050574083,0.0036546090879529536,6.283185307179586,0.0,0.3141592653589793
10.78078078078078,-0.039974008595641486,-0.9821527346976079,-0.1837881507681619,6.283185307179586,0.0,0.3141592653589793
10.81081081081081,-0.03092451035463342,-0.9305807869535732,-0.36477811558832307,6.283185307179586,0.0,0.3141592653589793
10.84084084084084,-0.02251967574311121,-0.8458943807571425,-0.5328748078187673,6.283185307179586,0.0,0.3141592653589793
10.87087087087087,-0.015058588462828107,-0.7311070583163543,-0.6820965534244297,6.283185307179586,0.0,0.3141592653589793
10.9009009009009,-0.008806749229268942,-0.5903034945708996,-0.8071333380956128,6.283185307179586,0.0,0.3141592653589793
10.93093093093093,-0.003986628002541635,-0.4284941451705911,-0.903535762630159,6.283185307179586,0.0,0.3141592653589793
10.96096096096096,-0.0007697474557292038,-0.2514369508047768,-0.9678733735664075,6.283185307179586,0.0,0.3141592653589793
10.99099099099099,0.0007294206117209684,-0.06543244248454586,-0.9978567349154109,6.283185307179586,0.0,0.3141592653589793
11.02102102102102,0.0008931676491534422,-0.0088658803314205,-0.9999602984206254,0.0,0.0,0.3141592653589793
11.05105105105105,0.00097676925693384,-0.008857059575235573,-0.9999602984206254,0.0,0.0,0.3141592653589793
11.08108108108108,0.0010602839286371275,-0.008847450507984607,-0.9999602984206254,0.0,0.0,0.3141592653589793
11.11111111111111,0.0011437042311485865,-0.008837053984910132,-0.9999602984206254,0.0,0.0,0.3141592653589793
11.14114114114114,0.0012270227397527084,-0.008825870931341162,-0.9999602984206254,0.0,0.0,0.3141592653589793
11.17117117117117,0.0013102320387940163,-0.008813902342610843,-0.9999602984206254,0.0,0.0,0.3141592653589793
11.2012012012012,0.0013933247223370904,-0.008801149283967831,-0.9999602984206254,0.0,0.0,0.3141592653589793
11.23123123123123,0.0014762933948257203,-0.00878761289048153,-0.9999602984206254,0.0,0.0,0.3141592653589793
11.26126126126126,0.001559130671741138,-0.008773294366941027,-0.9999602984206254,0.0,0.0,0.3141592653589793
11.29129129129129,0.0016418291802592696,-0.00875819498774789,-0.9999602984206254,0.0,0.0,0.3141592653589793
11.32132132132132,0.0017243815599069395,-0.008742316096802722,-0.9999602984206254,0.0,0.0,0.3141592653589793
11.35135135135135,0.0018067804632169832,-0.008725659107385557,-0.9999602984206254,0.0,0.0,0.3141592653589793
11.381381381381381,0.001889018556382198,-0.008708225502030067,-0.9999602984206254,0.0,0.0,0.3141592653589793
11.411411411411411,0.0019710885199080786,-0.008690016832391623,-0.9999602984206254,0.0,0.0,0.3141592653589793
11.441441441441441,0.0020529830492642797,-0.008671034719109174,-0.9999602984206254,0.0,0.0,0.3141592653589793
11.471471471471471,0.0021346948555347463,-0.00865128085166102,-0.9999602984206254,0.0,0.0,0.3141592653589793
11.501501501501501,0.002216216666066455,-0.008630756988214439,-0.9999602984206254,0.0,0.0,0.3141592653589793
11.531531531531531,0.002297541225116704,-0.008609464955469203,-0.9999602984206254,0.0,0.0,0.3141592653589793
11.561561561561561,0.0023786612944989025,-0.008587406648494986,-0.9999602984206254,0.0,0.0,0.3141592653589793
11.591591591591591,0.0024595696542268003,-0.008564584030562703,-0.9999602984206254,0.0,0.0,0.3141592653589793
11.621621621621621,0.0025402591031570853,-0.008540999132969787,-0.9999602984206254,0.0,0.0,0.3141592653589793
11.651651651651651,0.0026207224596303176,-0.008516654054859352,-0.9999602984206254,0.0,0.0,0.3141592653589793
11.681681681681681,0.0027009525621101245,-0.008491550963033417,-0.9999602984206254,0.0,0.0,0.3141592653589793
11.711711711711711,0.0027809422698205984,-0.008465692091760013,-0.9999602984206254,0.0,0.0,0.3141592653589793
11.741741741741741,0.002860684463381858,-0.008439079742574344,-0.9999602984206254,0.0,0.0,0.3141592653589793
11.771771771771771,0.0029401720454436974,-0.008411716284073924,-0.9999602984206254,0.0,0.0,0.3141592653589793
11.801801801801801,0.0030193979413172707,-0.008383604151707785,-0.9999602984206254,0.0,0.0,0.3141592653589793
11.831831831831831,0.0030983550996047772,-0.0083547458475597,-0.9999602984206254,0.0,0.0,0.3141592653589793
11.861861861861861,0.0031770364928270507,-0.008325143940125488,-0.9999602984206254,0.0,0.0,0.3141592653589793
11.891891891891891,0.0032554351180490394,-0.008294801064084421,-0.9999602984206254,0.0,0.0,0.3141592653589793
11.921921921921921,0.003333543997503087,-0.008263719920064702,-0.9999602984206254,0.0,0.0,0.3141592653589793
11.951951951951951,0.0034113561792099845,-0.008231903274403126,-0.9999602984206254,0.0,0.0,0.3141592653589793
11.981981981981981,0.003488864737597718,-0.008199353958898849,-0.9999602984206254,0.0,0.0,0.3141592653589793
12.012012012012011,0.003566062774117873,-0.00816607487056136,-0.9999602984206254,0.0,0.0,0.3141592653589793
12.042042042042041,0.00364294341785963,-0.008132068971352624,-0.9999602984206254,0.0,0.0,0.3141592653589793
12.072072072072071,0.003719499826161303,-0.008097339287923472,-0.9999602984206254,0.0,0.0,0.3141592653589793
12.102102102102101,0.0037957251852193544,-0.00806188891134419,-0.9999602984206254,0.0,0.0,0.3141592653589793
12.132132132132131,0.0038716127106948597,-0.00802572099682944,-0.9999602984206254,0.0,0.0,0.3141592653589793
12.162162162162161,0.003947155648317328,-0.007988838763457403,-0.9999602984206254,0.0,0.0,0.3141592653589793
12.192192192192191,0.004022347274485861,-0.007951245493883288,-0.9999602984206254,0.0,0.0,0.3141592653589793
12.222222222222221,0.004097180896867587,-0.007912944534047136,-0.9999602984206254,0.0,0.0,0.3141592653589793
12.252252252252251,0.004171649854993291,-0.007873939292876062,-0.9999602984206254,0.0,0.0,0.3141592653589793
12.282282282282281,0.004245747520850226,-0.007834233241980819,-0.9999602984206254,0.0,0.0,0.3141592653589793
12.312312312312311,0.004319467299472031,-0.007793829915346821,-0.9999602984206254,0.0,0.0,0.3141592653589793
12.342342342342342,0.004392802629525704,-0.007752732909019586,-0.9999602984206254,0.0,0.0,0.3141592653589793
12.372372372372372,0.004465746983895589,-0.007710945880784711,-0.9999602984206254,0.0,0.0,0.3141592653589793
12.402402402402402,0.004538293870264312,-0.007668472549842281,-0.9999602984206254,0.0,0.0,0.3141592653589793
12.432432432432432,0.004610436831690627,-0.00762531669647587,-0.9999602984206254,0.0,0.0,0.3141592653589793
12.462462462462462,0.004682169447184093,-0.00758148216171607,-0.9999602984206254,0.0,0.0,0.3141592653589793
12.492492492492492,0.00475348533227658,-0.007536972846998625,-0.9999602984206254,0.0,0.0,0.3141592653589793
12.522522522522522,0.0048243781395905065,-0.007491792713817196,-0.9999602984206254,0.0,0.0,0.3141592653589793
12.552552552552552,0.004894841559403776,-0.007445945783370762,-0.9999602984206254,0.0,0.0,0.3141592653589793
12.582582582582582,0.0049648693202113655,-0.0073994361362057235,-0.9999602984206254,0.0,0.0,0.3141592653589793
12.612612612612612,0.005034455189283521,-0.007352267911852733,-0.9999602984206254,0.0,0.0,0.3141592653589793
12.642642642642642,0.005103592973220487,-0.007304445308458243,-0.9999602984206254,0.0,0.0,0.3141592653589793
12.672672672672672,0.005172276518503737,-0.007255972582410853,-0.9999602984206254,0.0,0.0,0.3141592653589793
12.702702702702702,0.00524049971204367,-0.0072068540479624955,-0.9999602984206254,0.0,0.0,0.3141592653589793
12.732732732732732,0.005308256481723688,-0.00715709407684443,-0.9999602984206254,0.0,0.0,0.3141592653589793
12.762762762762762,0.005375540796940647,-0.007106697097878161,-0.9999602984206254,0.0,0.0,0.3141592653589793
12.792792792792792,0.005442346669141598,-0.0070556675965812434,-0.9999602984206254,0.0,0.0,0.3141592653589793
12.822822822822824,0.005508668152356787,-0.0070040101147680585,-0.9999602984206254,0.0,0.0,0.3141592653589793
12.852852852852854,0.005574499343728867,-0.006951729250145579,-0.9999602984206254,0.0,0.0,0.3141592653589793
12.882882882882884,0.005639834384038291,-0.006898829655904152,-0.9999602984206254,0.0,0.0,0.3141592653589793
12.912912912912914,0.005704667458224783,-0.0068453160403033515,-0.9999602984206254,0.0,0.0,0.3141592653589793
12.942942942942944,0.005768992795904914,-0.006791193166252922,-0.9999602984206254,0.0,0.0,0.3141592653589793
12.972972972972974,0.005832804671885673,-0.006736465850888862,-0.9999602984206254,0.0,0.0,0.3141592653589793
13.003003003003004,0.005896097406674059,-0.006681138965144687,-0.9999602984206254,0.0,0.0,0.3141592653589793
13.033033033033034,0.005958865366982533,-0.00662521743331789,-0.9999602984206254,0.0,0.0,0.3141592653589793
13.063063063063064,0.006021102966230441,-0.00656870623263167,-0.9999602984206254,0.0,0.0,0.3141592653589793
13.093093093093094,0.0060828046650412216,-0.006511610392791932,-0.9999602984206254,0.0,0.0,0.3141592653589793
13.123123123123124,0.006143964971735438,-0.00645393499553963,-0.9999602984206254,0.0,0.0,0.3141592653589793
13.153153153153154,0.006204578442819549,-0.006395685174198468,-0.9999602984206254,0.0,0.0,0.3141592653589793
13.183183183183184,0.00626463968347041,-0.006336866113218023,-0.9999602984206254,0.0,0.0,0.3141592653589793
13.213213213213214,0.006324143348015421,-0.006277483047712307,-0.9999602984206254,0.0,0.0,0.3141592653589793
13.243243243243244,0.006383084140408326,-0.0062175412629938195,-0.9999602984206254,0.0,0.0,0.3141592653589793
13.273273273273274,0.0064414568147005725,-0.006157046094103133,-0.9999602984206254,0.0,0.0,0.3141592653589793
13.303303303303304,0.006499256175508214,-0.006096002925334061,-0.9999602984206254,0.0,0.0,0.3141592653589793
13.333333333333334,0.006556477078474332,-0.006034417189754431,-0.9999602984206254,0.0,0.0,0.3141592653589793
13.363363363363364,0.006613114430726886,-0.005972294368722532,-0.9999602984206254,0.0,0.0,0.3141592653589793
13.393393393393394,0.00666916319133202,-0.0059096399913992365,-0.9999602984206254,0.0,0.0,0.3141592653589793
13.423423423423424,0.006724618371742704,-0.005846459634255899,-0.9999602984206254,0.0,0.0,0.3141592653589793
13.453453453453454,0.006779475036242741,-0.005782758920578015,-0.9999602984206254,0.0,0.0,0.3141592653589793
13.483483483483484,0.006833728302386065,-0.005718543519964744,-0.9999602984206254,0.0,0.0,0.3141592653589793
13.513513513513514,0.0068873733414312995,-0.005653819147824284,-0.9999602984206254,0.0,0.0,0.3141592653589793
13.543543543543544,0.006940405378771527,-0.005588591564865185,-0.9999602984206254,0.0,0.0,0.3141592653589793
13.573573573573574,0.006992819694359251,-0.00552286657658362,-0.9999602984206254,0.0,0.0,0.3141592653589793
13.603603603603604,0.007044611623126488,-0.0054566500327466695,-0.9999602984206254,0.0,0.0,0.3141592653589793
13.633633633633634,0.007095776555399998,-0.0053899478268716865,-0.9999602984206254,0.0,0.0,0.3141592653589793
13.663663663663664,0.007146309937311533,-0.005322765895701733,-0.9999602984206254,0.0,0.0,0.3141592653589793
13.693693693693694,0.007196207271203175,-0.005255110218677206,-0.9999602984206254,0.0,0.0,0.3141592653589793
13.723723723723724,0.0072454641160276285,-0.005186986817403628,-0.9999602984206254,0.0,0.0,0.3141592653589793
13.753753753753754,0.007294076087743493,-0.005118401755115713,-0.9999602984206254,0.0,0.0,0.3141592653589793
13.783783783783784,0.007342038859705464,-0.005049361136137712,-0.9999602984206254,0.0,0.0,0.3141592653589793
13.813813813813814,0.007389348163049412,-0.004979871105340111,-0.9999602984206254,0.0,0.0,0.3141592653589793
13.843843843843844,0.007435999787072335,-0.004909937847592704,-0.9999602984206254,0.0,0.0,0.3141592653589793
13.873873873873874,0.00748198957960712,-0.004839567587214124,-0.9999602984206254,0.0,0.0,0.3141592653589793
13.903903903903904,0.007527313447392107,-0.004768766587417863,-0.9999602984206254,0.0,0.0,0.3141592653589793
13.933933933933934,0.007571967356435406,-0.004697541149754804,-0.9999602984206254,0.0,0.0,0.3141592653589793
13.963963963963964,0.0076159473323739275,-0.004625897613552376,-0.9999602984206254,0.0,0.0,0.3141592653589793
13.993993993993994,0.00765924946082712,-0.004553842355350323,-0.9999602984206254,0.0,0.0,0.3141592653589793
14.024024024024024,0.007701869887745372,-0.004481381788333168,-0.9999602984206254,0.0,0.0,0.3141592653589793
14.054054054054054,0.0077438048197530284,-0.004408522361759425,-0.9999602984206254,0.0,0.0,0.3141592653589793
14.084084084084084,0.007785050524486013,-0.004335270560387574,-0.9999602984206254,0.0,0.0,0.3141592653589793
14.114114114114114,0.00782560333092403,-0.004261632903898912,-0.9999602984206254,0.0,0.0,0.3141592653589793
14.144144144144144,0.007865459629717299,-0.004187615946317259,-0.9999602984206254,0.0,0.0,0.3141592653589793
14.174174174174174,0.00790461587350778,-0.004113226275425649,-0.9999602984206254,0.0,0.0,0.3141592653589793
14.204204204204204,0.007943068577244942,-0.00403847051217997,-0.9999602984206254,0.0,0.0,0.3141592653589793
14.234234234234235,0.0079808143184959,-0.003963355310119685,-0.9999602984206254,0.0,0.0,0.3141592653589793
14.264264264264265,0.008017849737750061,-0.003887887354775642,-0.9999602984206254,0.0,0.0,0.3141592653589793
14.294294294294295,0.008054171538718102,-0.0038120733630750392,-0.9999602984206254,0.0,0.0,0.3141592653589793
14.324324324324325,0.00808977648862539,-0.0037359200827435848,-0.9999602984206254,0.0,0.0,0.3141592653589793
14.354354354354355,0.008124661418499662,-0.0036594342917049332,-0.9999602984206254,0.0,0.0,0.3141592653589793
14.384384384384385,0.008158823223453127,-0.00358262279747742,-0.9999602984206254,0.0,0.0,0.3141592653589793
14.414414414414415,0.00819225886295876,-0.0035054924365681716,-0.9999602984206254,0.0,0.0,0.3141592653589793
14.444444444444445,0.008224965361120964,-0.003428050073864628,-0.9999602984206254,0.0,0.0,0.3141592653589793
14.474474474474475,0.008256939806940419,-0.0033503026020235433,-0.9999602984206254,0.0,0.0,0.3141592653589793
14.504504504504505,0.008288179354573167,-0.003272256940857512,-0.9999602984206254,0.0,0.0,0.3141592653589793
14.534534534534535,0.008318681223583903,-0.003193920036719084,-0.9999602984206254,0.0,0.0,0.3141592653589793
14.564564564564565,0.008348442699193461,-0.003115298861882509,-0.9999602984206254,0.0,0.0,0.3141592653589793
14.594594594594595,0.00837746113252041,-0.0030364004139231816,-0.9999602984206254,0.0,0.0,0.3141592653589793
14.624624624624625,0.008405733940816847,-0.0029572317150948287,-0.9999602984206254,0.0,0.0,0.3141592653589793
14.654654654654655,0.008433258607698248,-0.0028777998117045047,-0.9999602984206254,0.0,0.0,0.3141592653589793
14.684684684684685,0.008460032683367437,-0.0027981117734854457,-0.9999602984206254,0.0,0.0,0.3141592653589793
14.714714714714715,0.008486053784832637,-0.0027181746929678327,-0.9999602984206254,0.0,0.0,0.3141592653589793
14.744744744744745,0.00851131959611956,-0.0026379956848475348,-0.9999602984206254,0.0,0.0,0.3141592653589793
14.774774774774775,0.008535827868477546,-0.0025575818853528698,-0.9999602984206254,0.0,0.0,0.3141592653589793
14.804804804804805,0.008559576420579687,-0.0024769404516094573,-0.9999602984206254,0.0,0.0,0.3141592653589793
14.834834834834835,0.008582563138717003,-0.002396078561003208,-0.9999602984206254,0.0,0.0,0.3141592653589793
14.864864864864865,0.008604785976986539,-0.0023150034105415074,-0.9999602984206254,0.0,0.0,0.3141592653589793
14.894894894894895,0.008626242957473494,-0.0022337222162126576,-0.9999602984206254,0.0,0.0,0.3141592653589793
14.924924924924925,0.008646932170427222,-0.0021522422123436287,-0.9999602984206254,0.0,0.0,0.3141592653589793
14.954954954954955,0.008666851774431243,-0.0020705706509561764,-0.9999602984206254,0.0,0.0,0.3141592653589793
14.984984984984985,0.008685999996567108,-0.0019887148011213775,-0.9999602984206254,0.0,0.0,0.3141592653589793
15.015015015015015,0.008704375132572217,-0.0019066819483126698,-0.9999602984206254,0.0,0.0,0.3141592653589793
15.045045045045045,0.008721975546991497,-0.0018244793937574055,-0.9999602984206254,0.0,0.0,0.3141592653589793
15.075075075075075,0.008738799673322951,-0.0017421144537870233,-0.9999602984206254,0.0,0.0,0.3141592653589793
15.105105105105105,0.008754846014157106,-0.0016595944591858622,-0.9999602984206254,0.0,0.0,0.3141592653589793
15.135135135135135,0.008770113141310265,-0.001576926754538698,-0.9999602984206254,0.0,0.0,0.3141592653589793
15.165165165165165,0.008784599695951642,-0.0014941186975770473,-0.9999602984206254,0.0,0.0,0.3141592653589793
15.195195195195195,0.008798304388724277,-0.0014111776585243017,-0.9999602984206254,0.0,0.0,0.3141592653589793
15.225225225225225,0.008811225999859824,-0.0013281110194397494,-0.9999602984206254,0.0,0.0,0.3141592653589793
15.255255255255255,0.008823363379287085,-0.0012449261735615479,-0.9999602984206254,0.0,0.0,0.3141592653589793
15.285285285285285,0.008834715446734401,-0.0011616305246486959,-0.9999602984206254,0.0,0.0,0.3141592653589793
15.315315315315315,0.008845281191825769,-0.0010782314863220716,-0.9999602984206254,0.0,0.0,0.3141592653589793
15.345345345345345,0.008855059674170798,-0.0009947364814045945,-0.9999602984206254,0.0,0.0,0.3141592653589793
15.375375375375375,0.008864050023448384,-0.0009111529412605654,-0.9999602984206254,0.0,0.0,0.3141592653589793
15.405405405405405,0.00887225143948418,-0.0008274883051342469,-0.9999602984206254,0.0,0.0,0.3141592653589793
15.435435435435435,0.008879663192321823,-0.0007437500194877449,-0.9999602984206254,0.0,0.0,0.3141592653589793
15.465465465465465,0.008886284622287898,-0.000659945537338245,-0.9999602984206254,0.0,0.0,0.3141592653589793
15.495495495495495,0.008892115140050637,-0.0005760823175946657,-0.9999602984206254,0.0,0.0,0.3141592653589793
15.525525525525525,0.0088971542266724,-0.0004921678243937894,-0.9999602984206254,0.0,0.0,0.3141592653589793
15.555555555555555,0.008901401433655825,-0.0004082095264359258,-0.9999602984206254,0.0,0.0,0.3141592653589793
15.585585585585585,0.008904856382983784,-0.00032421489632016964,-0.9999602984206254,0.0,0.0,0.3141592653589793
15.615615615615615,0.008907518767153018,-0.00024019140987931233,-0.9999602984206254,0.0,0.0,0.3141592653589793
15.645645645645645,0.00890938834920147,-0.00015614654551446495,-0.9999602984206254,0.0,0.0,0.3141592653589793
15.675675675675675,0.00891046496272943,-7.208778352945283e-05,-0.9999602984206254,0.0,0.0,0.3141592653589793
15.705705705705705,0.008910748511914314,1.197739453495889e-05,-0.9999602984206254,0.0,0.0,0.3141592653589793
15.735735735735735,0.008910238971519189,9.604150656695043e-05,-0.9999602984206254,0.0,0.0,0.3141592653589793
15.765765765765765,0.008908936386895041,0.0001800970705495829,-0.9999602984206254,0.0,0.0,0.3141592653589793
15.795795795795796,0.008906840873976717,0.0002641366052267255,-0.9999602984206254,0.0,0.0,0.3141592653589793
15.825825825825826,0.008903952619272617,0.0003481526307689144,-0.9999602984206254,0.0,0.0,0.3141592653589793
15.855855855855856,0.00890027187984809,0.0004321376694390862,-0.9999602984206254,0.0,0.0,0.3141592653589793
15.885885885885886,0.008895798983302571,0.0005160842462581239,-0.9999602984206254,0.0,0.0,0.3141592653589793
15.915915915915916,0.0088905343277404,0.000599984889670157,-0.9999602984206254,0.0,0.0,0.3141592653589793
15.945945945945946,0.008884478381735386,0.0006838321322075584,-0.9999602984206254,0.0,0.0,0.3141592653589793
15.975975975975976,0.008877631684289128,0.0007676185111555764,-0.9999602984206254,0.0,0.0,0.3141592653589793
16.006006006006007,0.008869994844783024,0.0008513365692165493,-0.9999602984206254,0.0,0.0,0.3141592653589793
16.036036036036037,0.00886156854292405,0.0009349788551736111,-0.9999602984206254,0.0,0.0,0.3141592653589793
16.066066066066067,0.008852353528684236,0.001018537924553909,-0.9999602984206254,0.0,0.0,0.3141592653589793
16.096096096096097,0.008842350622233937,0.0011020063402911687,-0.9999602984206254,0.0,0.0,0.3141592653589793
16.126126126126128,0.008831560713868826,0.0011853766733876253,-0.9999602984206254,0.0,0.0,0.3141592653589793
16.156156156156158,0.008819984763930668,0.0012686415035752313,-0.9999602984206254,0.0,0.0,0.3141592653589793
16.186186186186188,0.008807623802721829,0.0013517934199760873,-0.9999602984206254,0.0,0.0,0.3141592653589793
16.216216216216218,0.008794478930413569,0.0014348250217620406,-0.9999602984206254,0.0,0.0,0.3141592653589793
16.246246246246248,0.008780551316948161,0.0015177289188133842,-0.9999602984206254,0.0,0.0,0.3141592653589793
16.276276276276278,0.008765842201934725,0.001600497732376604,-0.9999602984206254,0.0,0.0,0.3141592653589793
16.306306306306308,0.008750352894538906,0.0016831240957211162,-0.9999602984206254,0.0,0.0,0.3141592653589793
16.336336336336338,0.00873408477336636,0.0017656006547949329,-0.9999602984206254,0.0,0.0,0.3141592653589793
16.366366366366368,0.008717039286340052,0.0018479200688792023,-0.9999602984206254,0.0,0.0,0.3141592653589793
16.396396396396398,0.008699217950571379,0.0019300750112415566,-0.9999602984206254,0.0,0.0,0.3141592653589793
16.426426426426428,0.008680622352225146,0.0020120581697882192,-0.9999602984206254,0.0,0.0,0.3141592653589793
16.456456456456458,0.0086612541463784,0.002093862247714809,-0.9999602984206254,0.0,0.0,0.3141592653589793
16.486486486486488,0.008641115056873105,0.002175479964155782,-0.9999602984206254,0.0,0.0,0.3141592653589793
16.516516516516518,0.008620206876162724,0.002256904054832458,-0.9999602984206254,0.0,0.0,0.3141592653589793
16.546546546546548,0.008598531465152685,0.0023381272726995645,-0.9999602984206254,0.0,0.0,0.3141592653589793
16.576576576576578,0.008576090753034752,0.0024191423885902516,-0.9999602984206254,0.0,0.0,0.3141592653589793
16.606606606606608,0.008552886737115309,0.002499942191859516,-0.9999602984206254,0.0,0.0,0.3141592653589793
16.636636636636638,0.008528921482637612,0.0025805194910259724,-0.9999602984206254,0.0,0.0,0.3141592653589793
16.666666666666668,0.008504197122597963,0.0026608671144119256,-0.9999602984206254,0.0,0.0,0.3141592653589793
16.696696696696698,0.008478715857555863,0.0027409779107816765,-0.9999602984206254,0.0,0.0,0.3141592653589793
16.726726726726728,0.008452479955438161,0.0028208447499780023,-0.9999602984206254,0.0,0.0,0.3141592653589793
16.756756756756758,0.0084254917513372,0.002900460523556773,-0.9999602984206254,0.0,0.0,0.3141592653589793
16.786786786786788,0.008397753647302967,0.002979818145419627,-0.9999602984206254,0.0,0.0,0.3141592653589793
16.816816816816818,0.008369268112129343,0.0030589105524446605,-0.9999602984206254,0.0,0.0,0.3141592653589793
16.846846846846848,0.008340037681134328,0.0031377307051150727,-0.9999602984206254,0.0,0.0,0.3141592653589793
16.876876876876878,0.0083100649559344,0.0032162715881457037,-0.9999602984206254,0.0,0.0,0.3141592653589793
16.906906906906908,0.008279352604212989,0.0032945262111074287,-0.9999602984206254,0.0,0.0,0.3141592653589793
16.936936936936938,0.008247903359483003,0.003372487609049326,-0.9999602984206254,0.0,0.0,0.3141592653589793
16.966966966966968,0.008215720020843562,0.0034501488431185868,-0.9999602984206254,0.0,0.0,0.3141592653589793
16.996996996996998,0.008182805452730849,0.0035275030011780945,-0.9999602984206254,0.0,0.0,0.3141592653589793
17.027027027027028,0.008149162584663196,0.0036045431984216367,-0.9999602984206254,0.0,0.0,0.3141592653589793
17.057057057057058,0.008114794410980303,0.0036812625779866727,-0.9999602984206254,0.0,0.0,0.3141592653589793
17.087087087087088,0.008079703990576765,0.003757654311564621,-0.9999602984206254,0.0,0.0,0.3141592653589793
17.117117117117118,0.0080438944466298,0.0038337116000086084,-0.9999602984206254,0.0,0.0,0.3141592653589793
17.147147147147148,0.008007368966321284,0.003909427673938612,-0.9999602984206254,0.0,0.0,0.3141592653589793
17.177177177177178,0.00797013080055409,0.0039847957943439675,-0.9999602984206254,0.0,0.0,0.3141592653589793
17.207207207207208,0.007932183263662716,0.004059809253183156,-0.9999602984206254,0.0,0.0,0.3141592653589793
17.237237237237238,0.007893529733118309,0.004134461373980854,-0.9999602984206254,0.0,0.0,0.3141592653589793
17.26726726726727,0.007854173649228084,0.004208745512422161,-0.9999602984206254,0.0,0.0,0.3141592653589793
17.2972972972973,0.007814118514829091,0.004282655056943964,-0.9999602984206254,0.0,0.0,0.3141592653589793
17.32732732732733,0.0077733678949764625,0.004356183429323391,-0.9999602984206254,0.0,0.0,0.3141592653589793
17.35735735735736,0.00773192541662611,0.00442932408526331,-0.9999602984206254,0.0,0.0,0.3141592653589793
17.38738738738739,0.007689794768311909,0.0045020705149747845,-0.9999602984206254,0.0,0.0,0.3141592653589793
17.41741741741742,0.007646979699817408,0.004574416243756467,-0.9999602984206254,0.0,0.0,0.3141592653589793
17.44744744744745,0.007603484021842082,0.0046463548325708735,-0.9999602984206254,0.0,0.0,0.3141592653589793
17.47747747747748,0.007559311605662171,0.004717879878617487,-0.9999602984206254,0.0,0.0,0.3141592653589793
17.50750750750751,0.007514466382786118,0.004788985015902626,-0.9999602984206254,0.0,0.0,0.3141592653589793
17.53753753753754,0.007468952344604647,0.004859663915806043,-0.9999602984206254,0.0,0.0,0.3141592653589793
17.56756756756757,0.007422773542035521,0.004929910287644191,-0.9999602984206254,0.0,0.0,0.3141592653589793
17.5975975975976,0.0073759340851629945,0.00499971787923012,-0.9999602984206254,0.0,0.0,0.3141592653589793
17.62762762762763,0.007328438142871993,0.0050690804774299525,-0.9999602984206254,0.0,0.0,0.3141592653589793
17.65765765765766,0.007280289942477081,0.005137991908715859,-0.9999602984206254,0.0,0.0,0.3141592653589793
17.68768768768769,0.007231493769346198,0.005206446039715546,-0.9999602984206254,0.0,0.0,0.3141592653589793
17.71771771771772,0.007182053966519259,0.0052744367777581265,-0.9999602984206254,0.0,0.0,0.3141592653589793
17.74774774774775,0.0071319749343216055,0.0053419580714164075,-0.9999602984206254,0.0,0.0,0.3141592653589793
17.77777777777778,0.0070812611299723525,0.005409003911045475,-0.9999602984206254,0.0,0.0,0.3141592653589793
17.80780780780781,0.007029917067187686,0.0054755683293175915,-0.9999602984206254,0.0,0.0,0.3141592653589793
17.83783783783784,0.006977947315779124,0.005541645401753299,-0.9999602984206254,0.0,0.0,0.3141592653589793
17.86786786786787,0.006925356501246786,0.005607229247248718,-0.9999602984206254,0.0,0.0,0.3141592653589793
17.8978978978979,0.006872149304367712,0.005672314028598993,-0.9999602984206254,0.0,0.0,0.3141592653589793
17.92792792792793,0.006818330460779247,0.005736893953017821,-0.9999602984206254,0.0,0.0,0.3141592653589793
17.95795795795796,0.006763904760557555,0.005800963272653038,-0.9999602984206254,0.0,0.0,0.3141592653589793
17.98798798798799,0.006708877047791284,0.0058645162850981935,-0.9999602984206254,0.0,0.0,0.3141592653589793
18.01801801801802,0.006653252220150427,0.005927547333900085,-0.9999602984206254,0.0,0.0,0.3141592653589793
18.04804804804805,0.0065970352284504125,0.0059900508090622055,-0.9999602984206254,0.0,0.0,0.3141592653589793
18.07807807807808,0.006540231076211459,0.006052021147544057,-0.9999602984206254,0.0,0.0,0.3141592653589793
18.10810810810811,0.006482844819213243,0.006113452833756274,-0.9999602984206254,0.0,0.0,0.3141592653589793
18.13813813813814,0.006424881565044919,0.006174340400051534,-0.9999602984206254,0.0,0.0,0.3141592653589793
18.16816816816817,0.0063663464726505265,0.006234678427211207,-0.9999602984206254,0.0,0.0,0.3141592653589793
18.1981981981982,0.006307244751869817,0.00629446154492767,-0.9999602984206254,0.0,0.0,0.3141592653589793
18.22822822822823,0.006247581662974573,0.006353684432282304,-0.9999602984206254,0.0,0.0,0.3141592653589793
18.25825825825826,0.006187362516200408,0.006412341818219051,-0.9999602984206254,0.0,0.0,0.3141592653589793
18.28828828828829,0.006126592671274143,0.006470428482013584,-0.9999602984206254,0.0,0.0,0.3141592653589793
18.31831831831832,0.006065277536936779,0.006527939253737951,-0.9999602984206254,0.0,0.0,0.3141592653589793
18.34834834834835,0.006003422570462083,0.006584869014720727,-0.9999602984206254,0.0,0.0,0.3141592653589793
18.37837837837838,0.005941033277170891,0.006641212698002588,-0.9999602984206254,0.0,0.0,0.3141592653589793
18.40840840840841,0.005878115209941091,0.006696965288787298,-0.9999602984206254,0.0,0.0,0.3141592653589793
18.43843843843844,0.0058146739687134075,0.006752121824888039,-0.9999602984206254,0.0,0.0,0.3141592653589793
18.46846846846847,0.005750715199992994,0.006806677397169066,-0.9999602984206254,0.0,0.0,0.3141592653589793
18.4984984984985,0.005686244596346863,0.006860627149982633,-0.9999602984206254,0.0,0.0,0.3141592653589793
18.52852852852853,0.005621267895897226,0.006913966281601171,-0.9999602984206254,0.0,0.0,0.3141592653589793
18.55855855855856,0.005555790881810784,0.006966690044644651,-0.9999602984206254,0.0,0.0,0.3141592653589793
18.58858858858859,0.005489819381784,0.0070187937465031325,-0.9999602984206254,0.0,0.0,0.3141592653589793
18.61861861861862,0.005423359267524418,0.007070272749754407,-0.9999602984206254,0.0,0.0,0.3141592653589793
18.64864864864865,0.005356416454228054,0.007121122472576754,-0.9999602984206254,0.0,0.0,0.3141592653589793
18.67867867867868,0.005288996900052929,0.007171338389156743,-0.9999602984206254,0.0,0.0,0.3141592653589793
18.70870870870871,0.005221106605588754,0.007220916030092041,-0.9999602984206254,0.0,0.0,0.3141592653589793
18.73873873873874,0.00515275161332288,0.007269850982789208,-0.9999602984206254,0.0,0.0,0.3141592653589793
18.76876876876877,0.005083938007102475,0.007318138891856431,-0.9999602984206254,0.0,0.0,0.3141592653589793
18.7987987987988,0.005014671911593047,0.007365775459491182,-0.9999602984206254,0.0,0.0,0.3141592653589793
18.82882882882883,0.004944959491733322,0.007412756445862721,-0.9999602984206254,0.0,0.0,0.3141592653589793
18.85885885885886,0.004874806952186546,0.007459077669489472,-0.9999602984206254,0.0,0.0,0.3141592653589793
18.88888888888889,0.004804220536788247,0.0075047350076111845,-0.9999602984206254,0.0,0.0,0.3141592653589793
18.91891891891892,0.004733206527990509,0.007549724396555867,-0.9999602984206254,0.0,0.0,0.3141592653589793
18.94894894894895,0.004661771246302803,0.007594041832101485,-0.9999602984206254,0.0,0.0,0.3141592653589793
18.97897897897898,0.0045899210497294535,0.007637683369832331,-0.9999602984206254,0.0,0.0,0.3141592653589793
19.00900900900901,0.004517662333203745,0.007680645125490109,-0.9999602984206254,0.0,0.0,0.3141592653589793
19.03903903903904,0.004445001528018747,0.007722923275319645,-0.9999602984206254,0.0,0.0,0.3141592653589793
19.06906906906907,0.004371945101254899,0.007764514056409208,-0.9999602984206254,0.0,0.0,0.3141592653589793
19.0990990990991,0.00429849955520444,0.007805413767025433,-0.9999602984206254,0.0,0.0,0.3141592653589793
19.12912912912913,0.004224671426792648,0.007845618766942777,-0.9999602984206254,0.0,0.0,0.3141592653589793
19.15915915915916,0.004150467286996062,0.007885125477767525,-0.9999602984206254,0.0,0.0,0.3141592653589793
19.18918918918919,0.004075893740257615,0.007923930383256261,-0.9999602984206254,0.0,0.0,0.3141592653589793
19.21921921921922,0.0040009574238988295,0.007962030029628864,-0.9999602984206254,0.0,0.0,0.3141592653589793
19.24924924924925,0.003925665007529062,0.007999421025875862,-0.9999602984206254,0.0,0.0,0.3141592653589793
19.27927927927928,0.00385002319245189,0.008036100044060274,-0.9999602984206254,0.0,0.0,0.3141592653589793
19.30930930930931,0.0037740387110686687,0.008072063819613798,-0.9999602984206254,0.0,0.0,0.3141592653589793
19.33933933933934,0.003697718326279321,0.008107309151627377,-0.9999602984206254,0.0,0.0,0.3141592653589793
19.36936936936937,0.0036210688308804164,0.008141832903136083,-0.9999602984206254,0.0,0.0,0.3141592653589793
19.3993993993994,0.0035440970469605856,0.008175632001398312,-0.9999602984206254,0.0,0.0,0.3141592653589793
19.42942942942943,0.0034668098252933284,0.008208703438169304,-0.9999602984206254,0.0,0.0,0.3141592653589793
19.45945945945946,0.0033892140447272724,0.008241044269968845,-0.9999602984206254,0.0,0.0,0.3141592653589793
19.48948948948949,0.0033113166115739307,0.008272651618343266,-0.9999602984206254,0.0,0.0,0.3141592653589793
19.51951951951952,0.0032331244589930094,0.00830352267012164,-0.9999602984206254,0.0,0.0,0.3141592653589793
19.54954954954955,0.003154644546375334,0.008333654677666169,-0.9999602984206254,0.0,0.0,0.3141592653589793
19.57957957957958,0.0030758838587234393,0.008363044959116715,-0.9999602984206254,0.0,0.0,0.3141592653589793
19.60960960960961,0.0029968494060298753,0.008391690898629503,-0.9999602984206254,0.0,0.0,0.3141592653589793
19.63963963963964,0.0029175482226532945,0.008419589946609957,-0.9999602984206254,0.0,0.0,0.3141592653589793
19.66966966966967,0.0028379873666923693,0.008446739619939603,-0.9999602984206254,0.0,0.0,0.3141592653589793
19.6996996996997,0.0027581739193575875,0.008473137502197074,-0.9999602984206254,0.0,0.0,0.3141592653589793
19.72972972972973,0.0026781149843410064,0.008498781243873207,-0.9999602984206254,0.0,0.0,0.3141592653589793
19.75975975975976,0.002597817687183995,0.008523668562580132,-0.9999602984206254,0.0,0.0,0.3141592653589793
19.78978978978979,0.002517289174643034,0.00854779724325442,-0.9999602984206254,0.0,0.0,0.3141592653589793
19.81981981981982,0.0024365366140536283,0.008571165138354236,-0.9999602984206254,0.0,0.0,0.3141592653589793
19.84984984984985,0.002355567192692389,0.00859377016805047,-0.9999602984206254,0.0,0.0,0.3141592653589793
19.87987987987988,0.002274388117137338,0.008615610320411865,-0.9999602984206254,0.0,0.0,0.3141592653589793
19.90990990990991,0.0021930066126264955,0.008636683651584062,-0.9999602984206254,0.0,0.0,0.3141592653589793
19.93993993993994,0.0021114299224148066,0.008656988285962635,-0.9999602984206254,0.0,0.0,0.3141592653589793
19.96996996996997,0.002029665307129468,0.00867652241636002,-0.9999602984206254,0.0,0.0,0.3141592653589793
20.0,0.0019477200441237017,0.008695284304166351,-0.9999602984206254,0.0,0.0,0.3141592653589793
20.03003003003003,0.0018656014268290447,0.0087132722795042,-0.9999602984206254,0.0,0.0,0.3141592653589793
20.06006006006006,0.0017833167641062076,0.00873048474137723,-0.9999602984206254,0.0,0.0,0.3141592653589793
20.09009009009009,0.0017008733795945594,0.008746920157812662,-0.9999602984206254,0.0,0.0,0.3141592653589793
20.12012012012012,0.0016182786110602938,0.008762577065997635,-0.9999602984206254,0.0,0.0,0.3141592653589793
20.15015015015015,0.0015355398097433432,0.008777454072409395,-0.9999602984206254,0.0,0.0,0.3141592653589793
20.18018018018018,0.0014526643397030897,0.00879154985293935,-0.9999602984206254,0.0,0.0,0.3141592653589793
20.21021021021021,0.0013696595771629393,0.008804863153010881,-0.9999602984206254,0.0,0.0,0.3141592653589793
20.24024024024024,0.0012865329098538068,0.008817392787691041,-0.9999602984206254,0.0,0.0,0.3141592653589793
20.27027027027027,0.0012032917363565831,0.00882913764179599,-0.9999602984206254,0.0,0.0,0.3141592653589793
20.3003003003003,0.0011199434654436326,0.008840096669990267,-0.9999602984206254,0.0,0.0,0.3141592653589793
20.33033033033033,0.001036495515419388,0.008850268896879824,-0.9999602984206254,0.0,0.0,0.3141592653589793
20.36036036036036,0.0009529553134600891,0.008859653417098838,-0.9999602984206254,0.0,0.0,0.3141592653589793
20.39039039039039,0.0008693302949527407,0.008868249395390292,-0.9999602984206254,0.0,0.0,0.3141592653589793
20.42042042042042,0.0007856279028333344,0.00887605606668033,-0.9999602984206254,0.0,0.0,0.3141592653589793
20.45045045045045,0.0007018555869243984,0.008883072736146316,-0.9999602984206254,0.0,0.0,0.3141592653589793
20.48048048048048,0.0006180208032719374,0.00888929877927872,-0.9999602984206254,0.0,0.0,0.3141592653589793
20.51051051051051,0.0005341310134818163,0.008894733641936665,-0.9999602984206254,0.0,0.0,0.3141592653589793
20.54054054054054,0.00045019368405564957,0.008899376840397271,-0.9999602984206254,0.0,0.0,0.3141592653589793
20.57057057057057,0.0003662162857262551,0.008903227961398705,-0.9999602984206254,0.0,0.0,0.3141592653589793
20.6006006006006,0.00028220629279273175,0.008906286662176946,-0.9999602984206254,0.0,0.0,0.3141592653589793
20.63063063063063,0.0001981711824552187,0.00890855267049632,-0.9999602984206254,0.0,0.0,0.3141592653589793
20.66066066066066,0.0001141184341493965,0.008910025784673698,-0.9999602984206254,0.0,0.0,0.3141592653589793
20.69069069069069,3.0055528880790582e-05,0.008910705873596467,-0.9999602984206254,0.0,0.0,0.3141592653589793
20.72072072072072,-5.40100514410665e-05,0.008910592876734203,-0.9999602984206254,0.0,0.0,0.3141592653589793
20.75075075075075,-0.00013807082466855248,0.00890968680414403,-0.9999602984206254,0.0,0.0,0.3141592653589793
20.78078078078078,-0.00022211930908189442,0.008907987736469778,-0.9999602984206254,0.0,0.0,0.3141592653589793
20.81081081081081,-0.00030614802405506936,0.008905495824934743,-0.9999602984206254,0.0,0.0,0.3141592653589793
20.84084084084084,-0.0003901494907216072,0.008902211291328272,-0.9999602984206254,0.0,0.0,0.3141592653589793
20.87087087087087,-0.0004741162326402384,0.00889813442798601,-0.9999602984206254,0.0,0.0,0.3141592653589793
20.9009009009009,-0.0005580407764603243,0.008893265597763872,-0.9999602984206254,0.0,0.0,0.3141592653589793
20.93093093093093,-0.000641915652587013,0.008887605234005766,-0.9999602984206254,0.0,0.0,0.3141592653589793
20.96096096096096,-0.000725733395846061,0.008881153840504995,-0.9999602984206254,0.0,0.0,0.3141592653589793
20.99099099099099,-0.0008094865461482617,0.008873911991459451,-0.9999602984206254,0.0,0.0,0.3141592653589793
21.02102102102102,-0.0008931676491534208,0.008865880331420483,-0.9999602984206254,0.0,0.0,0.3141592653589793
21.05105105105105,-0.0009767692569338188,0.008857059575235554,-0.9999602984206254,0.0,0.0,0.3141592653589793
21.08108108108108,-0.0010602839286371066,0.00884745050798459,-0.9999602984206254,0.0,0.0,0.3141592653589793
21.11111111111111,-0.0011437042311485657,0.008837053984910113,-0.9999602984206254,0.0,0.0,0.3141592653589793
21.14114114114114,-0.0012270227397526876,0.008825870931341146,-0.9999602984206254,0.0,0.0,0.3141592653589793
21.17117117117117,-0.0013102320387939957,0.008813902342610822,-0.9999602984206254,0.0,0.0,0.3141592653589793
21.2012012012012,-0.0013933247223370693,0.00880114928396781,-0.9999602984206254,0.0,0.0,0.3141592653589793
21.23123123123123,-0.0014762933948256982,0.008787612890481505,-0.9999602984206254,0.0,0.0,0.3141592653589793
21.26126126126126,-0.001559130671741116,0.008773294366941,-0.9999602984206254,0.0,0.0,0.3141592653589793
21.29129129129129,-0.0016418291802592466,0.008758194987747861,-0.9999602984206254,0.0,0.0,0.3141592653589793
21.32132132132132,-0.0017243815599069165,0.008742316096802693,-0.9999602984206254,0.0,0.0,0.3141592653589793
21.35135135135135,-0.0018067804632169596,0.008725659107385528,-0.9999602984206254,0.0,0.0,0.3141592653589793
21.38138138138138,-0.001889018556382174,0.008708225502030039,-0.9999602984206254,0.0,0.0,0.3141592653589793
21.41141141141141,-0.0019710885199080543,0.00869001683239159,-0.9999602984206254,0.0,0.0,0.3141592653589793
21.44144144144144,-0.002052983049264255,0.00867103471910914,-0.9999602984206254,0.0,0.0,0.3141592653589793
21.47147147147147,-0.00213469485553472,0.008651280851660987,-0.9999602984206254,0.0,0.0,0.3141592653589793
21.5015015015015,-0.002216216666066428,0.008630756988214408,-0.9999602984206254,0.0,0.0,0.3141592653589793
21.53153153153153,-0.0022975412251166763,0.008609464955469168,-0.9999602984206254,0.0,0.0,0.3141592653589793
21.56156156156156,-0.0023786612944988743,0.008587406648494953,-0.9999602984206254,0.0,0.0,0.3141592653589793
21.59159159159159,-0.0024595696542267695,0.008564584030562674,-0.9999602984206254,0.0,0.0,0.3141592653589793
21.62162162162162,-0.002540259103157054,0.008540999132969759,-0.9999602984206254,0.0,0.0,0.3141592653589793
21.65165165165165,-0.0026207224596302868,0.008516654054859324,-0.9999602984206254,0.0,0.0,0.3141592653589793
21.68168168168168,-0.0027009525621100937,0.008491550963033391,-0.9999602984206254,0.0,0.0,0.3141592653589793
21.71171171171171,-0.002780942269820567,0.008465692091759989,-0.9999602984206254,0.0,0.0,0.3141592653589793
21.74174174174174,-0.002860684463381827,0.00843907974257432,-0.9999602984206254,0.0,0.0,0.3141592653589793
21.77177177177177,-0.0029401720454436636,0.008411716284073901,-0.9999602984206254,0.0,0.0,0.3141592653589793
21.8018018018018,-0.0030193979413172356,0.00838360415170776,-0.9999602984206254,0.0,0.0,0.3141592653589793
21.83183183183183,-0.0030983550996047395,0.008354745847559677,-0.9999602984206254,0.0,0.0,0.3141592653589793
21.86186186186186,-0.003177036492827013,0.008325143940125469,-0.9999602984206254,0.0,0.0,0.3141592653589793
21.89189189189189,-0.0032554351180490017,0.008294801064084398,-0.9999602984206254,0.0,0.0,0.3141592653589793
21.92192192192192,-0.0033335439975030494,0.008263719920064678,-0.9999602984206254,0.0,0.0,0.3141592653589793
21.95195195195195,-0.0034113561792099467,0.0082319032744031,-0.9999602984206254,0.0,0.0,0.3141592653589793
21.98198198198198,-0.0034888647375976786,0.008199353958898824,-0.9999602984206254,0.0,0.0,0.3141592653589793
22.01201201201201,-0.0035660627741178333,0.008166074870561339,-0.9999602984206254,0.0,0.0,0.3141592653589793
22.04204204204204,-0.0036429434178595916,0.008132068971352607,-0.9999602984206254,0.0,0.0,0.3141592653589793
22.07207207207207,-0.0037194998261612633,0.00809733928792345,-0.9999602984206254,0.0,0.0,0.3141592653589793
22.1021021021021,-0.003795725185219316,0.008061888911344173,-0.9999602984206254,0.0,0.0,0.3141592653589793
22.13213213213213,-0.0038716127106948185,0.00802572099682942,-0.9999602984206254,0.0,0.0,0.3141592653589793
22.16216216216216,-0.003947155648317286,0.007988838763457382,-0.9999602984206254,0.0,0.0,0.3141592653589793
22.19219219219219,-0.004022347274485821,0.007951245493883263,-0.9999602984206254,0.0,0.0,0.3141592653589793
22.22222222222222,-0.004097180896867548,0.007912944534047114,-0.9999602984206254,0.0,0.0,0.3141592653589793
22.25225225225225,-0.004171649854993252,0.007873939292876041,-0.9999602984206254,0.0,0.0,0.3141592653589793
22.28228228228228,-0.004245747520850187,0.007834233241980796,-0.9999602984206254,0.0,0.0,0.3141592653589793
22.31231231231231,-0.004319467299471989,0.007793829915346794,-0.9999602984206254,0.0,0.0,0.3141592653589793
22.34234234234234,-0.0043928026295256585,0.007752732909019559,-0.9999602984206254,0.0,0.0,0.3141592653589793
22.37237237237237,-0.004465746983895543,0.007710945880784685,-0.9999602984206254,0.0,0.0,0.3141592653589793
22.4024024024024,-0.004538293870264266,0.007668472549842258,-0.9999602984206254,0.0,0.0,0.3141592653589793
22.43243243243243,-0.00461043683169058,0.0076253166964758475,-0.9999602984206254,0.0,0.0,0.3141592653589793
22.46246246246246,-0.004682169447184047,0.00758148216171605,-0.9999602984206254,0.0,0.0,0.3141592653589793
22.49249249249249,-0.004753485332276534,0.007536972846998607,-0.9999602984206254,0.0,0.0,0.3141592653589793
22.52252252252252,-0.004824378139590462,0.007491792713817175,-0.9999602984206254,0.0,0.0,0.3141592653589793
22.55255255255255,-0.004894841559403732,0.007445945783370737,-0.9999602984206254,0.0,0.0,0.3141592653589793
22.58258258258258,-0.004964869320211326,0.007399436136205703,-0.9999602984206254,0.0,0.0,0.3141592653589793
22.61261261261261,-0.005034455189283486,0.007352267911852712,-0.9999602984206254,0.0,0.0,0.3141592653589793
22.64264264264264,-0.005103592973220452,0.007304445308458219,-0.9999602984206254,0.0,0.0,0.3141592653589793
22.67267267267267,-0.005172276518503702,0.007255972582410832,-0.9999602984206254,0.0,0.0,0.3141592653589793
22.7027027027027,-0.0052404997120436315,0.007206854047962474,-0.9999602984206254,0.0,0.0,0.3141592653589793
22.73273273273273,-0.00530825648172365,0.00715709407684441,-0.9999602984206254,0.0,0.0,0.3141592653589793
22.762762762762762,-0.005375540796940606,0.007106697097878144,-0.9999602984206254,0.0,0.0,0.3141592653589793
22.792792792792792,-0.0054423466691415545,0.00705566759658123,-0.9999602984206254,0.0,0.0,0.3141592653589793
22.822822822822822,-0.005508668152356738,0.007004010114768046,-0.9999602984206254,0.0,0.0,0.3141592653589793
22.852852852852852,-0.00557449934372882,0.0069517292501455686,-0.9999602984206254,0.0,0.0,0.3141592653589793
22.882882882882882,-0.005639834384038244,0.006898829655904142,-0.9999602984206254,0.0,0.0,0.3141592653589793
22.912912912912912,-0.005704667458224737,0.006845316040303339,-0.9999602984206254,0.0,0.0,0.3141592653589793
22.942942942942942,-0.005768992795904868,0.006791193166252911,-0.9999602984206254,0.0,0.0,0.3141592653589793
22.972972972972972,-0.005832804671885629,0.00673646585088885,-0.9999602984206254,0.0,0.0,0.3141592653589793
23.003003003003002,-0.005896097406674011,0.006681138965144675,-0.9999602984206254,0.0,0.0,0.3141592653589793
23.033033033033032,-0.005958865366982484,0.006625217433317878,-0.9999602984206254,0.0,0.0,0.3141592653589793
23.063063063063062,-0.006021102966230393,0.0065687062326316575,-0.9999602984206254,0.0,0.0,0.3141592653589793
23.093093093093092,-0.006082804665041176,0.006511610392791922,-0.9999602984206254,0.0,0.0,0.3141592653589793
23.123123123123122,-0.006143964971735391,0.006453934995539621,-0.9999602984206254,0.0,0.0,0.3141592653589793
23.153153153153152,-0.006204578442819502,0.00639568517419846,-0.9999602984206254,0.0,0.0,0.3141592653589793
23.183183183183182,-0.006264639683470363,0.006336866113218018,-0.9999602984206254,0.0,0.0,0.3141592653589793
23.213213213213212,-0.006324143348015373,0.006277483047712304,-0.9999602984206254,0.0,0.0,0.3141592653589793
23.243243243243242,-0.006383084140408279,0.006217541262993814,-0.9999602984206254,0.0,0.0,0.3141592653589793
23.273273273273272,-0.006441456814700527,0.006157046094103128,-0.9999602984206254,0.0,0.0,0.3141592653589793
23.303303303303302,-0.006499256175508171,0.0060960029253340564,-0.9999602984206254,0.0,0.0,0.3141592653589793
23.333333333333332,-0.006556477078474287,0.00603441718975443,-0.9999602984206254,0.0,0.0,0.3141592653589793
23.363363363363362,-0.006613114430726842,0.005972294368722531,-0.9999602984206254,0.0,0.0,0.3141592653589793
23.393393393393392,-0.006669163191331977,0.005909639991399237,-0.9999602984206254,0.0,0.0,0.3141592653589793
23.423423423423422,-0.006724618371742661,0.005846459634255895,-0.9999602984206254,0.0,0.0,0.3141592653589793
23.453453453453452,-0.0067794750362427,0.0057827589205780095,-0.9999602984206254,0.0,0.0,0.3141592653589793
23.483483483483482,-0.006833728302386027,0.005718543519964738,-0.9999602984206254,0.0,0.0,0.3141592653589793
23.513513513513512,-0.006887373341431264,0.005653819147824281,-0.9999602984206254,0.0,0.0,0.3141592653589793
23.543543543543542,-0.006940405378771493,0.005588591564865184,-0.9999602984206254,0.0,0.0,0.3141592653589793
23.573573573573572,-0.006992819694359215,0.0055228665765836155,-0.9999602984206254,0.0,0.0,0.3141592653589793
23.603603603603602,-0.007044611623126454,0.005456650032746663,-0.9999602984206254,0.0,0.0,0.3141592653589793
23.633633633633632,-0.007095776555399965,0.005389947826871676,-0.9999602984206254,0.0,0.0,0.3141592653589793
23.663663663663662,-0.007146309937311498,0.005322765895701723,-0.9999602984206254,0.0,0.0,0.3141592653589793
23.693693693693692,-0.007196207271203143,0.005255110218677193,-0.9999602984206254,0.0,0.0,0.3141592653589793
23.723723723723722,-0.007245464116027598,0.0051869868174036155,-0.9999602984206254,0.0,0.0,0.3141592653589793
23.753753753753752,-0.007294076087743465,0.005118401755115699,-0.9999602984206254,0.0,0.0,0.3141592653589793
23.783783783783782,-0.007342038859705437,0.005049361136137697,-0.9999602984206254,0.0,0.0,0.3141592653589793
23.813813813813812,-0.007389348163049385,0.004979871105340093,-0.9999602984206254,0.0,0.0,0.3141592653589793
23.843843843843842,-0.007435999787072306,0.004909937847592685,-0.9999602984206254,0.0,0.0,0.3141592653589793
23.873873873873872,-0.007481989579607091,0.004839567587214105,-0.9999602984206254,0.0,0.0,0.3141592653589793
23.903903903903903,-0.00752731344739208,0.0047687665874178425,-0.9999602984206254,0.0,0.0,0.3141592653589793
23.933933933933933,-0.007571967356435377,0.004697541149754785,-0.9999602984206254,0.0,0.0,0.3141592653589793
23.963963963963963,-0.007615947332373895,0.004625897613552355,-0.9999602984206254,0.0,0.0,0.3141592653589793
23.993993993993993,-0.007659249460827086,0.004553842355350301,-0.9999602984206254,0.0,0.0,0.3141592653589793
24.024024024024023,-0.007701869887745337,0.004481381788333149,-0.9999602984206254,0.0,0.0,0.3141592653589793
24.054054054054053,-0.00774380481975299,0.004408522361759405,-0.9999602984206254,0.0,0.0,0.3141592653589793
24.084084084084083,-0.007785050524485974,0.004335270560387558,-0.9999602984206254,0.0,0.0,0.3141592653589793
24.114114114114113,-0.00782560333092399,0.004261632903898896,-0.9999602984206254,0.0,0.0,0.3141592653589793
24.144144144144143,-0.00786545962971725,0.004187615946317247,-0.9999602984206254,0.0,0.0,0.3141592653589793
24.174174174174173,-0.007904615873507733,0.004113226275425642,-0.9999602984206254,0.0,0.0,0.3141592653589793
24.204204204204203,-0.00794306857724489,0.004038470512179968,-0.9999602984206254,0.0,0.0,0.3141592653589793
24.234234234234233,-0.007980814318495847,0.003963355310119686,-0.9999602984206254,0.0,0.0,0.3141592653589793
24.264264264264263,-0.008017849737750013,0.0038878873547756442,-0.9999602984206254,0.0,0.0,0.3141592653589793
24.294294294294293,-0.008054171538718057,0.0038120733630750427,-0.9999602984206254,0.0,0.0,0.3141592653589793
24.324324324324323,-0.008089776488625345,0.003735920082743589,-0.9999602984206254,0.0,0.0,0.3141592653589793
24.354354354354353,-0.008124661418499622,0.003659434291704937,-0.9999602984206254,0.0,0.0,0.3141592653589793
24.384384384384383,-0.00815882322345308,0.0035826227974774254,-0.9999602984206254,0.0,0.0,0.3141592653589793
24.414414414414413,-0.008192258862958714,0.0035054924365681773,-0.9999602984206254,0.0,0.0,0.3141592653589793
24.444444444444443,-0.00822496536112092,0.0034280500738646342,-0.9999602984206254,0.0,0.0,0.3141592653589793
24.474474474474473,-0.008256939806940373,0.00335030260202355,-0.9999602984206254,0.0,0.0,0.3141592653589793
24.504504504504503,-0.008288179354573117,0.003272256940857519,-0.9999602984206254,0.0,0.0,0.3141592653589793
24.534534534534533,-0.008318681223583858,0.003193920036719091,-0.9999602984206254,0.0,0.0,0.3141592653589793
24.564564564564563,-0.008348442699193413,0.003115298861882517,-0.9999602984206254,0.0,0.0,0.3141592653589793
24.594594594594593,-0.008377461132520364,0.0030364004139231903,-0.9999602984206254,0.0,0.0,0.3141592653589793
24.624624624624623,-0.008405733940816798,0.0029572317150948378,-0.9999602984206254,0.0,0.0,0.3141592653589793
24.654654654654653,-0.008433258607698195,0.0028777998117045147,-0.9999602984206254,0.0,0.0,0.3141592653589793
24.684684684684683,-0.008460032683367381,0.002798111773485458,-0.9999602984206254,0.0,0.0,0.3141592653589793
24.714714714714713,-0.00848605378483258,0.0027181746929678457,-0.9999602984206254,0.0,0.0,0.3141592653589793
24.744744744744743,-0.008511319596119503,0.0026379956848475478,-0.9999602984206254,0.0,0.0,0.3141592653589793
24.774774774774773,-0.008535827868477487,0.002557581885352883,-0.9999602984206254,0.0,0.0,0.3141592653589793
24.804804804804803,-0.00855957642057963,0.00247694045160947,-0.9999602984206254,0.0,0.0,0.3141592653589793
24.834834834834833,-0.008582563138716944,0.0023960785610032194,-0.9999602984206254,0.0,0.0,0.3141592653589793
24.864864864864863,-0.008604785976986483,0.0023150034105415196,-0.9999602984206254,0.0,0.0,0.3141592653589793
24.894894894894893,-0.008626242957473437,0.0022337222162126724,-0.9999602984206254,0.0,0.0,0.3141592653589793
24.924924924924923,-0.008646932170427167,0.0021522422123436457,-0.9999602984206254,0.0,0.0,0.3141592653589793
24.954954954954953,-0.008666851774431182,0.0020705706509561933,-0.9999602984206254,0.0,0.0,0.3141592653589793
24.984984984984983,-0.008685999996567047,0.001988714801121396,-0.9999602984206254,0.0,0.0,0.3141592653589793
25.015015015015013,-0.00870437513257216,0.0019066819483126876,-0.9999602984206254,0.0,0.0,0.3141592653589793
25.045045045045043,-0.008721975546991442,0.0018244793937574246,-0.9999602984206254,0.0,0.0,0.3141592653589793
25.075075075075073,-0.008738799673322898,0.0017421144537870423,-0.9999602984206254,0.0,0.0,0.3141592653589793
25.105105105105103,-0.00875484601415706,0.0016595944591858822,-0.9999602984206254,0.0,0.0,0.3141592653589793
25.135135135135133,-0.008770113141310217,0.0015769267545387186,-0.9999602984206254,0.0,0.0,0.3141592653589793
25.165165165165163,-0.008784599695951594,0.0014941186975770682,-0.9999602984206254,0.0,0.0,0.3141592653589793
25.195195195195193,-0.00879830438872423,0.001411177658524323,-0.9999602984206254,0.0,0.0,0.3141592653589793
25.225225225225223,-0.008811225999859777,0.001328111019439771,-0.9999602984206254,0.0,0.0,0.3141592653589793
25.255255255255253,-0.00882336337928704,0.0012449261735615696,-0.9999602984206254,0.0,0.0,0.3141592653589793
25.285285285285283,-0.008834715446734358,0.0011616305246487176,-0.9999602984206254,0.0,0.0,0.3141592653589793
25.315315315315313,-0.00884528119182573,0.001078231486322094,-0.9999602984206254,0.0,0.0,0.3141592653589793
25.345345345345343,-0.008855059674170758,0.000994736481404617,-0.9999602984206254,0.0,0.0,0.3141592653589793
25.375375375375373,-0.008864050023448342,0.0009111529412605883,-0.9999602984206254,0.0,0.0,0.3141592653589793
25.405405405405403,-0.00887225143948414,0.0008274883051342702,-0.9999602984206254,0.0,0.0,0.3141592653589793
25.435435435435434,-0.008879663192321786,0.0007437500194877688,-0.9999602984206254,0.0,0.0,0.3141592653589793
25.465465465465464,-0.008886284622287861,0.0006599455373382686,-0.9999602984206254,0.0,0.0,0.3141592653589793
25.495495495495494,-0.008892115140050607,0.0005760823175946896,-0.9999602984206254,0.0,0.0,0.3141592653589793
25.525525525525524,-0.008897154226672364,0.0004921678243938139,-0.9999602984206254,0.0,0.0,0.3141592653589793
25.555555555555554,-0.008901401433655788,0.00040820952643595053,-0.9999602984206254,0.0,0.0,0.3141592653589793
25.585585585585584,-0.008904856382983752,0.0003242148963201946,-0.9999602984206254,0.0,0.0,0.3141592653589793
25.615615615615614,-0.00890751876715298,0.00024019140987933767,-0.9999602984206254,0.0,0.0,0.3141592653589793
25.645645645645647,-0.008909388349201432,0.00015614654551448072,-0.9999602984206254,0.0,0.0,0.3141592653589793
25.675675675675677,-0.008910464962729394,7.208778352946904e-05,-0.9999602984206254,0.0,0.0,0.3141592653589793
25.705705705705707,-0.00891074851191428,-1.1977394534942332e-05,-0.9999602984206254,0.0,0.0,0.3141592653589793
25.735735735735737,-0.008910238971519154,-9.604150656693358e-05,-0.9999602984206254,0.0,0.0,0.3141592653589793
25.765765765765767,-0.008908936386895003,-0.00018009707054956575,-0.9999602984206254,0.0,0.0,0.3141592653589793
25.795795795795797,-0.008906840873976677,-0.0002641366052267079,-0.9999602984206254,0.0,0.0,0.3141592653589793
25.825825825825827,-0.008903952619272579,-0.00034815263076889643,-0.9999602984206254,0.0,0.0,0.3141592653589793
25.855855855855857,-0.008900271879848053,-0.00043213766943906785,-0.9999602984206254,0.0,0.0,0.3141592653589793
25.885885885885887,-0.008895798983302535,-0.000516084246258105,-0.9999602984206254,0.0,0.0,0.3141592653589793
25.915915915915917,-0.008890534327740358,-0.0005999848896701377,-0.9999602984206254,0.0,0.0,0.3141592653589793
25.945945945945947,-0.008884478381735339,-0.000683832132207539,-0.9999602984206254,0.0,0.0,0.3141592653589793
25.975975975975977,-0.008877631684289082,-0.0007676185111555567,-0.9999602984206254,0.0,0.0,0.3141592653589793
26.006006006006007,-0.00886999484478298,-0.0008513365692165238,-0.9999602984206254,0.0,0.0,0.3141592653589793
26.036036036036037,-0.008861568542924008,-0.0009349788551735856,-0.9999602984206254,0.0,0.0,0.3141592653589793
26.066066066066067,-0.008852353528684192,-0.0010185379245538837,-0.9999602984206254,0.0,0.0,0.3141592653589793
26.096096096096097,-0.008842350622233892,-0.0011020063402911425,-0.9999602984206254,0.0,0.0,0.3141592653589793
26.126126126126128,-0.008831560713868782,-0.0011853766733875982,-0.9999602984206254,0.0,0.0,0.3141592653589793
26.156156156156158,-0.008819984763930627,-0.0012686415035752041,-0.9999602984206254,0.0,0.0,0.3141592653589793
26.186186186186188,-0.008807623802721785,-0.0013517934199760604,-0.9999602984206254,0.0,0.0,0.3141592653589793
26.216216216216218,-0.008794478930413529,-0.0014348250217620134,-0.9999602984206254,0.0,0.0,0.3141592653589793
26.246246246246248,-0.008780551316948123,-0.0015177289188133569,-0.9999602984206254,0.0,0.0,0.3141592653589793
26.276276276276278,-0.008765842201934684,-0.0016004977323765758,-0.9999602984206254,0.0,0.0,0.3141592653589793
26.306306306306308,-0.008750352894538868,-0.0016831240957210884,-0.9999602984206254,0.0,0.0,0.3141592653589793
26.336336336336338,-0.008734084773366324,-0.0017656006547949056,-0.9999602984206254,0.0,0.0,0.3141592653589793
26.366366366366368,-0.00871703928634002,-0.0018479200688791746,-0.9999602984206254,0.0,0.0,0.3141592653589793
26.396396396396398,-0.00869921795057135,-0.0019300750112415286,-0.9999602984206254,0.0,0.0,0.3141592653589793
26.426426426426428,-0.008680622352225118,-0.00201205816978819,-0.9999602984206254,0.0,0.0,0.3141592653589793
26.456456456456458,-0.00866125414637837,-0.002093862247714778,-0.9999602984206254,0.0,0.0,0.3141592653589793
26.486486486486488,-0.008641115056873075,-0.002175479964155751,-0.9999602984206254,0.0,0.0,0.3141592653589793
26.516516516516518,-0.008620206876162696,-0.0022569040548324273,-0.9999602984206254,0.0,0.0,0.3141592653589793
26.546546546546548,-0.008598531465152656,-0.0023381272726995333,-0.9999602984206254,0.0,0.0,0.3141592653589793
26.576576576576578,-0.008576090753034723,-0.0024191423885902195,-0.9999602984206254,0.0,0.0,0.3141592653589793
26.606606606606608,-0.008552886737115285,-0.0024999421918594843,-0.9999602984206254,0.0,0.0,0.3141592653589793
26.636636636636638,-0.00852892148263759,-0.0025805194910259416,-0.9999602984206254,0.0,0.0,0.3141592653589793
26.666666666666668,-0.008504197122597937,-0.0026608671144118965,-0.9999602984206254,0.0,0.0,0.3141592653589793
26.696696696696698,-0.008478715857555838,-0.002740977910781647,-0.9999602984206254,0.0,0.0,0.3141592653589793
26.726726726726728,-0.008452479955438134,-0.0028208447499779715,-0.9999602984206254,0.0,0.0,0.3141592653589793
26.756756756756758,-0.00842549175133717,-0.0029004605235567428,-0.9999602984206254,0.0,0.0,0.3141592653589793
26.786786786786788,-0.008397753647302941,-0.0029798181454195965,-0.9999602984206254,0.0,0.0,0.3141592653589793
26.816816816816818,-0.008369268112129312,-0.0030589105524446306,-0.9999602984206254,0.0,0.0,0.3141592653589793
26.846846846846848,-0.008340037681134293,-0.0031377307051150428,-0.9999602984206254,0.0,0.0,0.3141592653589793
26.876876876876878,-0.008310064955934372,-0.0032162715881456734,-0.9999602984206254,0.0,0.0,0.3141592653589793
26.906906906906908,-0.008279352604212963,-0.003294526211107398,-0.9999602984206254,0.0,0.0,0.3141592653589793
26.936936936936938,-0.008247903359482976,-0.003372487609049296,-0.9999602984206254,0.0,0.0,0.3141592653589793
26.966966966966968,-0.008215720020843535,-0.003450148843118556,-0.9999602984206254,0.0,0.0,0.3141592653589793
26.996996996996998,-0.008182805452730828,-0.0035275030011780624,-0.9999602984206254,0.0,0.0,0.3141592653589793
27.027027027027028,-0.008149162584663172,-0.003604543198421604,-0.9999602984206254,0.0,0.0,0.3141592653589793
27.057057057057058,-0.00811479441098028,-0.003681262577986639,-0.9999602984206254,0.0,0.0,0.3141592653589793
27.087087087087088,-0.008079703990576738,-0.0037576543115645867,-0.9999602984206254,0.0,0.0,0.3141592653589793
27.117117117117118,-0.00804389444662977,-0.003833711600008573,-0.9999602984206254,0.0,0.0,0.3141592653589793
27.147147147147148,-0.008007368966321262,-0.003909427673938576,-0.9999602984206254,0.0,0.0,0.3141592653589793
27.177177177177178,-0.00797013080055406,-0.003984795794343931,-0.9999602984206254,0.0,0.0,0.3141592653589793
27.207207207207208,-0.007932183263662676,-0.004059809253183121,-0.9999602984206254,0.0,0.0,0.3141592653589793
27.237237237237238,-0.00789352973311827,-0.004134461373980819,-0.9999602984206254,0.0,0.0,0.3141592653589793
27.26726726726727,-0.007854173649228045,-0.0042087455124221245,-0.9999602984206254,0.0,0.0,0.3141592653589793
27.2972972972973,-0.007814118514829051,-0.004282655056943925,-0.9999602984206254,0.0,0.0,0.3141592653589793
27.32732732732733,-0.0077733678949764235,-0.0043561834293233525,-0.9999602984206254,0.0,0.0,0.3141592653589793
27.35735735735736,-0.007731925416626069,-0.004429324085263272,-0.9999602984206254,0.0,0.0,0.3141592653589793
27.38738738738739,-0.007689794768311867,-0.004502070514974746,-0.9999602984206254,0.0,0.0,0.3141592653589793
27.41741741741742,-0.007646979699817364,-0.004574416243756424,-0.9999602984206254,0.0,0.0,0.3141592653589793
27.44744744744745,-0.00760348402184204,-0.00464635483257083,-0.9999602984206254,0.0,0.0,0.3141592653589793
27.47747747747748,-0.007559311605662131,-0.004717879878617444,-0.9999602984206254,0.0,0.0,0.3141592653589793
27.50750750750751,-0.007514466382786076,-0.004788985015902582,-0.9999602984206254,0.0,0.0,0.3141592653589793
27.53753753753754,-0.007468952344604604,-0.004859663915805999,-0.9999602984206254,0.0,0.0,0.3141592653589793
27.56756756756757,-0.0074227735420354796,-0.0049299102876441455,-0.9999602984206254,0.0,0.0,0.3141592653589793
27.5975975975976,-0.007375934085162952,-0.004999717879230073,-0.9999602984206254,0.0,0.0,0.3141592653589793
27.62762762762763,-0.007328438142871951,-0.005069080477429906,-0.9999602984206254,0.0,0.0,0.3141592653589793
27.65765765765766,-0.007280289942477039,-0.005137991908715813,-0.9999602984206254,0.0,0.0,0.3141592653589793
27.68768768768769,-0.007231493769346156,-0.0052064460397155,-0.9999602984206254,0.0,0.0,0.3141592653589793
27.71771771771772,-0.007182053966519217,-0.0052744367777580806,-0.9999602984206254,0.0,0.0,0.3141592653589793
27.74774774774775,-0.007131974934321565,-0.005341958071416361,-0.9999602984206254,0.0,0.0,0.3141592653589793
27.77777777777778,-0.007081261129972313,-0.005409003911045434,-0.9999602984206254,0.0,0.0,0.3141592653589793
27.80780780780781,-0.0070299170671876444,-0.0054755683293175525,-0.9999602984206254,0.0,0.0,0.3141592653589793
27.83783783783784,-0.0069779473157790825,-0.0055416454017532596,-0.9999602984206254,0.0,0.0,0.3141592653589793
27.86786786786787,-0.006925356501246749,-0.005607229247248679,-0.9999602984206254,0.0,0.0,0.3141592653589793
27.8978978978979,-0.006872149304367674,-0.005672314028598953,-0.9999602984206254,0.0,0.0,0.3141592653589793
27.92792792792793,-0.006818330460779209,-0.005736893953017783,-0.9999602984206254,0.0,0.0,0.3141592653589793
27.95795795795796,-0.006763904760557515,-0.0058009632726529975,-0.9999602984206254,0.0,0.0,0.3141592653589793
27.98798798798799,-0.006708877047791243,-0.005864516285098153,-0.9999602984206254,0.0,0.0,0.3141592653589793
28.01801801801802,-0.006653252220150389,-0.005927547333900045,-0.9999602984206254,0.0,0.0,0.3141592653589793
28.04804804804805,-0.006597035228450375,-0.005990050809062168,-0.9999602984206254,0.0,0.0,0.3141592653589793
28.07807807807808,-0.006540231076211421,-0.00605202114754402,-0.9999602984206254,0.0,0.0,0.3141592653589793
28.10810810810811,-0.0064828448192132074,-0.006113452833756235,-0.9999602984206254,0.0,0.0,0.3141592653589793
28.13813813813814,-0.006424881565044885,-0.006174340400051497,-0.9999602984206254,0.0,0.0,0.3141592653589793
28.16816816816817,-0.006366346472650494,-0.006234678427211168,-0.9999602984206254,0.0,0.0,0.3141592653589793
28.1981981981982,-0.006307244751869785,-0.006294461544927632,-0.9999602984206254,0.0,0.0,0.3141592653589793
28.22822822822823,-0.006247581662974539,-0.0063536844322822665,-0.9999602984206254,0.0,0.0,0.3141592653589793
28.25825825825826,-0.006187362516200372,-0.006412341818219016,-0.9999602984206254,0.0,0.0,0.3141592653589793
28.28828828828829,-0.006126592671274104,-0.006470428482013548,-0.9999602984206254,0.0,0.0,0.3141592653589793
28.31831831831832,-0.006065277536936738,-0.006527939253737914,-0.9999602984206254,0.0,0.0,0.3141592653589793
28.34834834834835,-0.006003422570462044,-0.006584869014720688,-0.9999602984206254,0.0,0.0,0.3141592653589793
28.37837837837838,-0.005941033277170847,-0.0066412126980025495,-0.9999602984206254,0.0,0.0,0.3141592653589793
28.40840840840841,-0.0058781152099410434,-0.006696965288787259,-0.9999602984206254,0.0,0.0,0.3141592653589793
28.43843843843844,-0.005814673968713361,-0.006752121824888001,-0.9999602984206254,0.0,0.0,0.3141592653589793
28.46846846846847,-0.0057507151999929475,-0.006806677397169026,-0.9999602984206254,0.0,0.0,0.3141592653589793
28.4984984984985,-0.0056862445963468174,-0.00686062714998259,-0.9999602984206254,0.0,0.0,0.3141592653589793
28.52852852852853,-0.005621267895897184,-0.006913966281601125,-0.9999602984206254,0.0,0.0,0.3141592653589793
28.55855855855856,-0.00555579088181074,-0.006966690044644607,-0.9999602984206254,0.0,0.0,0.3141592653589793
28.58858858858859,-0.005489819381783957,-0.007018793746503089,-0.9999602984206254,0.0,0.0,0.3141592653589793
28.61861861861862,-0.005423359267524375,-0.007070272749754365,-0.9999602984206254,0.0,0.0,0.3141592653589793
28.64864864864865,-0.005356416454228015,-0.0071211224725767144,-0.9999602984206254,0.0,0.0,0.3141592653589793
28.67867867867868,-0.005288996900052886,-0.007171338389156701,-0.9999602984206254,0.0,0.0,0.3141592653589793
28.70870870870871,-0.005221106605588713,-0.007220916030091998,-0.9999602984206254,0.0,0.0,0.3141592653589793
28.73873873873874,-0.005152751613322839,-0.007269850982789163,-0.9999602984206254,0.0,0.0,0.3141592653589793
28.76876876876877,-0.005083938007102437,-0.007318138891856388,-0.9999602984206254,0.0,0.0,0.3141592653589793
28.7987987987988,-0.0050146719115930095,-0.007365775459491138,-0.9999602984206254,0.0,0.0,0.3141592653589793
28.82882882882883,-0.004944959491733284,-0.007412756445862676,-0.9999602984206254,0.0,0.0,0.3141592653589793
28.85885885885886,-0.004874806952186509,-0.007459077669489428,-0.9999602984206254,0.0,0.0,0.3141592653589793
28.88888888888889,-0.00480422053678821,-0.00750473500761114,-0.9999602984206254,0.0,0.0,0.3141592653589793
28.91891891891892,-0.004733206527990468,-0.0075497243965558245,-0.9999602984206254,0.0,0.0,0.3141592653589793
28.94894894894895,-0.004661771246302764,-0.007594041832101437,-0.9999602984206254,0.0,0.0,0.3141592653589793
28.97897897897898,-0.004589921049729417,-0.007637683369832282,-0.9999602984206254,0.0,0.0,0.3141592653589793
29.00900900900901,-0.004517662333203708,-0.007680645125490059,-0.9999602984206254,0.0,0.0,0.3141592653589793
29.03903903903904,-0.004445001528018709,-0.007722923275319595,-0.9999602984206254,0.0,0.0,0.3141592653589793
29.06906906906907,-0.004371945101254864,-0.00776451405640916,-0.9999602984206254,0.0,0.0,0.3141592653589793
29.0990990990991,-0.004298499555204405,-0.007805413767025386,-0.9999602984206254,0.0,0.0,0.3141592653589793
29.12912912912913,-0.0042246714267926136,-0.007845618766942728,-0.9999602984206254,0.0,0.0,0.3141592653589793
29.15915915915916,-0.004150467286996026,-0.007885125477767471,-0.9999602984206254,0.0,0.0,0.3141592653589793
29.18918918918919,-0.004075893740257579,-0.007923930383256214,-0.9999602984206254,0.0,0.0,0.3141592653589793
29.21921921921922,-0.00400095742389879,-0.007962030029628808,-0.9999602984206254,0.0,0.0,0.3141592653589793
29.24924924924925,-0.003925665007529022,-0.0079994210258758,-0.9999602984206254,0.0,0.0,0.3141592653589793
29.27927927927928,-0.00385002319245185,-0.00803610004406021,-0.9999602984206254,0.0,0.0,0.3141592653589793
29.30930930930931,-0.0037740387110686297,-0.008072063819613737,-0.9999602984206254,0.0,0.0,0.3141592653589793
29.33933933933934,-0.003697718326279282,-0.008107309151627317,-0.9999602984206254,0.0,0.0,0.3141592653589793
29.36936936936937,-0.003621068830880378,-0.008141832903136012,-0.9999602984206254,0.0,0.0,0.3141592653589793
29.3993993993994,-0.003544097046960547,-0.008175632001398252,-0.9999602984206254,0.0,0.0,0.3141592653589793
29.42942942942943,-0.0034668098252932907,-0.008208703438169242,-0.9999602984206254,0.0,0.0,0.3141592653589793
29.45945945945946,-0.0033892140447272364,-0.008241044269968781,-0.9999602984206254,0.0,0.0,0.3141592653589793
29.48948948948949,-0.0033113166115738947,-0.0082726516183432,-0.9999602984206254,0.0,0.0,0.3141592653589793
29.51951951951952,-0.0032331244589929734,-0.008303522670121582,-0.9999602984206254,0.0,0.0,0.3141592653589793
29.54954954954955,-0.003154644546375299,-0.008333654677666107,-0.9999602984206254,0.0,0.0,0.3141592653589793
29.57957957957958,-0.0030758838587234055,-0.008363044959116652,-0.9999602984206254,0.0,0.0,0.3141592653589793
29.60960960960961,-0.0029968494060298428,-0.00839169089862944,-0.9999602984206254,0.0,0.0,0.3141592653589793
29.63963963963964,-0.0029175482226532646,-0.008419589946609891,-0.9999602984206254,0.0,0.0,0.3141592653589793
29.66966966966967,-0.00283798736669234,-0.008446739619939539,-0.9999602984206254,0.0,0.0,0.3141592653589793
29.6996996996997,-0.0027581739193575576,-0.008473137502197014,-0.9999602984206254,0.0,0.0,0.3141592653589793
29.72972972972973,-0.0026781149843409765,-0.008498781243873146,-0.9999602984206254,0.0,0.0,0.3141592653589793
29.75975975975976,-0.0025978176871839643,-0.008523668562580067,-0.9999602984206254,0.0,0.0,0.3141592653589793
29.78978978978979,-0.002517289174643004,-0.008547797243254355,-0.9999602984206254,0.0,0.0,0.3141592653589793
29.81981981981982,-0.0024365366140536,-0.008571165138354169,-0.9999602984206254,0.0,0.0,0.3141592653589793
29.84984984984985,-0.0023555671926923615,-0.008593770168050402,-0.9999602984206254,0.0,0.0,0.3141592653589793
29.87987987987988,-0.0022743881171373116,-0.008615610320411797,-0.9999602984206254,0.0,0.0,0.3141592653589793
29.90990990990991,-0.0021930066126264695,-0.008636683651583994,-0.9999602984206254,0.0,0.0,0.3141592653589793
29.93993993993994,-0.002111429922414781,-0.008656988285962567,-0.9999602984206254,0.0,0.0,0.3141592653589793
29.96996996996997,-0.0020296653071294433,-0.00867652241635995,-0.9999602984206254,0.0,0.0,0.3141592653589793
30.0,-0.001947720044123679,-0.008695284304166278,-0.9999602984206254,0.0,0.0,0.3141592653589793
