Time,Sx,Sy,Sz,Hx,Hy,Hz
0.0,0.0,0.0,1.0,0.0,0.0,0.47123889803846897
0.03003003003003003,0.001331086694527006,-0.18756035878825966,0.9822521774063069,6.283185307179586,0.0,0.47123889803846897
0.06006006006006006,0.005276833774050981,-0.36842571111777833,0.9296422163459873,6.283185307179586,0.0,0.47123889803846897
0.09009009009009009,0.011696396551125138,-0.5361399913983497,0.8440480459849984,6.283185307179586,0.0,0.47123889803846897
0.12012012012012012,0.020360626706138706,-0.684716585457702,0.728524977251484,6.283185307179586,0.0,0.47123889803846897
0.15015015015015015,0.03096025180891425,-0.808852004873885,0.5871966425478103,6.283185307179586,0.0,0.47123889803846897
0.18018018018018017,0.0431169148957222,-0.9041151966684965,0.4251078013903712,6.283185307179586,0.0,0.47123889803846897
0.21021021021021022,0.05639668004052651,-0.967105711141372,0.24804426612631364,6.283185307179586,0.0,0.47123889803846897
0.24024024024024024,0.07032552183483286,-0.9955750819959545,0.062326375535562306,6.283185307179586,0.0,0.47123889803846897
0.2702702702702703,0.08443123889786275,-0.9964285775008204,0.0012065810606791683,0.0,0.0,0.47123889803846897
0.3003003003003003,0.09852309223826755,-0.9951340334135628,0.0012065810606791683,0.0,0.0,0.47123889803846897
0.3303303303303303,0.11259521569235183,-0.9936402073010776,0.0012065810606791683,0.0,0.0,0.47123889803846897
0.36036036036036034,0.12664479122639646,-0.991947398311704,0.0012065810606791683,0.0,0.0,0.47123889803846897
0.39039039039039036,0.14066900532204918,-0.9900559454413883,0.0012065810606791683,0.0,0.0,0.47123889803846897
0.42042042042042044,0.15466504953974977,-0.9879662274657988,0.0012065810606791683,0.0,0.0,0.47123889803846897
0.45045045045045046,0.1686301210811381,-0.9856786628644735,0.0012065810606791683,0.0,0.0,0.47123889803846897
0.4804804804804805,0.18256142335033287,-0.983193709737016,0.0012065810606791683,0.0,0.0,0.47123889803846897
0.5105105105105106,0.1964561665139679,-0.9805118657113597,0.0012065810606791683,0.0,0.0,0.47123889803846897
0.5405405405405406,0.21031156805987428,-0.9776336678441122,0.0012065810606791683,0.0,0.0,0.47123889803846897
0.5705705705705706,0.2241248533542964,-0.9745596925130088,0.0012065810606791683,0.0,0.0,0.47123889803846897
0.6006006006006006,0.23789325619753043,-0.971290555301487,0.0012065810606791683,0.0,0.0,0.47123889803846897
0.6306306306306306,0.25161401937787364,-0.9678269108754137,0.0012065810606791683,0.0,0.0,0.47123889803846897
0.6606606606606606,0.26528439522377373,-0.9641694528519825,0.0012065810606791683,0.0,0.0,0.47123889803846897
0.6906906906906907,0.2789016461540681,-0.9603189136608138,0.0012065810606791683,0.0,0.0,0.47123889803846897
0.7207207207207207,0.2924630452262021,-0.9562760643972802,0.0012065810606791683,0.0,0.0,0.47123889803846897
0.7507507507507507,0.3059658766823166,-0.9520417146680896,0.0012065810606791683,0.0,0.0,0.47123889803846897
0.7807807807807807,0.3194074364930963,-0.9476167124291568,0.0012065810606791683,0.0,0.0,0.47123889803846897
0.8108108108108109,0.3327850328992694,-0.9430019438157942,0.0012065810606791683,0.0,0.0,0.47123889803846897
0.8408408408408409,0.34609598695064925,-0.9381983329652586,0.0012065810606791683,0.0,0.0,0.47123889803846897
0.8708708708708709,0.35933763304261185,-0.933206841831685,0.0012065810606791683,0.0,0.0,0.47123889803846897
0.9009009009009009,0.37250731944989995,-0.9280284699934503,0.0012065810606791683,0.0,0.0,0.47123889803846897
0.9309309309309309,0.3856024088576488,-0.9226642544530012,0.0012065810606791683,0.0,0.0,0.47123889803846897
0.960960960960961,0.3986202788895251,-0.9171152694291874,0.0012065810606791683,0.0,0.0,0.47123889803846897
0.990990990990991,0.41155832263287473,-0.9113826261421428,0.0012065810606791683,0.0,0.0,0.47123889803846897
1.021021021021021,0.42441394916077446,-0.9054674725907554,0.0012065810606791683,0.0,0.0,0.47123889803846897
1.0510510510510511,0.43718458405088095,-0.899370993322774,0.0012065810606791683,0.0,0.0,0.47123889803846897
1.0810810810810811,0.4498676699009761,-0.8930944091975951,0.0012065810606791683,0.0,0.0,0.47123889803846897
1.1111111111111112,0.46246066684110326,-0.8866389771417771,0.0012065810606791683,0.0,0.0,0.47123889803846897
1.1411411411411412,0.4749610530421925,-0.8800059898973337,0.0012065810606791683,0.0,0.0,0.47123889803846897
1.1711711711711712,0.48736632522107337,-0.8731967757628528,0.0012065810606791683,0.0,0.0,0.47123889803846897
1.2012012012012012,0.4996739991417733,-0.8662126983274961,0.0012065810606791683,0.0,0.0,0.47123889803846897
1.2312312312312312,0.5118816101130023,-0.8590551561979332,0.0012065810606791683,0.0,0.0,0.47123889803846897
1.2612612612612613,0.5239867134817221,-0.8517255827182596,0.0012065810606791683,0.0,0.0,0.47123889803846897
1.2912912912912913,0.5359868851227061,-0.8442254456829612,0.0012065810606791683,0.0,0.0,0.47123889803846897
1.3213213213213213,0.5478797219239837,-0.8365562470429789,0.0012065810606791683,0.0,0.0,0.47123889803846897
1.3513513513513513,0.5596628422680807,-0.8287195226049335,0.0012065810606791683,0.0,0.0,0.47123889803846897
1.3813813813813813,0.5713338865089523,-0.8207168417235698,0.0012065810606791683,0.0,0.0,0.47123889803846897
1.4114114114114114,0.5828905174445187,-0.8125498069874838,0.0012065810606791683,0.0,0.0,0.47123889803846897
1.4414414414414414,0.5943304207847039,-0.8042200538981931,0.0012065810606791683,0.0,0.0,0.47123889803846897
1.4714714714714714,0.6056513056148882,-0.7957292505426184,0.0012065810606791683,0.0,0.0,0.47123889803846897
1.5015015015015014,0.6168509048546775,-0.7870790972590376,0.0012065810606791683,0.0,0.0,0.47123889803846897
1.5315315315315314,0.6279269757119018,-0.7782713262965818,0.0012065810606791683,0.0,0.0,0.47123889803846897
1.5615615615615615,0.6388773001317487,-0.7693077014683418,0.0012065810606791683,0.0,0.0,0.47123889803846897
1.5915915915915915,0.6496996852409427,-0.7601900177981532,0.0012065810606791683,0.0,0.0,0.47123889803846897
1.6216216216216217,0.6603919637868826,-0.7509201011611296,0.0012065810606791683,0.0,0.0,0.47123889803846897
1.6516516516516517,0.6709519945716476,-0.7414998079180216,0.0012065810606791683,0.0,0.0,0.47123889803846897
1.6816816816816818,0.6813776628807874,-0.7319310245434686,0.0012065810606791683,0.0,0.0,0.47123889803846897
1.7117117117117118,0.691666880906805,-0.7222156672482167,0.0012065810606791683,0.0,0.0,0.47123889803846897
1.7417417417417418,0.7018175881672557,-0.7123556815953895,0.0012065810606791683,0.0,0.0,0.47123889803846897
1.7717717717717718,0.711827751917371,-0.702353042110873,0.0012065810606791683,0.0,0.0,0.47123889803846897
1.8018018018018018,0.7216953675571289,-0.6922097518879062,0.0012065810606791683,0.0,0.0,0.47123889803846897
1.8318318318318318,0.7314184590326889,-0.6819278421859478,0.0012065810606791683,0.0,0.0,0.47123889803846897
1.8618618618618619,0.7409950792321082,-0.6715093720239038,0.0012065810606791683,0.0,0.0,0.47123889803846897
1.8918918918918919,0.7504233103752649,-0.6609564277677953,0.0012065810606791683,0.0,0.0,0.47123889803846897
1.921921921921922,0.7597012643979049,-0.65027112271295,0.0012065810606791683,0.0,0.0,0.47123889803846897
1.951951951951952,0.7688270833297394,-0.6394555966608017,0.0012065810606791683,0.0,0.0,0.47123889803846897
1.981981981981982,0.7777989396665149,-0.6285120154903806,0.0012065810606791683,0.0,0.0,0.47123889803846897
2.012012012012012,0.7866150367359837,-0.6174425707245834,0.0012065810606791683,0.0,0.0,0.47123889803846897
2.042042042042042,0.7952736090576981,-0.606249479091305,0.0012065810606791683,0.0,0.0,0.47123889803846897
2.0720720720720722,0.8037729226965599,-0.5949349820795248,0.0012065810606791683,0.0,0.0,0.47123889803846897
2.1021021021021022,0.8121112756100527,-0.5835013454904352,0.0012065810606791683,0.0,0.0,0.47123889803846897
2.1321321321321323,0.8202869979890851,-0.5719508589836977,0.0012065810606791683,0.0,0.0,0.47123889803846897
2.1621621621621623,0.8282984525923826,-0.5602858356189274,0.0012065810606791683,0.0,0.0,0.47123889803846897
2.1921921921921923,0.8361440350743543,-0.5485086113924849,0.0012065810606791683,0.0,0.0,0.47123889803846897
2.2222222222222223,0.8438221743063752,-0.5366215447696788,0.0012065810606791683,0.0,0.0,0.47123889803846897
2.2522522522522523,0.8513313326914133,-0.5246270162124681,0.0012065810606791683,0.0,0.0,0.47123889803846897
2.2822822822822824,0.858670006471944,-0.512527427702759,0.0012065810606791683,0.0,0.0,0.47123889803846897
2.3123123123123124,0.865836726031087,-0.5003252022613928,0.0012065810606791683,0.0,0.0,0.47123889803846897
2.3423423423423424,0.8728300561869069,-0.48802278346291955,0.0012065810606791683,0.0,0.0,0.47123889803846897
2.3723723723723724,0.879648596479818,-0.47562263494625756,0.0012065810606791683,0.0,0.0,0.47123889803846897
2.4024024024024024,0.8862909814530344,-0.46312723992133253,0.0012065810606791683,0.0,0.0,0.47123889803846897
2.4324324324324325,0.8927558809260123,-0.4505391006718,0.0012065810606791683,0.0,0.0,0.47123889803846897
2.4624624624624625,0.8990420002608267,-0.4378607380539459,0.0012065810606791683,0.0,0.0,0.47123889803846897
2.4924924924924925,0.9051480806214318,-0.425094690991869,0.0012065810606791683,0.0,0.0,0.47123889803846897
2.5225225225225225,0.9110728992257503,-0.41224351596904496,0.0012065810606791683,0.0,0.0,0.47123889803846897
2.5525525525525525,0.9168152695905439,-0.39930978651637494,0.0012065810606791683,0.0,0.0,0.47123889803846897
2.5825825825825826,0.9223740417690139,-0.38629609269681714,0.0012065810606791683,0.0,0.0,0.47123889803846897
2.6126126126126126,0.927748102581086,-0.37320504058671206,0.0012065810606791683,0.0,0.0,0.47123889803846897
2.6426426426426426,0.9329363758363305,-0.36003925175389834,0.0012065810606791683,0.0,0.0,0.47123889803846897
2.6726726726726726,0.9379378225494791,-0.34680136273272627,0.0012065810606791683,0.0,0.0,0.47123889803846897
2.7027027027027026,0.9427514411484851,-0.3334940244960753,0.0012065810606791683,0.0,0.0,0.47123889803846897
2.7327327327327327,0.9473762676750968,-0.320119901924479,0.0012065810606791683,0.0,0.0,0.47123889803846897
2.7627627627627627,0.9518113759778956,-0.30668167327246615,0.0012065810606791683,0.0,0.0,0.47123889803846897
2.7927927927927927,0.9560558778977644,-0.293182029632223,0.0012065810606791683,0.0,0.0,0.47123889803846897
2.8228228228228227,0.9601089234457468,-0.2796236743946836,0.0012065810606791683,0.0,0.0,0.47123889803846897
2.8528528528528527,0.9639697009732626,-0.2660093227081595,0.0012065810606791683,0.0,0.0,0.47123889803846897
2.8828828828828827,0.9676374373346462,-0.2523417009346133,0.0012065810606791683,0.0,0.0,0.47123889803846897
2.9129129129129128,0.9711113980419739,-0.23862354610368675,0.0012065810606791683,0.0,0.0,0.47123889803846897
2.942942942942943,0.9743908874121495,-0.22485760536459315,0.0012065810606791683,0.0,0.0,0.47123889803846897
2.972972972972973,0.9774752487062198,-0.21104663543598318,0.0012065810606791683,0.0,0.0,0.47123889803846897
3.003003003003003,0.9803638642608913,-0.19719340205389357,0.0012065810606791683,0.0,0.0,0.47123889803846897
3.033033033033033,0.9830561556122189,-0.18330067941789108,0.0012065810606791683,0.0,0.0,0.47123889803846897
3.063063063063063,0.9855515836114503,-0.1693712496355209,0.0012065810606791683,0.0,0.0,0.47123889803846897
3.093093093093093,0.9878496485329922,-0.1554079021651716,0.0012065810606791683,0.0,0.0,0.47123889803846897
3.123123123123123,0.9899498901744831,-0.1414134332574682,0.0012065810606791683,0.0,0.0,0.47123889803846897
3.153153153153153,0.9918518879489532,-0.12739064539530462,0.0012065810606791683,0.0,0.0,0.47123889803846897
3.183183183183183,0.9935552609690493,-0.11334234673262879,0.0012065810606791683,0.0,0.0,0.47123889803846897
3.2132132132132134,0.995059668123309,-0.09927135053209099,0.0012065810606791683,0.0,0.0,0.47123889803846897
3.2432432432432434,0.9963648081444714,-0.085180474601671,0.0012065810606791683,0.0,0.0,0.47123889803846897
3.2732732732732734,0.9974704196698074,-0.07107254073039222,0.0012065810606791683,0.0,0.0,0.47123889803846897
3.3033033033033035,0.9983762812934599,-0.05695037412324148,0.0012065810606791683,0.0,0.0,0.47123889803846897
3.3333333333333335,0.9990822116107808,-0.04281680283540278,0.0012065810606791683,0.0,0.0,0.47123889803846897
3.3633633633633635,0.9995880692546592,-0.02867465720592136,0.0012065810606791683,0.0,0.0,0.47123889803846897
3.3933933933933935,0.9998937529238308,-0.014526769290909725,0.0012065810606791683,0.0,0.0,0.47123889803846897
3.4234234234234235,0.9999992014031643,-0.0003759722964102088,0.0012065810606791683,0.0,0.0,0.47123889803846897
3.4534534534534536,0.9999043935759199,0.013774899988972892,0.0012065810606791683,0.0,0.0,0.47123889803846897
3.4834834834834836,0.9996093484279776,0.02792301376155778,0.0012065810606791683,0.0,0.0,0.47123889803846897
3.5135135135135136,0.9991141250440364,0.0420655357700727,0.0012065810606791683,0.0,0.0,0.47123889803846897
3.5435435435435436,0.9984188225957815,0.056199633883032764,0.0012065810606791683,0.0,0.0,0.47123889803846897
3.5735735735735736,0.9975235803220245,0.07032247765589267,0.0012065810606791683,0.0,0.0,0.47123889803846897
3.6036036036036037,0.996428577500819,0.0844312388978615,0.0012065810606791683,0.0,0.0,0.47123889803846897
3.6336336336336337,0.9951340334135617,0.09852309223826625,0.0012065810606791683,0.0,0.0,0.47123889803846897
3.6636636636636637,0.9936402073010766,0.11259521569235052,0.0012065810606791683,0.0,0.0,0.47123889803846897
3.6936936936936937,0.991947398311703,0.12664479122639521,0.0012065810606791683,0.0,0.0,0.47123889803846897
3.7237237237237237,0.9900559454413875,0.1406690053220479,0.0012065810606791683,0.0,0.0,0.47123889803846897
3.7537537537537538,0.9879662274657983,0.1546650495397484,0.0012065810606791683,0.0,0.0,0.47123889803846897
3.7837837837837838,0.9856786628644733,0.16863012108113679,0.0012065810606791683,0.0,0.0,0.47123889803846897
3.813813813813814,0.9831937097370161,0.18256142335033151,0.0012065810606791683,0.0,0.0,0.47123889803846897
3.843843843843844,0.9805118657113597,0.19645616651396652,0.0012065810606791683,0.0,0.0,0.47123889803846897
3.873873873873874,0.9776336678441127,0.21031156805987283,0.0012065810606791683,0.0,0.0,0.47123889803846897
3.903903903903904,0.9745596925130092,0.22412485335429488,0.0012065810606791683,0.0,0.0,0.47123889803846897
3.933933933933934,0.9712905553014876,0.2378932561975289,0.0012065810606791683,0.0,0.0,0.47123889803846897
3.963963963963964,0.9678269108754143,0.2516140193778721,0.0012065810606791683,0.0,0.0,0.47123889803846897
3.993993993993994,0.964169452851983,0.26528439522377245,0.0012065810606791683,0.0,0.0,0.47123889803846897
4.024024024024024,0.9603189136608147,0.27890164615406715,0.0012065810606791683,0.0,0.0,0.47123889803846897
4.054054054054054,0.9562760643972812,0.29246304522620126,0.0012065810606791683,0.0,0.0,0.47123889803846897
4.084084084084084,0.9520417146680907,0.3059658766823158,0.0012065810606791683,0.0,0.0,0.47123889803846897
4.114114114114114,0.9476167124291577,0.3194074364930956,0.0012065810606791683,0.0,0.0,0.47123889803846897
4.1441441441441444,0.9430019438157953,0.33278503289926875,0.0012065810606791683,0.0,0.0,0.47123889803846897
4.1741741741741745,0.9381983329652595,0.3460959869506485,0.0012065810606791683,0.0,0.0,0.47123889803846897
4.2042042042042045,0.9332068418316858,0.359337633042611,0.0012065810606791683,0.0,0.0,0.47123889803846897
4.2342342342342345,0.9280284699934513,0.3725073194498991,0.0012065810606791683,0.0,0.0,0.47123889803846897
4.2642642642642645,0.9226642544530023,0.38560240885764796,0.0012065810606791683,0.0,0.0,0.47123889803846897
4.2942942942942945,0.9171152694291886,0.3986202788895242,0.0012065810606791683,0.0,0.0,0.47123889803846897
4.324324324324325,0.9113826261421438,0.41155832263287395,0.0012065810606791683,0.0,0.0,0.47123889803846897
4.354354354354355,0.9054674725907562,0.4244139491607736,0.0012065810606791683,0.0,0.0,0.47123889803846897
4.384384384384385,0.8993709933227749,0.43718458405087995,0.0012065810606791683,0.0,0.0,0.47123889803846897
4.414414414414415,0.8930944091975962,0.44986766990097515,0.0012065810606791683,0.0,0.0,0.47123889803846897
4.444444444444445,0.8866389771417785,0.46246066684110226,0.0012065810606791683,0.0,0.0,0.47123889803846897
4.474474474474475,0.880005989897335,0.4749610530421916,0.0012065810606791683,0.0,0.0,0.47123889803846897
4.504504504504505,0.8731967757628538,0.4873663252210725,0.0012065810606791683,0.0,0.0,0.47123889803846897
4.534534534534535,0.8662126983274973,0.49967399914177235,0.0012065810606791683,0.0,0.0,0.47123889803846897
4.564564564564565,0.8590551561979342,0.5118816101130009,0.0012065810606791683,0.0,0.0,0.47123889803846897
4.594594594594595,0.8517255827182606,0.5239867134817207,0.0012065810606791683,0.0,0.0,0.47123889803846897
4.624624624624625,0.8442254456829621,0.5359868851227044,0.0012065810606791683,0.0,0.0,0.47123889803846897
4.654654654654655,0.8365562470429799,0.5478797219239824,0.0012065810606791683,0.0,0.0,0.47123889803846897
4.684684684684685,0.8287195226049343,0.5596628422680794,0.0012065810606791683,0.0,0.0,0.47123889803846897
4.714714714714715,0.8207168417235705,0.5713338865089509,0.0012065810606791683,0.0,0.0,0.47123889803846897
4.744744744744745,0.8125498069874844,0.5828905174445175,0.0012065810606791683,0.0,0.0,0.47123889803846897
4.774774774774775,0.8042200538981937,0.5943304207847028,0.0012065810606791683,0.0,0.0,0.47123889803846897
4.804804804804805,0.795729250542619,0.605651305614887,0.0012065810606791683,0.0,0.0,0.47123889803846897
4.834834834834835,0.7870790972590384,0.6168509048546764,0.0012065810606791683,0.0,0.0,0.47123889803846897
4.864864864864865,0.7782713262965826,0.6279269757119005,0.0012065810606791683,0.0,0.0,0.47123889803846897
4.894894894894895,0.7693077014683426,0.6388773001317474,0.0012065810606791683,0.0,0.0,0.47123889803846897
4.924924924924925,0.7601900177981538,0.6496996852409411,0.0012065810606791683,0.0,0.0,0.47123889803846897
4.954954954954955,0.7509201011611303,0.6603919637868813,0.0012065810606791683,0.0,0.0,0.47123889803846897
4.984984984984985,0.7414998079180233,0.6709519945716466,0.0012065810606791683,0.0,0.0,0.47123889803846897
5.015015015015015,0.7319310245434699,0.6813776628807863,0.0012065810606791683,0.0,0.0,0.47123889803846897
5.045045045045045,0.722215667248218,0.6916668809068041,0.0012065810606791683,0.0,0.0,0.47123889803846897
5.075075075075075,0.7123556815953903,0.7018175881672548,0.0012065810606791683,0.0,0.0,0.47123889803846897
5.105105105105105,0.702353042110874,0.7118277519173697,0.0012065810606791683,0.0,0.0,0.47123889803846897
5.135135135135135,0.6922097518879072,0.7216953675571276,0.0012065810606791683,0.0,0.0,0.47123889803846897
5.165165165165165,0.6819278421859489,0.7314184590326875,0.0012065810606791683,0.0,0.0,0.47123889803846897
5.195195195195195,0.6715093720239046,0.7409950792321072,0.0012065810606791683,0.0,0.0,0.47123889803846897
5.225225225225225,0.6609564277677957,0.7504233103752641,0.0012065810606791683,0.0,0.0,0.47123889803846897
5.255255255255255,0.6499558095802452,0.7597010204736102,-0.020292981156895373,0.0,6.283185307179586,0.47123889803846897
5.285285285285285,0.6238627256686884,0.7687411134495934,-0.1408275541700017,0.0,6.283185307179586,0.47123889803846897
5.315315315315315,0.575500664847161,0.7772528097879845,-0.2543168386818871,0.0,6.283185307179586,0.47123889803846897
5.345345345345345,0.5065959261417806,0.7849322818013372,-0.35670979885992415,0.0,6.283185307179586,0.47123889803846897
5.375375375375375,0.41960808594985927,0.7915054083121714,-0.44435148567104815,0.0,6.283185307179586,0.47123889803846897
5.405405405405405,0.3176422026840567,0.7967375594949286,-0.5141135014411455,0.0,6.283185307179586,0.47123889803846897
5.435435435435435,0.2043379807322527,0.8004419720616539,-0.563505668997486,0.0,6.283185307179586,0.47123889803846897
5.465465465465465,0.08373985006057895,0.8024864158365107,-0.5907649193289075,0.0,6.283185307179586,0.47123889803846897
5.495495495495495,-0.03984740099081389,0.8027979137536427,-0.5949182248906681,0.0,6.283185307179586,0.47123889803846897
5.525525525525525,-0.16201228648632937,0.8013653467965764,-0.5758173321297833,0.0,6.283185307179586,0.47123889803846897
5.555555555555555,-0.27839409227784623,0.7982398508950227,-0.5341440534423961,0.0,6.283185307179586,0.47123889803846897
5.585585585585585,-0.38483853307266014,0.7935329916117244,-0.47138592966508575,0.0,6.283185307179586,0.47123889803846897
5.615615615615615,-0.47754604095827274,0.7874127817744812,-0.3897831318351779,0.0,6.283185307179586,0.47123889803846897
5.645645645645645,-0.5532073921783317,0.7800976842052288,-0.29224849757847465,0.0,6.283185307179586,0.47123889803846897
5.675675675675675,-0.6091218309191426,0.7718488136206525,-0.18226355645078846,0.0,6.283185307179586,0.47123889803846897
5.7057057057057055,-0.6432934736409117,0.7629606160599582,-0.06375425564152948,0.0,6.283185307179586,0.47123889803846897
5.7357357357357355,-0.6545025527706827,0.7537503585405626,0.059049177950412424,0.0,6.283185307179586,0.47123889803846897
5.7657657657657655,-0.6571847655972488,0.744495627505869,0.11761991536945815,0.0,0.0,0.47123889803846897
5.7957957957957955,-0.6676542057761566,0.7351213621014414,0.11761991536945815,0.0,0.0,0.47123889803846897
5.8258258258258255,-0.6779899438829701,0.7255998838905889,0.11761991536945815,0.0,0.0,0.47123889803846897
5.8558558558558556,-0.6881899101192979,0.7159330996108936,0.11761991536945815,0.0,0.0,0.47123889803846897
5.885885885885886,-0.6982520618759422,0.7061229450984183,0.11761991536945815,0.0,0.0,0.47123889803846897
5.915915915915916,-0.7081743841419478,0.6961713849000416,0.11761991536945815,0.0,0.0,0.47123889803846897
5.945945945945946,-0.7179548899081173,0.6860804118800446,0.11761991536945815,0.0,0.0,0.47123889803846897
5.975975975975976,-0.7275916205649257,0.6758520468210281,0.11761991536945815,0.0,0.0,0.47123889803846897
6.006006006006006,-0.7370826462947436,0.6654883380192367,0.11761991536945815,0.0,0.0,0.47123889803846897
6.036036036036036,-0.7464260664582942,0.6549913608743755,0.11761991536945815,0.0,0.0,0.47123889803846897
6.066066066066066,-0.7556200099752706,0.6443632174739958,0.11761991536945815,0.0,0.0,0.47123889803846897
6.096096096096096,-0.7646626356990305,0.6336060361725412,0.11761991536945815,0.0,0.0,0.47123889803846897
6.126126126126126,-0.7735521327852996,0.6227219711651276,0.11761991536945815,0.0,0.0,0.47123889803846897
6.156156156156156,-0.7822867210548016,0.6117132020561555,0.11761991536945815,0.0,0.0,0.47123889803846897
6.186186186186186,-0.7908646513497537,0.6005819334228271,0.11761991536945815,0.0,0.0,0.47123889803846897
6.216216216216216,-0.7992842058841445,0.5893303943736657,0.11761991536945815,0.0,0.0,0.47123889803846897
6.246246246246246,-0.8075436985877341,0.577960838102125,0.11761991536945815,0.0,0.0,0.47123889803846897
6.276276276276276,-0.815641475443698,0.5664755414353694,0.11761991536945815,0.0,0.0,0.47123889803846897
6.306306306306306,-0.8235759148198574,0.5548768043783256,0.11761991536945815,0.0,0.0,0.47123889803846897
6.336336336336336,-0.8313454277934186,0.5431669496530932,0.11761991536945815,0.0,0.0,0.47123889803846897
6.366366366366366,-0.8389484584691669,0.5313483222338025,0.11761991536945815,0.0,0.0,0.47123889803846897
6.396396396396396,-0.8463834842910446,0.5194232888770194,0.11761991536945815,0.0,0.0,0.47123889803846897
6.426426426426427,-0.8536490163470526,0.5073942376477861,0.11761991536945815,0.0,0.0,0.47123889803846897
6.456456456456457,-0.8607435996674134,0.49526357744139865,0.11761991536945815,0.0,0.0,0.47123889803846897
6.486486486486487,-0.8676658135159403,0.48303373750100514,0.11761991536945815,0.0,0.0,0.47123889803846897
6.516516516516517,-0.8744142716745477,0.4707071669311384,0.11761991536945815,0.0,0.0,0.47123889803846897
6.546546546546547,-0.8809876227208504,0.4582863342072646,0.11761991536945815,0.0,0.0,0.47123889803846897
6.576576576576577,-0.8873845502987948,0.4457737266814564,0.11761991536945815,0.0,0.0,0.47123889803846897
6.606606606606607,-0.8936037733822677,0.4331718500842833,0.11761991536945815,0.0,0.0,0.47123889803846897
6.636636636636637,-0.8996440465316305,0.42048322802302396,0.11761991536945815,0.0,0.0,0.47123889803846897
6.666666666666667,-0.9055041601431245,0.40771040147629745,0.11761991536945815,0.0,0.0,0.47123889803846897
6.696696696696697,-0.911182940691105,0.39485592828521493,0.11761991536945815,0.0,0.0,0.47123889803846897
6.726726726726727,-0.9166792509630457,0.38192238264115663,0.11761991536945815,0.0,0.0,0.47123889803846897
6.756756756756757,-0.9219919902872725,0.3689123545702725,0.11761991536945815,0.0,0.0,0.47123889803846897
6.786786786786787,-0.9271200947533812,0.355828449414813,0.11761991536945815,0.0,0.0,0.47123889803846897
6.816816816816817,-0.9320625374252913,0.34267328731139274,0.11761991536945815,0.0,0.0,0.47123889803846897
6.846846846846847,-0.9368183285468974,0.3294495026662907,0.11761991536945815,0.0,0.0,0.47123889803846897
6.876876876876877,-0.9413865157402742,0.31615974362789373,0.11761991536945815,0.0,0.0,0.47123889803846897
6.906906906906907,-0.9457661841963959,0.30280667155638763,0.11761991536945815,0.0,0.0,0.47123889803846897
6.936936936936937,-0.9499564568583327,0.2893929604908025,0.11761991536945815,0.0,0.0,0.47123889803846897
6.966966966966967,-0.9539564945968882,0.2759212966135187,0.11761991536945815,0.0,0.0,0.47123889803846897
6.996996996996997,-0.9577654963786388,0.26239437771234225,0.11761991536945815,0.0,0.0,0.47123889803846897
7.027027027027027,-0.9613826994263469,0.24881491264025515,0.11761991536945815,0.0,0.0,0.47123889803846897
7.057057057057057,-0.9648073793717116,0.23518562077294972,0.11761991536945815,0.0,0.0,0.47123889803846897
7.087087087087087,-0.9680388504004277,0.22150923146425613,0.11761991536945815,0.0,0.0,0.47123889803846897
7.117117117117117,-0.9710764653895261,0.20778848349957188,0.11761991536945815,0.0,0.0,0.47123889803846897
7.147147147147147,-0.973919616036962,0.1940261245474021,0.11761991536945815,0.0,0.0,0.47123889803846897
7.177177177177177,-0.976567732983433,0.18022491060912135,0.11761991536945815,0.0,0.0,0.47123889803846897
7.207207207207207,-0.9790202859263968,0.16638760546706632,0.11761991536945815,0.0,0.0,0.47123889803846897
7.237237237237237,-0.9812767837262668,0.15251698013107065,0.11761991536945815,0.0,0.0,0.47123889803846897
7.267267267267267,-0.983336774504767,0.13861581228355238,0.11761991536945815,0.0,0.0,0.47123889803846897
7.297297297297297,-0.985199845735423,0.12468688572326496,0.11761991536945815,0.0,0.0,0.47123889803846897
7.327327327327327,-0.9868656243261734,0.11073298980782338,0.11761991536945815,0.0,0.0,0.47123889803846897
7.357357357357357,-0.9883337766940841,0.09675691889511764,0.11761991536945815,0.0,0.0,0.47123889803846897
7.387387387387387,-0.989604008832149,0.08276147178372431,0.11761991536945815,0.0,0.0,0.47123889803846897
7.4174174174174174,-0.9906760663681689,0.06874945115242906,0.11761991536945815,0.0,0.0,0.47123889803846897
7.4474474474474475,-0.9915497346156893,0.054723662998972016,0.11761991536945815,0.0,0.0,0.47123889803846897
7.4774774774774775,-0.9922248386169938,0.04068691607812874,0.11761991536945815,0.0,0.0,0.47123889803846897
7.5075075075075075,-0.9927012431781418,0.026642021339238785,0.11761991536945815,0.0,0.0,0.47123889803846897
7.5375375375375375,-0.9929788528960383,0.012591791363294956,0.11761991536945815,0.0,0.0,0.47123889803846897
7.5675675675675675,-0.9930576121775424,-0.0014609602002942275,0.11761991536945815,0.0,0.0,0.47123889803846897
7.597597597597598,-0.9929375052505983,-0.015513419197155999,0.11761991536945815,0.0,0.0,0.47123889803846897
7.627627627627628,-0.9926185561673952,-0.029562771531505987,0.11761991536945815,0.0,0.0,0.47123889803846897
7.657657657657658,-0.9921008287995495,-0.04360620372968906,0.11761991536945815,0.0,0.0,0.47123889803846897
7.687687687687688,-0.9913844268253146,-0.057640903503595645,0.11761991536945815,0.0,0.0,0.47123889803846897
7.717717717717718,-0.990469493708818,-0.07166406031384058,0.11761991536945815,0.0,0.0,0.47123889803846897
7.747747747747748,-0.9893562126713334,-0.08567286593259188,0.11761991536945815,0.0,0.0,0.47123889803846897
7.777777777777778,-0.988044806654587,-0.09966451500593639,0.11761991536945815,0.0,0.0,0.47123889803846897
7.807807807807808,-0.9865355382761143,-0.11363620561567014,0.11761991536945815,0.0,0.0,0.47123889803846897
7.837837837837838,-0.984828709776667,-0.12758513984040057,0.11761991536945815,0.0,0.0,0.47123889803846897
7.867867867867868,-0.98292466295969,-0.14150852431584832,0.11761991536945815,0.0,0.0,0.47123889803846897
7.897897897897898,-0.9808237791228707,-0.15540357079423672,0.11761991536945815,0.0,0.0,0.47123889803846897
7.927927927927928,-0.9785264789817827,-0.16926749670265595,0.11761991536945815,0.0,0.0,0.47123889803846897
7.957957957957958,-0.9760332225856353,-0.18309752570029186,0.11761991536945815,0.0,0.0,0.47123889803846897
7.987987987987988,-0.9733445092251439,-0.1968908882344057,0.11761991536945815,0.0,0.0,0.47123889803846897
8.018018018018019,-0.9704608773325456,-0.21064482209495566,0.11761991536945815,0.0,0.0,0.47123889803846897
8.048048048048049,-0.9673829043737737,-0.22435657296774536,0.11761991536945815,0.0,0.0,0.47123889803846897
8.078078078078079,-0.9641112067328178,-0.2380233949859961,0.11761991536945815,0.0,0.0,0.47123889803846897
8.108108108108109,-0.9606464395882861,-0.25164255128022206,0.11761991536945815,0.0,0.0,0.47123889803846897
8.138138138138139,-0.9569892967822043,-0.26521131452630686,0.11761991536945815,0.0,0.0,0.47123889803846897
8.168168168168169,-0.9531405106810685,-0.2787269674916684,0.11761991536945815,0.0,0.0,0.47123889803846897
8.198198198198199,-0.9491008520291835,-0.2921868035794013,0.11761991536945815,0.0,0.0,0.47123889803846897
8.228228228228229,-0.9448711297943169,-0.30558812737029056,0.11761991536945815,0.0,0.0,0.47123889803846897
8.258258258258259,-0.9404521910056975,-0.31892825516258777,0.11761991536945815,0.0,0.0,0.47123889803846897
8.288288288288289,-0.9358449205843927,-0.33220451550943825,0.11761991536945815,0.0,0.0,0.47123889803846897
8.318318318318319,-0.9310502411660978,-0.34541424975385676,0.11761991536945815,0.0,0.0,0.47123889803846897
8.348348348348349,-0.9260691129163711,-0.35855481256113997,0.11761991536945815,0.0,0.0,0.47123889803846897
8.378378378378379,-0.9209025333383553,-0.3716235724486124,0.11761991536945815,0.0,0.0,0.47123889803846897
8.408408408408409,-0.9155515370730198,-0.3846179123125973,0.11761991536945815,0.0,0.0,0.47123889803846897
8.438438438438439,-0.9100171956919691,-0.39753522995250895,0.11761991536945815,0.0,0.0,0.47123889803846897
8.468468468468469,-0.9043006174828528,-0.4103729385919602,0.11761991536945815,0.0,0.0,0.47123889803846897
8.498498498498499,-0.8984029472274239,-0.42312846739678067,0.11761991536945815,0.0,0.0,0.47123889803846897
8.528528528528529,-0.8923253659722878,-0.4357992619898441,0.11761991536945815,0.0,0.0,0.47123889803846897
8.558558558558559,-0.8860690907923917,-0.4483827849625968,0.11761991536945815,0.0,0.0,0.47123889803846897
8.588588588588589,-0.8796353745472965,-0.4608765163831927,0.11761991536945815,0.0,0.0,0.47123889803846897
8.618618618618619,-0.8730255056302839,-0.47327795430112374,0.11761991536945815,0.0,0.0,0.47123889803846897
8.64864864864865,-0.8662408077103477,-0.4855846152482529,0.11761991536945815,0.0,0.0,0.47123889803846897
8.67867867867868,-0.8592826394671192,-0.49779403473614475,0.11761991536945815,0.0,0.0,0.47123889803846897
8.70870870870871,-0.8521523943187845,-0.5099037677495943,0.11761991536945815,0.0,0.0,0.47123889803846897
8.73873873873874,-0.8448515001430419,-0.5219113892362581,0.11761991536945815,0.0,0.0,0.47123889803846897
8.76876876876877,-0.837381418991162,-0.5338144945922862,0.11761991536945815,0.0,0.0,0.47123889803846897
8.7987987987988,-0.8297436467952002,-0.5456107001438597,0.11761991536945815,0.0,0.0,0.47123889803846897
8.82882882882883,-0.821939713068428,-0.5572976436245363,0.11761991536945815,0.0,0.0,0.47123889803846897
8.85885885885886,-0.8139711805990386,-0.5688729846483104,0.11761991536945815,0.0,0.0,0.47123889803846897
8.88888888888889,-0.8058396451371881,-0.5803344051782903,0.11761991536945815,0.0,0.0,0.47123889803846897
8.91891891891892,-0.7975467350754353,-0.5916796099908995,0.11761991536945815,0.0,0.0,0.47123889803846897
8.94894894894895,-0.7890941111226456,-0.6029063271355105,0.11761991536945815,0.0,0.0,0.47123889803846897
8.97897897897898,-0.7804834659714245,-0.6140123083894183,0.11761991536945815,0.0,0.0,0.47123889803846897
9.00900900900901,-0.7717165239591444,-0.6249953297080585,0.11761991536945815,0.0,0.0,0.47123889803846897
9.03903903903904,-0.762795040722635,-0.635853191670391,0.11761991536945815,0.0,0.0,0.47123889803846897
9.06906906906907,-0.7537208028466051,-0.6465837199193454,0.11761991536945815,0.0,0.0,0.47123889803846897
9.0990990990991,-0.7444956275058681,-0.6571847655972508,0.11761991536945815,0.0,0.0,0.47123889803846897
9.12912912912913,-0.7351213621014405,-0.6676542057761586,0.11761991536945815,0.0,0.0,0.47123889803846897
9.15915915915916,-0.7255998838905876,-0.6779899438829723,0.11761991536945815,0.0,0.0,0.47123889803846897
9.18918918918919,-0.7159330996108927,-0.6881899101192998,0.11761991536945815,0.0,0.0,0.47123889803846897
9.21921921921922,-0.7061229450984176,-0.6982520618759439,0.11761991536945815,0.0,0.0,0.47123889803846897
9.24924924924925,-0.6961713849000407,-0.7081743841419493,0.11761991536945815,0.0,0.0,0.47123889803846897
9.27927927927928,-0.6860804118800434,-0.7179548899081192,0.11761991536945815,0.0,0.0,0.47123889803846897
9.30930930930931,-0.6758520468210274,-0.7275916205649278,0.11761991536945815,0.0,0.0,0.47123889803846897
9.33933933933934,-0.6654883380192363,-0.7370826462947453,0.11761991536945815,0.0,0.0,0.47123889803846897
9.36936936936937,-0.6549913608743749,-0.7464260664582956,0.11761991536945815,0.0,0.0,0.47123889803846897
9.3993993993994,-0.6443632174739953,-0.7556200099752719,0.11761991536945815,0.0,0.0,0.47123889803846897
9.42942942942943,-0.6336060361725402,-0.7646626356990323,0.11761991536945815,0.0,0.0,0.47123889803846897
9.45945945945946,-0.6227219711651266,-0.7735521327853011,0.11761991536945815,0.0,0.0,0.47123889803846897
9.48948948948949,-0.6117132020561542,-0.7822867210548031,0.11761991536945815,0.0,0.0,0.47123889803846897
9.51951951951952,-0.6005819334228253,-0.7908646513497553,0.11761991536945815,0.0,0.0,0.47123889803846897
9.54954954954955,-0.5893303943736641,-0.7992842058841463,0.11761991536945815,0.0,0.0,0.47123889803846897
9.57957957957958,-0.5779608381021234,-0.8075436985877358,0.11761991536945815,0.0,0.0,0.47123889803846897
9.60960960960961,-0.5664755414353675,-0.8156414754436999,0.11761991536945815,0.0,0.0,0.47123889803846897
9.63963963963964,-0.5548768043783241,-0.8235759148198589,0.11761991536945815,0.0,0.0,0.47123889803846897
9.66966966966967,-0.5431669496530911,-0.8313454277934199,0.11761991536945815,0.0,0.0,0.47123889803846897
9.6996996996997,-0.5313483222337998,-0.8389484584691681,0.11761991536945815,0.0,0.0,0.47123889803846897
9.72972972972973,-0.5194232888770165,-0.8463834842910454,0.11761991536945815,0.0,0.0,0.47123889803846897
9.75975975975976,-0.5073942376477839,-0.853649016347053,0.11761991536945815,0.0,0.0,0.47123889803846897
9.78978978978979,-0.4952635774413965,-0.8607435996674141,0.11761991536945815,0.0,0.0,0.47123889803846897
9.81981981981982,-0.483033737501003,-0.8676658135159412,0.11761991536945815,0.0,0.0,0.47123889803846897
9.84984984984985,-0.47070716693113623,-0.8744142716745483,0.11761991536945815,0.0,0.0,0.47123889803846897
9.87987987987988,-0.4582863342072624,-0.880987622720851,0.11761991536945815,0.0,0.0,0.47123889803846897
9.90990990990991,-0.445773726681454,-0.8873845502987959,0.11761991536945815,0.0,0.0,0.47123889803846897
9.93993993993994,-0.43317185008428094,-0.8936037733822693,0.11761991536945815,0.0,0.0,0.47123889803846897
9.96996996996997,-0.42048322802302174,-0.8996440465316313,0.11761991536945815,0.0,0.0,0.47123889803846897
10.0,-0.40771040147629517,-0.9055041601431253,0.11761991536945815,0.0,0.0,0.47123889803846897
10.03003003003003,-0.39485592828521276,-0.9111829406911056,0.11761991536945815,0.0,0.0,0.47123889803846897
10.06006006006006,-0.3819223826411546,-0.9166792509630464,0.11761991536945815,0.0,0.0,0.47123889803846897
10.09009009009009,-0.36891235457027044,-0.9219919902872733,0.11761991536945815,0.0,0.0,0.47123889803846897
10.12012012012012,-0.3558284494148108,-0.927120094753382,0.11761991536945815,0.0,0.0,0.47123889803846897
10.15015015015015,-0.3426732873113905,-0.932062537425292,0.11761991536945815,0.0,0.0,0.47123889803846897
10.18018018018018,-0.3294495026662884,-0.9368183285468981,0.11761991536945815,0.0,0.0,0.47123889803846897
10.21021021021021,-0.3161597436278916,-0.9413865157402747,0.11761991536945815,0.0,0.0,0.47123889803846897
10.24024024024024,-0.30280667155638546,-0.9457661841963962,0.11761991536945815,0.0,0.0,0.47123889803846897
10.27027027027027,-0.2893929604908003,-0.9499564568583336,0.11761991536945815,0.0,0.0,0.47123889803846897
10.3003003003003,-0.2759212966135165,-0.9539564945968894,0.11761991536945815,0.0,0.0,0.47123889803846897
10.33033033033033,-0.26239437771234025,-0.95776549637864,0.11761991536945815,0.0,0.0,0.47123889803846897
10.36036036036036,-0.2488149126402534,-0.9613826994263481,0.11761991536945815,0.0,0.0,0.47123889803846897
10.39039039039039,-0.2351856207729479,-0.9648073793717126,0.11761991536945815,0.0,0.0,0.47123889803846897
10.42042042042042,-0.2215092314642544,-0.9680388504004289,0.11761991536945815,0.0,0.0,0.47123889803846897
10.45045045045045,-0.20778848349957021,-0.971076465389527,0.11761991536945815,0.0,0.0,0.47123889803846897
10.48048048048048,-0.1940261245474004,-0.9739196160369628,0.11761991536945815,0.0,0.0,0.47123889803846897
10.51051051051051,-0.1802249106091197,-0.9765677329834337,0.11761991536945815,0.0,0.0,0.47123889803846897
10.54054054054054,-0.16638760546706466,-0.9790202859263973,0.11761991536945815,0.0,0.0,0.47123889803846897
10.57057057057057,-0.15251698013106899,-0.9812767837262671,0.11761991536945815,0.0,0.0,0.47123889803846897
10.6006006006006,-0.13861581228355066,-0.9833367745047672,0.11761991536945815,0.0,0.0,0.47123889803846897
10.63063063063063,-0.12468688572326314,-0.9851998457354231,0.11761991536945815,0.0,0.0,0.47123889803846897
10.66066066066066,-0.11073298980782152,-0.9868656243261739,0.11761991536945815,0.0,0.0,0.47123889803846897
10.69069069069069,-0.09675691889511577,-0.9883337766940844,0.11761991536945815,0.0,0.0,0.47123889803846897
10.72072072072072,-0.0827614717837224,-0.9896040088321494,0.11761991536945815,0.0,0.0,0.47123889803846897
10.75075075075075,-0.0687493543063909,-0.9912198739741407,0.11294550775100065,6.283185307179586,0.0,0.47123889803846897
10.78078078078078,-0.054648632577600595,-0.995680122103321,-0.07506411529953705,6.283185307179586,0.0,0.47123889803846897
10.81081081081081,-0.04073683326831092,-0.9645992539956398,-0.2605547727567328,6.283185307179586,0.0,0.47123889803846897
10.84084084084084,-0.027510542446013978,-0.8990867110486253,-0.43690531705402524,6.283185307179586,0.0,0.47123889803846897
10.87087087087087,-0.015441876736383474,-0.8014809841612762,-0.5978208598490984,6.283185307179586,0.0,0.47123889803846897
10.9009009009009,-0.004961630971301459,-0.6752661405632959,-0.737557470050192,6.283185307179586,0.0,0.47123889803846897
10.93093093093093,0.003556099168642605,-0.5249474589356095,-0.8511272052494461,6.283185307179586,0.0,0.47123889803846897
10.96096096096096,0.009807270617550745,-0.3558906120657936,-0.9344761579015544,6.283185307179586,0.0,0.47123889803846897
10.99099099099099,0.013568745837422434,-0.17413013746429423,-0.9846291608331771,6.283185307179586,0.0,0.47123889803846897
11.02102102102102,0.015358244557934927,-0.1179404922177825,-0.9929018907321641,0.0,0.0,0.47123889803846897
11.05105105105105,0.017025664499592995,-0.11771135089200806,-0.9929018907321641,0.0,0.0,0.47123889803846897
11.08108108108108,0.01868967494183853,-0.11745863710703679,-0.9929018907321641,0.0,0.0,0.47123889803846897
11.11111111111111,0.020349942655820134,-0.1171824014704383,-0.9929018907321641,0.0,0.0,0.47123889803846897
11.14114114114114,0.022006135162191947,-0.11688269930018509,-0.9929018907321641,0.0,0.0,0.47123889803846897
11.17117117117117,0.023657920797694812,-0.11655959061357478,-0.9929018907321641,0.0,0.0,0.47123889803846897
11.2012012012012,0.025304968781573945,-0.11621314011521121,-0.9929018907321641,0.0,0.0,0.47123889803846897
11.23123123123123,0.026946949281819916,-0.11584341718404709,-0.9929018907321641,0.0,0.0,0.47123889803846897
11.26126126126126,0.028583533481219708,-0.11545049585949009,-0.9929018907321641,0.0,0.0,0.47123889803846897
11.29129129129129,0.030214393643204388,-0.11503445482657636,-0.9929018907321641,0.0,0.0,0.47123889803846897
11.32132132132132,0.03183920317748058,-0.11459537740021304,-0.9929018907321641,0.0,0.0,0.47123889803846897
11.35135135135135,0.03345763670543222,-0.11413335150849402,-0.9929018907321641,0.0,0.0,0.47123889803846897
11.381381381381381,0.03506937012527969,-0.11364846967509183,-0.9929018907321641,0.0,0.0,0.47123889803846897
11.411411411411411,0.03667408067698342,-0.11314082900072917,-0.9929018907321641,0.0,0.0,0.47123889803846897
11.441441441441441,0.03827144700687856,-0.1126105311437337,-0.9929018907321641,0.0,0.0,0.47123889803846897
11.471471471471471,0.039861149232028145,-0.11205768229968041,-0.9929018907321641,0.0,0.0,0.47123889803846897
11.501501501501501,0.04144286900428181,-0.11148239318012537,-0.9929018907321641,0.0,0.0,0.47123889803846897
11.531531531531531,0.04301628957402698,-0.11088477899043488,-0.9929018907321641,0.0,0.0,0.47123889803846897
11.561561561561561,0.04458109585362,-0.11026495940671481,-0.9929018907321641,0.0,0.0,0.47123889803846897
11.591591591591591,0.04613697448048459,-0.10962305855184497,-0.9929018907321641,0.0,0.0,0.47123889803846897
11.621621621621621,0.0476836138798646,-0.10895920497062236,-0.9929018907321641,0.0,0.0,0.47123889803846897
11.651651651651651,0.04922070432721898,-0.10827353160401945,-0.9929018907321641,0.0,0.0,0.47123889803846897
11.681681681681681,0.05074793801024604,-0.10756617576256179,-0.9929018907321641,0.0,0.0,0.47123889803846897
11.711711711711711,0.052265009090524873,-0.1068372790988308,-0.9929018907321641,0.0,0.0,0.47123889803846897
11.741741741741741,0.05377161376476156,-0.10608698757909668,-0.9929018907321641,0.0,0.0,0.47123889803846897
11.771771771771771,0.05526745032562757,-0.10531545145408812,-0.9929018907321641,0.0,0.0,0.47123889803846897
11.801801801801801,0.0567522192221788,-0.10452282522890328,-0.9929018907321641,0.0,0.0,0.47123889803846897
11.831831831831831,0.0582256231198424,-0.10370926763206928,-0.9929018907321641,0.0,0.0,0.47123889803846897
11.861861861861861,0.05968736695996014,-0.10287494158375574,-0.9929018907321641,0.0,0.0,0.47123889803846897
11.891891891891891,0.06113715801887564,-0.10202001416314901,-0.9929018907321641,0.0,0.0,0.47123889803846897
11.921921921921921,0.06257470596655432,-0.10114465657499348,-0.9929018907321641,0.0,0.0,0.47123889803846897
11.951951951951951,0.06399972292472368,-0.10024904411530663,-0.9929018907321641,0.0,0.0,0.47123889803846897
11.981981981981981,0.06541192352452303,-0.09933335613627504,-0.9929018907321641,0.0,0.0,0.47123889803846897
12.012012012012011,0.06681102496365025,-0.09839777601033778,-0.9929018907321641,0.0,0.0,0.47123889803846897
12.042042042042041,0.06819674706299482,-0.097442491093465,-0.9929018907321641,0.0,0.0,0.47123889803846897
12.072072072072071,0.06956881232274563,-0.09646769268763866,-0.9929018907321641,0.0,0.0,0.47123889803846897
12.102102102102101,0.0709269459779619,-0.09547357600254311,-0.9929018907321641,0.0,0.0,0.47123889803846897
12.132132132132131,0.07227087605359689,-0.0944603401164729,-0.9929018907321641,0.0,0.0,0.47123889803846897
12.162162162162161,0.07360033341896226,-0.09342818793646639,-0.9929018907321641,0.0,0.0,0.47123889803846897
12.192192192192191,0.07491505184162381,-0.092377326157672,-0.9929018907321641,0.0,0.0,0.47123889803846897
12.222222222222221,0.07621476804071577,-0.09130796522195632,-0.9929018907321641,0.0,0.0,0.47123889803846897
12.252252252252251,0.07749922173966461,-0.09022031927576178,-0.9929018907321641,0.0,0.0,0.47123889803846897
12.282282282282281,0.07876815571831117,-0.0891146061272224,-0.9929018907321641,0.0,0.0,0.47123889803846897
12.312312312312311,0.0800213158644206,-0.08799104720254622,-0.9929018907321641,0.0,0.0,0.47123889803846897
12.342342342342342,0.08125845122457023,-0.08684986750167344,-0.9929018907321641,0.0,0.0,0.47123889803846897
12.372372372372372,0.08247931405440415,-0.0856912955532186,-0.9929018907321641,0.0,0.0,0.47123889803846897
12.402402402402402,0.08368365986824604,-0.08451556336870625,-0.9929018907321641,0.0,0.0,0.47123889803846897
12.432432432432432,0.08487124748805872,-0.08332290639610923,-0.9929018907321641,0.0,0.0,0.47123889803846897
12.462462462462462,0.08604183909174179,-0.08211356347269862,-0.9929018907321641,0.0,0.0,0.47123889803846897
12.492492492492492,0.08719520026075703,-0.08088777677721504,-0.9929018907321641,0.0,0.0,0.47123889803846897
12.522522522522522,0.0883311000270721,-0.07964579178137089,-0.9929018907321641,0.0,0.0,0.47123889803846897
12.552552552552552,0.0894493109194135,-0.07838785720069281,-0.9929018907321641,0.0,0.0,0.47123889803846897
12.582582582582582,0.09054960900881907,-0.07711422494471502,-0.9929018907321641,0.0,0.0,0.47123889803846897
12.612612612612612,0.09163177395348136,-0.07582515006653273,-0.9929018907321641,0.0,0.0,0.47123889803846897
12.642642642642642,0.0926955890428724,-0.07452089071172614,-0.9929018907321641,0.0,0.0,0.47123889803846897
12.672672672672672,0.0937408412411414,-0.07320170806666497,-0.9929018907321641,0.0,0.0,0.47123889803846897
12.702702702702702,0.09476732122977649,-0.07186786630620443,-0.9929018907321641,0.0,0.0,0.47123889803846897
12.732732732732732,0.09577482344952215,-0.07051963254078238,-0.9929018907321641,0.0,0.0,0.47123889803846897
12.762762762762762,0.09676314614154398,-0.06915727676292863,-0.9929018907321641,0.0,0.0,0.47123889803846897
12.792792792792792,0.09773209138783184,-0.06778107179319749,-0.9929018907321641,0.0,0.0,0.47123889803846897
12.822822822822824,0.09868146515083456,-0.0663912932255332,-0.9929018907321641,0.0,0.0,0.47123889803846897
12.852852852852854,0.09961107731231685,-0.06498821937208114,-0.9929018907321641,0.0,0.0,0.47123889803846897
12.882882882882884,0.1005207417114321,-0.06357213120745331,-0.9929018907321641,0.0,0.0,0.47123889803846897
12.912912912912914,0.10141027618200205,-0.062143312312461924,-0.9929018907321641,0.0,0.0,0.47123889803846897
12.942942942942944,0.10227950258899673,-0.06070204881733006,-0.9929018907321641,0.0,0.0,0.47123889803846897
12.972972972972974,0.10312824686420737,-0.05924862934439257,-0.9929018907321641,0.0,0.0,0.47123889803846897
13.003003003003004,0.10395633904110436,-0.05778334495029749,-0.9929018907321641,0.0,0.0,0.47123889803846897
13.033033033033034,0.10476361328887451,-0.05630648906771997,-0.9929018907321641,0.0,0.0,0.47123889803846897
13.063063063063064,0.10554990794562939,-0.054818357446600595,-0.9929018907321641,0.0,0.0,0.47123889803846897
13.093093093093094,0.10631506555077949,-0.05331924809491951,-0.9929018907321641,0.0,0.0,0.47123889803846897
13.123123123123124,0.10705893287656637,-0.05180946121901839,-0.9929018907321641,0.0,0.0,0.47123889803846897
13.153153153153154,0.10778136095874791,-0.05028929916348218,-0.9929018907321641,0.0,0.0,0.47123889803846897
13.183183183183184,0.10848220512642902,-0.0487590663505926,-0.9929018907321641,0.0,0.0,0.47123889803846897
13.213213213213214,0.10916132503103317,-0.04721906921936568,-0.9929018907321641,0.0,0.0,0.47123889803846897
13.243243243243244,0.10981858467440792,-0.04566961616418538,-0.9929018907321641,0.0,0.0,0.47123889803846897
13.273273273273274,0.11045385243605943,-0.0441110174730455,-0.9929018907321641,0.0,0.0,0.47123889803846897
13.303303303303304,0.11106700109951054,-0.04254358526541269,-0.9929018907321641,0.0,0.0,0.47123889803846897
13.333333333333334,0.1116579078777765,-0.04096763342972228,-0.9929018907321641,0.0,0.0,0.47123889803846897
13.363363363363364,0.11222645443795382,-0.039383477560520255,-0.9929018907321641,0.0,0.0,0.47123889803846897
13.393393393393394,0.11277252692491728,-0.03779143489526339,-0.9929018907321641,0.0,0.0,0.47123889803846897
13.423423423423424,0.11329601598412022,-0.03619182425079036,-0.9929018907321641,0.0,0.0,0.47123889803846897
13.453453453453454,0.11379681678349342,-0.03458496595947658,-0.9929018907321641,0.0,0.0,0.47123889803846897
13.483483483483484,0.11427482903443834,-0.03297118180508566,-0.9929018907321641,0.0,0.0,0.47123889803846897
13.513513513513514,0.11472995701191067,-0.03135079495833004,-0.9929018907321641,0.0,0.0,0.47123889803846897
13.543543543543544,0.11516210957358984,-0.02972412991215403,-0.9929018907321641,0.0,0.0,0.47123889803846897
13.573573573573574,0.11557120017813087,-0.028091512416751972,-0.9929018907321641,0.0,0.0,0.47123889803846897
13.603603603603604,0.11595714690249476,-0.02645326941433462,-0.9929018907321641,0.0,0.0,0.47123889803846897
13.633633633633634,0.11631987245835426,-0.024809728973656922,-0.9929018907321641,0.0,0.0,0.47123889803846897
13.663663663663664,0.11665930420757128,-0.023161220224320083,-0.9929018907321641,0.0,0.0,0.47123889803846897
13.693693693693694,0.11697537417674311,-0.021508073290861237,-0.9929018907321641,0.0,0.0,0.47123889803846897
13.723723723723724,0.11726801907081451,-0.019850619226643888,-0.9929018907321641,0.0,0.0,0.47123889803846897
13.753753753753754,0.11753718028575304,-0.018189189947562336,-0.9929018907321641,0.0,0.0,0.47123889803846897
13.783783783783784,0.11778280392028491,-0.016524118165573354,-0.9929018907321641,0.0,0.0,0.47123889803846897
13.813813813813814,0.11800484078668899,-0.014855737322068461,-0.9929018907321641,0.0,0.0,0.47123889803846897
13.843843843843844,0.11820324642064697,-0.013184381521100163,-0.9929018907321641,0.0,0.0,0.47123889803846897
13.873873873873874,0.11837798109014765,-0.01151038546247543,-0.9929018907321641,0.0,0.0,0.47123889803846897
13.903903903903904,0.11852900980344355,-0.0098340843747299,-0.9929018907321641,0.0,0.0,0.47123889803846897
13.933933933933934,0.11865630231605824,-0.008155813947996207,-0.9929018907321641,0.0,0.0,0.47123889803846897
13.963963963963964,0.11875983313684281,-0.006475910266779836,-0.9929018907321641,0.0,0.0,0.47123889803846897
13.993993993993994,0.11883958153308102,-0.004794709742656055,-0.9929018907321641,0.0,0.0,0.47123889803846897
14.024024024024024,0.1188955315346408,-0.0031125490469013045,-0.9929018907321641,0.0,0.0,0.47123889803846897
14.054054054054054,0.11892767193717257,-0.001429765043072607,-0.9929018907321641,0.0,0.0,0.47123889803846897
14.084084084084084,0.1189359963043528,0.0002533052804515443,-0.9929018907321641,0.0,0.0,0.47123889803846897
14.114114114114114,0.11892050296917324,0.0019363248779552867,-0.9929018907321641,0.0,0.0,0.47123889803846897
14.144144144144144,0.11888119503427436,0.003618956713880969,-0.9929018907321641,0.0,0.0,0.47123889803846897
14.174174174174174,0.11881808037132438,0.005300863830322705,-0.9929018907321641,0.0,0.0,0.47123889803846897
14.204204204204204,0.11873117161944266,0.006981709414504368,-0.9929018907321641,0.0,0.0,0.47123889803846897
14.234234234234235,0.11862048618266874,0.008661156866228535,-0.9929018907321641,0.0,0.0,0.47123889803846897
14.264264264264265,0.11848604622647711,0.010338869865282853,-0.9929018907321641,0.0,0.0,0.47123889803846897
14.294294294294295,0.11832787867333833,0.012014512438790323,-0.9929018907321641,0.0,0.0,0.47123889803846897
14.324324324324325,0.11814601519732773,0.013687749028490055,-0.9929018907321641,0.0,0.0,0.47123889803846897
14.354354354354355,0.11794049221778234,0.015358244557934966,-0.9929018907321641,0.0,0.0,0.47123889803846897
14.384384384384385,0.11771135089200792,0.017025664499593026,-0.9929018907321641,0.0,0.0,0.47123889803846897
14.414414414414415,0.11745863710703666,0.01868967494183855,-0.9929018907321641,0.0,0.0,0.47123889803846897
14.444444444444445,0.11718240147043818,0.020349942655820148,-0.9929018907321641,0.0,0.0,0.47123889803846897
14.474474474474475,0.11688269930018498,0.02200613516219197,-0.9929018907321641,0.0,0.0,0.47123889803846897
14.504504504504505,0.1165595906135746,0.02365792079769483,-0.9929018907321641,0.0,0.0,0.47123889803846897
14.534534534534535,0.11621314011521107,0.02530496878157396,-0.9929018907321641,0.0,0.0,0.47123889803846897
14.564564564564565,0.11584341718404693,0.02694694928181993,-0.9929018907321641,0.0,0.0,0.47123889803846897
14.594594594594595,0.11545049585948994,0.028583533481219718,-0.9929018907321641,0.0,0.0,0.47123889803846897
14.624624624624625,0.11503445482657625,0.03021439364320441,-0.9929018907321641,0.0,0.0,0.47123889803846897
14.654654654654655,0.11459537740021299,0.031839203177480596,-0.9929018907321641,0.0,0.0,0.47123889803846897
14.684684684684685,0.11413335150849399,0.03345763670543221,-0.9929018907321641,0.0,0.0,0.47123889803846897
14.714714714714715,0.11364846967509185,0.035069370125279685,-0.9929018907321641,0.0,0.0,0.47123889803846897
14.744744744744745,0.11314082900072919,0.036674080676983405,-0.9929018907321641,0.0,0.0,0.47123889803846897
14.774774774774775,0.11261053114373368,0.03827144700687854,-0.9929018907321641,0.0,0.0,0.47123889803846897
14.804804804804805,0.11205768229968038,0.03986114923202816,-0.9929018907321641,0.0,0.0,0.47123889803846897
14.834834834834835,0.11148239318012536,0.041442869004281825,-0.9929018907321641,0.0,0.0,0.47123889803846897
14.864864864864865,0.11088477899043482,0.04301628957402698,-0.9929018907321641,0.0,0.0,0.47123889803846897
14.894894894894895,0.1102649594067148,0.04458109585361999,-0.9929018907321641,0.0,0.0,0.47123889803846897
14.924924924924925,0.109623058551845,0.04613697448048459,-0.9929018907321641,0.0,0.0,0.47123889803846897
14.954954954954955,0.10895920497062238,0.047683613879864604,-0.9929018907321641,0.0,0.0,0.47123889803846897
14.984984984984985,0.10827353160401952,0.049220704327218985,-0.9929018907321641,0.0,0.0,0.47123889803846897
15.015015015015015,0.10756617576256183,0.05074793801024603,-0.9929018907321641,0.0,0.0,0.47123889803846897
15.045045045045045,0.10683727909883081,0.052265009090524873,-0.9929018907321641,0.0,0.0,0.47123889803846897
15.075075075075075,0.10608698757909672,0.053771613764761514,-0.9929018907321641,0.0,0.0,0.47123889803846897
15.105105105105105,0.10531545145408817,0.05526745032562753,-0.9929018907321641,0.0,0.0,0.47123889803846897
15.135135135135135,0.10452282522890337,0.05675221922217877,-0.9929018907321641,0.0,0.0,0.47123889803846897
15.165165165165165,0.1037092676320694,0.05822562311984236,-0.9929018907321641,0.0,0.0,0.47123889803846897
15.195195195195195,0.10287494158375587,0.05968736695996009,-0.9929018907321641,0.0,0.0,0.47123889803846897
15.225225225225225,0.10202001416314915,0.061137158018875606,-0.9929018907321641,0.0,0.0,0.47123889803846897
15.255255255255255,0.10114465657499357,0.06257470596655426,-0.9929018907321641,0.0,0.0,0.47123889803846897
15.285285285285285,0.10024904411530673,0.06399972292472363,-0.9929018907321641,0.0,0.0,0.47123889803846897
15.315315315315315,0.09933335613627514,0.06541192352452295,-0.9929018907321641,0.0,0.0,0.47123889803846897
15.345345345345345,0.09839777601033788,0.06681102496365017,-0.9929018907321641,0.0,0.0,0.47123889803846897
15.375375375375375,0.09744249109346508,0.06819674706299476,-0.9929018907321641,0.0,0.0,0.47123889803846897
15.405405405405405,0.09646769268763875,0.06956881232274559,-0.9929018907321641,0.0,0.0,0.47123889803846897
15.435435435435435,0.09547357600254316,0.07092694597796187,-0.9929018907321641,0.0,0.0,0.47123889803846897
15.465465465465465,0.09446034011647296,0.07227087605359682,-0.9929018907321641,0.0,0.0,0.47123889803846897
15.495495495495495,0.09342818793646644,0.07360033341896231,-0.9929018907321641,0.0,0.0,0.47123889803846897
15.525525525525525,0.09237732615767205,0.07491505184162389,-0.9929018907321641,0.0,0.0,0.47123889803846897
15.555555555555555,0.09130796522195642,0.07621476804071582,-0.9929018907321641,0.0,0.0,0.47123889803846897
15.585585585585585,0.0902203192757619,0.0774992217396646,-0.9929018907321641,0.0,0.0,0.47123889803846897
15.615615615615615,0.08911460612722254,0.07876815571831117,-0.9929018907321641,0.0,0.0,0.47123889803846897
15.645645645645645,0.08799104720254637,0.0800213158644207,-0.9929018907321641,0.0,0.0,0.47123889803846897
15.675675675675675,0.0868498675016736,0.08125845122457034,-0.9929018907321641,0.0,0.0,0.47123889803846897
15.705705705705705,0.08569129555321874,0.0824793140544043,-0.9929018907321641,0.0,0.0,0.47123889803846897
15.735735735735735,0.08451556336870637,0.08368365986824619,-0.9929018907321641,0.0,0.0,0.47123889803846897
15.765765765765765,0.08332290639610931,0.08487124748805885,-0.9929018907321641,0.0,0.0,0.47123889803846897
15.795795795795796,0.0821135634726987,0.08604183909174194,-0.9929018907321641,0.0,0.0,0.47123889803846897
15.825825825825826,0.08088777677721515,0.08719520026075717,-0.9929018907321641,0.0,0.0,0.47123889803846897
15.855855855855856,0.07964579178137092,0.08833110002707219,-0.9929018907321641,0.0,0.0,0.47123889803846897
15.885885885885886,0.0783878572006928,0.08944931091941355,-0.9929018907321641,0.0,0.0,0.47123889803846897
15.915915915915916,0.077114224944715,0.09054960900881912,-0.9929018907321641,0.0,0.0,0.47123889803846897
15.945945945945946,0.07582515006653269,0.09163177395348142,-0.9929018907321641,0.0,0.0,0.47123889803846897
15.975975975975976,0.07452089071172607,0.09269558904287246,-0.9929018907321641,0.0,0.0,0.47123889803846897
16.006006006006007,0.07320170806666484,0.09374084124114151,-0.9929018907321641,0.0,0.0,0.47123889803846897
16.036036036036037,0.07186786630620434,0.09476732122977659,-0.9929018907321641,0.0,0.0,0.47123889803846897
16.066066066066067,0.0705196325407823,0.09577482344952229,-0.9929018907321641,0.0,0.0,0.47123889803846897
16.096096096096097,0.06915727676292859,0.09676314614154415,-0.9929018907321641,0.0,0.0,0.47123889803846897
16.126126126126128,0.06778107179319738,0.09773209138783204,-0.9929018907321641,0.0,0.0,0.47123889803846897
16.156156156156158,0.0663912932255332,0.0986814651508347,-0.9929018907321641,0.0,0.0,0.47123889803846897
16.186186186186188,0.0649882193720811,0.09961107731231701,-0.9929018907321641,0.0,0.0,0.47123889803846897
16.216216216216218,0.06357213120745325,0.10052074171143228,-0.9929018907321641,0.0,0.0,0.47123889803846897
16.246246246246248,0.06214331231246184,0.10141027618200224,-0.9929018907321641,0.0,0.0,0.47123889803846897
16.276276276276278,0.06070204881732997,0.10227950258899694,-0.9929018907321641,0.0,0.0,0.47123889803846897
16.306306306306308,0.05924862934439248,0.10312824686420756,-0.9929018907321641,0.0,0.0,0.47123889803846897
16.336336336336338,0.05778334495029739,0.10395633904110455,-0.9929018907321641,0.0,0.0,0.47123889803846897
16.366366366366368,0.056306489067719866,0.10476361328887465,-0.9929018907321641,0.0,0.0,0.47123889803846897
16.396396396396398,0.0548183574466005,0.1055499079456295,-0.9929018907321641,0.0,0.0,0.47123889803846897
16.426426426426428,0.05331924809491941,0.10631506555077956,-0.9929018907321641,0.0,0.0,0.47123889803846897
16.456456456456458,0.05180946121901829,0.10705893287656644,-0.9929018907321641,0.0,0.0,0.47123889803846897
16.486486486486488,0.05028929916348208,0.10778136095874795,-0.9929018907321641,0.0,0.0,0.47123889803846897
16.516516516516518,0.048759066350592496,0.10848220512642907,-0.9929018907321641,0.0,0.0,0.47123889803846897
16.546546546546548,0.047219069219365584,0.10916132503103318,-0.9929018907321641,0.0,0.0,0.47123889803846897
16.576576576576578,0.04566961616418527,0.10981858467440789,-0.9929018907321641,0.0,0.0,0.47123889803846897
16.606606606606608,0.04411101747304541,0.1104538524360594,-0.9929018907321641,0.0,0.0,0.47123889803846897
16.636636636636638,0.04254358526541259,0.11106700109951052,-0.9929018907321641,0.0,0.0,0.47123889803846897
16.666666666666668,0.040967633429722185,0.11165790787777649,-0.9929018907321641,0.0,0.0,0.47123889803846897
16.696696696696698,0.039383477560520186,0.11222645443795379,-0.9929018907321641,0.0,0.0,0.47123889803846897
16.726726726726728,0.03779143489526332,0.11277252692491725,-0.9929018907321641,0.0,0.0,0.47123889803846897
16.756756756756758,0.03619182425079027,0.11329601598412024,-0.9929018907321641,0.0,0.0,0.47123889803846897
16.786786786786788,0.034584965959476494,0.1137968167834934,-0.9929018907321641,0.0,0.0,0.47123889803846897
16.816816816816818,0.03297118180508557,0.11427482903443832,-0.9929018907321641,0.0,0.0,0.47123889803846897
16.846846846846848,0.03135079495832997,0.11472995701191065,-0.9929018907321641,0.0,0.0,0.47123889803846897
16.876876876876878,0.029724129912153976,0.11516210957358984,-0.9929018907321641,0.0,0.0,0.47123889803846897
16.906906906906908,0.028091512416751896,0.11557120017813083,-0.9929018907321641,0.0,0.0,0.47123889803846897
16.936936936936938,0.026453269414334554,0.11595714690249471,-0.9929018907321641,0.0,0.0,0.47123889803846897
16.966966966966968,0.024809728973656856,0.11631987245835423,-0.9929018907321641,0.0,0.0,0.47123889803846897
16.996996996996998,0.023161220224320017,0.11665930420757128,-0.9929018907321641,0.0,0.0,0.47123889803846897
17.027027027027028,0.02150807329086117,0.11697537417674311,-0.9929018907321641,0.0,0.0,0.47123889803846897
17.057057057057058,0.01985061922664382,0.11726801907081451,-0.9929018907321641,0.0,0.0,0.47123889803846897
17.087087087087088,0.01818918994756227,0.11753718028575307,-0.9929018907321641,0.0,0.0,0.47123889803846897
17.117117117117118,0.01652411816557328,0.11778280392028491,-0.9929018907321641,0.0,0.0,0.47123889803846897
17.147147147147148,0.014855737322068385,0.118004840786689,-0.9929018907321641,0.0,0.0,0.47123889803846897
17.177177177177178,0.013184381521100083,0.11820324642064699,-0.9929018907321641,0.0,0.0,0.47123889803846897
17.207207207207208,0.011510385462475355,0.11837798109014766,-0.9929018907321641,0.0,0.0,0.47123889803846897
17.237237237237238,0.009834084374729829,0.11852900980344354,-0.9929018907321641,0.0,0.0,0.47123889803846897
17.26726726726727,0.008155813947996133,0.11865630231605818,-0.9929018907321641,0.0,0.0,0.47123889803846897
17.2972972972973,0.006475910266779762,0.11875983313684274,-0.9929018907321641,0.0,0.0,0.47123889803846897
17.32732732732733,0.004794709742655982,0.11883958153308095,-0.9929018907321641,0.0,0.0,0.47123889803846897
17.35735735735736,0.003112549046901232,0.11889553153464072,-0.9929018907321641,0.0,0.0,0.47123889803846897
17.38738738738739,0.001429765043072536,0.11892767193717246,-0.9929018907321641,0.0,0.0,0.47123889803846897
17.41741741741742,-0.0002533052804516147,0.11893599630435273,-0.9929018907321641,0.0,0.0,0.47123889803846897
17.44744744744745,-0.0019363248779553559,0.11892050296917321,-0.9929018907321641,0.0,0.0,0.47123889803846897
17.47747747747748,-0.0036189567138810376,0.11888119503427434,-0.9929018907321641,0.0,0.0,0.47123889803846897
17.50750750750751,-0.0053008638303227735,0.11881808037132432,-0.9929018907321641,0.0,0.0,0.47123889803846897
17.53753753753754,-0.006981709414504438,0.11873117161944255,-0.9929018907321641,0.0,0.0,0.47123889803846897
17.56756756756757,-0.008661156866228606,0.1186204861826686,-0.9929018907321641,0.0,0.0,0.47123889803846897
17.5975975975976,-0.010338869865282927,0.11848604622647696,-0.9929018907321641,0.0,0.0,0.47123889803846897
17.62762762762763,-0.01201451243879039,0.11832787867333816,-0.9929018907321641,0.0,0.0,0.47123889803846897
17.65765765765766,-0.013687749028490117,0.11814601519732758,-0.9929018907321641,0.0,0.0,0.47123889803846897
17.68768768768769,-0.015358244557935026,0.11794049221778223,-0.9929018907321641,0.0,0.0,0.47123889803846897
17.71771771771772,-0.017025664499593095,0.11771135089200781,-0.9929018907321641,0.0,0.0,0.47123889803846897
17.74774774774775,-0.018689674941838617,0.11745863710703654,-0.9929018907321641,0.0,0.0,0.47123889803846897
17.77777777777778,-0.02034994265582021,0.11718240147043807,-0.9929018907321641,0.0,0.0,0.47123889803846897
17.80780780780781,-0.02200613516219203,0.11688269930018487,-0.9929018907321641,0.0,0.0,0.47123889803846897
17.83783783783784,-0.0236579207976949,0.11655959061357453,-0.9929018907321641,0.0,0.0,0.47123889803846897
17.86786786786787,-0.025304968781574014,0.11621314011521099,-0.9929018907321641,0.0,0.0,0.47123889803846897
17.8978978978979,-0.026946949281819992,0.11584341718404682,-0.9929018907321641,0.0,0.0,0.47123889803846897
17.92792792792793,-0.02858353348121977,0.11545049585948985,-0.9929018907321641,0.0,0.0,0.47123889803846897
17.95795795795796,-0.030214393643204454,0.1150344548265761,-0.9929018907321641,0.0,0.0,0.47123889803846897
17.98798798798799,-0.03183920317748064,0.11459537740021279,-0.9929018907321641,0.0,0.0,0.47123889803846897
18.01801801801802,-0.03345763670543227,0.11413335150849375,-0.9929018907321641,0.0,0.0,0.47123889803846897
18.04804804804805,-0.035069370125279734,0.11364846967509161,-0.9929018907321641,0.0,0.0,0.47123889803846897
18.07807807807808,-0.03667408067698347,0.11314082900072896,-0.9929018907321641,0.0,0.0,0.47123889803846897
18.10810810810811,-0.038271447006878595,0.11261053114373347,-0.9929018907321641,0.0,0.0,0.47123889803846897
18.13813813813814,-0.03986114923202821,0.1120576822996802,-0.9929018907321641,0.0,0.0,0.47123889803846897
18.16816816816817,-0.04144286900428188,0.11148239318012518,-0.9929018907321641,0.0,0.0,0.47123889803846897
18.1981981981982,-0.04301628957402705,0.11088477899043468,-0.9929018907321641,0.0,0.0,0.47123889803846897
18.22822822822823,-0.04458109585362007,0.11026495940671466,-0.9929018907321641,0.0,0.0,0.47123889803846897
18.25825825825826,-0.046136974480484656,0.10962305855184483,-0.9929018907321641,0.0,0.0,0.47123889803846897
18.28828828828829,-0.047683613879864674,0.10895920497062225,-0.9929018907321641,0.0,0.0,0.47123889803846897
18.31831831831832,-0.049220704327219054,0.1082735316040194,-0.9929018907321641,0.0,0.0,0.47123889803846897
18.34834834834835,-0.05074793801024611,0.10756617576256178,-0.9929018907321641,0.0,0.0,0.47123889803846897
18.37837837837838,-0.05226500909052494,0.10683727909883078,-0.9929018907321641,0.0,0.0,0.47123889803846897
18.40840840840841,-0.05377161376476162,0.1060869875790967,-0.9929018907321641,0.0,0.0,0.47123889803846897
18.43843843843844,-0.055267450325627625,0.10531545145408816,-0.9929018907321641,0.0,0.0,0.47123889803846897
18.46846846846847,-0.05675221922217884,0.10452282522890331,-0.9929018907321641,0.0,0.0,0.47123889803846897
18.4984984984985,-0.05822562311984244,0.10370926763206931,-0.9929018907321641,0.0,0.0,0.47123889803846897
18.52852852852853,-0.05968736695996019,0.10287494158375579,-0.9929018907321641,0.0,0.0,0.47123889803846897
18.55855855855856,-0.06113715801887571,0.10202001416314903,-0.9929018907321641,0.0,0.0,0.47123889803846897
18.58858858858859,-0.06257470596655439,0.10114465657499343,-0.9929018907321641,0.0,0.0,0.47123889803846897
18.61861861861862,-0.06399972292472378,0.10024904411530658,-0.9929018907321641,0.0,0.0,0.47123889803846897
18.64864864864865,-0.06541192352452312,0.09933335613627496,-0.9929018907321641,0.0,0.0,0.47123889803846897
18.67867867867868,-0.0668110249636503,0.0983977760103377,-0.9929018907321641,0.0,0.0,0.47123889803846897
18.70870870870871,-0.0681967470629949,0.09744249109346491,-0.9929018907321641,0.0,0.0,0.47123889803846897
18.73873873873874,-0.06956881232274573,0.09646769268763854,-0.9929018907321641,0.0,0.0,0.47123889803846897
18.76876876876877,-0.07092694597796201,0.09547357600254297,-0.9929018907321641,0.0,0.0,0.47123889803846897
18.7987987987988,-0.07227087605359692,0.09446034011647278,-0.9929018907321641,0.0,0.0,0.47123889803846897
18.82882882882883,-0.07360033341896234,0.09342818793646626,-0.9929018907321641,0.0,0.0,0.47123889803846897
18.85885885885886,-0.07491505184162393,0.09237732615767184,-0.9929018907321641,0.0,0.0,0.47123889803846897
18.88888888888889,-0.07621476804071584,0.09130796522195617,-0.9929018907321641,0.0,0.0,0.47123889803846897
18.91891891891892,-0.07749922173966461,0.09022031927576163,-0.9929018907321641,0.0,0.0,0.47123889803846897
18.94894894894895,-0.07876815571831115,0.08911460612722222,-0.9929018907321641,0.0,0.0,0.47123889803846897
18.97897897897898,-0.08002131586442064,0.08799104720254608,-0.9929018907321641,0.0,0.0,0.47123889803846897
19.00900900900901,-0.08125845122457027,0.08684986750167328,-0.9929018907321641,0.0,0.0,0.47123889803846897
19.03903903903904,-0.0824793140544042,0.08569129555321839,-0.9929018907321641,0.0,0.0,0.47123889803846897
19.06906906906907,-0.08368365986824611,0.08451556336870603,-0.9929018907321641,0.0,0.0,0.47123889803846897
19.0990990990991,-0.08487124748805878,0.08332290639610902,-0.9929018907321641,0.0,0.0,0.47123889803846897
19.12912912912913,-0.08604183909174185,0.0821135634726984,-0.9929018907321641,0.0,0.0,0.47123889803846897
19.15915915915916,-0.08719520026075707,0.08088777677721483,-0.9929018907321641,0.0,0.0,0.47123889803846897
19.18918918918919,-0.0883311000270721,0.07964579178137064,-0.9929018907321641,0.0,0.0,0.47123889803846897
19.21921921921922,-0.08944931091941342,0.07838785720069255,-0.9929018907321641,0.0,0.0,0.47123889803846897
19.24924924924925,-0.09054960900881896,0.07711422494471476,-0.9929018907321641,0.0,0.0,0.47123889803846897
19.27927927927928,-0.09163177395348125,0.07582515006653245,-0.9929018907321641,0.0,0.0,0.47123889803846897
19.30930930930931,-0.09269558904287226,0.07452089071172584,-0.9929018907321641,0.0,0.0,0.47123889803846897
19.33933933933934,-0.09374084124114124,0.07320170806666472,-0.9929018907321641,0.0,0.0,0.47123889803846897
19.36936936936937,-0.09476732122977632,0.0718678663062042,-0.9929018907321641,0.0,0.0,0.47123889803846897
19.3993993993994,-0.09577482344952203,0.07051963254078211,-0.9929018907321641,0.0,0.0,0.47123889803846897
19.42942942942943,-0.09676314614154384,0.0691572767629284,-0.9929018907321641,0.0,0.0,0.47123889803846897
19.45945945945946,-0.09773209138783172,0.06778107179319723,-0.9929018907321641,0.0,0.0,0.47123889803846897
19.48948948948949,-0.09868146515083438,0.06639129322553304,-0.9929018907321641,0.0,0.0,0.47123889803846897
19.51951951951952,-0.09961107731231669,0.06498821937208096,-0.9929018907321641,0.0,0.0,0.47123889803846897
19.54954954954955,-0.10052074171143198,0.06357213120745316,-0.9929018907321641,0.0,0.0,0.47123889803846897
19.57957957957958,-0.10141027618200193,0.062143312312461715,-0.9929018907321641,0.0,0.0,0.47123889803846897
19.60960960960961,-0.10227950258899661,0.06070204881732988,-0.9929018907321641,0.0,0.0,0.47123889803846897
19.63963963963964,-0.10312824686420724,0.0592486293443924,-0.9929018907321641,0.0,0.0,0.47123889803846897
19.66966966966967,-0.10395633904110427,0.05778334495029733,-0.9929018907321641,0.0,0.0,0.47123889803846897
19.6996996996997,-0.1047636132888744,0.056306489067719824,-0.9929018907321641,0.0,0.0,0.47123889803846897
19.72972972972973,-0.10554990794562927,0.05481835744660048,-0.9929018907321641,0.0,0.0,0.47123889803846897
19.75975975975976,-0.10631506555077933,0.053319248094919405,-0.9929018907321641,0.0,0.0,0.47123889803846897
19.78978978978979,-0.10705893287656625,0.051809461219018284,-0.9929018907321641,0.0,0.0,0.47123889803846897
19.81981981981982,-0.1077813609587477,0.05028929916348207,-0.9929018907321641,0.0,0.0,0.47123889803846897
19.84984984984985,-0.10848220512642885,0.048759066350592496,-0.9929018907321641,0.0,0.0,0.47123889803846897
19.87987987987988,-0.109161325031033,0.047219069219365584,-0.9929018907321641,0.0,0.0,0.47123889803846897
19.90990990990991,-0.10981858467440767,0.04566961616418529,-0.9929018907321641,0.0,0.0,0.47123889803846897
19.93993993993994,-0.11045385243605921,0.04411101747304544,-0.9929018907321641,0.0,0.0,0.47123889803846897
19.96996996996997,-0.11106700109951033,0.0425435852654126,-0.9929018907321641,0.0,0.0,0.47123889803846897
20.0,-0.11165790787777628,0.04096763342972217,-0.9929018907321641,0.0,0.0,0.47123889803846897
20.03003003003003,-0.11222645443795358,0.03938347756052016,-0.9929018907321641,0.0,0.0,0.47123889803846897
20.06006006006006,-0.11277252692491703,0.037791434895263314,-0.9929018907321641,0.0,0.0,0.47123889803846897
20.09009009009009,-0.11329601598412,0.036191824250790275,-0.9929018907321641,0.0,0.0,0.47123889803846897
20.12012012012012,-0.11379681678349317,0.0345849659594765,-0.9929018907321641,0.0,0.0,0.47123889803846897
20.15015015015015,-0.11427482903443809,0.032971181805085584,-0.9929018907321641,0.0,0.0,0.47123889803846897
20.18018018018018,-0.11472995701191041,0.031350794958329986,-0.9929018907321641,0.0,0.0,0.47123889803846897
20.21021021021021,-0.11516210957358954,0.029724129912153986,-0.9929018907321641,0.0,0.0,0.47123889803846897
20.24024024024024,-0.11557120017813052,0.028091512416751927,-0.9929018907321641,0.0,0.0,0.47123889803846897
20.27027027027027,-0.11595714690249441,0.026453269414334575,-0.9929018907321641,0.0,0.0,0.47123889803846897
20.3003003003003,-0.11631987245835394,0.024809728973656887,-0.9929018907321641,0.0,0.0,0.47123889803846897
20.33033033033033,-0.11665930420757094,0.02316122022432005,-0.9929018907321641,0.0,0.0,0.47123889803846897
20.36036036036036,-0.1169753741767428,0.02150807329086122,-0.9929018907321641,0.0,0.0,0.47123889803846897
20.39039039039039,-0.1172680190708142,0.01985061922664388,-0.9929018907321641,0.0,0.0,0.47123889803846897
20.42042042042042,-0.11753718028575272,0.018189189947562332,-0.9929018907321641,0.0,0.0,0.47123889803846897
20.45045045045045,-0.11778280392028463,0.016524118165573344,-0.9929018907321641,0.0,0.0,0.47123889803846897
20.48048048048048,-0.11800484078668871,0.014855737322068449,-0.9929018907321641,0.0,0.0,0.47123889803846897
20.51051051051051,-0.11820324642064668,0.013184381521100155,-0.9929018907321641,0.0,0.0,0.47123889803846897
20.54054054054054,-0.11837798109014733,0.011510385462475427,-0.9929018907321641,0.0,0.0,0.47123889803846897
20.57057057057057,-0.11852900980344322,0.009834084374729902,-0.9929018907321641,0.0,0.0,0.47123889803846897
20.6006006006006,-0.11865630231605782,0.00815581394799621,-0.9929018907321641,0.0,0.0,0.47123889803846897
20.63063063063063,-0.11875983313684242,0.006475910266779846,-0.9929018907321641,0.0,0.0,0.47123889803846897
20.66066066066066,-0.11883958153308063,0.004794709742656071,-0.9929018907321641,0.0,0.0,0.47123889803846897
20.69069069069069,-0.1188955315346404,0.003112549046901327,-0.9929018907321641,0.0,0.0,0.47123889803846897
20.72072072072072,-0.11892767193717217,0.0014297650430726352,-0.9929018907321641,0.0,0.0,0.47123889803846897
20.75075075075075,-0.11893599630435242,-0.00025330528045151103,-0.9929018907321641,0.0,0.0,0.47123889803846897
20.78078078078078,-0.11892050296917284,-0.0019363248779552472,-0.9929018907321641,0.0,0.0,0.47123889803846897
20.81081081081081,-0.11888119503427397,-0.0036189567138809244,-0.9929018907321641,0.0,0.0,0.47123889803846897
20.84084084084084,-0.11881808037132395,-0.005300863830322655,-0.9929018907321641,0.0,0.0,0.47123889803846897
20.87087087087087,-0.11873117161944224,-0.006981709414504313,-0.9929018907321641,0.0,0.0,0.47123889803846897
20.9009009009009,-0.11862048618266835,-0.00866115686622848,-0.9929018907321641,0.0,0.0,0.47123889803846897
20.93093093093093,-0.11848604622647671,-0.01033886986528279,-0.9929018907321641,0.0,0.0,0.47123889803846897
20.96096096096096,-0.11832787867333792,-0.012014512438790254,-0.9929018907321641,0.0,0.0,0.47123889803846897
20.99099099099099,-0.1181460151973273,-0.013687749028489979,-0.9929018907321641,0.0,0.0,0.47123889803846897
21.02102102102102,-0.11794049221778197,-0.015358244557934886,-0.9929018907321641,0.0,0.0,0.47123889803846897
21.05105105105105,-0.11771135089200757,-0.017025664499592957,-0.9929018907321641,0.0,0.0,0.47123889803846897
21.08108108108108,-0.11745863710703631,-0.018689674941838475,-0.9929018907321641,0.0,0.0,0.47123889803846897
21.11111111111111,-0.11718240147043782,-0.02034994265582007,-0.9929018907321641,0.0,0.0,0.47123889803846897
21.14114114114114,-0.11688269930018462,-0.02200613516219189,-0.9929018907321641,0.0,0.0,0.47123889803846897
21.17117117117117,-0.11655959061357425,-0.02365792079769475,-0.9929018907321641,0.0,0.0,0.47123889803846897
21.2012012012012,-0.1162131401152107,-0.025304968781573876,-0.9929018907321641,0.0,0.0,0.47123889803846897
21.23123123123123,-0.11584341718404657,-0.026946949281819847,-0.9929018907321641,0.0,0.0,0.47123889803846897
21.26126126126126,-0.11545049585948962,-0.028583533481219624,-0.9929018907321641,0.0,0.0,0.47123889803846897
21.29129129129129,-0.11503445482657589,-0.03021439364320431,-0.9929018907321641,0.0,0.0,0.47123889803846897
21.32132132132132,-0.11459537740021256,-0.031839203177480485,-0.9929018907321641,0.0,0.0,0.47123889803846897
21.35135135135135,-0.11413335150849357,-0.03345763670543209,-0.9929018907321641,0.0,0.0,0.47123889803846897
21.38138138138138,-0.11364846967509142,-0.03506937012527956,-0.9929018907321641,0.0,0.0,0.47123889803846897
21.41141141141141,-0.11314082900072875,-0.03667408067698328,-0.9929018907321641,0.0,0.0,0.47123889803846897
21.44144144144144,-0.11261053114373329,-0.03827144700687841,-0.9929018907321641,0.0,0.0,0.47123889803846897
21.47147147147147,-0.11205768229968001,-0.039861149232028034,-0.9929018907321641,0.0,0.0,0.47123889803846897
21.5015015015015,-0.11148239318012498,-0.0414428690042817,-0.9929018907321641,0.0,0.0,0.47123889803846897
21.53153153153153,-0.11088477899043453,-0.04301628957402686,-0.9929018907321641,0.0,0.0,0.47123889803846897
21.56156156156156,-0.1102649594067145,-0.044581095853619884,-0.9929018907321641,0.0,0.0,0.47123889803846897
21.59159159159159,-0.1096230585518447,-0.04613697448048446,-0.9929018907321641,0.0,0.0,0.47123889803846897
21.62162162162162,-0.10895920497062213,-0.04768361387986449,-0.9929018907321641,0.0,0.0,0.47123889803846897
21.65165165165165,-0.10827353160401922,-0.04922070432721887,-0.9929018907321641,0.0,0.0,0.47123889803846897
21.68168168168168,-0.10756617576256157,-0.050747938010245915,-0.9929018907321641,0.0,0.0,0.47123889803846897
21.71171171171171,-0.10683727909883058,-0.052265009090524756,-0.9929018907321641,0.0,0.0,0.47123889803846897
21.74174174174174,-0.10608698757909649,-0.05377161376476141,-0.9929018907321641,0.0,0.0,0.47123889803846897
21.77177177177177,-0.10531545145408794,-0.05526745032562744,-0.9929018907321641,0.0,0.0,0.47123889803846897
21.8018018018018,-0.1045228252289031,-0.05675221922217866,-0.9929018907321641,0.0,0.0,0.47123889803846897
21.83183183183183,-0.10370926763206915,-0.05822562311984226,-0.9929018907321641,0.0,0.0,0.47123889803846897
21.86186186186186,-0.10287494158375564,-0.05968736695996002,-0.9929018907321641,0.0,0.0,0.47123889803846897
21.89189189189189,-0.1020200141631489,-0.06113715801887554,-0.9929018907321641,0.0,0.0,0.47123889803846897
21.92192192192192,-0.10114465657499336,-0.06257470596655418,-0.9929018907321641,0.0,0.0,0.47123889803846897
21.95195195195195,-0.10024904411530652,-0.06399972292472354,-0.9929018907321641,0.0,0.0,0.47123889803846897
21.98198198198198,-0.09933335613627495,-0.06541192352452287,-0.9929018907321641,0.0,0.0,0.47123889803846897
22.01201201201201,-0.09839777601033767,-0.06681102496365007,-0.9929018907321641,0.0,0.0,0.47123889803846897
22.04204204204204,-0.09744249109346494,-0.06819674706299468,-0.9929018907321641,0.0,0.0,0.47123889803846897
22.07207207207207,-0.09646769268763858,-0.06956881232274546,-0.9929018907321641,0.0,0.0,0.47123889803846897
22.1021021021021,-0.095473576002543,-0.07092694597796173,-0.9929018907321641,0.0,0.0,0.47123889803846897
22.13213213213213,-0.09446034011647284,-0.07227087605359671,-0.9929018907321641,0.0,0.0,0.47123889803846897
22.16216216216216,-0.09342818793646633,-0.07360033341896219,-0.9929018907321641,0.0,0.0,0.47123889803846897
22.19219219219219,-0.09237732615767195,-0.07491505184162374,-0.9929018907321641,0.0,0.0,0.47123889803846897
22.22222222222222,-0.09130796522195628,-0.07621476804071568,-0.9929018907321641,0.0,0.0,0.47123889803846897
22.25225225225225,-0.0902203192757618,-0.07749922173966448,-0.9929018907321641,0.0,0.0,0.47123889803846897
22.28228228228228,-0.08911460612722241,-0.07876815571831099,-0.9929018907321641,0.0,0.0,0.47123889803846897
22.31231231231231,-0.08799104720254623,-0.08002131586442052,-0.9929018907321641,0.0,0.0,0.47123889803846897
22.34234234234234,-0.08684986750167345,-0.08125845122457011,-0.9929018907321641,0.0,0.0,0.47123889803846897
22.37237237237237,-0.0856912955532186,-0.08247931405440408,-0.9929018907321641,0.0,0.0,0.47123889803846897
22.4024024024024,-0.08451556336870626,-0.08368365986824591,-0.9929018907321641,0.0,0.0,0.47123889803846897
22.43243243243243,-0.08332290639610926,-0.0848712474880586,-0.9929018907321641,0.0,0.0,0.47123889803846897
22.46246246246246,-0.08211356347269864,-0.0860418390917417,-0.9929018907321641,0.0,0.0,0.47123889803846897
22.49249249249249,-0.08088777677721508,-0.0871952002607569,-0.9929018907321641,0.0,0.0,0.47123889803846897
22.52252252252252,-0.07964579178137093,-0.08833110002707191,-0.9929018907321641,0.0,0.0,0.47123889803846897
22.55255255255255,-0.07838785720069283,-0.08944931091941326,-0.9929018907321641,0.0,0.0,0.47123889803846897
22.58258258258258,-0.07711422494471502,-0.09054960900881884,-0.9929018907321641,0.0,0.0,0.47123889803846897
22.61261261261261,-0.07582515006653276,-0.09163177395348117,-0.9929018907321641,0.0,0.0,0.47123889803846897
22.64264264264264,-0.0745208907117262,-0.09269558904287224,-0.9929018907321641,0.0,0.0,0.47123889803846897
22.67267267267267,-0.07320170806666501,-0.09374084124114127,-0.9929018907321641,0.0,0.0,0.47123889803846897
22.7027027027027,-0.07186786630620448,-0.09476732122977632,-0.9929018907321641,0.0,0.0,0.47123889803846897
22.73273273273273,-0.07051963254078245,-0.09577482344952204,-0.9929018907321641,0.0,0.0,0.47123889803846897
22.762762762762762,-0.0691572767629287,-0.09676314614154387,-0.9929018907321641,0.0,0.0,0.47123889803846897
22.792792792792792,-0.06778107179319756,-0.09773209138783175,-0.9929018907321641,0.0,0.0,0.47123889803846897
22.822822822822822,-0.06639129322553335,-0.09868146515083442,-0.9929018907321641,0.0,0.0,0.47123889803846897
22.852852852852852,-0.0649882193720813,-0.09961107731231672,-0.9929018907321641,0.0,0.0,0.47123889803846897
22.882882882882882,-0.06357213120745346,-0.100520741711432,-0.9929018907321641,0.0,0.0,0.47123889803846897
22.912912912912912,-0.06214331231246209,-0.10141027618200196,-0.9929018907321641,0.0,0.0,0.47123889803846897
22.942942942942942,-0.060702048817330226,-0.10227950258899667,-0.9929018907321641,0.0,0.0,0.47123889803846897
22.972972972972972,-0.05924862934439275,-0.10312824686420727,-0.9929018907321641,0.0,0.0,0.47123889803846897
23.003003003003002,-0.05778334495029767,-0.10395633904110431,-0.9929018907321641,0.0,0.0,0.47123889803846897
23.033033033033032,-0.056306489067720164,-0.10476361328887443,-0.9929018907321641,0.0,0.0,0.47123889803846897
23.063063063063062,-0.05481835744660079,-0.1055499079456293,-0.9929018907321641,0.0,0.0,0.47123889803846897
23.093093093093092,-0.05331924809491972,-0.10631506555077938,-0.9929018907321641,0.0,0.0,0.47123889803846897
23.123123123123122,-0.051809461219018575,-0.10705893287656625,-0.9929018907321641,0.0,0.0,0.47123889803846897
23.153153153153152,-0.05028929916348235,-0.1077813609587478,-0.9929018907321641,0.0,0.0,0.47123889803846897
23.183183183183182,-0.04875906635059277,-0.10848220512642895,-0.9929018907321641,0.0,0.0,0.47123889803846897
23.213213213213212,-0.047219069219365854,-0.10916132503103312,-0.9929018907321641,0.0,0.0,0.47123889803846897
23.243243243243242,-0.04566961616418554,-0.10981858467440786,-0.9929018907321641,0.0,0.0,0.47123889803846897
23.273273273273272,-0.04411101747304569,-0.11045385243605942,-0.9929018907321641,0.0,0.0,0.47123889803846897
23.303303303303302,-0.042543585265412846,-0.11106700109951054,-0.9929018907321641,0.0,0.0,0.47123889803846897
23.333333333333332,-0.04096763342972242,-0.1116579078777765,-0.9929018907321641,0.0,0.0,0.47123889803846897
23.363363363363362,-0.039383477560520394,-0.11222645443795382,-0.9929018907321641,0.0,0.0,0.47123889803846897
23.393393393393392,-0.037791434895263556,-0.11277252692491734,-0.9929018907321641,0.0,0.0,0.47123889803846897
23.423423423423422,-0.036191824250790504,-0.1132960159841203,-0.9929018907321641,0.0,0.0,0.47123889803846897
23.453453453453452,-0.03458496595947674,-0.1137968167834935,-0.9929018907321641,0.0,0.0,0.47123889803846897
23.483483483483482,-0.032971181805085834,-0.11427482903443842,-0.9929018907321641,0.0,0.0,0.47123889803846897
23.513513513513512,-0.03135079495833023,-0.11472995701191076,-0.9929018907321641,0.0,0.0,0.47123889803846897
23.543543543543542,-0.02972412991215422,-0.11516210957358995,-0.9929018907321641,0.0,0.0,0.47123889803846897
23.573573573573572,-0.02809151241675215,-0.11557120017813094,-0.9929018907321641,0.0,0.0,0.47123889803846897
23.603603603603602,-0.026453269414334804,-0.11595714690249485,-0.9929018907321641,0.0,0.0,0.47123889803846897
23.633633633633632,-0.024809728973657106,-0.11631987245835443,-0.9929018907321641,0.0,0.0,0.47123889803846897
23.663663663663662,-0.02316122022432028,-0.11665930420757141,-0.9929018907321641,0.0,0.0,0.47123889803846897
23.693693693693692,-0.021508073290861435,-0.11697537417674322,-0.9929018907321641,0.0,0.0,0.47123889803846897
23.723723723723722,-0.019850619226644092,-0.11726801907081463,-0.9929018907321641,0.0,0.0,0.47123889803846897
23.753753753753752,-0.018189189947562537,-0.11753718028575319,-0.9929018907321641,0.0,0.0,0.47123889803846897
23.783783783783782,-0.016524118165573545,-0.11778280392028509,-0.9929018907321641,0.0,0.0,0.47123889803846897
23.813813813813812,-0.014855737322068642,-0.11800484078668917,-0.9929018907321641,0.0,0.0,0.47123889803846897
23.843843843843842,-0.013184381521100345,-0.11820324642064713,-0.9929018907321641,0.0,0.0,0.47123889803846897
23.873873873873872,-0.011510385462475611,-0.1183779810901478,-0.9929018907321641,0.0,0.0,0.47123889803846897
23.903903903903903,-0.00983408437473008,-0.11852900980344369,-0.9929018907321641,0.0,0.0,0.47123889803846897
23.933933933933933,-0.008155813947996382,-0.1186563023160583,-0.9929018907321641,0.0,0.0,0.47123889803846897
23.963963963963963,-0.006475910266780014,-0.11875983313684287,-0.9929018907321641,0.0,0.0,0.47123889803846897
23.993993993993993,-0.004794709742656233,-0.11883958153308108,-0.9929018907321641,0.0,0.0,0.47123889803846897
24.024024024024023,-0.0031125490469014823,-0.1188955315346409,-0.9929018907321641,0.0,0.0,0.47123889803846897
24.054054054054053,-0.0014297650430727823,-0.11892767193717266,-0.9929018907321641,0.0,0.0,0.47123889803846897
24.084084084084083,0.0002533052804513708,-0.11893599630435293,-0.9929018907321641,0.0,0.0,0.47123889803846897
24.114114114114113,0.001936324877955115,-0.11892050296917339,-0.9929018907321641,0.0,0.0,0.47123889803846897
24.144144144144143,0.0036189567138807995,-0.11888119503427451,-0.9929018907321641,0.0,0.0,0.47123889803846897
24.174174174174173,0.0053008638303225376,-0.11881808037132453,-0.9929018907321641,0.0,0.0,0.47123889803846897
24.204204204204203,0.006981709414504205,-0.11873117161944279,-0.9929018907321641,0.0,0.0,0.47123889803846897
24.234234234234233,0.00866115686622838,-0.11862048618266889,-0.9929018907321641,0.0,0.0,0.47123889803846897
24.264264264264263,0.010338869865282698,-0.11848604622647727,-0.9929018907321641,0.0,0.0,0.47123889803846897
24.294294294294293,0.012014512438790169,-0.11832787867333848,-0.9929018907321641,0.0,0.0,0.47123889803846897
24.324324324324323,0.013687749028489897,-0.11814601519732787,-0.9929018907321641,0.0,0.0,0.47123889803846897
24.354354354354353,0.015358244557934811,-0.11794049221778252,-0.9929018907321641,0.0,0.0,0.47123889803846897
24.384384384384383,0.017025664499592887,-0.11771135089200807,-0.9929018907321641,0.0,0.0,0.47123889803846897
24.414414414414413,0.018689674941838423,-0.11745863710703684,-0.9929018907321641,0.0,0.0,0.47123889803846897
24.444444444444443,0.02034994265582002,-0.11718240147043839,-0.9929018907321641,0.0,0.0,0.47123889803846897
24.474474474474473,0.02200613516219184,-0.11688269930018519,-0.9929018907321641,0.0,0.0,0.47123889803846897
24.504504504504503,0.02365792079769471,-0.11655959061357485,-0.9929018907321641,0.0,0.0,0.47123889803846897
24.534534534534533,0.025304968781573834,-0.1162131401152113,-0.9929018907321641,0.0,0.0,0.47123889803846897
24.564564564564563,0.02694694928181982,-0.11584341718404714,-0.9929018907321641,0.0,0.0,0.47123889803846897
24.594594594594593,0.028583533481219593,-0.11545049585949015,-0.9929018907321641,0.0,0.0,0.47123889803846897
24.624624624624623,0.030214393643204288,-0.11503445482657644,-0.9929018907321641,0.0,0.0,0.47123889803846897
24.654654654654653,0.031839203177480485,-0.11459537740021312,-0.9929018907321641,0.0,0.0,0.47123889803846897
24.684684684684683,0.033457636705432094,-0.1141333515084941,-0.9929018907321641,0.0,0.0,0.47123889803846897
24.714714714714713,0.03506937012527958,-0.11364846967509201,-0.9929018907321641,0.0,0.0,0.47123889803846897
24.744744744744743,0.036674080676983294,-0.11314082900072939,-0.9929018907321641,0.0,0.0,0.47123889803846897
24.774774774774773,0.038271447006878435,-0.11261053114373387,-0.9929018907321641,0.0,0.0,0.47123889803846897
24.804804804804803,0.03986114923202805,-0.11205768229968063,-0.9929018907321641,0.0,0.0,0.47123889803846897
24.834834834834833,0.041442869004281735,-0.1114823931801256,-0.9929018907321641,0.0,0.0,0.47123889803846897
24.864864864864863,0.04301628957402691,-0.1108847789904351,-0.9929018907321641,0.0,0.0,0.47123889803846897
24.894894894894893,0.04458109585361994,-0.11026495940671505,-0.9929018907321641,0.0,0.0,0.47123889803846897
24.924924924924923,0.04613697448048453,-0.10962305855184525,-0.9929018907321641,0.0,0.0,0.47123889803846897
24.954954954954953,0.04768361387986455,-0.10895920497062263,-0.9929018907321641,0.0,0.0,0.47123889803846897
24.984984984984983,0.04922070432721893,-0.10827353160401976,-0.9929018907321641,0.0,0.0,0.47123889803846897
25.015015015015013,0.050747938010245984,-0.1075661757625621,-0.9929018907321641,0.0,0.0,0.47123889803846897
25.045045045045043,0.052265009090524846,-0.10683727909883106,-0.9929018907321641,0.0,0.0,0.47123889803846897
25.075075075075073,0.05377161376476148,-0.10608698757909697,-0.9929018907321641,0.0,0.0,0.47123889803846897
25.105105105105103,0.055267450325627486,-0.10531545145408841,-0.9929018907321641,0.0,0.0,0.47123889803846897
25.135135135135133,0.056752219222178685,-0.10452282522890359,-0.9929018907321641,0.0,0.0,0.47123889803846897
25.165165165165163,0.05822562311984231,-0.10370926763206956,-0.9929018907321641,0.0,0.0,0.47123889803846897
25.195195195195193,0.059687366959960055,-0.10287494158375599,-0.9929018907321641,0.0,0.0,0.47123889803846897
25.225225225225223,0.06113715801887557,-0.10202001416314928,-0.9929018907321641,0.0,0.0,0.47123889803846897
25.255255255255253,0.06257470596655423,-0.10114465657499373,-0.9929018907321641,0.0,0.0,0.47123889803846897
25.285285285285283,0.06399972292472361,-0.10024904411530686,-0.9929018907321641,0.0,0.0,0.47123889803846897
25.315315315315313,0.06541192352452302,-0.09933335613627524,-0.9929018907321641,0.0,0.0,0.47123889803846897
25.345345345345343,0.06681102496365028,-0.09839777601033797,-0.9929018907321641,0.0,0.0,0.47123889803846897
25.375375375375373,0.0681967470629949,-0.09744249109346523,-0.9929018907321641,0.0,0.0,0.47123889803846897
25.405405405405403,0.06956881232274571,-0.09646769268763888,-0.9929018907321641,0.0,0.0,0.47123889803846897
25.435435435435434,0.070926945977962,-0.09547357600254328,-0.9929018907321641,0.0,0.0,0.47123889803846897
25.465465465465464,0.07227087605359692,-0.0944603401164731,-0.9929018907321641,0.0,0.0,0.47123889803846897
25.495495495495494,0.07360033341896235,-0.09342818793646655,-0.9929018907321641,0.0,0.0,0.47123889803846897
25.525525525525524,0.07491505184162395,-0.09237732615767218,-0.9929018907321641,0.0,0.0,0.47123889803846897
25.555555555555554,0.07621476804071589,-0.0913079652219565,-0.9929018907321641,0.0,0.0,0.47123889803846897
25.585585585585584,0.07749922173966471,-0.09022031927576198,-0.9929018907321641,0.0,0.0,0.47123889803846897
25.615615615615614,0.07876815571831125,-0.08911460612722258,-0.9929018907321641,0.0,0.0,0.47123889803846897
25.645645645645647,0.08002131586442089,-0.08799104720254627,-0.9929018907321641,0.0,0.0,0.47123889803846897
25.675675675675677,0.08125845122457052,-0.0868498675016735,-0.9929018907321641,0.0,0.0,0.47123889803846897
25.705705705705707,0.08247931405440445,-0.08569129555321867,-0.9929018907321641,0.0,0.0,0.47123889803846897
25.735735735735737,0.0836836598682463,-0.0845155633687063,-0.9929018907321641,0.0,0.0,0.47123889803846897
25.765765765765767,0.084871247488059,-0.08332290639610929,-0.9929018907321641,0.0,0.0,0.47123889803846897
25.795795795795797,0.08604183909174207,-0.08211356347269869,-0.9929018907321641,0.0,0.0,0.47123889803846897
25.825825825825827,0.08719520026075728,-0.08088777677721512,-0.9929018907321641,0.0,0.0,0.47123889803846897
25.855855855855857,0.08833110002707234,-0.07964579178137093,-0.9929018907321641,0.0,0.0,0.47123889803846897
25.885885885885887,0.0894493109194137,-0.07838785720069284,-0.9929018907321641,0.0,0.0,0.47123889803846897
25.915915915915917,0.09054960900881925,-0.07711422494471502,-0.9929018907321641,0.0,0.0,0.47123889803846897
25.945945945945947,0.09163177395348154,-0.07582515006653273,-0.9929018907321641,0.0,0.0,0.47123889803846897
25.975975975975977,0.0926955890428726,-0.07452089071172613,-0.9929018907321641,0.0,0.0,0.47123889803846897
26.006006006006007,0.09374084124114158,-0.07320170806666496,-0.9929018907321641,0.0,0.0,0.47123889803846897
26.036036036036037,0.09476732122977664,-0.07186786630620445,-0.9929018907321641,0.0,0.0,0.47123889803846897
26.066066066066067,0.0957748234495224,-0.0705196325407824,-0.9929018907321641,0.0,0.0,0.47123889803846897
26.096096096096097,0.09676314614154422,-0.06915727676292871,-0.9929018907321641,0.0,0.0,0.47123889803846897
26.126126126126128,0.09773209138783209,-0.06778107179319755,-0.9929018907321641,0.0,0.0,0.47123889803846897
26.156156156156158,0.09868146515083474,-0.06639129322553332,-0.9929018907321641,0.0,0.0,0.47123889803846897
26.186186186186188,0.09961107731231703,-0.06498821937208124,-0.9929018907321641,0.0,0.0,0.47123889803846897
26.216216216216218,0.10052074171143228,-0.06357213120745345,-0.9929018907321641,0.0,0.0,0.47123889803846897
26.246246246246248,0.10141027618200223,-0.062143312312462014,-0.9929018907321641,0.0,0.0,0.47123889803846897
26.276276276276278,0.10227950258899692,-0.060702048817330136,-0.9929018907321641,0.0,0.0,0.47123889803846897
26.306306306306308,0.10312824686420752,-0.059248629344392664,-0.9929018907321641,0.0,0.0,0.47123889803846897
26.336336336336338,0.10395633904110455,-0.05778334495029756,-0.9929018907321641,0.0,0.0,0.47123889803846897
26.366366366366368,0.1047636132888747,-0.05630648906772003,-0.9929018907321641,0.0,0.0,0.47123889803846897
26.396396396396398,0.10554990794562961,-0.054818357446600664,-0.9929018907321641,0.0,0.0,0.47123889803846897
26.426426426426428,0.10631506555077966,-0.053319248094919565,-0.9929018907321641,0.0,0.0,0.47123889803846897
26.456456456456458,0.1070589328765665,-0.05180946121901844,-0.9929018907321641,0.0,0.0,0.47123889803846897
26.486486486486488,0.10778136095874802,-0.05028929916348221,-0.9929018907321641,0.0,0.0,0.47123889803846897
26.516516516516518,0.10848220512642914,-0.048759066350592614,-0.9929018907321641,0.0,0.0,0.47123889803846897
26.546546546546548,0.10916132503103325,-0.04721906921936568,-0.9929018907321641,0.0,0.0,0.47123889803846897
26.576576576576578,0.10981858467440798,-0.04566961616418539,-0.9929018907321641,0.0,0.0,0.47123889803846897
26.606606606606608,0.1104538524360595,-0.04411101747304553,-0.9929018907321641,0.0,0.0,0.47123889803846897
26.636636636636638,0.11106700109951063,-0.042543585265412694,-0.9929018907321641,0.0,0.0,0.47123889803846897
26.666666666666668,0.11165790787777659,-0.04096763342972226,-0.9929018907321641,0.0,0.0,0.47123889803846897
26.696696696696698,0.11222645443795387,-0.03938347756052024,-0.9929018907321641,0.0,0.0,0.47123889803846897
26.726726726726728,0.11277252692491735,-0.03779143489526338,-0.9929018907321641,0.0,0.0,0.47123889803846897
26.756756756756758,0.11329601598412033,-0.036191824250790365,-0.9929018907321641,0.0,0.0,0.47123889803846897
26.786786786786788,0.1137968167834935,-0.03458496595947659,-0.9929018907321641,0.0,0.0,0.47123889803846897
26.816816816816818,0.1142748290344384,-0.03297118180508567,-0.9929018907321641,0.0,0.0,0.47123889803846897
26.846846846846848,0.11472995701191074,-0.03135079495833006,-0.9929018907321641,0.0,0.0,0.47123889803846897
26.876876876876878,0.11516210957358992,-0.029724129912154056,-0.9929018907321641,0.0,0.0,0.47123889803846897
26.906906906906908,0.11557120017813093,-0.028091512416751986,-0.9929018907321641,0.0,0.0,0.47123889803846897
26.936936936936938,0.11595714690249484,-0.026453269414334634,-0.9929018907321641,0.0,0.0,0.47123889803846897
26.966966966966968,0.11631987245835439,-0.02480972897365694,-0.9929018907321641,0.0,0.0,0.47123889803846897
26.996996996996998,0.11665930420757144,-0.0231612202243201,-0.9929018907321641,0.0,0.0,0.47123889803846897
27.027027027027028,0.11697537417674324,-0.021508073290861244,-0.9929018907321641,0.0,0.0,0.47123889803846897
27.057057057057058,0.11726801907081466,-0.019850619226643905,-0.9929018907321641,0.0,0.0,0.47123889803846897
27.087087087087088,0.1175371802857532,-0.018189189947562343,-0.9929018907321641,0.0,0.0,0.47123889803846897
27.117117117117118,0.11778280392028505,-0.016524118165573344,-0.9929018907321641,0.0,0.0,0.47123889803846897
27.147147147147148,0.11800484078668914,-0.014855737322068439,-0.9929018907321641,0.0,0.0,0.47123889803846897
27.177177177177178,0.11820324642064713,-0.013184381521100134,-0.9929018907321641,0.0,0.0,0.47123889803846897
27.207207207207208,0.11837798109014779,-0.011510385462475401,-0.9929018907321641,0.0,0.0,0.47123889803846897
27.237237237237238,0.11852900980344372,-0.009834084374729879,-0.9929018907321641,0.0,0.0,0.47123889803846897
27.26726726726727,0.11865630231605838,-0.00815581394799618,-0.9929018907321641,0.0,0.0,0.47123889803846897
27.2972972972973,0.11875983313684299,-0.006475910266779806,-0.9929018907321641,0.0,0.0,0.47123889803846897
27.32732732732733,0.11883958153308118,-0.00479470974265602,-0.9929018907321641,0.0,0.0,0.47123889803846897
27.35735735735736,0.11889553153464093,-0.0031125490469012694,-0.9929018907321641,0.0,0.0,0.47123889803846897
27.38738738738739,0.11892767193717267,-0.0014297650430725704,-0.9929018907321641,0.0,0.0,0.47123889803846897
27.41741741741742,0.11893599630435295,0.0002533052804515834,-0.9929018907321641,0.0,0.0,0.47123889803846897
27.44744744744745,0.11892050296917338,0.0019363248779553273,-0.9929018907321641,0.0,0.0,0.47123889803846897
27.47747747747748,0.11888119503427452,0.0036189567138810107,-0.9929018907321641,0.0,0.0,0.47123889803846897
27.50750750750751,0.11881808037132453,0.005300863830322748,-0.9929018907321641,0.0,0.0,0.47123889803846897
27.53753753753754,0.11873117161944279,0.006981709414504415,-0.9929018907321641,0.0,0.0,0.47123889803846897
27.56756756756757,0.11862048618266886,0.008661156866228587,-0.9929018907321641,0.0,0.0,0.47123889803846897
27.5975975975976,0.11848604622647722,0.010338869865282907,-0.9929018907321641,0.0,0.0,0.47123889803846897
27.62762762762763,0.11832787867333845,0.012014512438790375,-0.9929018907321641,0.0,0.0,0.47123889803846897
27.65765765765766,0.11814601519732787,0.013687749028490105,-0.9929018907321641,0.0,0.0,0.47123889803846897
27.68768768768769,0.11794049221778255,0.015358244557935026,-0.9929018907321641,0.0,0.0,0.47123889803846897
27.71771771771772,0.11771135089200811,0.0170256644995931,-0.9929018907321641,0.0,0.0,0.47123889803846897
27.74774774774775,0.11745863710703684,0.01868967494183862,-0.9929018907321641,0.0,0.0,0.47123889803846897
27.77777777777778,0.11718240147043835,0.020349942655820217,-0.9929018907321641,0.0,0.0,0.47123889803846897
27.80780780780781,0.11688269930018515,0.022006135162192044,-0.9929018907321641,0.0,0.0,0.47123889803846897
27.83783783783784,0.11655959061357479,0.0236579207976949,-0.9929018907321641,0.0,0.0,0.47123889803846897
27.86786786786787,0.11621314011521125,0.025304968781574035,-0.9929018907321641,0.0,0.0,0.47123889803846897
27.8978978978979,0.11584341718404713,0.02694694928182002,-0.9929018907321641,0.0,0.0,0.47123889803846897
27.92792792792793,0.11545049585949012,0.02858353348121981,-0.9929018907321641,0.0,0.0,0.47123889803846897
27.95795795795796,0.11503445482657637,0.0302143936432045,-0.9929018907321641,0.0,0.0,0.47123889803846897
27.98798798798799,0.11459537740021306,0.03183920317748068,-0.9929018907321641,0.0,0.0,0.47123889803846897
28.01801801801802,0.11413335150849407,0.0334576367054323,-0.9929018907321641,0.0,0.0,0.47123889803846897
28.04804804804805,0.11364846967509193,0.03506937012527977,-0.9929018907321641,0.0,0.0,0.47123889803846897
28.07807807807808,0.11314082900072926,0.036674080676983495,-0.9929018907321641,0.0,0.0,0.47123889803846897
28.10810810810811,0.11261053114373377,0.038271447006878644,-0.9929018907321641,0.0,0.0,0.47123889803846897
28.13813813813814,0.11205768229968051,0.03986114923202825,-0.9929018907321641,0.0,0.0,0.47123889803846897
28.16816816816817,0.1114823931801255,0.04144286900428192,-0.9929018907321641,0.0,0.0,0.47123889803846897
28.1981981981982,0.11088477899043499,0.04301628957402708,-0.9929018907321641,0.0,0.0,0.47123889803846897
28.22822822822823,0.11026495940671498,0.04458109585362013,-0.9929018907321641,0.0,0.0,0.47123889803846897
28.25825825825826,0.10962305855184515,0.04613697448048471,-0.9929018907321641,0.0,0.0,0.47123889803846897
28.28828828828829,0.10895920497062254,0.047683613879864736,-0.9929018907321641,0.0,0.0,0.47123889803846897
28.31831831831832,0.10827353160401962,0.04922070432721913,-0.9929018907321641,0.0,0.0,0.47123889803846897
28.34834834834835,0.10756617576256199,0.05074793801024617,-0.9929018907321641,0.0,0.0,0.47123889803846897
28.37837837837838,0.10683727909883098,0.05226500909052503,-0.9929018907321641,0.0,0.0,0.47123889803846897
28.40840840840841,0.10608698757909692,0.05377161376476169,-0.9929018907321641,0.0,0.0,0.47123889803846897
28.43843843843844,0.10531545145408835,0.0552674503256277,-0.9929018907321641,0.0,0.0,0.47123889803846897
28.46846846846847,0.10452282522890355,0.05675221922217892,-0.9929018907321641,0.0,0.0,0.47123889803846897
28.4984984984985,0.10370926763206958,0.05822562311984256,-0.9929018907321641,0.0,0.0,0.47123889803846897
28.52852852852853,0.10287494158375603,0.05968736695996032,-0.9929018907321641,0.0,0.0,0.47123889803846897
28.55855855855856,0.10202001416314928,0.061137158018875835,-0.9929018907321641,0.0,0.0,0.47123889803846897
28.58858858858859,0.10114465657499375,0.0625747059665545,-0.9929018907321641,0.0,0.0,0.47123889803846897
28.61861861861862,0.10024904411530688,0.0639997229247239,-0.9929018907321641,0.0,0.0,0.47123889803846897
28.64864864864865,0.09933335613627531,0.06541192352452327,-0.9929018907321641,0.0,0.0,0.47123889803846897
28.67867867867868,0.09839777601033803,0.06681102496365043,-0.9929018907321641,0.0,0.0,0.47123889803846897
28.70870870870871,0.09744249109346524,0.06819674706299503,-0.9929018907321641,0.0,0.0,0.47123889803846897
28.73873873873874,0.09646769268763886,0.06956881232274581,-0.9929018907321641,0.0,0.0,0.47123889803846897
28.76876876876877,0.09547357600254328,0.0709269459779621,-0.9929018907321641,0.0,0.0,0.47123889803846897
28.7987987987988,0.09446034011647311,0.072270876053597,-0.9929018907321641,0.0,0.0,0.47123889803846897
28.82882882882883,0.0934281879364666,0.07360033341896247,-0.9929018907321641,0.0,0.0,0.47123889803846897
28.85885885885886,0.09237732615767219,0.074915051841624,-0.9929018907321641,0.0,0.0,0.47123889803846897
28.88888888888889,0.09130796522195651,0.07621476804071593,-0.9929018907321641,0.0,0.0,0.47123889803846897
28.91891891891892,0.09022031927576198,0.07749922173966471,-0.9929018907321641,0.0,0.0,0.47123889803846897
28.94894894894895,0.0891146061272226,0.07876815571831129,-0.9929018907321641,0.0,0.0,0.47123889803846897
28.97897897897898,0.08799104720254641,0.08002131586442078,-0.9929018907321641,0.0,0.0,0.47123889803846897
29.00900900900901,0.08684986750167359,0.08125845122457041,-0.9929018907321641,0.0,0.0,0.47123889803846897
29.03903903903904,0.08569129555321874,0.08247931405440434,-0.9929018907321641,0.0,0.0,0.47123889803846897
29.06906906906907,0.0845155633687064,0.0836836598682462,-0.9929018907321641,0.0,0.0,0.47123889803846897
29.0990990990991,0.08332290639610934,0.08487124748805891,-0.9929018907321641,0.0,0.0,0.47123889803846897
29.12912912912913,0.08211356347269873,0.08604183909174201,-0.9929018907321641,0.0,0.0,0.47123889803846897
29.15915915915916,0.08088777677721516,0.08719520026075722,-0.9929018907321641,0.0,0.0,0.47123889803846897
29.18918918918919,0.07964579178137099,0.08833110002707224,-0.9929018907321641,0.0,0.0,0.47123889803846897
29.21921921921922,0.07838785720069288,0.0894493109194136,-0.9929018907321641,0.0,0.0,0.47123889803846897
29.24924924924925,0.07711422494471507,0.09054960900881917,-0.9929018907321641,0.0,0.0,0.47123889803846897
29.27927927927928,0.07582515006653275,0.09163177395348147,-0.9929018907321641,0.0,0.0,0.47123889803846897
29.30930930930931,0.07452089071172614,0.09269558904287249,-0.9929018907321641,0.0,0.0,0.47123889803846897
29.33933933933934,0.07320170806666498,0.09374084124114146,-0.9929018907321641,0.0,0.0,0.47123889803846897
29.36936936936937,0.0718678663062045,0.09476732122977653,-0.9929018907321641,0.0,0.0,0.47123889803846897
29.3993993993994,0.07051963254078239,0.0957748234495222,-0.9929018907321641,0.0,0.0,0.47123889803846897
29.42942942942943,0.06915727676292868,0.09676314614154401,-0.9929018907321641,0.0,0.0,0.47123889803846897
29.45945945945946,0.06778107179319753,0.09773209138783188,-0.9929018907321641,0.0,0.0,0.47123889803846897
29.48948948948949,0.06639129322553329,0.09868146515083455,-0.9929018907321641,0.0,0.0,0.47123889803846897
29.51951951951952,0.06498821937208123,0.09961107731231682,-0.9929018907321641,0.0,0.0,0.47123889803846897
29.54954954954955,0.06357213120745343,0.10052074171143205,-0.9929018907321641,0.0,0.0,0.47123889803846897
29.57957957957958,0.06214331231246202,0.10141027618200198,-0.9929018907321641,0.0,0.0,0.47123889803846897
29.60960960960961,0.060702048817330156,0.10227950258899667,-0.9929018907321641,0.0,0.0,0.47123889803846897
29.63963963963964,0.05924862934439269,0.10312824686420728,-0.9929018907321641,0.0,0.0,0.47123889803846897
29.66966966966967,0.0577833449502976,0.1039563390411043,-0.9929018907321641,0.0,0.0,0.47123889803846897
29.6996996996997,0.05630648906772008,0.10476361328887443,-0.9929018907321641,0.0,0.0,0.47123889803846897
29.72972972972973,0.054818357446600706,0.10554990794562934,-0.9929018907321641,0.0,0.0,0.47123889803846897
29.75975975975976,0.053319248094919634,0.1063150655507794,-0.9929018907321641,0.0,0.0,0.47123889803846897
29.78978978978979,0.051809461219018506,0.10705893287656627,-0.9929018907321641,0.0,0.0,0.47123889803846897
29.81981981981982,0.05028929916348229,0.10778136095874775,-0.9929018907321641,0.0,0.0,0.47123889803846897
29.84984984984985,0.04875906635059271,0.10848220512642893,-0.9929018907321641,0.0,0.0,0.47123889803846897
29.87987987987988,0.04721906921936578,0.10916132503103305,-0.9929018907321641,0.0,0.0,0.47123889803846897
29.90990990990991,0.04566961616418546,0.10981858467440776,-0.9929018907321641,0.0,0.0,0.47123889803846897
29.93993993993994,0.044111017473045584,0.11045385243605932,-0.9929018907321641,0.0,0.0,0.47123889803846897
29.96996996996997,0.04254358526541274,0.11106700109951044,-0.9929018907321641,0.0,0.0,0.47123889803846897
30.0,0.040967633429722324,0.11165790787777638,-0.9929018907321641,0.0,0.0,0.47123889803846897
