Time,Sx,Sy,Sz,Hx,Hy,Hz
0.0,0.0,0.0,1.0,0.0,0.0,0.25132741228718347
0.04504504504504504,0.0015913953444964453,-0.2792568669193751,0.9602151163875893,6.283185307179586,0.0,0.25132741228718347
0.09009009009009009,0.006238752241376268,-0.5362577939605944,0.8440311939655936,6.283185307179586,0.0,0.25132741228718347
0.13513513513513514,0.013571689870228004,-0.7505205353865622,0.6607077532443,6.283185307179586,0.0,0.25132741228718347
0.18018018018018017,0.02300579444160851,-0.9049689742314733,0.4248551389597872,6.283185307179586,0.0,0.25132741228718347
0.2252252252252252,0.033789195275359465,-0.9872940193796762,0.15527011811601332,6.283185307179586,0.0,0.25132741228718347
0.2702702702702703,0.04507612551085068,-0.998983495871391,0.00034334457450313494,0.0,0.0,0.25132741228718347
0.3153153153153153,0.056382542048678735,-0.9984091801794618,0.00034334457450313494,0.0,0.0,0.25132741228718347
0.36036036036036034,0.06768173232316131,-0.9977069034662592,0.00034334457450313494,0.0,0.0,0.25132741228718347
0.4054054054054054,0.07897224817461018,-0.9968767557390151,0.00034334457450313494,0.0,0.0,0.25132741228718347
0.4504504504504504,0.09025264255509385,-0.995918843393536,0.00034334457450313494,0.0,0.0,0.25132741228718347
0.4954954954954955,0.10152146971389807,-0.994833289200571,0.00034334457450313494,0.0,0.0,0.25132741228718347
0.5405405405405406,0.11277728538282064,-0.9936202322900733,0.00034334457450313494,0.0,0.0,0.25132741228718347
0.5855855855855856,0.12401864696127558,-0.992279828133371,0.00034334457450313494,0.0,0.0,0.25132741228718347
0.6306306306306306,0.1352441137011842,-0.9908122485232399,0.00034334457450313494,0.0,0.0,0.25132741228718347
0.6756756756756757,0.14645224689162845,-0.9892176815518872,0.00034334457450313494,0.0,0.0,0.25132741228718347
0.7207207207207207,0.15764161004324306,-0.9874963315868422,0.00034334457450313494,0.0,0.0,0.25132741228718347
0.7657657657657657,0.16881076907232268,-0.9856484192447665,0.00034334457450313494,0.0,0.0,0.25132741228718347
0.8108108108108107,0.17995829248462214,-0.9836741813631766,0.00034334457450313494,0.0,0.0,0.25132741228718347
0.8558558558558558,0.19108275155882246,-0.9815738709700896,0.00034334457450313494,0.0,0.0,0.25132741228718347
0.9009009009009008,0.20218272052964392,-0.9793477572515952,0.00034334457450313494,0.0,0.0,0.25132741228718347
0.9459459459459459,0.2132567767705784,-0.9769961255173538,0.00034334457450313494,0.0,0.0,0.25132741228718347
0.990990990990991,0.22430350097622032,-0.9745192771640321,0.00034334457450313494,0.0,0.0,0.25132741228718347
1.036036036036036,0.2353214773441724,-0.9719175296366731,0.00034334457450313494,0.0,0.0,0.25132741228718347
1.0810810810810811,0.24630929375650087,-0.9691912163880101,0.00034334457450313494,0.0,0.0,0.25132741228718347
1.1261261261261262,0.25726554196071993,-0.9663406868357323,0.00034334457450313494,0.0,0.0,0.25132741228718347
1.1711711711711712,0.26818881775028086,-0.9633663063176979,0.00034334457450313494,0.0,0.0,0.25132741228718347
1.2162162162162162,0.2790777211445406,-0.9602684560451142,0.00034334457450313494,0.0,0.0,0.25132741228718347
1.2612612612612613,0.28993085656819156,-0.9570475330536788,0.00034334457450313494,0.0,0.0,0.25132741228718347
1.3063063063063063,0.30074683303012484,-0.9537039501526916,0.00034334457450313494,0.0,0.0,0.25132741228718347
1.3513513513513513,0.31152426430170616,-0.9502381358721497,0.00034334457450313494,0.0,0.0,0.25132741228718347
1.3963963963963963,0.3222617690944423,-0.9466505344078233,0.00034334457450313494,0.0,0.0,0.25132741228718347
1.4414414414414414,0.3329579712370133,-0.942941605564326,0.00034334457450313494,0.0,0.0,0.25132741228718347
1.4864864864864864,0.34361149985164996,-0.939111824696184,0.00034334457450313494,0.0,0.0,0.25132741228718347
1.5315315315315314,0.3542209895298315,-0.9351616826469119,0.00034334457450313494,0.0,0.0,0.25132741228718347
1.5765765765765765,0.3647850805072837,-0.9310916856861042,0.00034334457450313494,0.0,0.0,0.25132741228718347
1.6216216216216215,0.37530241883825227,-0.926902355444549,0.00034334457450313494,0.0,0.0,0.25132741228718347
1.6666666666666665,0.3857716565690321,-0.9225942288473741,0.00034334457450313494,0.0,0.0,0.25132741228718347
1.7117117117117115,0.3961914519107265,-0.9181678580452309,0.00034334457450313494,0.0,0.0,0.25132741228718347
1.7567567567567566,0.40656046941121865,-0.9136238103435276,0.00034334457450313494,0.0,0.0,0.25132741228718347
1.8018018018018016,0.41687738012632897,-0.9089626681297227,0.00034334457450313494,0.0,0.0,0.25132741228718347
1.8468468468468469,0.4271408617901389,-0.9041850287986822,0.00034334457450313494,0.0,0.0,0.25132741228718347
1.8918918918918919,0.43734959898445974,-0.8992915046761137,0.00034334457450313494,0.0,0.0,0.25132741228718347
1.936936936936937,0.4475022833074224,-0.894282722940089,0.00034334457450313494,0.0,0.0,0.25132741228718347
1.981981981981982,0.45759761354116946,-0.889159325540661,0.00034334457450313494,0.0,0.0,0.25132741228718347
2.0270270270270268,0.4676342958186243,-0.8839219691175892,0.00034334457450313494,0.0,0.0,0.25132741228718347
2.072072072072072,0.4776110437893208,-0.8785713249161803,0.00034334457450313494,0.0,0.0,0.25132741228718347
2.117117117117117,0.4875265787842677,-0.8731080787012592,0.00034334457450313494,0.0,0.0,0.25132741228718347
2.1621621621621623,0.4973796299798294,-0.8675329306692772,0.00034334457450313494,0.0,0.0,0.25132741228718347
2.2072072072072073,0.5071689345606003,-0.8618465953585722,0.00034334457450313494,0.0,0.0,0.25132741228718347
2.2522522522522523,0.516893237881254,-0.8560498015577896,0.00034334457450313494,0.0,0.0,0.25132741228718347
2.2972972972972974,0.5265512936273441,-0.8501432922124758,0.00034334457450313494,0.0,0.0,0.25132741228718347
2.3423423423423424,0.5361418639750398,-0.8441278243298618,0.00034334457450313494,0.0,0.0,0.25132741228718347
2.3873873873873874,0.5456637197497698,-0.8380041688818383,0.00034334457450313494,0.0,0.0,0.25132741228718347
2.4324324324324325,0.5551156405837592,-0.8317731107061456,0.00034334457450313494,0.0,0.0,0.25132741228718347
2.4774774774774775,0.5644964150724389,-0.8254354484057852,0.00034334457450313494,0.0,0.0,0.25132741228718347
2.5225225225225225,0.5738048409297037,-0.8189919942466667,0.00034334457450313494,0.0,0.0,0.25132741228718347
2.5675675675675675,0.5830397251420063,-0.8124435740535031,0.00034334457450313494,0.0,0.0,0.25132741228718347
2.6126126126126126,0.5921998841212548,-0.8057910271039683,0.00034334457450313494,0.0,0.0,0.25132741228718347
2.6576576576576576,0.6012841438565115,-0.7990352060211345,0.00034334457450313494,0.0,0.0,0.25132741228718347
2.7027027027027026,0.6102913400644586,-0.7921769766641937,0.00034334457450313494,0.0,0.0,0.25132741228718347
2.7477477477477477,0.6192203183386181,-0.7852172180174833,0.00034334457450313494,0.0,0.0,0.25132741228718347
2.7927927927927927,0.6057958943369938,-0.778236611016267,-0.16540589976887116,0.0,6.283185307179586,0.25132741228718347
2.8378378378378377,0.5441581902335964,-0.7716833909426295,-0.3292364016098064,0.0,6.283185307179586,0.25132741228718347
2.8828828828828827,0.43915266192292646,-0.7660798172857006,-0.4693257430330312,0.0,6.283185307179586,0.25132741228718347
2.9279279279279278,0.29914794443483494,-0.7618724785589818,-0.5745092112010023,0.0,6.283185307179586,0.25132741228718347
2.972972972972973,0.13530200632549794,-0.7593966874152194,-0.636403989795065,0.0,6.283185307179586,0.25132741228718347
3.018018018018018,-0.03932710794571276,-0.7588497572037733,-0.6500772450812218,0.0,6.283185307179586,0.25132741228718347
3.063063063063063,-0.21082196615943746,-0.760275276670874,-0.6144392584036963,0.0,6.283185307179586,0.25132741228718347
3.108108108108108,-0.3655149271831019,-0.7635596360633976,-0.5323302735906087,0.0,6.283185307179586,0.25132741228718347
3.153153153153153,-0.4910774121949909,-0.7684410814955712,-0.41029413778626694,0.0,6.283185307179586,0.25132741228718347
3.198198198198198,-0.5775024565389517,-0.7745305759719411,-0.2580567758770088,0.0,6.283185307179586,0.25132741228718347
3.243243243243243,-0.6179022356862279,-0.7813428045037748,-0.08775106258116772,0.0,6.283185307179586,0.25132741228718347
3.288288288288288,-0.6121849330664922,-0.7883212211390409,-0.061475686480219616,0.0,0.0,0.25132741228718347
3.333333333333333,-0.6032212657988817,-0.7952011345941156,-0.061475686480219616,0.0,0.0,0.25132741228718347
3.378378378378378,-0.5941802867329051,-0.801979131168496,-0.061475686480219616,0.0,0.0,0.25132741228718347
3.423423423423423,-0.5850631546048171,-0.8086543421608722,-0.061475686480219616,0.0,0.0,0.25132741228718347
3.468468468468468,-0.5758710379110232,-0.815225912043437,-0.061475686480219616,0.0,0.0,0.25132741228718347
3.513513513513513,-0.5666051147583194,-0.8216929985715375,-0.061475686480219616,0.0,0.0,0.25132741228718347
3.558558558558558,-0.557266572712899,-0.8280547728916205,-0.061475686480219616,0.0,0.0,0.25132741228718347
3.603603603603603,-0.5478566086481491,-0.8343104196474614,-0.061475686480219616,0.0,0.0,0.25132741228718347
3.6486486486486487,-0.5383764285912532,-0.8404591370846662,-0.061475686480219616,0.0,0.0,0.25132741228718347
3.6936936936936937,-0.528827247568622,-0.8465001371534268,-0.061475686480219616,0.0,0.0,0.25132741228718347
3.7387387387387387,-0.5192102894501673,-0.8524326456095219,-0.061475686480219616,0.0,0.0,0.25132741228718347
3.7837837837837838,-0.5095267867924472,-0.8582559021135479,-0.061475686480219616,0.0,0.0,0.25132741228718347
3.828828828828829,-0.49977798068069434,-0.8639691603283671,-0.061475686480219616,0.0,0.0,0.25132741228718347
3.873873873873874,-0.4899651205697524,-0.8695716880147629,-0.061475686480219616,0.0,0.0,0.25132741228718347
3.918918918918919,-0.4800894641239399,-0.8750627671252871,-0.061475686480219616,0.0,0.0,0.25132741228718347
3.963963963963964,-0.47015227705586243,-0.8804416938962875,-0.061475686480219616,0.0,0.0,0.25132741228718347
4.0090090090090085,-0.46015483296419185,-0.885707778938106,-0.061475686480219616,0.0,0.0,0.25132741228718347
4.0540540540540535,-0.4500984131704355,-0.8908603473234353,-0.061475686480219616,0.0,0.0,0.25132741228718347
4.0990990990990985,-0.4399843065547169,-0.8958987386738196,-0.061475686480219616,0.0,0.0,0.25132741228718347
4.144144144144144,-0.4298138093905855,-0.9008223072442918,-0.061475686480219616,0.0,0.0,0.25132741228718347
4.189189189189189,-0.41958822517887984,-0.9056304220061369,-0.061475686480219616,0.0,0.0,0.25132741228718347
4.234234234234234,-0.4093088644806659,-0.9103224667277654,-0.061475686480219616,0.0,0.0,0.25132741228718347
4.279279279279279,-0.39897704474926715,-0.9148978400536952,-0.061475686480219616,0.0,0.0,0.25132741228718347
4.324324324324325,-0.38859409016141455,-0.9193559555816226,-0.061475686480219616,0.0,0.0,0.25132741228718347
4.36936936936937,-0.3781613314475336,-0.9236962419375778,-0.061475686480219616,0.0,0.0,0.25132741228718347
4.414414414414415,-0.3676801057211908,-0.9279181428491575,-0.061475686480219616,0.0,0.0,0.25132741228718347
4.45945945945946,-0.35715175630772256,-0.9320211172168178,-0.061475686480219616,0.0,0.0,0.25132741228718347
4.504504504504505,-0.34657763257206864,-0.9360046391832232,-0.061475686480219616,0.0,0.0,0.25132741228718347
4.54954954954955,-0.33595908974583105,-0.9398681982006455,-0.061475686480219616,0.0,0.0,0.25132741228718347
4.594594594594595,-0.3252974887535799,-0.9436112990963966,-0.061475686480219616,0.0,0.0,0.25132741228718347
4.63963963963964,-0.314594196038431,-0.9472334621362929,-0.061475686480219616,0.0,0.0,0.25132741228718347
4.684684684684685,-0.30385058338691645,-0.9507342230861394,-0.061475686480219616,0.0,0.0,0.25132741228718347
4.72972972972973,-0.2930680277531694,-0.9541131332712293,-0.061475686480219616,0.0,0.0,0.25132741228718347
4.774774774774775,-0.2822479110824467,-0.9573697596338473,-0.061475686480219616,0.0,0.0,0.25132741228718347
4.81981981981982,-0.2713916201340117,-0.9605036847887736,-0.061475686480219616,0.0,0.0,0.25132741228718347
4.864864864864865,-0.26050054630340097,-0.9635145070767777,-0.061475686480219616,0.0,0.0,0.25132741228718347
4.90990990990991,-0.24957608544409635,-0.9664018406160959,-0.061475686480219616,0.0,0.0,0.25132741228718347
4.954954954954955,-0.23861963768862451,-0.969165315351889,-0.061475686480219616,0.0,0.0,0.25132741228718347
5.0,-0.2276326072691101,-0.9718045771036707,-0.061475686480219616,0.0,0.0,0.25132741228718347
5.045045045045045,-0.21661640233730223,-0.9743192876106999,-0.061475686480219616,0.0,0.0,0.25132741228718347
5.09009009009009,-0.20557243478409842,-0.9767091245753339,-0.061475686480219616,0.0,0.0,0.25132741228718347
5.135135135135135,-0.19450212005859024,-0.9789737817043372,-0.061475686480219616,0.0,0.0,0.25132741228718347
5.18018018018018,-0.18340687698665203,-0.9811129687481361,-0.061475686480219616,0.0,0.0,0.25132741228718347
5.225225225225225,-0.17228812758909728,-0.9831264115380182,-0.061475686480219616,0.0,0.0,0.25132741228718347
5.27027027027027,-0.1611472968994261,-0.985013852021273,-0.061475686480219616,0.0,0.0,0.25132741228718347
5.315315315315315,-0.14998581278118456,-0.9867750482942632,-0.061475686480219616,0.0,0.0,0.25132741228718347
5.36036036036036,-0.1388051057449643,-0.9884097746334296,-0.061475686480219616,0.0,0.0,0.25132741228718347
5.405405405405405,-0.12760660876506,-0.9899178215242208,-0.061475686480219616,0.0,0.0,0.25132741228718347
5.45045045045045,-0.11639175709581294,-0.9912989956879444,-0.061475686480219616,0.0,0.0,0.25132741228718347
5.495495495495495,-0.10516198808766179,-0.9925531201065405,-0.061475686480219616,0.0,0.0,0.25132741228718347
5.54054054054054,-0.0939187410029245,-0.9936800340452675,-0.061475686480219616,0.0,0.0,0.25132741228718347
5.585585585585585,-0.08266345683133548,-0.9946795930733033,-0.061475686480219616,0.0,0.0,0.25132741228718347
5.63063063063063,-0.07139757810536122,-0.9955516690822567,-0.061475686480219616,0.0,0.0,0.25132741228718347
5.675675675675675,-0.060122548715318413,-0.9962961503025857,-0.061475686480219616,0.0,0.0,0.25132741228718347
5.7207207207207205,-0.04883981372431779,-0.9969129413179226,-0.061475686480219616,0.0,0.0,0.25132741228718347
5.7657657657657655,-0.037550819183057624,-0.9974019630773039,-0.061475686480219616,0.0,0.0,0.25132741228718347
5.8108108108108105,-0.02625701194449087,-0.9977631529052998,-0.061475686480219616,0.0,0.0,0.25132741228718347
5.8558558558558556,-0.014959839478389464,-0.9979964645100494,-0.061475686480219616,0.0,0.0,0.25132741228718347
5.900900900900901,-0.0036607496858293976,-0.9981018679891925,-0.061475686480219616,0.0,0.0,0.25132741228718347
5.945945945945946,0.007638809286379378,-0.9980793498337016,-0.061475686480219616,0.0,0.0,0.25132741228718347
5.990990990990991,0.018937389231294538,-0.9979289129296137,-0.061475686480219616,0.0,0.0,0.25132741228718347
6.036036036036036,0.030233542067450693,-0.9976505765576614,-0.061475686480219616,0.0,0.0,0.25132741228718347
6.081081081081081,0.041525820024452646,-0.9972443763907998,-0.061475686480219616,0.0,0.0,0.25132741228718347
6.126126126126126,0.052812775828528724,-0.9967103644896369,-0.061475686480219616,0.0,0.0,0.25132741228718347
6.171171171171171,0.06409296288802048,-0.9960486092957587,-0.061475686480219616,0.0,0.0,0.25132741228718347
6.216216216216216,0.07536493547878502,-0.9952591956229586,-0.061475686480219616,0.0,0.0,0.25132741228718347
6.261261261261261,0.08662724892948605,-0.9943422246463682,-0.061475686480219616,0.0,0.0,0.25132741228718347
6.306306306306306,0.09787845980675014,-0.993297813889489,-0.061475686480219616,0.0,0.0,0.25132741228718347
6.351351351351351,0.10911712610016416,-0.9921260972091305,-0.061475686480219616,0.0,0.0,0.25132741228718347
6.396396396396396,0.12034180740709036,-0.9908272247782528,-0.061475686480219616,0.0,0.0,0.25132741228718347
6.441441441441441,0.13155106511727557,-0.9894013630667231,-0.061475686480219616,0.0,0.0,0.25132741228718347
6.486486486486486,0.14274346259723034,-0.9878486948199768,-0.061475686480219616,0.0,0.0,0.25132741228718347
6.531531531531531,0.15391756537435508,-0.9861694190355984,-0.061475686480219616,0.0,0.0,0.25132741228718347
6.576576576576576,0.16507194132078978,-0.9843637509378153,-0.061475686480219616,0.0,0.0,0.25132741228718347
6.621621621621621,0.17620516083696094,-0.982431921949913,-0.061475686480219616,0.0,0.0,0.25132741228718347
6.666666666666666,0.18731579703480727,-0.9803741796645776,-0.061475686480219616,0.0,0.0,0.25132741228718347
6.711711711711711,0.19840242592065682,-0.9781907878121613,-0.061475686480219616,0.0,0.0,0.25132741228718347
6.756756756756756,0.20946362657773224,-0.975882026226881,-0.061475686480219616,0.0,0.0,0.25132741228718347
6.801801801801801,0.2204979813482628,-0.9734481908109538,-0.061475686480219616,0.0,0.0,0.25132741228718347
6.846846846846846,0.23150407601517853,-0.9708895934966737,-0.061475686480219616,0.0,0.0,0.25132741228718347
6.891891891891891,0.24248049998336282,-0.9682065622064316,-0.061475686480219616,0.0,0.0,0.25132741228718347
6.936936936936936,0.2534258464604416,-0.9653994408106865,-0.061475686480219616,0.0,0.0,0.25132741228718347
6.981981981981981,0.2643387126370847,-0.962468589083896,-0.061475686480219616,0.0,0.0,0.25132741228718347
7.027027027027026,0.2752176998667966,-0.9594143826584043,-0.061475686480219616,0.0,0.0,0.25132741228718347
7.072072072072071,0.2860614138451737,-0.9562372129762976,-0.061475686480219616,0.0,0.0,0.25132741228718347
7.117117117117116,0.2968684647886057,-0.9529374872392381,-0.061475686480219616,0.0,0.0,0.25132741228718347
7.162162162162161,0.30763746761239674,-0.9495156283562727,-0.061475686480219616,0.0,0.0,0.25132741228718347
7.207207207207206,0.3183670421082849,-0.9459720748896331,-0.061475686480219616,0.0,0.0,0.25132741228718347
7.252252252252252,0.3290558131213363,-0.9423072809985247,-0.061475686480219616,0.0,0.0,0.25132741228718347
7.297297297297297,0.3397024107261912,-0.9385217163809212,-0.061475686480219616,0.0,0.0,0.25132741228718347
7.342342342342342,0.3503054704026412,-0.9346158662133659,-0.061475686480219616,0.0,0.0,0.25132741228718347
7.387387387387387,0.3608636332105125,-0.9305902310887884,-0.061475686480219616,0.0,0.0,0.25132741228718347
7.4324324324324325,0.37137554596383476,-0.926445326952346,-0.061475686480219616,0.0,0.0,0.25132741228718347
7.4774774774774775,0.38183986140427084,-0.9221816850352985,-0.061475686480219616,0.0,0.0,0.25132741228718347
7.5225225225225225,0.3922552383737894,-0.9177998517869225,-0.061475686480219616,0.0,0.0,0.25132741228718347
7.5675675675675675,0.40262034198655366,-0.9133003888044754,-0.061475686480219616,0.0,0.0,0.25132741228718347
7.612612612612613,0.4129338438000069,-0.9086838727612185,-0.061475686480219616,0.0,0.0,0.25132741228718347
7.657657657657658,0.4231944219851325,-0.9039508953325088,-0.061475686480219616,0.0,0.0,0.25132741228718347
7.702702702702703,0.43340076149586576,-0.8991020631199659,-0.061475686480219616,0.0,0.0,0.25132741228718347
7.747747747747748,0.4435515542376365,-0.8941379975737263,-0.061475686480219616,0.0,0.0,0.25132741228718347
7.792792792792793,0.4536454992350214,-0.8890593349127965,-0.061475686480219616,0.0,0.0,0.25132741228718347
7.837837837837838,0.4636813027984829,-0.8838667260435121,-0.061475686480219616,0.0,0.0,0.25132741228718347
7.882882882882883,0.4736576786901749,-0.8785608364761147,-0.061475686480219616,0.0,0.0,0.25132741228718347
7.927927927927928,0.48357334828879356,-0.8731423462394552,-0.061475686480219616,0.0,0.0,0.25132741228718347
7.972972972972973,0.4934270407534519,-0.8676119497938387,-0.061475686480219616,0.0,0.0,0.25132741228718347
8.018018018018017,0.5032174931865557,-0.8619703559420204,-0.061475686480219616,0.0,0.0,0.25132741228718347
8.063063063063062,0.5129434507956654,-0.8562182877383604,-0.061475686480219616,0.0,0.0,0.25132741228718347
8.108108108108107,0.5226036670543123,-0.8503564823961538,-0.061475686480219616,0.0,0.0,0.25132741228718347
8.153153153153152,0.532196903861764,-0.8443856911931461,-0.061475686480219616,0.0,0.0,0.25132741228718347
8.198198198198197,0.5417219317017011,-0.8383066793752465,-0.061475686480219616,0.0,0.0,0.25132741228718347
8.243243243243242,0.5511775297998024,-0.8321202260584477,-0.061475686480219616,0.0,0.0,0.25132741228718347
8.288288288288287,0.5299253028273337,-0.8259492677489486,-0.19231999513394954,0.0,6.283185307179586,0.25132741228718347
8.333333333333332,0.4643279484595781,-0.8202833368635029,-0.3339682672700858,0.0,6.283185307179586,0.25132741228718347
8.378378378378377,0.36172500784001216,-0.8155759255957467,-0.45165354896399407,0.0,6.283185307179586,0.25132741228718347
8.423423423423422,0.23029363675127423,-0.8122022009246852,-0.5359966657405205,0.0,6.283185307179586,0.25132741228718347
8.468468468468467,0.08050853299080116,-0.8104310388887294,-0.5802757166394171,0.0,6.283185307179586,0.25132741228718347
8.513513513513512,-0.07569286656121643,-0.810403595947887,-0.5809617901604757,0.0,6.283185307179586,0.25132741228718347
8.558558558558557,-0.22586176492205953,-0.8121220592246816,-0.5380002082406096,0.0,6.283185307179586,0.25132741228718347
8.603603603603602,-0.3580301378987687,-0.8154494721968512,-0.4548148839363651,0.0,6.283185307179586,0.25132741228718347
8.64864864864865,-0.4616645507881877,-0.8201206497336161,-0.33803544551723436,0.0,6.283185307179586,0.25132741228718347
8.693693693693694,-0.5285056424694499,-0.8257633125788864,-0.1969688743854745,0.0,6.283185307179586,0.25132741228718347
8.73873873873874,-0.5532263724497742,-0.831927756924603,-0.04285776574255884,0.0,6.283185307179586,0.25132741228718347
8.783783783783784,-0.5454203539520367,-0.8381543911930843,-0.00372209867777501,0.0,0.0,0.25132741228718347
8.82882882882883,-0.5358968131341236,-0.84427528191586,-0.00372209867777501,0.0,0.0,0.25132741228718347
8.873873873873874,-0.5263045891501628,-0.8502879661743385,-0.00372209867777501,0.0,0.0,0.25132741228718347
8.91891891891892,-0.5166449113866644,-0.8561916733533914,-0.00372209867777501,0.0,0.0,0.25132741228718347
8.963963963963964,-0.5069190178753454,-0.861985646804928,-0.00372209867777501,0.0,0.0,0.25132741228718347
9.00900900900901,-0.4971281551344584,-0.8676691439448705,-0.00372209867777501,0.0,0.0,0.25132741228718347
9.054054054054054,-0.4872735780090312,-0.873241436348328,-0.00372209867777501,0.0,0.0,0.25132741228718347
9.0990990990991,-0.4773565495100397,-0.8787018098429543,-0.00372209867777501,0.0,0.0,0.25132741228718347
9.144144144144144,-0.46737834065253464,-0.8840495646004796,-0.00372209867777501,0.0,0.0,0.25132741228718347
9.18918918918919,-0.45734023029274185,-0.8892840152264045,-0.00372209867777501,0.0,0.0,0.25132741228718347
9.234234234234235,-0.44724350496415743,-0.8944044908478435,-0.00372209867777501,0.0,0.0,0.25132741228718347
9.27927927927928,-0.4370894587126599,-0.8994103351995063,-0.00372209867777501,0.0,0.0,0.25132741228718347
9.324324324324325,-0.42687939293065846,-0.9043009067078103,-0.00372209867777501,0.0,0.0,0.25132741228718347
9.36936936936937,-0.4166146161903002,-0.909075578573104,-0.00372209867777501,0.0,0.0,0.25132741228718347
9.414414414414415,-0.4062964440757574,-0.9137337388500051,-0.00372209867777501,0.0,0.0,0.25132741228718347
9.45945945945946,-0.39592619901461573,-0.9182747905258276,-0.00372209867777501,0.0,0.0,0.25132741228718347
9.504504504504505,-0.3855052101083849,-0.9226981515970993,-0.00372209867777501,0.0,0.0,0.25132741228718347
9.54954954954955,-0.37503481296215513,-0.9270032551441524,-0.00372209867777501,0.0,0.0,0.25132741228718347
9.594594594594595,-0.3645163495134191,-0.9311895494037851,-0.00372209867777501,0.0,0.0,0.25132741228718347
9.63963963963964,-0.35395116786008274,-0.935256497839976,-0.00372209867777501,0.0,0.0,0.25132741228718347
9.684684684684685,-0.34334062208768673,-0.9392035792126504,-0.00372209867777501,0.0,0.0,0.25132741228718347
9.72972972972973,-0.33268607209585954,-0.9430302876444859,-0.00372209867777501,0.0,0.0,0.25132741228718347
9.774774774774775,-0.3219888834240264,-0.9467361326857459,-0.00372209867777501,0.0,0.0,0.25132741228718347
9.81981981981982,-0.3112504270763951,-0.9503206393771394,-0.00372209867777501,0.0,0.0,0.25132741228718347
9.864864864864865,-0.30047207934624165,-0.9537833483106942,-0.00372209867777501,0.0,0.0,0.25132741228718347
9.90990990990991,-0.2896552216395169,-0.9571238156886367,-0.00372209867777501,0.0,0.0,0.25132741228718347
9.954954954954955,-0.2788012402977997,-0.9603416133802708,-0.00372209867777501,0.0,0.0,0.25132741228718347
10.0,-0.26791152642061644,-0.9634363289768496,-0.00372209867777501,0.0,0.0,0.25132741228718347
10.045045045045045,-0.2569874756871499,-0.9664075658444317,-0.00372209867777501,0.0,0.0,0.25132741228718347
10.09009009009009,-0.24603048817736367,-0.9692549431747154,-0.00372209867777501,0.0,0.0,0.25132741228718347
10.135135135135135,-0.2350419681925597,-0.9719780960338462,-0.00372209867777501,0.0,0.0,0.25132741228718347
10.18018018018018,-0.22402332407539696,-0.9745766754091864,-0.00372209867777501,0.0,0.0,0.25132741228718347
10.225225225225225,-0.21297596802939125,-0.9770503482540479,-0.00372209867777501,0.0,0.0,0.25132741228718347
10.27027027027027,-0.20190131593791977,-0.9793987975303772,-0.00372209867777501,0.0,0.0,0.25132741228718347
10.315315315315315,-0.19080078718275492,-0.9816217222493875,-0.00372209867777501,0.0,0.0,0.25132741228718347
10.36036036036036,-0.17967580446214965,-0.9837188375101356,-0.00372209867777501,0.0,0.0,0.25132741228718347
10.405405405405405,-0.1685277936084969,-0.985689874536035,-0.00372209867777501,0.0,0.0,0.25132741228718347
10.45045045045045,-0.15735818340558821,-0.9875345807093061,-0.00372209867777501,0.0,0.0,0.25132741228718347
10.495495495495495,-0.14616840540549386,-0.9892527196033513,-0.00372209867777501,0.0,0.0,0.25132741228718347
10.54054054054054,-0.1349598937450879,-0.9908440710130559,-0.00372209867777501,0.0,0.0,0.25132741228718347
10.585585585585585,-0.12373408496224217,-0.9923084309830125,-0.00372209867777501,0.0,0.0,0.25132741228718347
10.63063063063063,-0.11249241781171276,-0.9936456118336585,-0.00372209867777501,0.0,0.0,0.25132741228718347
10.675675675675675,-0.10123633308074198,-0.9948554421853336,-0.00372209867777501,0.0,0.0,0.25132741228718347
10.72072072072072,-0.08996727340440006,-0.9959377669802407,-0.00372209867777501,0.0,0.0,0.25132741228718347
10.765765765765765,-0.07868668308068974,-0.9968924475023219,-0.00372209867777501,0.0,0.0,0.25132741228718347
10.81081081081081,-0.0673960078854384,-0.997719361395035,-0.00372209867777501,0.0,0.0,0.25132741228718347
10.855855855855856,-0.05609669488699971,-0.9984184026770369,-0.00372209867777501,0.0,0.0,0.25132741228718347
10.9009009009009,-0.044790192260790895,-0.9989894817557654,-0.00372209867777501,0.0,0.0,0.25132741228718347
10.945945945945946,-0.03347794910368708,-0.9994325254389226,-0.00372209867777501,0.0,0.0,0.25132741228718347
10.99099099099099,-0.022161415248297945,-0.9997474769438552,-0.00372209867777501,0.0,0.0,0.25132741228718347
11.036036036036036,-0.010842041077150179,-0.9999342959048326,-0.00372209867777501,0.0,0.0,0.25132741228718347
11.08108108108108,0.0004787226632007217,-0.9999929583782197,-0.00372209867777501,0.0,0.0,0.25132741228718347
11.126126126126126,0.011799425048105272,-0.9999234568455455,-0.00372209867777501,0.0,0.0,0.25132741228718347
11.17117117117117,0.023118615160777588,-0.9997258002144687,-0.00372209867777501,0.0,0.0,0.25132741228718347
11.216216216216216,0.034434842278252026,-0.9994000138176323,-0.00372209867777501,0.0,0.0,0.25132741228718347
11.26126126126126,0.045746656057314934,-0.9989461394094205,-0.00372209867777501,0.0,0.0,0.25132741228718347
11.306306306306306,0.05705260672038782,-0.9983642351606055,-0.00372209867777501,0.0,0.0,0.25132741228718347
11.35135135135135,0.06835124524133787,-0.9976543756508915,-0.00372209867777501,0.0,0.0,0.25132741228718347
11.396396396396396,0.07964112353119229,-0.9968166518593584,-0.00372209867777501,0.0,0.0,0.25132741228718347
11.441441441441441,0.09092079462373256,-0.9958511711527989,-0.00372209867777501,0.0,0.0,0.25132741228718347
11.486486486486486,0.10218881286094465,-0.9947580572719595,-0.00372209867777501,0.0,0.0,0.25132741228718347
11.531531531531531,0.11344373407830159,-0.9935374503156805,-0.00372209867777501,0.0,0.0,0.25132741228718347
11.576576576576576,0.12468411578985487,-0.9921895067229412,-0.00372209867777501,0.0,0.0,0.25132741228718347
11.621621621621621,0.13590851737311035,-0.9907143992528091,-0.00372209867777501,0.0,0.0,0.25132741228718347
11.666666666666666,0.14711550025366554,-0.9891123169622978,-0.00372209867777501,0.0,0.0,0.25132741228718347
11.711711711711711,0.15830362808958448,-0.9873834651821379,-0.00372209867777501,0.0,0.0,0.25132741228718347
11.756756756756756,0.16947146695548634,-0.9855280654904599,-0.00372209867777501,0.0,0.0,0.25132741228718347
11.801801801801801,0.18061758552632412,-0.9835463556843949,-0.00372209867777501,0.0,0.0,0.25132741228718347
11.846846846846846,0.19174055526083036,-0.9814385897495992,-0.00372209867777501,0.0,0.0,0.25132741228718347
11.891891891891891,0.2028389505846063,-0.9792050378277007,-0.00372209867777501,0.0,0.0,0.25132741228718347
11.936936936936936,0.21391134907283027,-0.9768459861816781,-0.00372209867777501,0.0,0.0,0.25132741228718347
11.981981981981981,0.22495633163256262,-0.9743617371591697,-0.00372209867777501,0.0,0.0,0.25132741228718347
12.027027027027026,0.2359724826846236,-0.9717526091537236,-0.00372209867777501,0.0,0.0,0.25132741228718347
12.072072072072071,0.24695839034502104,-0.9690189365639927,-0.00372209867777501,0.0,0.0,0.25132741228718347
12.117117117117116,0.25791264660590435,-0.9661610697508737,-0.00372209867777501,0.0,0.0,0.25132741228718347
12.162162162162161,0.2688338475160216,-0.9631793749926063,-0.00372209867777501,0.0,0.0,0.25132741228718347
12.207207207207206,0.27972059336065674,-0.9600742344378259,-0.00372209867777501,0.0,0.0,0.25132741228718347
12.252252252252251,0.29057148884102435,-0.956846046056588,-0.00372209867777501,0.0,0.0,0.25132741228718347
12.297297297297296,0.30138514325309784,-0.9534952235893613,-0.00372209867777501,0.0,0.0,0.25132741228718347
12.342342342342342,0.31216017066584806,-0.9500221964940007,-0.00372209867777501,0.0,0.0,0.25132741228718347
12.387387387387387,0.322895190098872,-0.9464274098907061,-0.00372209867777501,0.0,0.0,0.25132741228718347
12.432432432432432,0.33358882569938575,-0.9427113245049736,-0.00372209867777501,0.0,0.0,0.25132741228718347
12.477477477477477,0.3442397069185606,-0.9388744166085473,-0.00372209867777501,0.0,0.0,0.25132741228718347
12.522522522522522,0.3548464686871791,-0.9349171779583769,-0.00372209867777501,0.0,0.0,0.25132741228718347
12.567567567567567,0.3654077515905891,-0.9308401157335917,-0.00372209867777501,0.0,0.0,0.25132741228718347
12.612612612612612,0.375922202042933,-0.9266437524704995,-0.00372209867777501,0.0,0.0,0.25132741228718347
12.657657657657657,0.38638847246063046,-0.9223286259956136,-0.00372209867777501,0.0,0.0,0.25132741228718347
12.702702702702702,0.3968052214350903,-0.917895289356724,-0.00372209867777501,0.0,0.0,0.25132741228718347
12.747747747747747,0.40717111390463295,-0.9133443107520164,-0.00372209867777501,0.0,0.0,0.25132741228718347
12.792792792792792,0.4174848213255979,-0.9086762734572468,-0.00372209867777501,0.0,0.0,0.25132741228718347
12.837837837837837,0.42774502184261676,-0.9038917757509881,-0.00372209867777501,0.0,0.0,0.25132741228718347
12.882882882882882,0.4379504004580285,-0.8989914308379514,-0.00372209867777501,0.0,0.0,0.25132741228718347
12.927927927927927,0.4480996492004164,-0.8939758667703945,-0.00372209867777501,0.0,0.0,0.25132741228718347
12.972972972972972,0.4581914672922433,-0.8888457263676279,-0.00372209867777501,0.0,0.0,0.25132741228718347
13.018018018018017,0.4682245613165667,-0.8836016671336268,-0.00372209867777501,0.0,0.0,0.25132741228718347
13.063063063063062,0.478197645382808,-0.8782443611727625,-0.00372209867777501,0.0,0.0,0.25132741228718347
13.108108108108107,0.48810944129156025,-0.8727744951036642,-0.00372209867777501,0.0,0.0,0.25132741228718347
13.153153153153152,0.49795867869840726,-0.8671927699712165,-0.00372209867777501,0.0,0.0,0.25132741228718347
13.198198198198197,0.5077440952767371,-0.8614999011567109,-0.00372209867777501,0.0,0.0,0.25132741228718347
13.243243243243242,0.5174644368795295,-0.8556966182861576,-0.00372209867777501,0.0,0.0,0.25132741228718347
13.288288288288287,0.5271184577000915,-0.8497836651367757,-0.00372209867777501,0.0,0.0,0.25132741228718347
13.333333333333332,0.5367049204317275,-0.8437617995416649,-0.00372209867777501,0.0,0.0,0.25132741228718347
13.378378378378377,0.5462225964263182,-0.8376317932926776,-0.00372209867777501,0.0,0.0,0.25132741228718347
13.423423423423422,0.5556702658517899,-0.8313944320415049,-0.00372209867777501,0.0,0.0,0.25132741228718347
13.468468468468467,0.5650467178484553,-0.8250505151989809,-0.00372209867777501,0.0,0.0,0.25132741228718347
13.513513513513512,0.5743507506842014,-0.8186008558326273,-0.00372209867777501,0.0,0.0,0.25132741228718347
13.558558558558557,0.5835811719085107,-0.8120462805624473,-0.00372209867777501,0.0,0.0,0.25132741228718347
13.603603603603602,0.5927367985052909,-0.8053876294549811,-0.00372209867777501,0.0,0.0,0.25132741228718347
13.648648648648647,0.6018164570444966,-0.7986257559156387,-0.00372209867777501,0.0,0.0,0.25132741228718347
13.693693693693692,0.6108189838325216,-0.791761526579324,-0.00372209867777501,0.0,0.0,0.25132741228718347
13.738738738738737,0.6197432250613428,-0.7847958211993621,-0.00372209867777501,0.0,0.0,0.25132741228718347
13.783783783783782,0.6137944357739286,-0.7777725490608688,-0.1353744899909295,0.0,6.283185307179586,0.25132741228718347
13.828828828828827,0.5602192957059319,-0.771082220764211,-0.30263269740737314,0.0,6.283185307179586,0.25132741228718347
13.873873873873872,0.461996308063929,-0.765256941386459,-0.44826468185115775,0.0,6.283185307179586,0.25132741228718347
13.918918918918918,0.32695355912434465,-0.7607609687418796,-0.560663997965643,0.0,6.283185307179586,0.25132741228718347
13.963963963963963,0.16585356298985976,-0.7579526187665182,-0.6308727473496719,0.0,6.283185307179586,0.25132741228718347
14.009009009009008,-0.0084644794645861,-0.7570557087808344,-0.6532954969917661,0.0,6.283185307179586,0.25132741228718347
14.054054054054053,-0.18210792753817953,-0.7581417199005901,-0.6261452189978778,0.0,6.283185307179586,0.25132741228718347
14.099099099099098,-0.34123790373912466,-0.7611241001999403,-0.5515857115141165,0.0,6.283185307179586,0.25132741228718347
14.144144144144143,-0.47317221204823157,-0.7657651626480502,-0.43555915031137016,0.0,6.283185307179586,0.25132741228718347
14.189189189189188,-0.5673960720351969,-0.7716950280737576,-0.28731251466868846,0.0,6.283185307179586,0.25132741228718347
14.234234234234233,-0.6164001162598454,-0.7784411034591301,-0.11866063003436927,0.0,6.283185307179586,0.25132741228718347
14.279279279279278,-0.6162660760836624,-0.7854528055430949,-0.057271404146379934,0.0,0.0,0.25132741228718347
14.324324324324323,-0.6073346200823271,-0.7923791046693047,-0.057271404146379934,0.0,0.0,0.25132741228718347
14.369369369369368,-0.5983253250949495,-0.7992038486000279,-0.057271404146379934,0.0,0.0,0.25132741228718347
14.414414414414413,-0.5892393457969981,-0.805926162642583,-0.057271404146379934,0.0,0.0,0.25132741228718347
14.45945945945946,-0.5800778466921782,-0.8125451852322056,-0.057271404146379934,0.0,0.0,0.25132741228718347
14.504504504504505,-0.5708420019631862,-0.8190600680424698,-0.057271404146379934,0.0,0.0,0.25132741228718347
14.54954954954955,-0.5615329953212159,-0.8254699760940165,-0.057271404146379934,0.0,0.0,0.25132741228718347
14.594594594594595,-0.5521520198542523,-0.8317740878615665,-0.057271404146379934,0.0,0.0,0.25132741228718347
14.63963963963964,-0.5427002778741591,-0.8379715953792122,-0.057271404146379934,0.0,0.0,0.25132741228718347
14.684684684684685,-0.5331789807625824,-0.8440617043439687,-0.057271404146379934,0.0,0.0,0.25132741228718347
14.72972972972973,-0.5235893488156951,-0.850043634217578,-0.057271404146379934,0.0,0.0,0.25132741228718347
14.774774774774775,-0.5139326110878002,-0.8559166183265446,-0.057271404146379934,0.0,0.0,0.25132741228718347
14.81981981981982,-0.504210005233804,-0.8616799039603973,-0.057271404146379934,0.0,0.0,0.25132741228718347
14.864864864864865,-0.49442277735059703,-0.8673327524681596,-0.057271404146379934,0.0,0.0,0.25132741228718347
14.90990990990991,-0.48457218181734607,-0.8728744393530196,-0.057271404146379934,0.0,0.0,0.25132741228718347
14.954954954954955,-0.47465948113472695,-0.8783042543651848,-0.057271404146379934,0.0,0.0,0.25132741228718347
15.0,-0.464685945763116,-0.8836215015929104,-0.057271404146379934,0.0,0.0,0.25132741228718347
15.045045045045045,-0.4546528539597619,-0.8888254995516921,-0.057271404146379934,0.0,0.0,0.25132741228718347
15.09009009009009,-0.44456149161495845,-0.8939155812716071,-0.057271404146379934,0.0,0.0,0.25132741228718347
15.135135135135135,-0.4344131520872373,-0.8988910943827972,-0.057271404146379934,0.0,0.0,0.25132741228718347
15.18018018018018,-0.4242091360376058,-0.9037514011990793,-0.057271404146379934,0.0,0.0,0.25132741228718347
15.225225225225225,-0.4139507512628487,-0.9084958787996753,-0.057271404146379934,0.0,0.0,0.25132741228718347
15.27027027027027,-0.4036393125279117,-0.9131239191090472,-0.057271404146379934,0.0,0.0,0.25132741228718347
15.315315315315315,-0.39327614139739764,-0.917634928974832,-0.057271404146379934,0.0,0.0,0.25132741228718347
15.36036036036036,-0.38286256606618657,-0.9220283302438634,-0.057271404146379934,0.0,0.0,0.25132741228718347
15.405405405405405,-0.3723999211892086,-0.9263035598362686,-0.057271404146379934,0.0,0.0,0.25132741228718347
15.45045045045045,-0.3618895477103875,-0.9304600698176382,-0.057271404146379934,0.0,0.0,0.25132741228718347
15.495495495495495,-0.35133279269077905,-0.93449732746925,-0.057271404146379934,0.0,0.0,0.25132741228718347
15.54054054054054,-0.34073100913592475,-0.9384148153563471,-0.057271404146379934,0.0,0.0,0.25132741228718347
15.585585585585585,-0.3300855558224445,-0.9422120313944523,-0.057271404146379934,0.0,0.0,0.25132741228718347
15.63063063063063,-0.31939779712388866,-0.9458884889137192,-0.057271404146379934,0.0,0.0,0.25132741228718347
15.675675675675675,-0.3086691028358736,-0.9494437167213067,-0.057271404146379934,0.0,0.0,0.25132741228718347
15.72072072072072,-0.2979008480005216,-0.9528772591617672,-0.057271404146379934,0.0,0.0,0.25132741228718347
15.765765765765765,-0.28709441273022857,-0.9561886761754484,-0.057271404146379934,0.0,0.0,0.25132741228718347
15.81081081081081,-0.276251182030783,-0.9593775433548917,-0.057271404146379934,0.0,0.0,0.25132741228718347
15.855855855855856,-0.2653725456238557,-0.9624434519992259,-0.057271404146379934,0.0,0.0,0.25132741228718347
15.9009009009009,-0.2544598977688869,-0.9653860091665504,-0.057271404146379934,0.0,0.0,0.25132741228718347
15.945945945945946,-0.24351463708439094,-0.9682048377242951,-0.057271404146379934,0.0,0.0,0.25132741228718347
15.99099099099099,-0.2325381663687026,-0.9708995763975556,-0.057271404146379934,0.0,0.0,0.25132741228718347
16.036036036036034,-0.22153189242018764,-0.9734698798153965,-0.057271404146379934,0.0,0.0,0.25132741228718347
16.08108108108108,-0.21049722585693903,-0.9759154185551144,-0.057271404146379934,0.0,0.0,0.25132741228718347
16.126126126126124,-0.1994355809359895,-0.9782358791844611,-0.057271404146379934,0.0,0.0,0.25132741228718347
16.17117117117117,-0.18834837537204674,-0.9804309643018128,-0.057271404146379934,0.0,0.0,0.25132741228718347
16.216216216216214,-0.17723703015579984,-0.9825003925742851,-0.057271404146379934,0.0,0.0,0.25132741228718347
16.26126126126126,-0.16610296937179056,-0.9844438987737931,-0.057271404146379934,0.0,0.0,0.25132741228718347
16.306306306306304,-0.15494762001590268,-0.9862612338110427,-0.057271404146379934,0.0,0.0,0.25132741228718347
16.35135135135135,-0.14377241181246464,-0.9879521647674547,-0.057271404146379934,0.0,0.0,0.25132741228718347
16.396396396396394,-0.1325787770310155,-0.9895164749250176,-0.057271404146379934,0.0,0.0,0.25132741228718347
16.44144144144144,-0.12136815030273175,-0.990953963794064,-0.057271404146379934,0.0,0.0,0.25132741228718347
16.486486486486484,-0.1101419684365645,-0.9922644471389632,-0.057271404146379934,0.0,0.0,0.25132741228718347
16.53153153153153,-0.09890167023508423,-0.993447757001738,-0.057271404146379934,0.0,0.0,0.25132741228718347
16.576576576576574,-0.08764869631008378,-0.9945037417235874,-0.057271404146379934,0.0,0.0,0.25132741228718347
16.62162162162162,-0.07638448889793532,-0.995432265964327,-0.057271404146379934,0.0,0.0,0.25132741228718347
16.666666666666664,-0.06511049167475354,-0.9962332107197317,-0.057271404146379934,0.0,0.0,0.25132741228718347
16.71171171171171,-0.053828149571359764,-0.9969064733367903,-0.057271404146379934,0.0,0.0,0.25132741228718347
16.756756756756754,-0.04253890858809968,-0.9974519675268612,-0.057271404146379934,0.0,0.0,0.25132741228718347
16.8018018018018,-0.031244215609509695,-0.9978696233767312,-0.057271404146379934,0.0,0.0,0.25132741228718347
16.846846846846844,-0.019945518218884305,-0.998159387357577,-0.057271404146379934,0.0,0.0,0.25132741228718347
16.89189189189189,-0.008644264512739515,-0.998321222331824,-0.057271404146379934,0.0,0.0,0.25132741228718347
16.936936936936934,0.002658097084775142,-0.9983551075579078,-0.057271404146379934,0.0,0.0,0.25132741228718347
16.98198198198198,0.013960118007520906,-0.9982610386929315,-0.057271404146379934,0.0,0.0,0.25132741228718347
17.027027027027025,0.025260349733018016,-0.9980390277932222,-0.057271404146379934,0.0,0.0,0.25132741228718347
17.07207207207207,0.03655734396810254,-0.9976891033127864,-0.057271404146379934,0.0,0.0,0.25132741228718347
17.117117117117115,0.04784965283453969,-0.9972113100996637,-0.057271404146379934,0.0,0.0,0.25132741228718347
17.16216216216216,0.05913582905459805,-0.9966057093901778,-0.057271404146379934,0.0,0.0,0.25132741228718347
17.207207207207205,0.07041442613653273,-0.9958723788010875,-0.057271404146379934,0.0,0.0,0.25132741228718347
17.25225225225225,0.08168399855998194,-0.9950114123196412,-0.057271404146379934,0.0,0.0,0.25132741228718347
17.2972972972973,0.09294310196122571,-0.9940229202915288,-0.057271404146379934,0.0,0.0,0.25132741228718347
17.34234234234234,0.10419029331830545,-0.9929070294067411,-0.057271404146379934,0.0,0.0,0.25132741228718347
17.38738738738739,0.11542413113597119,-0.9916638826833315,-0.057271404146379934,0.0,0.0,0.25132741228718347
17.43243243243243,0.12664317563042451,-0.9902936394490857,-0.057271404146379934,0.0,0.0,0.25132741228718347
17.47747747747748,0.13784598891385566,-0.9887964753211026,-0.057271404146379934,0.0,0.0,0.25132741228718347
17.52252252252252,0.14903113517872282,-0.9871725821832856,-0.057271404146379934,0.0,0.0,0.25132741228718347
17.56756756756757,0.16019718088177967,-0.9854221681617502,-0.057271404146379934,0.0,0.0,0.25132741228718347
17.61261261261261,0.171342694927798,-0.9835454575981497,-0.057271404146379934,0.0,0.0,0.25132741228718347
17.65765765765766,0.1824662488529911,-0.981542691020922,-0.057271404146379934,0.0,0.0,0.25132741228718347
17.7027027027027,0.1935664170080857,-0.9794141251144617,-0.057271404146379934,0.0,0.0,0.25132741228718347
17.74774774774775,0.20464177674104697,-0.9771600326862236,-0.057271404146379934,0.0,0.0,0.25132741228718347
17.792792792792792,0.21569090857940595,-0.9747807026317585,-0.057271404146379934,0.0,0.0,0.25132741228718347
17.83783783783784,0.22671239641219276,-0.9722764398976845,-0.057271404146379934,0.0,0.0,0.25132741228718347
17.882882882882882,0.2377048276714255,-0.9696475654426061,-0.057271404146379934,0.0,0.0,0.25132741228718347
17.92792792792793,0.24866679351315876,-0.966894416195977,-0.057271404146379934,0.0,0.0,0.25132741228718347
17.972972972972972,0.25959688899804095,-0.9640173450149191,-0.057271404146379934,0.0,0.0,0.25132741228718347
18.01801801801802,0.2704937132713861,-0.961016720638997,-0.057271404146379934,0.0,0.0,0.25132741228718347
18.063063063063062,0.2813558697427058,-0.9578929276429593,-0.057271404146379934,0.0,0.0,0.25132741228718347
18.10810810810811,0.2921819662647107,-0.9546463663874502,-0.057271404146379934,0.0,0.0,0.25132741228718347
18.153153153153152,0.3029706153117286,-0.9512774529676954,-0.057271404146379934,0.0,0.0,0.25132741228718347
18.1981981981982,0.3137204341575426,-0.9477866191601756,-0.057271404146379934,0.0,0.0,0.25132741228718347
18.243243243243242,0.3244300450526019,-0.944174312367287,-0.057271404146379934,0.0,0.0,0.25132741228718347
18.28828828828829,0.3350980754006071,-0.9404409955599986,-0.057271404146379934,0.0,0.0,0.25132741228718347
18.333333333333332,0.3457231579344225,-0.9365871472185177,-0.057271404146379934,0.0,0.0,0.25132741228718347
18.37837837837838,0.35630393089131845,-0.9326132612709653,-0.057271404146379934,0.0,0.0,0.25132741228718347
18.423423423423422,0.36683903818749514,-0.9285198470300698,-0.057271404146379934,0.0,0.0,0.25132741228718347
18.46846846846847,0.3773271295918911,-0.9243074291278932,-0.057271404146379934,0.0,0.0,0.25132741228718347
18.513513513513512,0.3877668608992289,-0.9199765474485908,-0.057271404146379934,0.0,0.0,0.25132741228718347
18.55855855855856,0.3981568941023016,-0.9155277570592169,-0.057271404146379934,0.0,0.0,0.25132741228718347
18.603603603603602,0.4084958975634525,-0.910961628138585,-0.057271404146379934,0.0,0.0,0.25132741228718347
18.64864864864865,0.41878254618524985,-0.9062787459041899,-0.057271404146379934,0.0,0.0,0.25132741228718347
18.693693693693692,0.4290155215803126,-0.9014797105372061,-0.057271404146379934,0.0,0.0,0.25132741228718347
18.73873873873874,0.4391935122402864,-0.8965651371055617,-0.057271404146379934,0.0,0.0,0.25132741228718347
18.783783783783782,0.44931521370392763,-0.8915356554851114,-0.057271404146379934,0.0,0.0,0.25132741228718347
18.82882882882883,0.45937932872429504,-0.8863919102789064,-0.057271404146379934,0.0,0.0,0.25132741228718347
18.873873873873872,0.46938456743500606,-0.8811345607345823,-0.057271404146379934,0.0,0.0,0.25132741228718347
18.91891891891892,0.4793296475155581,-0.8757642806598611,-0.057271404146379934,0.0,0.0,0.25132741228718347
18.963963963963963,0.4892132943556704,-0.8702817583361986,-0.057271404146379934,0.0,0.0,0.25132741228718347
19.00900900900901,0.49903424121865114,-0.864687696430566,-0.057271404146379934,0.0,0.0,0.25132741228718347
19.054054054054053,0.5087912294037423,-0.8589828119053969,-0.057271404146379934,0.0,0.0,0.25132741228718347
19.0990990990991,0.5184830084074467,-0.8531678359266937,-0.057271404146379934,0.0,0.0,0.25132741228718347
19.144144144144143,0.5281083360837932,-0.8472435137703217,-0.057271404146379934,0.0,0.0,0.25132741228718347
19.18918918918919,0.5376659788035418,-0.8412106047264876,-0.057271404146379934,0.0,0.0,0.25132741228718347
19.234234234234233,0.547154711612286,-0.8350698820024287,-0.057271404146379934,0.0,0.0,0.25132741228718347
19.27927927927928,0.5367736472709003,-0.8288836621425355,-0.15756245183623901,0.0,6.283185307179586,0.25132741228718347
19.324324324324323,0.48064245763760904,-0.8230857335718329,-0.30251066610380806,0.0,6.283185307179586,0.25132741228718347
19.36936936936937,0.386205462847854,-0.8181458448671132,-0.42600788372179726,0.0,6.283185307179586,0.25132741228718347
19.414414414414413,0.26098901656536405,-0.8144576907825772,-0.5182117358351964,0.0,6.283185307179586,0.25132741228718347
19.45945945945946,0.11497250516654757,-0.8123152064658673,-0.5717738437529425,0.0,6.283185307179586,0.25132741228718347
19.504504504504503,-0.040206980312629065,-0.8118891416821837,-0.5824254633450338,0.0,6.283185307179586,0.25132741228718347
19.54954954954955,-0.19218208646720422,-0.8132134525548946,-0.5493176915272522,0.0,6.283185307179586,0.25132741228718347
19.594594594594593,-0.328840839599279,-0.8161825953613212,-0.475089121366578,0.0,6.283185307179586,0.25132741228718347
19.63963963963964,-0.4392919347747835,-0.8205599380602924,-0.36565555389229887,0.0,6.283185307179586,0.25132741228718347
19.684684684684683,-0.5147327411318637,-0.8259966191772008,-0.22973852596958816,0.0,6.283185307179586,0.25132741228718347
19.72972972972973,-0.5491508459441062,-0.8320593510483115,-0.07817022919182359,0.0,6.283185307179586,0.25132741228718347
19.774774774774773,-0.5451884061066713,-0.838274846884835,-0.008054993919335562,0.0,0.0,0.25132741228718347
19.81981981981982,-0.5356635164962101,-0.8443931040503826,-0.008054993919335562,0.0,0.0,0.25132741228718347
19.864864864864863,-0.5260699736201446,-0.8504031396509693,-0.008054993919335562,0.0,0.0,0.25132741228718347
19.90990990990991,-0.5164090070340189,-0.8563041834109325,-0.008054993919335562,0.0,0.0,0.25132741228718347
19.954954954954953,-0.5066818549347328,-0.862095479023538,-0.008054993919335562,0.0,0.0,0.25132741228718347
20.0,-0.4968897640018447,-0.8677762842479141,-0.008054993919335562,0.0,0.0,0.25132741228718347
20.045045045045043,-0.4870339892377948,-0.8733458710041776,-0.008054993919335562,0.0,0.0,0.25132741228718347
20.09009009009009,-0.4771157938070527,-0.878803525466752,-0.008054993919335562,0.0,0.0,0.25132741228718347
20.135135135135133,-0.4671364488742306,-0.884148548155851,-0.008054993919335562,0.0,0.0,0.25132741228718347
20.18018018018018,-0.45709723344115744,-0.8893802540271321,-0.008054993919335562,0.0,0.0,0.25132741228718347
20.225225225225223,-0.44699943418296295,-0.8944979725594898,-0.008054993919335562,0.0,0.0,0.25132741228718347
20.27027027027027,-0.43684434528316374,-0.8995010478409967,-0.008054993919335562,0.0,0.0,0.25132741228718347
20.315315315315313,-0.4266332682678018,-0.9043888386529662,-0.008054993919335562,0.0,0.0,0.25132741228718347
20.36036036036036,-0.4163675118386271,-0.9091607185521365,-0.008054993919335562,0.0,0.0,0.25132741228718347
20.405405405405403,-0.40604839170537554,-0.9138160759509566,-0.008054993919335562,0.0,0.0,0.25132741228718347
20.45045045045045,-0.3956772304171335,-0.9183543141959714,-0.008054993919335562,0.0,0.0,0.25132741228718347
20.495495495495494,-0.38525535719284043,-0.9227748516442912,-0.008054993919335562,0.0,0.0,0.25132741228718347
20.54054054054054,-0.3747841077509239,-0.9270771217381382,-0.008054993919335562,0.0,0.0,0.25132741228718347
20.585585585585584,-0.36426482413811256,-0.9312605730774587,-0.008054993919335562,0.0,0.0,0.25132741228718347
20.63063063063063,-0.35369885455742667,-0.9353246694905955,-0.008054993919335562,0.0,0.0,0.25132741228718347
20.675675675675674,-0.3430875531953931,-0.9392688901030021,-0.008054993919335562,0.0,0.0,0.25132741228718347
20.72072072072072,-0.3324322800484789,-0.9430927294040058,-0.008054993919335562,0.0,0.0,0.25132741228718347
20.765765765765764,-0.3217344007487942,-0.9467956973115905,-0.008054993919335562,0.0,0.0,0.25132741228718347
20.81081081081081,-0.31099528638905954,-0.9503773192352152,-0.008054993919335562,0.0,0.0,0.25132741228718347
20.855855855855854,-0.30021631334688603,-0.9538371361366317,-0.008054993919335562,0.0,0.0,0.25132741228718347
20.9009009009009,-0.2893988631083667,-0.9571747045887246,-0.008054993919335562,0.0,0.0,0.25132741228718347
20.945945945945944,-0.2785443220910234,-0.9603895968323373,-0.008054993919335562,0.0,0.0,0.25132741228718347
20.99099099099099,-0.2676540814661115,-0.9634814008311001,-0.008054993919335562,0.0,0.0,0.25132741228718347
21.036036036036034,-0.2567295369803264,-0.9664497203242364,-0.008054993919335562,0.0,0.0,0.25132741228718347
21.08108108108108,-0.24577208877691148,-0.9692941748773494,-0.008054993919335562,0.0,0.0,0.25132741228718347
21.126126126126124,-0.23478314121621519,-0.9720143999311812,-0.008054993919335562,0.0,0.0,0.25132741228718347
21.17117117117117,-0.22376410269569508,-0.9746100468483374,-0.008054993919335562,0.0,0.0,0.25132741228718347
21.216216216216214,-0.21271638546941704,-0.9770807829579674,-0.008054993919335562,0.0,0.0,0.25132741228718347
21.26126126126126,-0.20164140546704748,-0.9794262915984042,-0.008054993919335562,0.0,0.0,0.25132741228718347
21.306306306306304,-0.19054058211238728,-0.9816462721577462,-0.008054993919335562,0.0,0.0,0.25132741228718347
21.35135135135135,-0.1794153381414448,-0.9837404401123896,-0.008054993919335562,0.0,0.0,0.25132741228718347
21.396396396396394,-0.16826709942009785,-0.9857085270634893,-0.008054993919335562,0.0,0.0,0.25132741228718347
21.44144144144144,-0.15709729476134085,-0.9875502807713614,-0.008054993919335562,0.0,0.0,0.25132741228718347
21.486486486486484,-0.1459073557421685,-0.9892654651878103,-0.008054993919335562,0.0,0.0,0.25132741228718347
21.53153153153153,-0.13469871652008972,-0.9908538604863826,-0.008054993919335562,0.0,0.0,0.25132741228718347
21.576576576576574,-0.12347281364932723,-0.992315263090539,-0.008054993919335562,0.0,0.0,0.25132741228718347
21.62162162162162,-0.11223108589669414,-0.9936494856997491,-0.008054993919335562,0.0,0.0,0.25132741228718347
21.666666666666664,-0.10097497405720157,-0.9948563573134943,-0.008054993919335562,0.0,0.0,0.25132741228718347
21.71171171171171,-0.08970592076939225,-0.9959357232531846,-0.008054993919335562,0.0,0.0,0.25132741228718347
21.756756756756754,-0.07842537033045206,-0.9968874451819822,-0.008054993919335562,0.0,0.0,0.25132741228718347
21.8018018018018,-0.0671347685110946,-0.997711401122534,-0.008054993919335562,0.0,0.0,0.25132741228718347
21.846846846846844,-0.05583556237027128,-0.9984074854726019,-0.008054993919335562,0.0,0.0,0.25132741228718347
21.89189189189189,-0.04452920006970208,-0.9989756090185988,-0.008054993919335562,0.0,0.0,0.25132741228718347
21.936936936936934,-0.03321713068827908,-0.9994156989470225,-0.008054993919335562,0.0,0.0,0.25132741228718347
21.98198198198198,-0.021900804036338213,-0.999727698853788,-0.008054993919335562,0.0,0.0,0.25132741228718347
22.027027027027025,-0.010581670469851768,-0.999911568751455,-0.008054993919335562,0.0,0.0,0.25132741228718347
22.07207207207207,0.0007388192954636414,-0.9999672850743554,-0.008054993919335562,0.0,0.0,0.25132741228718347
22.117117117117115,0.012059214370070724,-0.9998948406816115,-0.008054993919335562,0.0,0.0,0.25132741228718347
22.16216216216216,0.02337806387657178,-0.9996942448580523,-0.008054993919335562,0.0,0.0,0.25132741228718347
22.207207207207205,0.034693917135653125,-0.9993655233130234,-0.008054993919335562,0.0,0.0,0.25132741228718347
22.25225225225225,0.046005323852018463,-0.9989087181770911,-0.008054993919335562,0.0,0.0,0.25132741228718347
22.297297297297295,0.057310834300258594,-0.9983238879966442,-0.008054993919335562,0.0,0.0,0.25132741228718347
22.34234234234234,0.06860899951066263,-0.9976111077263897,-0.008054993919335562,0.0,0.0,0.25132741228718347
22.387387387387385,0.07989837145491781,-0.9967704687197453,-0.008054993919335562,0.0,0.0,0.25132741228718347
22.43243243243243,0.09117750323170307,-0.995802078717132,-0.008054993919335562,0.0,0.0,0.25132741228718347
22.477477477477475,0.10244494925212397,-0.9947060618321669,-0.008054993919335562,0.0,0.0,0.25132741228718347
22.52252252252252,0.1136992654249935,-0.9934825585357533,-0.008054993919335562,0.0,0.0,0.25132741228718347
22.567567567567565,0.12493900934190677,-0.9921317256380793,-0.008054993919335562,0.0,0.0,0.25132741228718347
22.61261261261261,0.13616274046211435,-0.990653736268519,-0.008054993919335562,0.0,0.0,0.25132741228718347
22.657657657657655,0.14736902029714183,-0.9890487798534461,-0.008054993919335562,0.0,0.0,0.25132741228718347
22.7027027027027,0.15855641259516082,-0.9873170620919517,-0.008054993919335562,0.0,0.0,0.25132741228718347
22.747747747747745,0.16972348352505864,-0.9854588049294848,-0.008054993919335562,0.0,0.0,0.25132741228718347
22.792792792792792,0.18086880186021262,-0.9834742465294048,-0.008054993919335562,0.0,0.0,0.25132741228718347
22.837837837837835,0.19199093916191592,-0.9813636412424573,-0.008054993919335562,0.0,0.0,0.25132741228718347
22.882882882882882,0.20308846996246002,-0.979127259574176,-0.008054993919335562,0.0,0.0,0.25132741228718347
22.927927927927925,0.214159971947823,-0.976765388150213,-0.008054993919335562,0.0,0.0,0.25132741228718347
22.972972972972972,0.225204026139967,-0.9742783296796032,-0.008054993919335562,0.0,0.0,0.25132741228718347
23.018018018018015,0.23621921707869495,-0.9716664029159681,-0.008054993919335562,0.0,0.0,0.25132741228718347
23.063063063063062,0.2472041330030693,-0.9689299426166623,-0.008054993919335562,0.0,0.0,0.25132741228718347
23.10810810810811,0.2581573660323442,-0.9660692994998704,-0.008054993919335562,0.0,0.0,0.25132741228718347
23.153153153153152,0.26907751234640903,-0.9630848401996556,-0.008054993919335562,0.0,0.0,0.25132741228718347
23.1981981981982,0.2799631723657122,-0.9599769472189706,-0.008054993919335562,0.0,0.0,0.25132741228718347
23.243243243243242,0.29081295093063125,-0.9567460188806359,-0.008054993919335562,0.0,0.0,0.25132741228718347
23.28828828828829,0.30162545748028996,-0.9533924692762861,-0.008054993919335562,0.0,0.0,0.25132741228718347
23.333333333333332,0.3123993062307737,-0.9499167282132995,-0.008054993919335562,0.0,0.0,0.25132741228718347
23.37837837837838,0.32313311635274405,-0.9463192411597113,-0.008054993919335562,0.0,0.0,0.25132741228718347
23.423423423423422,0.333825512148407,-0.9426004691871217,-0.008054993919335562,0.0,0.0,0.25132741228718347
23.46846846846847,0.3444751232278347,-0.9387608889115995,-0.008054993919335562,0.0,0.0,0.25132741228718347
23.513513513513512,0.35508058468459575,-0.9348009924326002,-0.008054993919335562,0.0,0.0,0.25132741228718347
23.55855855855856,0.36564053727069357,-0.9307212872698932,-0.008054993919335562,0.0,0.0,0.25132741228718347
23.603603603603602,0.3761536275707691,-0.9265222962985183,-0.008054993919335562,0.0,0.0,0.25132741228718347
23.64864864864865,0.3866185081755673,-0.9222045576817692,-0.008054993919335562,0.0,0.0,0.25132741228718347
23.693693693693692,0.39703383785462076,-0.9177686248022209,-0.008054993919335562,0.0,0.0,0.25132741228718347
23.73873873873874,0.40739828172815534,-0.9132150661908046,-0.008054993919335562,0.0,0.0,0.25132741228718347
23.783783783783782,0.41771051143816795,-0.9085444654539442,-0.008054993919335562,0.0,0.0,0.25132741228718347
23.82882882882883,0.42796920531868277,-0.9037574211987554,-0.008054993919335562,0.0,0.0,0.25132741228718347
23.873873873873872,0.4381730485651348,-0.8988545469563275,-0.008054993919335562,0.0,0.0,0.25132741228718347
23.91891891891892,0.4483207334028896,-0.8938364711030894,-0.008054993919335562,0.0,0.0,0.25132741228718347
23.963963963963963,0.45841095925484604,-0.8887038367802743,-0.008054993919335562,0.0,0.0,0.25132741228718347
24.00900900900901,0.4684424329081322,-0.8834573018114903,-0.008054993919335562,0.0,0.0,0.25132741228718347
24.054054054054053,0.47841386867984326,-0.8780975386184127,-0.008054993919335562,0.0,0.0,0.25132741228718347
24.0990990990991,0.48832398858182685,-0.8726252341346,-0.008054993919335562,0.0,0.0,0.25132741228718347
24.144144144144143,0.4981715224844704,-0.8670410897174565,-0.008054993919335562,0.0,0.0,0.25132741228718347
24.18918918918919,0.5079552082794934,-0.8613458210583402,-0.008054993919335562,0.0,0.0,0.25132741228718347
24.234234234234233,0.5176737920416994,-0.8555401580908388,-0.008054993919335562,0.0,0.0,0.25132741228718347
24.27927927927928,0.52732602818969,-0.8496248448972146,-0.008054993919335562,0.0,0.0,0.25132741228718347
24.324324324324323,0.5369106796455013,-0.8436006396130428,-0.008054993919335562,0.0,0.0,0.25132741228718347
24.36936936936937,0.5464265179931578,-0.8374683143300422,-0.008054993919335562,0.0,0.0,0.25132741228718347
24.414414414414413,0.555872323636105,-0.8312286549971231,-0.008054993919335562,0.0,0.0,0.25132741228718347
24.45945945945946,0.565246885953529,-0.8248824613196513,-0.008054993919335562,0.0,0.0,0.25132741228718347
24.504504504504503,0.5745490034555057,-0.8184305466569607,-0.008054993919335562,0.0,0.0,0.25132741228718347
24.54954954954955,0.5837774839369982,-0.8118737379181035,-0.008054993919335562,0.0,0.0,0.25132741228718347
24.594594594594593,0.5929311446306487,-0.8052128754558725,-0.008054993919335562,0.0,0.0,0.25132741228718347
24.63963963963964,0.602008812358372,-0.7984488129590953,-0.008054993919335562,0.0,0.0,0.25132741228718347
24.684684684684683,0.6110093236817122,-0.7915824173432241,-0.008054993919335562,0.0,0.0,0.25132741228718347
24.72972972972973,0.6199315250509604,-0.7846145686392242,-0.008054993919335562,0.0,0.0,0.25132741228718347
24.774774774774773,0.6199618890905461,-0.7775657565980041,-0.10506545693719027,0.0,6.283185307179586,0.25132741228718347
24.81981981981982,0.5746026812377584,-0.7707583156518251,-0.27525148059166904,0.0,6.283185307179586,0.25132741228718347
24.864864864864863,0.4834493118411626,-0.7647288161674298,-0.4259889677015498,0.0,6.283185307179586,0.25132741228718347
24.90990990990991,0.3537664391763015,-0.7599577917072816,-0.5452645792052475,0.0,6.283185307179586,0.25132741228718347
24.954954954954953,0.19588941080455252,-0.7568254790367008,-0.6235723959697674,0.0,6.283185307179586,0.25132741228718347
25.0,0.02240056644929723,-0.755581514360191,-0.6546715128825087,0.0,6.283185307179586,0.25132741228718347
25.045045045045043,-0.1528735378640816,-0.7563250380424095,-0.6360834208270386,0.0,6.283185307179586,0.25132741228718347
25.09009009009009,-0.315964066086875,-0.7589967934096118,-0.5692895366469822,0.0,6.283185307179586,0.25132741228718347
25.135135135135133,-0.4538731777293268,-0.7633838493341043,-0.4596131385346676,0.0,6.283185307179586,0.25132741228718347
25.18018018018018,-0.5556099179227579,-0.7691365702254739,-0.31579511625042495,0.0,6.283185307179586,0.25132741228718347
25.225225225225223,-0.6130661645377484,-0.775796480969667,-0.1492973476456102,0.0,6.283185307179586,0.25132741228718347
25.27027027027027,-0.6199969218896673,-0.7828242665828271,-0.05282030382680514,0.0,0.0,0.25132741228718347
25.315315315315313,-0.6110949840040295,-0.7897929703591435,-0.05282030382680514,0.0,0.0,0.25132741228718347
25.36036036036036,-0.6021147251856503,-0.796660450391641,-0.05282030382680514,0.0,0.0,0.25132741228718347
25.405405405405403,-0.5930572963885823,-0.8034258265103682,-0.05282030382680514,0.0,0.0,0.25132741228718347
25.45045045045045,-0.5839238584573571,-0.8100882316315152,-0.05282030382680514,0.0,0.0,0.25132741228718347
25.495495495495494,-0.5747155819782135,-0.8166468118685373,-0.05282030382680514,0.0,0.0,0.25132741228718347
25.54054054054054,-0.5654336471290629,-0.8231007266415997,-0.05282030382680514,0.0,0.0,0.25132741228718347
25.585585585585584,-0.5560792435282378,-0.8294491487853042,-0.05282030382680514,0.0,0.0,0.25132741228718347
25.63063063063063,-0.5466535700820185,-0.8356912646547088,-0.05282030382680514,0.0,0.0,0.25132741228718347
25.675675675675674,-0.5371578348309823,-0.8418262742296027,-0.05282030382680514,0.0,0.0,0.25132741228718347
25.72072072072072,-0.5275932547951673,-0.8478533912170448,-0.05282030382680514,0.0,0.0,0.25132741228718347
25.765765765765764,-0.5179610558181014,-0.8537718431521382,-0.05282030382680514,0.0,0.0,0.25132741228718347
25.81081081081081,-0.5082624724096836,-0.8595808714970319,-0.05282030382680514,0.0,0.0,0.25132741228718347
25.855855855855854,-0.4984987475879705,-0.8652797317381389,-0.05282030382680514,0.0,0.0,0.25132741228718347
25.9009009009009,-0.4886711327198599,-0.8708676934815588,-0.05282030382680514,0.0,0.0,0.25132741228718347
25.945945945945944,-0.47878088736071434,-0.8763440405466841,-0.05282030382680514,0.0,0.0,0.25132741228718347
25.99099099099099,-0.4688292790929241,-0.8817080710579952,-0.05282030382680514,0.0,0.0,0.25132741228718347
26.036036036036034,-0.4588175833634541,-0.8869590975350112,-0.05282030382680514,0.0,0.0,0.25132741228718347
26.08108108108108,-0.4487470833203708,-0.8920964469804046,-0.05282030382680514,0.0,0.0,0.25132741228718347
26.126126126126124,-0.4386190696483924,-0.8971194609662526,-0.05282030382680514,0.0,0.0,0.25132741228718347
26.17117117117117,-0.42843484040346386,-0.9020274957184284,-0.05282030382680514,0.0,0.0,0.25132741228718347
26.216216216216214,-0.41819570084639635,-0.9068199221991056,-0.05282030382680514,0.0,0.0,0.25132741228718347
26.26126126126126,-0.40790296327557285,-0.9114961261873838,-0.05282030382680514,0.0,0.0,0.25132741228718347
26.306306306306304,-0.397557946858765,-0.9160555083580056,-0.05282030382680514,0.0,0.0,0.25132741228718347
26.35135135135135,-0.387161977464054,-0.9204974843581729,-0.05282030382680514,0.0,0.0,0.25132741228718347
26.396396396396394,-0.37671638748990827,-0.9248214848824367,-0.05282030382680514,0.0,0.0,0.25132741228718347
26.44144144144144,-0.36622251569440994,-0.9290269557456663,-0.05282030382680514,0.0,0.0,0.25132741228718347
26.486486486486484,-0.35568170702367957,-0.933113357954072,-0.05282030382680514,0.0,0.0,0.25132741228718347
26.53153153153153,-0.3450953124394948,-0.9370801677742895,-0.05282030382680514,0.0,0.0,0.25132741228718347
26.576576576576574,-0.3344646887461514,-0.9409268768004995,-0.05282030382680514,0.0,0.0,0.25132741228718347
26.62162162162162,-0.32379119841656073,-0.9446529920195934,-0.05282030382680514,0.0,0.0,0.25132741228718347
26.666666666666664,-0.31307620941763664,-0.9482580358743535,-0.05282030382680514,0.0,0.0,0.25132741228718347
26.71171171171171,-0.30232109503496274,-0.9517415463246647,-0.05282030382680514,0.0,0.0,0.25132741228718347
26.756756756756754,-0.2915272336967918,-0.9551030769067277,-0.05282030382680514,0.0,0.0,0.25132741228718347
26.8018018018018,-0.28069600879737344,-0.958342196790284,-0.05282030382680514,0.0,0.0,0.25132741228718347
26.846846846846844,-0.26982880851965824,-0.9614584908338292,-0.05282030382680514,0.0,0.0,0.25132741228718347
26.89189189189189,-0.258927025657374,-0.9644515596378225,-0.05282030382680514,0.0,0.0,0.25132741228718347
26.936936936936934,-0.2479920574365265,-0.967321019595874,-0.05282030382680514,0.0,0.0,0.25132741228718347
26.98198198198198,-0.23702530533631558,-0.9700665029439112,-0.05282030382680514,0.0,0.0,0.25132741228718347
27.027027027027025,-0.2260281749095232,-0.9726876578073111,-0.05282030382680514,0.0,0.0,0.25132741228718347
27.07207207207207,-0.21500207560236306,-0.9751841482460009,-0.05282030382680514,0.0,0.0,0.25132741228718347
27.117117117117115,-0.20394842057384618,-0.9775556542975116,-0.05282030382680514,0.0,0.0,0.25132741228718347
27.16216216216216,-0.19286862651465664,-0.9798018720179872,-0.05282030382680514,0.0,0.0,0.25132741228718347
27.207207207207205,-0.1817641134655888,-0.9819225135211388,-0.05282030382680514,0.0,0.0,0.25132741228718347
27.25225225225225,-0.17063630463554008,-0.9839173070151418,-0.05282030382680514,0.0,0.0,0.25132741228718347
27.297297297297295,-0.15948662621911341,-0.9857859968374707,-0.05282030382680514,0.0,0.0,0.25132741228718347
27.34234234234234,-0.14831650721382164,-0.987528343487666,-0.05282030382680514,0.0,0.0,0.25132741228718347
27.387387387387385,-0.13712737923694732,-0.9891441236580275,-0.05282030382680514,0.0,0.0,0.25132741228718347
27.43243243243243,-0.12592067634205253,-0.9906331302622386,-0.05282030382680514,0.0,0.0,0.25132741228718347
27.477477477477475,-0.11469783483519073,-0.9919951724619029,-0.05282030382680514,0.0,0.0,0.25132741228718347
27.52252252252252,-0.10346029309081552,-0.9932300756910073,-0.05282030382680514,0.0,0.0,0.25132741228718347
27.567567567567565,-0.09220949136743871,-0.9943376816782916,-0.05282030382680514,0.0,0.0,0.25132741228718347
27.61261261261261,-0.0809468716230325,-0.9953178484675362,-0.05282030382680514,0.0,0.0,0.25132741228718347
27.657657657657655,-0.06967387733022817,-0.9961704504357546,-0.05282030382680514,0.0,0.0,0.25132741228718347
27.7027027027027,-0.0583919532913067,-0.9968953783092931,-0.05282030382680514,0.0,0.0,0.25132741228718347
27.747747747747745,-0.04710254545303247,-0.9974925391778366,-0.05282030382680514,0.0,0.0,0.25132741228718347
27.792792792792792,-0.035807100721326875,-0.9979618565063175,-0.05282030382680514,0.0,0.0,0.25132741228718347
27.837837837837835,-0.024507066775832823,-0.9983032701447228,-0.05282030382680514,0.0,0.0,0.25132741228718347
27.882882882882882,-0.013203891884365729,-0.9985167363358056,-0.05282030382680514,0.0,0.0,0.25132741228718347
27.927927927927925,-0.0018990247173036763,-0.9986022277206902,-0.05282030382680514,0.0,0.0,0.25132741228718347
27.972972972972972,0.009406085838088494,-0.9985597333423812,-0.05282030382680514,0.0,0.0,0.25132741228718347
28.018018018018015,0.020709990863348522,-0.9983892586471677,-0.05282030382680514,0.0,0.0,0.25132741228718347
28.063063063063062,0.03201124159452436,-0.9980908254839224,-0.05282030382680514,0.0,0.0,0.25132741228718347
28.108108108108105,0.04330838960784782,-0.9976644721013048,-0.05282030382680514,0.0,0.0,0.25132741228718347
28.153153153153152,0.05459998700537863,-0.9971102531428568,-0.05282030382680514,0.0,0.0,0.25132741228718347
28.198198198198195,0.06588458660056717,-0.9964282396400009,-0.05282030382680514,0.0,0.0,0.25132741228718347
28.243243243243242,0.0771607421037401,-0.9956185190029356,-0.05282030382680514,0.0,0.0,0.25132741228718347
28.288288288288285,0.08842700830745687,-0.9946811950094318,-0.05282030382680514,0.0,0.0,0.25132741228718347
28.333333333333332,0.09968194127174139,-0.9936163877915336,-0.05282030382680514,0.0,0.0,0.25132741228718347
28.378378378378375,0.11092409850913795,-0.9924242338201611,-0.05282030382680514,0.0,0.0,0.25132741228718347
28.423423423423422,0.12215203916959394,-0.991104885887618,-0.05282030382680514,0.0,0.0,0.25132741228718347
28.468468468468465,0.1333643242251198,-0.9896585130880124,-0.05282030382680514,0.0,0.0,0.25132741228718347
28.513513513513512,0.14455951665422842,-0.9880853007955821,-0.05282030382680514,0.0,0.0,0.25132741228718347
28.558558558558556,0.15573618162610417,-0.9863854506409352,-0.05282030382680514,0.0,0.0,0.25132741228718347
28.603603603603602,0.16689288668450486,-0.9845591804852125,-0.05282030382680514,0.0,0.0,0.25132741228718347
28.648648648648646,0.17802820193134514,-0.982606724392161,-0.05282030382680514,0.0,0.0,0.25132741228718347
28.693693693693692,0.1891407002099665,-0.9805283325981377,-0.05282030382680514,0.0,0.0,0.25132741228718347
28.738738738738736,0.20022895728804155,-0.9783242714800362,-0.05282030382680514,0.0,0.0,0.25132741228718347
28.783783783783782,0.2112915520401177,-0.9759948235211485,-0.05282030382680514,0.0,0.0,0.25132741228718347
28.828828828828826,0.22232706662974833,-0.97354028727496,-0.05282030382680514,0.0,0.0,0.25132741228718347
28.873873873873872,0.23333408669121716,-0.970960977326883,-0.05282030382680514,0.0,0.0,0.25132741228718347
28.91891891891892,0.24431120151080374,-0.9682572242539417,-0.05282030382680514,0.0,0.0,0.25132741228718347
28.963963963963963,0.25525700420759,-0.9654293745824013,-0.05282030382680514,0.0,0.0,0.25132741228718347
29.00900900900901,0.2661700919137765,-0.9624777907433565,-0.05282030382680514,0.0,0.0,0.25132741228718347
29.054054054054053,0.27704906595447343,-0.9594028510262799,-0.05282030382680514,0.0,0.0,0.25132741228718347
29.0990990990991,0.2878925320269692,-0.9562049495305392,-0.05282030382680514,0.0,0.0,0.25132741228718347
29.144144144144143,0.29869910037942476,-0.9528844961148872,-0.05282030382680514,0.0,0.0,0.25132741228718347
29.18918918918919,0.30946738598899703,-0.9494419163449324,-0.05282030382680514,0.0,0.0,0.25132741228718347
29.234234234234233,0.3201960087393441,-0.945877651438596,-0.05282030382680514,0.0,0.0,0.25132741228718347
29.27927927927928,0.33088359359751396,-0.9421921582095637,-0.05282030382680514,0.0,0.0,0.25132741228718347
29.324324324324323,0.34152877079016913,-0.9383859090087389,-0.05282030382680514,0.0,0.0,0.25132741228718347
29.36936936936937,0.35213017597914964,-0.9344593916637012,-0.05282030382680514,0.0,0.0,0.25132741228718347
29.414414414414413,0.36268645043632747,-0.9304131094161876,-0.05282030382680514,0.0,0.0,0.25132741228718347
29.45945945945946,0.3731962412177536,-0.9262475808575916,-0.05282030382680514,0.0,0.0,0.25132741228718347
29.504504504504503,0.3836582013370523,-0.9219633398625012,-0.05282030382680514,0.0,0.0,0.25132741228718347
29.54954954954955,0.39407098993806317,-0.9175609355202714,-0.05282030382680514,0.0,0.0,0.25132741228718347
29.594594594594593,0.4044332724666856,-0.9130409320646521,-0.05282030382680514,0.0,0.0,0.25132741228718347
29.63963963963964,0.41474372084192884,-0.908403908801472,-0.05282030382680514,0.0,0.0,0.25132741228718347
29.684684684684683,0.42500101362611814,-0.9036504600343948,-0.05282030382680514,0.0,0.0,0.25132741228718347
29.72972972972973,0.43520383619426306,-0.8987811949887459,-0.05282030382680514,0.0,0.0,0.25132741228718347
29.774774774774773,0.4453508809025408,-0.8937967377334355,-0.05282030382680514,0.0,0.0,0.25132741228718347
29.81981981981982,0.4554408472558961,-0.8886977271009711,-0.05282030382680514,0.0,0.0,0.25132741228718347
29.864864864864863,0.46547244207471233,-0.883484816605585,-0.05282030382680514,0.0,0.0,0.25132741228718347
29.90990990990991,0.47544437966055864,-0.8781586743594731,-0.05282030382680514,0.0,0.0,0.25132741228718347
29.954954954954953,0.48535538196096417,-0.8727199829871705,-0.05282030382680514,0.0,0.0,0.25132741228718347
30.0,0.49520417873322736,-0.8671694395380584,-0.05282030382680514,0.0,0.0,0.25132741228718347
30.045045045045043,0.5049895077072091,-0.8615077553970311,-0.05282030382680514,0.0,0.0,0.25132741228718347
30.09009009009009,0.5147101147471178,-0.8557356561933186,-0.05282030382680514,0.0,0.0,0.25132741228718347
30.135135135135133,0.5243647540122395,-0.8498538817074877,-0.05282030382680514,0.0,0.0,0.25132741228718347
30.18018018018018,0.5339521881166174,-0.8438631857766266,-0.05282030382680514,0.0,0.0,0.25132741228718347
30.225225225225223,0.5434711882876347,-0.8377643361977323,-0.05282030382680514,0.0,0.0,0.25132741228718347
30.27027027027027,0.5417559372094427,-0.8315827928280304,-0.12235425276878897,0.0,6.283185307179586,0.25132741228718347
30.315315315315313,0.49528849263387864,-0.8256730087191804,-0.2700988554900483,0.0,6.283185307179586,0.25132741228718347
30.36036036036036,0.4093479965340639,-0.8205177750627216,-0.39897969690151647,0.0,6.283185307179586,0.25132741228718347
30.405405405405403,0.2907836563537929,-0.8165279489788335,-0.49872534899872056,0.0,6.283185307179586,0.25132741228718347
30.45045045045045,0.1490447049714172,-0.8140215079956113,-0.5613863735792761,0.0,6.283185307179586,0.25132741228718347
30.495495495495494,-0.0045726756622836906,-0.8131982081654263,-0.5819688693339049,0.0,6.283185307179586,0.25132741228718347
30.54054054054054,-0.15782562735265213,-0.8141236640888593,-0.5588324712480719,0.0,6.283185307179586,0.25132741228718347
30.585585585585584,-0.2985003358312435,-0.8167241196219821,-0.4938210829200063,0.0,6.283185307179586,0.25132741228718347
30.63063063063063,-0.41538543620970003,-0.8207923260263885,-0.39211592280985286,0.0,6.283185307179586,0.25132741228718347
30.675675675675674,-0.4991655261350851,-0.826004059090531,-0.26182259620629517,0.0,6.283185307179586,0.25132741228718347
30.72072072072072,-0.5431635762487355,-0.831943958855858,-0.11332510207310398,0.0,6.283185307179586,0.25132741228718347
30.765765765765764,-0.5453097519887588,-0.8381397072637049,-0.012613702621452227,0.0,0.0,0.25132741228718347
30.81081081081081,-0.5357863844925055,-0.8442593468233441,-0.012613702621452227,0.0,0.0,0.25132741228718347
30.855855855855854,-0.5261943479832821,-0.8502707819610048,-0.012613702621452227,0.0,0.0,0.25132741228718347
30.9009009009009,-0.5165348718235693,-0.8561732422216536,-0.012613702621452227,0.0,0.0,0.25132741228718347
30.945945945945944,-0.506809194019248,-0.8619659711170095,-0.012613702621452227,0.0,0.0,0.25132741228718347
30.99099099099099,-0.497018561060922,-0.8676482262225051,-0.012613702621452227,0.0,0.0,0.25132741228718347
31.036036036036034,-0.487164227764171,-0.8732192792724334,-0.012613702621452227,0.0,0.0,0.25132741228718347
31.08108108108108,-0.47724745710871913,-0.87867841625329,-0.012613702621452227,0.0,0.0,0.25132741228718347
31.126126126126124,-0.4672695200765722,-0.884024937495283,-0.012613702621452227,0.0,0.0,0.25132741228718347
31.17117117117117,-0.4572316954891157,-0.8892581577620065,-0.012613702621452227,0.0,0.0,0.25132741228718347
31.216216216216214,-0.4471352698432216,-0.8943774063382633,-0.012613702621452227,0.0,0.0,0.25132741228718347
31.26126126126126,-0.4369815371463579,-0.8993820271160283,-0.012613702621452227,0.0,0.0,0.25132741228718347
31.306306306306304,-0.42677179875074894,-0.904271378678536,-0.012613702621452227,0.0,0.0,0.25132741228718347
31.35135135135135,-0.4165073631865806,-0.9090448343824917,-0.012613702621452227,0.0,0.0,0.25132741228718347
31.396396396396394,-0.4061895459943001,-0.913701782438381,-0.012613702621452227,0.0,0.0,0.25132741228718347
31.44144144144144,-0.39581966955600256,-0.9182416259888827,-0.012613702621452227,0.0,0.0,0.25132741228718347
31.486486486486484,-0.385399062925955,-0.9226637831853627,-0.012613702621452227,0.0,0.0,0.25132741228718347
31.53153153153153,-0.3749290616602517,-0.9269676872624489,-0.012613702621452227,0.0,0.0,0.25132741228718347
31.576576576576574,-0.3644110076456487,-0.9311527866106687,-0.012613702621452227,0.0,0.0,0.25132741228718347
31.62162162162162,-0.35384624892757566,-0.9352185448471472,-0.012613702621452227,0.0,0.0,0.25132741228718347
31.666666666666664,-0.343236139537369,-0.9391644408843506,-0.012613702621452227,0.0,0.0,0.25132741228718347
31.71171171171171,-0.33258203931872676,-0.9429899689968756,-0.012613702621452227,0.0,0.0,0.25132741228718347
31.756756756756754,-0.3218853137534307,-0.9466946388862605,-0.012613702621452227,0.0,0.0,0.25132741228718347
31.8018018018018,-0.3111473337863332,-0.9502779757438284,-0.012613702621452227,0.0,0.0,0.25132741228718347
31.846846846846844,-0.3003694756496562,-0.953739520311538,-0.012613702621452227,0.0,0.0,0.25132741228718347
31.89189189189189,-0.2895531206866008,-0.9570788289408467,-0.012613702621452227,0.0,0.0,0.25132741228718347
31.936936936936934,-0.27869965517431317,-0.9602954736495688,-0.012613702621452227,0.0,0.0,0.25132741228718347
31.98198198198198,-0.2678104701462064,-0.9633890421767309,-0.012613702621452227,0.0,0.0,0.25132741228718347
32.027027027027025,-0.25688696121368537,-0.9663591380354041,-0.012613702621452227,0.0,0.0,0.25132741228718347
32.07207207207207,-0.2459305283872731,-0.9692053805635248,-0.012613702621452227,0.0,0.0,0.25132741228718347
32.11711711711712,-0.2349425758971787,-0.9719274049726803,-0.012613702621452227,0.0,0.0,0.25132741228718347
32.16216216216216,-0.22392451201333172,-0.9745248623948604,-0.012613702621452227,0.0,0.0,0.25132741228718347
32.207207207207205,-0.21287774886488048,-0.9769974199271719,-0.012613702621452227,0.0,0.0,0.25132741228718347
32.25225225225225,-0.20180370225921374,-0.9793447606745057,-0.012613702621452227,0.0,0.0,0.25132741228718347
32.2972972972973,-0.19070379150050024,-0.9815665837901493,-0.012613702621452227,0.0,0.0,0.25132741228718347
32.34234234234234,-0.17957943920779076,-0.9836626045143455,-0.012613702621452227,0.0,0.0,0.25132741228718347
32.387387387387385,-0.1684320711326778,-0.9856325542107904,-0.012613702621452227,0.0,0.0,0.25132741228718347
32.43243243243243,-0.1572631159765713,-0.9874761804010613,-0.012613702621452227,0.0,0.0,0.25132741228718347
32.47747747747748,-0.14607400520758568,-0.9891932467969768,-0.012613702621452227,0.0,0.0,0.25132741228718347
32.52252252252252,-0.13486617287708277,-0.9907835333308782,-0.012613702621452227,0.0,0.0,0.25132741228718347
32.567567567567565,-0.1236410554358668,-0.9922468361838376,-0.012613702621452227,0.0,0.0,0.25132741228718347
32.61261261261261,-0.11240009155008784,-0.9935829678117789,-0.012613702621452227,0.0,0.0,0.25132741228718347
32.65765765765766,-0.10114472191685264,-0.9947917569695143,-0.012613702621452227,0.0,0.0,0.25132741228718347
32.7027027027027,-0.08987638907958442,-0.9958730487326913,-0.012613702621452227,0.0,0.0,0.25132741228718347
32.747747747747745,-0.07859653724312908,-0.9968267045176505,-0.012613702621452227,0.0,0.0,0.25132741228718347
32.79279279279279,-0.06730661208866566,-0.9976526020991854,-0.012613702621452227,0.0,0.0,0.25132741228718347
32.83783783783784,-0.05600806058841736,-0.998350635626208,-0.012613702621452227,0.0,0.0,0.25132741228718347
32.88288288288288,-0.044702330820207456,-0.998920715635315,-0.012613702621452227,0.0,0.0,0.25132741228718347
32.927927927927925,-0.03339087178185601,-0.9993627690622545,-0.012613702621452227,0.0,0.0,0.25132741228718347
32.97297297297297,-0.022075133205476265,-0.9996767392512889,-0.012613702621452227,0.0,0.0,0.25132741228718347
33.01801801801802,-0.010756565371666223,-0.9998625859624583,-0.012613702621452227,0.0,0.0,0.25132741228718347
33.06306306306306,0.000563381076359195,-0.9999202853767354,-0.012613702621452227,0.0,0.0,0.25132741228718347
33.108108108108105,0.01188325531870048,-0.99984983009908,-0.012613702621452227,0.0,0.0,0.25132741228718347
33.15315315315315,0.02320160654471057,-0.9996512291593865,-0.012613702621452227,0.0,0.0,0.25132741228718347
33.1981981981982,0.03451698413894145,-0.999324508011327,-0.012613702621452227,0.0,0.0,0.25132741228718347
33.24324324324324,0.045827937867054934,-0.9988697085290864,-0.012613702621452227,0.0,0.0,0.25132741228718347
33.288288288288285,0.05713301806170268,-0.998286889001999,-0.012613702621452227,0.0,0.0,0.25132741228718347
33.33333333333333,0.06843077580831536,-0.9975761241270766,-0.012613702621452227,0.0,0.0,0.25132741228718347
33.37837837837838,0.0797197631308064,-0.9967375049994341,-0.012613702621452227,0.0,0.0,0.25132741228718347
33.42342342342342,0.09099853317714442,-0.9957711391006154,-0.012613702621452227,0.0,0.0,0.25132741228718347
33.468468468468465,0.10226564040479957,-0.9946771502848174,-0.012613702621452227,0.0,0.0,0.25132741228718347
33.51351351351351,0.11351964076600453,-0.9934556787630167,-0.012613702621452227,0.0,0.0,0.25132741228718347
33.55855855855856,0.12475909189283386,-0.9921068810849992,-0.012613702621452227,0.0,0.0,0.25132741228718347
33.6036036036036,0.13598255328205824,-0.990630930119296,-0.012613702621452227,0.0,0.0,0.25132741228718347
33.648648648648646,0.14718858647977687,-0.9890280150310277,-0.012613702621452227,0.0,0.0,0.25132741228718347
33.69369369369369,0.1583757552657698,-0.9872983412576598,-0.012613702621452227,0.0,0.0,0.25132741228718347
33.73873873873874,0.1695426258375743,-0.9854421304826736,-0.012613702621452227,0.0,0.0,0.25132741228718347
33.78378378378378,0.18068776699424127,-0.9834596206071529,-0.012613702621452227,0.0,0.0,0.25132741228718347
33.828828828828826,0.19180975031977543,-0.9813510657192946,-0.012613702621452227,0.0,0.0,0.25132741228718347
33.87387387387387,0.20290715036620094,-0.9791167360618435,-0.012613702621452227,0.0,0.0,0.25132741228718347
33.91891891891892,0.2139785448362575,-0.9767569179974556,-0.012613702621452227,0.0,0.0,0.25132741228718347
33.96396396396396,0.2250225147656817,-0.9742719139719973,-0.012613702621452227,0.0,0.0,0.25132741228718347
34.009009009009006,0.2360376447050794,-0.9716620424757825,-0.012613702621452227,0.0,0.0,0.25132741228718347
34.05405405405405,0.2470225229013292,-0.9689276380027522,-0.012613702621452227,0.0,0.0,0.25132741228718347
34.0990990990991,0.25797574147852326,-0.9660690510076052,-0.012613702621452227,0.0,0.0,0.25132741228718347
34.14414414414414,0.268895896618401,-0.9630866478608846,-0.012613702621452227,0.0,0.0,0.25132741228718347
34.189189189189186,0.2797815887402793,-0.9599808108020152,-0.012613702621452227,0.0,0.0,0.25132741228718347
34.23423423423423,0.2906314226804229,-0.9567519378903196,-0.012613702621452227,0.0,0.0,0.25132741228718347
34.27927927927928,0.3014440078708586,-0.9534004429539995,-0.012613702621452227,0.0,0.0,0.25132741228718347
34.32432432432432,0.3122179585175912,-0.9499267555370977,-0.012613702621452227,0.0,0.0,0.25132741228718347
34.369369369369366,0.32295189377822286,-0.9463313208444433,-0.012613702621452227,0.0,0.0,0.25132741228718347
34.41441441441441,0.3336444379389224,-0.9426145996845955,-0.012613702621452227,0.0,0.0,0.25132741228718347
34.45945945945946,0.34429422059074694,-0.9387770684107807,-0.012613702621452227,0.0,0.0,0.25132741228718347
34.5045045045045,0.35489987680527363,-0.9348192188598452,-0.012613702621452227,0.0,0.0,0.25132741228718347
34.549549549549546,0.36546004730954534,-0.9307415582892142,-0.012613702621452227,0.0,0.0,0.25132741228718347
34.5945945945946,0.3759733786602767,-0.9265446093118811,-0.012613702621452227,0.0,0.0,0.25132741228718347
34.63963963963964,0.3864385234173136,-0.9222289098294288,-0.012613702621452227,0.0,0.0,0.25132741228718347
34.68468468468468,0.39685414031633626,-0.9177950129630869,-0.012613702621452227,0.0,0.0,0.25132741228718347
34.729729729729726,0.40721889444075793,-0.9132434869828405,-0.012613702621452227,0.0,0.0,0.25132741228718347
34.77477477477478,0.4175314573928155,-0.9085749152346007,-0.012613702621452227,0.0,0.0,0.25132741228718347
34.81981981981982,0.42779050746381836,-0.9037898960654407,-0.012613702621452227,0.0,0.0,0.25132741228718347
34.86486486486486,0.4379947298035535,-0.8988890427469027,-0.012613702621452227,0.0,0.0,0.25132741228718347
34.909909909909906,0.4481428165887981,-0.893872983396405,-0.012613702621452227,0.0,0.0,0.25132741228718347
34.95495495495496,0.458233467190939,-0.8887423608967343,-0.012613702621452227,0.0,0.0,0.25132741228718347
35.0,0.46826538834266135,-0.8834978328136561,-0.012613702621452227,0.0,0.0,0.25132741228718347
35.04504504504504,0.4782372943037097,-0.8781400713116316,-0.012613702621452227,0.0,0.0,0.25132741228718347
35.09009009009009,0.4881479070256689,-0.8726697630676736,-0.012613702621452227,0.0,0.0,0.25132741228718347
35.13513513513514,0.4979959563157667,-0.8670876091833369,-0.012613702621452227,0.0,0.0,0.25132741228718347
35.18018018018018,0.5077801799996637,-0.8613943250948662,-0.012613702621452227,0.0,0.0,0.25132741228718347
35.22522522522522,0.5174993240832282,-0.855590640481494,-0.012613702621452227,0.0,0.0,0.25132741228718347
35.27027027027027,0.5271521429132466,-0.8496772991719285,-0.012613702621452227,0.0,0.0,0.25132741228718347
35.31531531531532,0.5367373993370781,-0.8436550590490173,-0.012613702621452227,0.0,0.0,0.25132741228718347
35.36036036036036,0.5462538648612073,-0.8375246919526164,-0.012613702621452227,0.0,0.0,0.25132741228718347
35.4054054054054,0.5557003198087012,-0.831286983580663,-0.012613702621452227,0.0,0.0,0.25132741228718347
35.45045045045045,0.5650755534755262,-0.8249427333884817,-0.012613702621452227,0.0,0.0,0.25132741228718347
35.4954954954955,0.5743783642857174,-0.8184927544863148,-0.012613702621452227,0.0,0.0,0.25132741228718347
35.54054054054054,0.5836075599453756,-0.8119378735351217,-0.012613702621452227,0.0,0.0,0.25132741228718347
35.585585585585584,0.5927619575954848,-0.8052789306406192,-0.012613702621452227,0.0,0.0,0.25132741228718347
35.63063063063063,0.6018403839635068,-0.7985167792456143,-0.012613702621452227,0.0,0.0,0.25132741228718347
35.67567567567568,0.6108416755137582,-0.7916522860206205,-0.012613702621452227,0.0,0.0,0.25132741228718347
35.72072072072072,0.6197646785965278,-0.7846863307527872,-0.012613702621452227,0.0,0.0,0.25132741228718347
35.765765765765764,0.6242892161519333,-0.7776263362705391,-0.07456712234500834,0.0,6.283185307179586,0.25132741228718347
35.81081081081081,0.5872751172466727,-0.770722019118524,-0.24717505114538657,0.0,6.283185307179586,0.25132741228718347
35.85585585585586,0.5034569005257221,-0.7645062866386527,-0.402568363142166,0.0,6.283185307179586,0.25132741228718347
35.9009009009009,0.3795146339424366,-0.7594745146211747,-0.5283626635791182,0.0,6.283185307179586,0.25132741228718347
35.945945945945944,0.22532615545919624,-0.7560277206529258,-0.6145325127853449,0.0,6.283185307179586,0.25132741228718347
35.99099099099099,0.053179838107337375,-0.7544406041826626,-0.6542104245419254,0.0,6.283185307179586,0.25132741228718347
36.03603603603604,-0.12320475758309571,-0.754839653774399,-0.6442341847485162,0.0,6.283185307179586,0.25132741228718347
36.08108108108108,-0.28977029263220233,-0.7571930663369469,-0.5853988706848068,0.0,6.283185307179586,0.25132741228718347
36.126126126126124,-0.43324197861883745,-0.7613132817377357,-0.4823934856650741,0.0,6.283185307179586,0.25132741228718347
36.17117117117117,-0.5421855396867141,-0.7668719307995585,-0.34342725911949495,0.0,6.283185307179586,0.25132741228718347
36.21621621621622,-0.6079184910553062,-0.7734260053684099,-0.17957539489821156,0.0,6.283185307179586,0.25132741228718347
36.26126126126126,-0.6233604167604709,-0.7804498197017146,-0.04816502614675944,0.0,0.0,0.25132741228718347
36.306306306306304,-0.614485144002422,-0.7874567531341318,-0.04816502614675944,0.0,0.0,0.25132741228718347
36.35135135135135,-0.6055311158120877,-0.7943627622437965,-0.04816502614675944,0.0,0.0,0.25132741228718347
36.3963963963964,-0.5964994797816701,-0.8011669619226846,-0.04816502614675944,0.0,0.0,0.25132741228718347
36.44144144144144,-0.587391393449977,-0.8078684801111632,-0.04816502614675944,0.0,0.0,0.25132741228718347
36.486486486486484,-0.5782080241540597,-0.8144664579097685,-0.04816502614675944,0.0,0.0,0.25132741228718347
36.53153153153153,-0.5689505488796037,-0.8209600496892786,-0.04816502614675944,0.0,0.0,0.25132741228718347
36.57657657657658,-0.55962015411008,-0.8273484231990992,-0.04816502614675944,0.0,0.0,0.25132741228718347
36.62162162162162,-0.5502180356746844,-0.8336307596739202,-0.04816502614675944,0.0,0.0,0.25132741228718347
36.666666666666664,-0.5407453985950633,-0.8398062539386634,-0.04816502614675944,0.0,0.0,0.25132741228718347
36.71171171171171,-0.531203456930883,-0.8458741145116714,-0.04816502614675944,0.0,0.0,0.25132741228718347
36.75675675675676,-0.5215934336242225,-0.8518335637061492,-0.04816502614675944,0.0,0.0,0.25132741228718347
36.8018018018018,-0.5119165603428429,-0.8576838377298344,-0.04816502614675944,0.0,0.0,0.25132741228718347
36.846846846846844,-0.5021740773223222,-0.8634241867828929,-0.04816502614675944,0.0,0.0,0.25132741228718347
36.89189189189189,-0.49236723320710524,-0.8690538751540122,-0.04816502614675944,0.0,0.0,0.25132741228718347
36.93693693693694,-0.4824972848904699,-0.8745721813146989,-0.04816502614675944,0.0,0.0,0.25132741228718347
36.98198198198198,-0.4725654973534427,-0.8799783980117463,-0.04816502614675944,0.0,0.0,0.25132741228718347
37.027027027027025,-0.4625731435026634,-0.885271832357887,-0.04816502614675944,0.0,0.0,0.25132741228718347
37.07207207207207,-0.4525215040072495,-0.8904518059205918,-0.04816502614675944,0.0,0.0,0.25132741228718347
37.11711711711712,-0.4424118671346561,-0.8955176548090236,-0.04816502614675944,0.0,0.0,0.25132741228718347
37.16216216216216,-0.43224552858557175,-0.9004687297591217,-0.04816502614675944,0.0,0.0,0.25132741228718347
37.207207207207205,-0.42202379132784523,-0.9053043962168185,-0.04816502614675944,0.0,0.0,0.25132741228718347
37.25225225225225,-0.4117479654294974,-0.9100240344193642,-0.04816502614675944,0.0,0.0,0.25132741228718347
37.2972972972973,-0.4014193678908132,-0.9146270394747612,-0.04816502614675944,0.0,0.0,0.25132741228718347
37.34234234234234,-0.3910393224755548,-0.9191128214392865,-0.04816502614675944,0.0,0.0,0.25132741228718347
37.387387387387385,-0.3806091595412921,-0.9234808053931056,-0.04816502614675944,0.0,0.0,0.25132741228718347
37.43243243243243,-0.37013021586890343,-0.9277304315139535,-0.04816502614675944,0.0,0.0,0.25132741228718347
37.47747747747748,-0.3596038344912448,-0.9318611551488883,-0.04816502614675944,0.0,0.0,0.25132741228718347
37.52252252252252,-0.3490313645210261,-0.9358724468840917,-0.04816502614675944,0.0,0.0,0.25132741228718347
37.567567567567565,-0.33841416097789295,-0.9397637926127262,-0.04816502614675944,0.0,0.0,0.25132741228718347
37.61261261261261,-0.3277535846147662,-0.9435346936008221,-0.04816502614675944,0.0,0.0,0.25132741228718347
37.65765765765766,-0.31705100174343864,-0.9471846665512001,-0.04816502614675944,0.0,0.0,0.25132741228718347
37.7027027027027,-0.3063077840594688,-0.9507132436654098,-0.04816502614675944,0.0,0.0,0.25132741228718347
37.747747747747745,-0.2955253084663667,-0.9541199727036878,-0.04816502614675944,0.0,0.0,0.25132741228718347
37.79279279279279,-0.2847049568991311,-0.9574044170429182,-0.04816502614675944,0.0,0.0,0.25132741228718347
37.83783783783784,-0.27384811614712906,-0.9605661557325945,-0.04816502614675944,0.0,0.0,0.25132741228718347
37.88288288288288,-0.26295617767636614,-0.9636047835487649,-0.04816502614675944,0.0,0.0,0.25132741228718347
37.927927927927925,-0.25203053745113896,-0.9665199110459737,-0.04816502614675944,0.0,0.0,0.25132741228718347
37.97297297297297,-0.2410725957551276,-0.969311164607172,-0.04816502614675944,0.0,0.0,0.25132741228718347
38.01801801801802,-0.23008375701192577,-0.9719781864916024,-0.04816502614675944,0.0,0.0,0.25132741228718347
38.06306306306306,-0.21906542960504943,-0.9745206348806484,-0.04816502614675944,0.0,0.0,0.25132741228718347
38.108108108108105,-0.2080190256974213,-0.9769381839216454,-0.04816502614675944,0.0,0.0,0.25132741228718347
38.15315315315315,-0.19694596105038822,-0.9792305237696416,-0.04816502614675944,0.0,0.0,0.25132741228718347
38.1981981981982,-0.18584765484226604,-0.98139736062711,-0.04816502614675944,0.0,0.0,0.25132741228718347
38.24324324324324,-0.1747255294864586,-0.983438416781602,-0.04816502614675944,0.0,0.0,0.25132741228718347
38.288288288288285,-0.16358101044914325,-0.9853534306413434,-0.04816502614675944,0.0,0.0,0.25132741228718347
38.33333333333333,-0.15241552606658332,-0.9871421567687577,-0.04816502614675944,0.0,0.0,0.25132741228718347
38.37837837837838,-0.14123050736206172,-0.9888043659119241,-0.04816502614675944,0.0,0.0,0.25132741228718347
38.42342342342342,-0.13002738786248133,-0.99033984503396,-0.04816502614675944,0.0,0.0,0.25132741228718347
38.468468468468465,-0.11880760341462662,-0.9917483973403239,-0.04816502614675944,0.0,0.0,0.25132741228718347
38.51351351351351,-0.1075725920011453,-0.9930298423040381,-0.04816502614675944,0.0,0.0,0.25132741228718347
38.55855855855856,-0.0963237935562459,-0.9941840156888266,-0.04816502614675944,0.0,0.0,0.25132741228718347
38.6036036036036,-0.08506264978115603,-0.9952107695701629,-0.04816502614675944,0.0,0.0,0.25132741228718347
38.648648648648646,-0.0737906039593359,-0.9961099723542296,-0.04816502614675944,0.0,0.0,0.25132741228718347
38.69369369369369,-0.06250910077150751,-0.9968815087947839,-0.04816502614675944,0.0,0.0,0.25132741228718347
38.73873873873874,-0.05121958611049344,-0.9975252800079291,-0.04816502614675944,0.0,0.0,0.25132741228718347
38.78378378378378,-0.03992350689591133,-0.9980412034847858,-0.04816502614675944,0.0,0.0,0.25132741228718347
38.828828828828826,-0.02862231088871896,-0.9984292131020692,-0.04816502614675944,0.0,0.0,0.25132741228718347
38.87387387387387,-0.01731744650566906,-0.9986892591305617,-0.04816502614675944,0.0,0.0,0.25132741228718347
38.91891891891892,-0.006010362633669667,-0.9988213082414885,-0.04816502614675944,0.0,0.0,0.25132741228718347
38.96396396396396,0.00529749155590524,-0.9988253435107869,-0.04816502614675944,0.0,0.0,0.25132741228718347
39.009009009009006,0.016604666792959338,-0.9987013644212773,-0.04816502614675944,0.0,0.0,0.25132741228718347
39.05405405405405,0.027909713894412425,-0.9984493868627282,-0.04816502614675944,0.0,0.0,0.25132741228718347
39.0990990990991,0.03921118394993835,-0.9980694431298203,-0.04816502614675944,0.0,0.0,0.25132741228718347
39.14414414414414,0.050507628507657436,-0.9975615819180076,-0.04816502614675944,0.0,0.0,0.25132741228718347
39.189189189189186,0.06179759975978776,-0.9969258683172756,-0.04816502614675944,0.0,0.0,0.25132741228718347
39.23423423423423,0.07307965072819629,-0.9961623838038003,-0.04816502614675944,0.0,0.0,0.25132741228718347
39.27927927927928,0.08435233544985421,-0.9952712262295038,-0.04816502614675944,0.0,0.0,0.25132741228718347
39.32432432432432,0.09561420916215145,-0.9942525098095155,-0.04816502614675944,0.0,0.0,0.25132741228718347
39.369369369369366,0.10686382848807538,-0.9931063651075327,-0.04816502614675944,0.0,0.0,0.25132741228718347
39.41441441441441,0.1180997516211939,-0.9918329390190855,-0.04816502614675944,0.0,0.0,0.25132741228718347
39.45945945945946,0.1293205385104479,-0.9904323947527124,-0.04816502614675944,0.0,0.0,0.25132741228718347
39.5045045045045,0.14052475104470832,-0.9889049118090417,-0.04816502614675944,0.0,0.0,0.25132741228718347
39.549549549549546,0.1517109532371022,-0.9872506859577843,-0.04816502614675944,0.0,0.0,0.25132741228718347
39.59459459459459,0.16287771140904841,-0.9854699292126454,-0.04816502614675944,0.0,0.0,0.25132741228718347
39.63963963963964,0.17402359437400888,-0.9835628698041501,-0.04816502614675944,0.0,0.0,0.25132741228718347
39.68468468468468,0.1851471736209092,-0.981529752150394,-0.04816502614675944,0.0,0.0,0.25132741228718347
39.729729729729726,0.19624702349723416,-0.979370836825715,-0.04816502614675944,0.0,0.0,0.25132741228718347
39.77477477477477,0.20732172139173943,-0.9770864005272979,-0.04816502614675944,0.0,0.0,0.25132741228718347
39.81981981981982,0.21836984791678388,-0.9746767360397114,-0.04816502614675944,0.0,0.0,0.25132741228718347
39.86486486486486,0.22938998709023836,-0.9721421521973855,-0.04816502614675944,0.0,0.0,0.25132741228718347
39.909909909909906,0.24038072651697526,-0.969482973845026,-0.04816502614675944,0.0,0.0,0.25132741228718347
39.95495495495495,0.2513406575698809,-0.9666995417959835,-0.04816502614675944,0.0,0.0,0.25132741228718347
40.0,0.26226837557039606,-0.963792212788571,-0.04816502614675944,0.0,0.0,0.25132741228718347
40.04504504504504,0.2731624799685391,-0.9607613594403464,-0.04816502614675944,0.0,0.0,0.25132741228718347
40.09009009009009,0.2840215745224176,-0.9576073702003511,-0.04816502614675944,0.0,0.0,0.25132741228718347
40.13513513513513,0.2948442674771716,-0.9543306492993275,-0.04816502614675944,0.0,0.0,0.25132741228718347
40.18018018018018,0.3056291717433497,-0.9509316166979095,-0.04816502614675944,0.0,0.0,0.25132741228718347
40.22522522522522,0.31637490507467925,-0.9474107080328014,-0.04816502614675944,0.0,0.0,0.25132741228718347
40.27027027027027,0.3270800902452326,-0.9437683745609389,-0.04816502614675944,0.0,0.0,0.25132741228718347
40.31531531531531,0.3377433552259313,-0.9400050831016591,-0.04816502614675944,0.0,0.0,0.25132741228718347
40.36036036036036,0.34836333336039604,-0.9361213159768668,-0.04816502614675944,0.0,0.0,0.25132741228718347
40.4054054054054,0.35893866354009685,-0.9321175709492213,-0.04816502614675944,0.0,0.0,0.25132741228718347
40.45045045045045,0.36946799037880995,-0.9279943611583373,-0.04816502614675944,0.0,0.0,0.25132741228718347
40.4954954954955,0.3799499643863259,-0.9237522150550205,-0.04816502614675944,0.0,0.0,0.25132741228718347
40.54054054054054,0.3903832421414009,-0.9193916763335392,-0.04816502614675944,0.0,0.0,0.25132741228718347
40.585585585585584,0.40076648646394775,-0.9149133038619394,-0.04816502614675944,0.0,0.0,0.25132741228718347
40.63063063063063,0.4110983665864073,-0.9103176716104193,-0.04816502614675944,0.0,0.0,0.25132741228718347
40.67567567567568,0.42137755832431,-0.9056053685777654,-0.04816502614675944,0.0,0.0,0.25132741228718347
40.72072072072072,0.4316027442459835,-0.9007769987158663,-0.04816502614675944,0.0,0.0,0.25132741228718347
40.765765765765764,0.44177261384141103,-0.8958331808523033,-0.04816502614675944,0.0,0.0,0.25132741228718347
40.81081081081081,0.4518858636901857,-0.8907745486110406,-0.04816502614675944,0.0,0.0,0.25132741228718347
40.85585585585586,0.46194119762856733,-0.8856017503312155,-0.04816502614675944,0.0,0.0,0.25132741228718347
40.9009009009009,0.47193732691559787,-0.8803154489840488,-0.04816502614675944,0.0,0.0,0.25132741228718347
40.945945945945944,0.48187297039828314,-0.8749163220878682,-0.04816502614675944,0.0,0.0,0.25132741228718347
40.99099099099099,0.4917468546757848,-0.8694050616212788,-0.04816502614675944,0.0,0.0,0.25132741228718347
41.03603603603604,0.501557714262629,-0.8637823739344733,-0.04816502614675944,0.0,0.0,0.25132741228718347
41.08108108108108,0.5113042917508905,-0.8580489796587066,-0.04816502614675944,0.0,0.0,0.25132741228718347
41.126126126126124,0.5209853379713588,-0.8522056136139307,-0.04816502614675944,0.0,0.0,0.25132741228718347
41.17117117117117,0.5305996121536305,-0.8462530247146203,-0.04816502614675944,0.0,0.0,0.25132741228718347
41.21621621621622,0.5401458820851355,-0.8401919758737868,-0.04816502614675944,0.0,0.0,0.25132741228718347
41.26126126126126,0.5448464460388099,-0.834029358151847,-0.0868180855561888,0.0,6.283185307179586,0.25132741228718347
41.306306306306304,0.5082068973837666,-0.8280283443711063,-0.2368434300747147,0.0,6.283185307179586,0.25132741228718347
41.35135135135135,0.43106473793975464,-0.8226757361080564,-0.370658636650953,0.0,6.283185307179586,0.25132741228718347
41.3963963963964,0.3195679733231009,-0.8183981206646417,-0.47759902273632526,0.0,6.283185307179586,0.25132741228718347
41.44144144144144,0.18260257120713524,-0.8155364115434177,-0.5491417507669342,0.0,6.283185307179586,0.25132741228718347
41.486486486486484,0.031084275557568864,-0.8143186786334872,-0.579585073515198,0.0,6.283185307179586,0.25132741228718347
41.53153153153153,-0.12291134639560813,-0.8148419717040479,-0.5665027467511718,0.0,6.283185307179586,0.25132741228718347
41.57657657657658,-0.26711129172529496,-0.817064585820212,-0.5109373938470673,0.0,6.283185307179586,0.25132741228718347
41.62162162162162,-0.39002324442482494,-0.8208093851049484,-0.41731741172866577,0.0,6.283185307179586,0.25132741228718347
41.666666666666664,-0.48185147955005253,-0.8257779199530009,-0.2931040405273582,0.0,6.283185307179586,0.25132741228718347
41.71171171171171,-0.5352775539907768,-0.8315742125959096,-0.14819672445464943,0.0,6.283185307179586,0.25132741228718347
41.75675675675676,-0.5457996631335237,-0.8377359688389995,-0.017354372263450046,0.0,0.0,0.25132741228718347
41.8018018018018,-0.536280834889681,-0.8438611804635359,-0.017354372263450046,0.0,0.0,0.25132741228718347
41.846846846846844,-0.5266932742616777,-0.8498782386970496,-0.017354372263450046,0.0,0.0,0.25132741228718347
41.89189189189189,-0.5170382100383444,-0.8557863723638222,-0.017354372263450046,0.0,0.0,0.25132741228718347
41.93693693693694,-0.5073168796601036,-0.8615848242484436,-0.017354372263450046,0.0,0.0,0.25132741228718347
41.98198198198198,-0.4975305290603772,-0.8672728511928568,-0.017354372263450046,0.0,0.0,0.25132741228718347
42.027027027027025,-0.4876804125058933,-0.8728497241916094,-0.017354372263450046,0.0,0.0,0.25132741228718347
42.07207207207207,-0.47776779243593864,-0.8783147284852834,-0.017354372263450046,0.0,0.0,0.25132741228718347
42.11711711711712,-0.4677939393005572,-0.8836671636521036,-0.017354372263450046,0.0,0.0,0.25132741228718347
42.16216216216216,-0.45776013139772664,-0.8889063436977053,-0.017354372263450046,0.0,0.0,0.25132741228718347
42.207207207207205,-0.4476676547095179,-0.8940315971430577,-0.017354372263450046,0.0,0.0,0.25132741228718347
42.25225225225225,-0.43751780273728264,-0.8990422671105222,-0.017354372263450046,0.0,0.0,0.25132741228718347
42.2972972972973,-0.4273118763358689,-0.903937711408041,-0.017354372263450046,0.0,0.0,0.25132741228718347
42.34234234234234,-0.4170511835469042,-0.9087173026114411,-0.017354372263450046,0.0,0.0,0.25132741228718347
42.387387387387385,-0.4067370394311398,-0.9133804281448551,-0.017354372263450046,0.0,0.0,0.25132741228718347
42.43243243243243,-0.39637076589991255,-0.9179264903592244,-0.017354372263450046,0.0,0.0,0.25132741228718347
42.47747747747748,-0.3859536915457206,-0.9223549066089026,-0.017354372263450046,0.0,0.0,0.25132741228718347
42.52252252252252,-0.375487151471949,-0.9266651093263241,-0.017354372263450046,0.0,0.0,0.25132741228718347
42.567567567567565,-0.3649724871217474,-0.9308565460947524,-0.017354372263450046,0.0,0.0,0.25132741228718347
42.61261261261261,-0.3544110461061107,-0.9349286797190779,-0.017354372263450046,0.0,0.0,0.25132741228718347
42.65765765765766,-0.3438041820311593,-0.9388809882946677,-0.017354372263450046,0.0,0.0,0.25132741228718347
42.7027027027027,-0.33315325432466053,-0.9427129652742527,-0.017354372263450046,0.0,0.0,0.25132741228718347
42.747747747747745,-0.32245962806178796,-0.9464241195328548,-0.017354372263450046,0.0,0.0,0.25132741228718347
42.79279279279279,-0.31172467379017404,-0.9500139754307279,-0.017354372263450046,0.0,0.0,0.25132741228718347
42.83783783783784,-0.30094976735424944,-0.9534820728743195,-0.017354372263450046,0.0,0.0,0.25132741228718347
42.88288288288288,-0.2901362897189156,-0.9568279673752371,-0.017354372263450046,0.0,0.0,0.25132741228718347
42.927927927927925,-0.27928562679254304,-0.9600512301072182,-0.017354372263450046,0.0,0.0,0.25132741228718347
42.97297297297297,-0.2683991692493532,-0.9631514479610895,-0.017354372263450046,0.0,0.0,0.25132741228718347
43.01801801801802,-0.2574783123511802,-0.9661282235977137,-0.017354372263450046,0.0,0.0,0.25132741228718347
43.06306306306306,-0.24652445576865278,-0.9689811754989133,-0.017354372263450046,0.0,0.0,0.25132741228718347
43.108108108108105,-0.23553900340179657,-0.9717099380163685,-0.017354372263450046,0.0,0.0,0.25132741228718347
43.15315315315315,-0.22452336320010932,-0.9743141614184809,-0.017354372263450046,0.0,0.0,0.25132741228718347
43.1981981981982,-0.2134789469821086,-0.9767935119351974,-0.017354372263450046,0.0,0.0,0.25132741228718347
43.24324324324324,-0.20240717025439242,-0.9791476718007835,-0.017354372263450046,0.0,0.0,0.25132741228718347
43.288288288288285,-0.19130945203021088,-0.9813763392945574,-0.017354372263450046,0.0,0.0,0.25132741228718347
43.33333333333333,-0.18018721464760507,-0.9834792287795527,-0.017354372263450046,0.0,0.0,0.25132741228718347
43.37837837837838,-0.16904188358711042,-0.9854560707391311,-0.017354372263450046,0.0,0.0,0.25132741228718347
43.42342342342342,-0.15787488728906648,-0.9873066118115233,-0.017354372263450046,0.0,0.0,0.25132741228718347
43.468468468468465,-0.14668765697053093,-0.9890306148223026,-0.017354372263450046,0.0,0.0,0.25132741228718347
43.51351351351351,-0.13548162644185438,-0.9906278588147803,-0.017354372263450046,0.0,0.0,0.25132741228718347
43.55855855855856,-0.124258231922913,-0.9920981390783263,-0.017354372263450046,0.0,0.0,0.25132741228718347
43.6036036036036,-0.1130189118590424,-0.9934412671746051,-0.017354372263450046,0.0,0.0,0.25132741228718347
43.648648648648646,-0.10176510673666894,-0.994657070961727,-0.017354372263450046,0.0,0.0,0.25132741228718347
43.69369369369369,-0.09049825889869706,-0.9957453946163103,-0.017354372263450046,0.0,0.0,0.25132741228718347
43.73873873873874,-0.07921981235964778,-0.9967060986534544,-0.017354372263450046,0.0,0.0,0.25132741228718347
43.78378378378378,-0.0679312126205939,-0.9975390599446132,-0.017354372263450046,0.0,0.0,0.25132741228718347
43.828828828828826,-0.05663390648388684,-0.99824417173338,-0.017354372263450046,0.0,0.0,0.25132741228718347
43.87387387387387,-0.045329341867734435,-0.9988213436491659,-0.017354372263450046,0.0,0.0,0.25132741228718347
43.91891891891892,-0.03401896762062519,-0.9992705017187854,-0.017354372263450046,0.0,0.0,0.25132741228718347
43.96396396396396,-0.02270423333564364,-0.9995915883759364,-0.017354372263450046,0.0,0.0,0.25132741228718347
44.009009009009006,-0.01138658916467294,-0.9997845624685758,-0.017354372263450046,0.0,0.0,0.25132741228718347
44.05405405405405,-6.748563254325922e-05,-0.9998493992641972,-0.017354372263450046,0.0,0.0,0.25132741228718347
44.0990990990991,0.011251626548878128,-0.9997860904529982,-0.017354372263450046,0.0,0.0,0.25132741228718347
44.14414414414414,0.022569296666610054,-0.9995946441489473,-0.017354372263450046,0.0,0.0,0.25132741228718347
44.189189189189186,0.03388407419249866,-0.9992750848887422,-0.017354372263450046,0.0,0.0,0.25132741228718347
44.23423423423423,0.04519450896911709,-0.9988274536286667,-0.017354372263450046,0.0,0.0,0.25132741228718347
44.27927927927928,0.05644606045486432,-0.978228026916406,-0.19970921264254526,6.283185307179586,0.0,0.25132741228718347
44.32432432432432,0.06705172747832734,-0.8828463725670012,-0.46485088822912,6.283185307179586,0.0,0.25132741228718347
44.369369369369366,0.07616933475211994,-0.7171044314945854,-0.6927910700739347,6.283185307179586,0.0,0.25132741228718347
44.41441441441441,0.08307223550966304,-0.49421135407712935,-0.8653635890125129,6.283185307179586,0.0,0.25132741228718347
44.45945945945946,0.08721028864870728,-0.2319310699437804,-0.9688149174886195,6.283185307179586,0.0,0.25132741228718347
44.5045045045045,0.08826965400456079,0.020659374799517516,-0.995882351693585,0.0,0.0,0.25132741228718347
44.549549549549546,0.08803011655424715,0.021657335123174255,-0.995882351693585,0.0,0.0,0.25132741228718347
44.59459459459459,0.0877792967320957,0.022652519736455514,-0.995882351693585,0.0,0.0,0.25132741228718347
44.63963963963964,0.08751722668440602,0.023644801091616475,-0.995882351693585,0.0,0.0,0.25132741228718347
44.68468468468468,0.08724393999936184,0.024634052013007703,-0.995882351693585,0.0,0.0,0.25132741228718347
44.729729729729726,0.08695947170272611,0.025620145713375474,-0.995882351693585,0.0,0.0,0.25132741228718347
44.77477477477477,0.08666385825335209,0.026602955810110875,-0.995882351693585,0.0,0.0,0.25132741228718347
44.81981981981982,0.08635713753851042,0.02758235634144786,-0.995882351693585,0.0,0.0,0.25132741228718347
44.86486486486486,0.0860393488690336,0.02855822178260662,-0.995882351693585,0.0,0.0,0.25132741228718347
44.909909909909906,0.08571053297427726,0.029530427061882275,-0.995882351693585,0.0,0.0,0.25132741228718347
44.95495495495495,0.08537073199690057,0.03049884757667409,-0.995882351693585,0.0,0.0,0.25132741228718347
45.0,0.08501998948746457,0.03146335920945552,-0.995882351693585,0.0,0.0,0.25132741228718347
